domain,base_slug,status,existing_tool_id,existing_route,recommended_tool_id,recommended_route,recommended_name,is_adult,competitor_count,total_competitor_url_count,top_competitor,competitor_sites,content_angle,sample_competitor_urls
tube8.com,tube8,missing,,,download-tube8-videos,/download-tube8-videos,Tube8 Video Downloader,true,8,396,saveporn.net,saveporn.net|vidquickly.com|downloadtube.net|fetchfile.me|jaksta.com|yt2save.com|badassdownloader.com|tubeoffline.com,"Tube8 adult video downloader page; emphasize public videos, privacy, HD/MP4 formats, no popups, browser extension CTA, and legal/adult disclaimer.",https://badassdownloader.com/tube8/|https://www.downloadtube.net/download-videos-from-tube8/|https://www.downloadtube.net/how-do-i-download-from-tube8/|https://www.downloadtube.net/de/laden-sie-videos-von-tube8-herunter/|https://www.downloadtube.net/de/wie-lade-ich-von-tube8-herunter/|https://www.downloadtube.net/zh/%E4%BB%8Etube8%E4%B8%8B%E8%BD%BD%E8%A7%86%E9%A2%91/|https://www.downloadtube.net/zh/%E6%88%91%E5%A6%82%E4%BD%95%E4%BB%8Etube8%E4%B8%8B%E8%BD%BD/|https://www.downloadtube.net/es/descargar-videos-de-tube8/
porntube.com,porntube,missing,,,download-porntube-videos,/download-porntube-videos,Porntube Video Downloader,true,8,99,tubeninja.net,tubeninja.net|downloadtube.net|fetchfile.me|savethevideo.com|jaksta.com|yt2save.com|badassdownloader.com|tubeoffline.com,"Porntube adult video downloader page; emphasize public videos, privacy, HD/MP4 formats, no popups, browser extension CTA, and legal/adult disclaimer.",https://badassdownloader.com/porntube/|https://www.downloadtube.net/download-videos-from-porntube/|https://www.downloadtube.net/how-do-i-download-from-porntube/|https://www.downloadtube.net/de/laden-sie-videos-von-porntube-herunter/|https://www.downloadtube.net/de/wie-lade-ich-von-porntube-herunter/|https://www.downloadtube.net/zh/%E4%BB%8Eporntube%E4%B8%8B%E8%BD%BD%E8%A7%86%E9%A2%91/|https://www.downloadtube.net/zh/%E6%88%91%E5%A6%82%E4%BD%95%E4%BB%8Eporntube%E4%B8%8B%E8%BD%BD/|https://www.downloadtube.net/es/descargar-videos-de-porntube/
hellporno.com,hellporno,missing,,,download-hellporno-videos,/download-hellporno-videos,Hellporno Video Downloader,true,8,91,tubeninja.net,tubeninja.net|downloadtube.net|fetchfile.me|jaksta.com|yt2save.com|badassdownloader.com|pptube.org|tubeoffline.com,"Hellporno adult video downloader page; emphasize public videos, privacy, HD/MP4 formats, no popups, browser extension CTA, and legal/adult disclaimer.",https://badassdownloader.com/hellporno/|https://www.downloadtube.net/download-videos-from-hellporno/|https://www.downloadtube.net/how-do-i-download-from-hellporno/|https://www.downloadtube.net/de/laden-sie-videos-von-hellporno-herunter/|https://www.downloadtube.net/de/wie-lade-ich-von-hellporno-herunter/|https://www.downloadtube.net/zh/%E4%BB%8Ehellporno%E4%B8%8B%E8%BD%BD%E8%A7%86%E9%A2%91/|https://www.downloadtube.net/zh/%E6%88%91%E5%A6%82%E4%BD%95%E4%BB%8Ehellporno%E4%B8%8B%E8%BD%BD/|https://www.downloadtube.net/es/descargar-videos-de-hellporno/
thumbzilla.com,thumbzilla,missing,,,download-thumbzilla-videos,/download-thumbzilla-videos,Thumbzilla Video Downloader,true,7,310,saveporn.net,saveporn.net|downloadtube.net|fetchfile.me|yt2save.com|badassdownloader.com|pptube.org|tubeoffline.com,"Thumbzilla adult video downloader page; emphasize public videos, privacy, HD/MP4 formats, no popups, browser extension CTA, and legal/adult disclaimer.",https://badassdownloader.com/thumbzilla/|https://www.downloadtube.net/download-videos-from-thumbzilla/|https://www.downloadtube.net/how-do-i-download-from-thumbzilla/|https://www.downloadtube.net/de/laden-sie-videos-von-thumbzilla-herunter/|https://www.downloadtube.net/de/wie-lade-ich-von-thumbzilla-herunter/|https://www.downloadtube.net/zh/%E4%BB%8Ethumbzilla%E4%B8%8B%E8%BD%BD%E8%A7%86%E9%A2%91/|https://www.downloadtube.net/zh/%E6%88%91%E5%A6%82%E4%BD%95%E4%BB%8Ethumbzilla%E4%B8%8B%E8%BD%BD/|https://www.downloadtube.net/es/descargar-videos-de-thumbzilla/
xtube.com,xtube,missing,,,download-xtube-videos,/download-xtube-videos,Xtube Video Downloader,true,7,145,tubeninja.net,tubeninja.net|fetchfile.me|downloadtube.net|savethevideo.com|yt2save.com|badassdownloader.com|tubeoffline.com,"Xtube adult video downloader page; emphasize public videos, privacy, HD/MP4 formats, no popups, browser extension CTA, and legal/adult disclaimer.",https://badassdownloader.com/xtube/|https://www.downloadtube.net/download-videos-from-xtube/|https://www.downloadtube.net/how-do-i-download-from-xtube/|https://www.downloadtube.net/de/laden-sie-videos-von-xtube-herunter/|https://www.downloadtube.net/de/wie-lade-ich-von-xtube-herunter/|https://www.downloadtube.net/zh/%E4%BB%8Extube%E4%B8%8B%E8%BD%BD%E8%A7%86%E9%A2%91/|https://www.downloadtube.net/zh/%E6%88%91%E5%A6%82%E4%BD%95%E4%BB%8Extube%E4%B8%8B%E8%BD%BD/|https://www.downloadtube.net/es/descargar-videos-de-xtube/
alphaporno.com,alphaporno,missing,,,download-alphaporno-videos,/download-alphaporno-videos,Alphaporno Video Downloader,true,7,78,tubeninja.net,tubeninja.net|downloadtube.net|fetchfile.me|jaksta.com|yt2save.com|badassdownloader.com|tubeoffline.com,"Alphaporno adult video downloader page; emphasize public videos, privacy, HD/MP4 formats, no popups, browser extension CTA, and legal/adult disclaimer.",https://badassdownloader.com/alphaporno/|https://www.downloadtube.net/download-videos-from-alphaporno/|https://www.downloadtube.net/how-do-i-download-from-alphaporno/|https://www.downloadtube.net/zh/%E4%BB%8Ealphaporno%E4%B8%8B%E8%BD%BD%E8%A7%86%E9%A2%91/|https://www.downloadtube.net/zh/%E6%88%91%E5%A6%82%E4%BD%95%E4%BB%8Ealphaporno%E4%B8%8B%E8%BD%BD/|https://www.downloadtube.net/es/c%C3%B3mo-puedo-descargar-desde-alphaporno/|https://www.downloadtube.net/ru/%D1%81%D0%BA%D0%B0%D1%87%D0%B0%D1%82%D1%8C-%D0%B2%D0%B8%D0%B4%D0%B5%D0%BE-%D1%81-alphaporno/|https://www.downloadtube.net/ru/%D0%BA%D0%B0%D0%BA-%D0%BC%D0%BD%D0%B5-%D1%81%D0%BA%D0%B0%D1%87%D0%B0%D1%82%D1%8C-%D1%81-alphaporno/
slutload.com,slutload,missing,,,download-slutload-videos,/download-slutload-videos,Slutload Video Downloader,true,7,78,tubeninja.net,tubeninja.net|downloadtube.net|fetchfile.me|jaksta.com|yt2save.com|badassdownloader.com|tubeoffline.com,"Slutload adult video downloader page; emphasize public videos, privacy, HD/MP4 formats, no popups, browser extension CTA, and legal/adult disclaimer.",https://badassdownloader.com/slutload/|https://www.downloadtube.net/download-videos-from-slutload/|https://www.downloadtube.net/how-do-i-download-from-slutload/|https://www.downloadtube.net/zh/%E4%BB%8Eslutload%E4%B8%8B%E8%BD%BD%E8%A7%86%E9%A2%91/|https://www.downloadtube.net/zh/%E6%88%91%E5%A6%82%E4%BD%95%E4%BB%8Eslutload%E4%B8%8B%E8%BD%BD/|https://www.downloadtube.net/es/c%C3%B3mo-puedo-descargar-desde-slutload/|https://www.downloadtube.net/ru/%D1%81%D0%BA%D0%B0%D1%87%D0%B0%D1%82%D1%8C-%D0%B2%D0%B8%D0%B4%D0%B5%D0%BE-%D1%81-slutload/|https://www.downloadtube.net/ru/%D0%BA%D0%B0%D0%BA-%D0%BC%D0%BD%D0%B5-%D1%81%D0%BA%D0%B0%D1%87%D0%B0%D1%82%D1%8C-%D1%81-slutload/
sunporno.com,sunporno,missing,,,download-sunporno-videos,/download-sunporno-videos,Sunporno Video Downloader,true,7,78,tubeninja.net,tubeninja.net|downloadtube.net|fetchfile.me|jaksta.com|yt2save.com|badassdownloader.com|tubeoffline.com,"Sunporno adult video downloader page; emphasize public videos, privacy, HD/MP4 formats, no popups, browser extension CTA, and legal/adult disclaimer.",https://badassdownloader.com/sunporno/|https://www.downloadtube.net/download-videos-from-sunporno/|https://www.downloadtube.net/how-do-i-download-from-sunporno/|https://www.downloadtube.net/zh/%E4%BB%8Esunporno%E4%B8%8B%E8%BD%BD%E8%A7%86%E9%A2%91/|https://www.downloadtube.net/zh/%E6%88%91%E5%A6%82%E4%BD%95%E4%BB%8Esunporno%E4%B8%8B%E8%BD%BD/|https://www.downloadtube.net/es/c%C3%B3mo-puedo-descargar-desde-sunporno/|https://www.downloadtube.net/ru/%D1%81%D0%BA%D0%B0%D1%87%D0%B0%D1%82%D1%8C-%D0%B2%D0%B8%D0%B4%D0%B5%D0%BE-%D1%81-sunporno/|https://www.downloadtube.net/ru/%D0%BA%D0%B0%D0%BA-%D0%BC%D0%BD%D0%B5-%D1%81%D0%BA%D0%B0%D1%87%D0%B0%D1%82%D1%8C-%D1%81-sunporno/
pornhd.com,pornhd,missing,,,download-pornhd-videos,/download-pornhd-videos,Pornhd Video Downloader,true,7,77,tubeninja.net,tubeninja.net|downloadtube.net|fetchfile.me|yt2save.com|badassdownloader.com|pastedownload.com|tubeoffline.com,"Pornhd adult video downloader page; emphasize public videos, privacy, HD/MP4 formats, no popups, browser extension CTA, and legal/adult disclaimer.",https://badassdownloader.com/pornhd-com/|https://www.downloadtube.net/download-videos-from-pornhd/|https://www.downloadtube.net/how-do-i-download-from-pornhd/|https://www.downloadtube.net/zh/%E4%BB%8Epornhd%E4%B8%8B%E8%BD%BD%E8%A7%86%E9%A2%91/|https://www.downloadtube.net/zh/%E6%88%91%E5%A6%82%E4%BD%95%E4%BB%8Epornhd%E4%B8%8B%E8%BD%BD/|https://www.downloadtube.net/es/c%C3%B3mo-puedo-descargar-desde-pornhd/|https://www.downloadtube.net/ru/%D1%81%D0%BA%D0%B0%D1%87%D0%B0%D1%82%D1%8C-%D0%B2%D0%B8%D0%B4%D0%B5%D0%BE-%D1%81-pornhd/|https://www.downloadtube.net/ru/%D0%BA%D0%B0%D0%BA-%D0%BC%D0%BD%D0%B5-%D1%81%D0%BA%D0%B0%D1%87%D0%B0%D1%82%D1%8C-%D1%81-pornhd/
porn300.com,porn300,missing,,,download-porn300-videos,/download-porn300-videos,Porn300 Video Downloader,true,6,113,vidquickly.com,vidquickly.com|tubeninja.net|downloadtube.net|yt2save.com|badassdownloader.com|tubeoffline.com,"Porn300 adult video downloader page; emphasize public videos, privacy, HD/MP4 formats, no popups, browser extension CTA, and legal/adult disclaimer.",https://badassdownloader.com/porn300/|https://www.downloadtube.net/download-videos-from-porn300/|https://www.downloadtube.net/how-do-i-download-from-porn300/|https://www.downloadtube.net/zh/%E4%BB%8Eporn300%E4%B8%8B%E8%BD%BD%E8%A7%86%E9%A2%91/|https://www.downloadtube.net/zh/%E6%88%91%E5%A6%82%E4%BD%95%E4%BB%8Eporn300%E4%B8%8B%E8%BD%BD/|https://www.downloadtube.net/es/c%C3%B3mo-puedo-descargar-desde-porn300/|https://www.downloadtube.net/ru/%D1%81%D0%BA%D0%B0%D1%87%D0%B0%D1%82%D1%8C-%D0%B2%D0%B8%D0%B4%D0%B5%D0%BE-%D1%81-porn300/|https://www.downloadtube.net/ru/%D0%BA%D0%B0%D0%BA-%D0%BC%D0%BD%D0%B5-%D1%81%D0%BA%D0%B0%D1%87%D0%B0%D1%82%D1%8C-%D1%81-porn300/
extremetube.com,extremetube,missing,,,download-extremetube-videos,/download-extremetube-videos,Extremetube Video Downloader,true,6,88,tubeninja.net,tubeninja.net|downloadtube.net|fetchfile.me|yt2save.com|badassdownloader.com|tubeoffline.com,"Extremetube adult video downloader page; emphasize public videos, privacy, HD/MP4 formats, no popups, browser extension CTA, and legal/adult disclaimer.",https://badassdownloader.com/extremetube/|https://www.downloadtube.net/download-videos-from-extremetube/|https://www.downloadtube.net/how-do-i-download-from-extremetube/|https://www.downloadtube.net/de/laden-sie-videos-von-extremetube-herunter/|https://www.downloadtube.net/de/wie-lade-ich-von-extremetube-herunter/|https://www.downloadtube.net/zh/%E4%BB%8Eextremetube%E4%B8%8B%E8%BD%BD%E8%A7%86%E9%A2%91/|https://www.downloadtube.net/zh/%E6%88%91%E5%A6%82%E4%BD%95%E4%BB%8Eextremetube%E4%B8%8B%E8%BD%BD/|https://www.downloadtube.net/es/descargar-videos-de-extremetube/
spankwire.com,spankwire,missing,,,download-spankwire-videos,/download-spankwire-videos,Spankwire Video Downloader,true,6,88,tubeninja.net,tubeninja.net|downloadtube.net|fetchfile.me|yt2save.com|badassdownloader.com|tubeoffline.com,"Spankwire adult video downloader page; emphasize public videos, privacy, HD/MP4 formats, no popups, browser extension CTA, and legal/adult disclaimer.",https://badassdownloader.com/spankwire/|https://www.downloadtube.net/download-videos-from-spankwire/|https://www.downloadtube.net/how-do-i-download-from-spankwire/|https://www.downloadtube.net/de/laden-sie-videos-von-spankwire-herunter/|https://www.downloadtube.net/de/wie-lade-ich-von-spankwire-herunter/|https://www.downloadtube.net/zh/%E4%BB%8Espankwire%E4%B8%8B%E8%BD%BD%E8%A7%86%E9%A2%91/|https://www.downloadtube.net/zh/%E6%88%91%E5%A6%82%E4%BD%95%E4%BB%8Espankwire%E4%B8%8B%E8%BD%BD/|https://www.downloadtube.net/es/descargar-videos-de-spankwire/
thothub.to,thothub,missing,,,download-thothub-videos,/download-thothub-videos,Thothub Video Downloader,true,6,82,vidquickly.com,vidquickly.com|downloadtube.net|pptube.org|yt2save.com|pastedownload.com|tubeoffline.com,"Thothub adult video downloader page; emphasize public videos, privacy, HD/MP4 formats, no popups, browser extension CTA, and legal/adult disclaimer.",https://www.downloadtube.net/download-videos-from-thothub/|https://www.downloadtube.net/how-do-i-download-from-thothub/|https://www.downloadtube.net/de/laden-sie-videos-von-thothub-herunter/|https://www.downloadtube.net/de/wie-lade-ich-von-thothub-herunter/|https://www.downloadtube.net/zh/%E4%BB%8Ethothub%E4%B8%8B%E8%BD%BD%E8%A7%86%E9%A2%91/|https://www.downloadtube.net/zh/%E6%88%91%E5%A6%82%E4%BD%95%E4%BB%8Ethothub%E4%B8%8B%E8%BD%BD/|https://www.downloadtube.net/es/descargar-videos-de-thothub/|https://www.downloadtube.net/es/c%C3%B3mo-puedo-descargar-desde-thothub/
pornone.com,pornone,missing,,,download-pornone-videos,/download-pornone-videos,Pornone Video Downloader,true,6,81,vidquickly.com,vidquickly.com|downloadtube.net|yt2save.com|badassdownloader.com|pptube.org|tubeoffline.com,"Pornone adult video downloader page; emphasize public videos, privacy, HD/MP4 formats, no popups, browser extension CTA, and legal/adult disclaimer.",https://badassdownloader.com/pornone/|https://www.downloadtube.net/download-videos-from-pornone/|https://www.downloadtube.net/how-do-i-download-from-pornone/|https://www.downloadtube.net/de/laden-sie-videos-von-pornone-herunter/|https://www.downloadtube.net/de/wie-lade-ich-von-pornone-herunter/|https://www.downloadtube.net/zh/%E4%BB%8Epornone%E4%B8%8B%E8%BD%BD%E8%A7%86%E9%A2%91/|https://www.downloadtube.net/zh/%E6%88%91%E5%A6%82%E4%BD%95%E4%BB%8Epornone%E4%B8%8B%E8%BD%BD/|https://www.downloadtube.net/es/descargar-videos-de-pornone/
empflix.com,empflix,missing,,,download-empflix-videos,/download-empflix-videos,Empflix Video Downloader,true,6,77,tubeninja.net,tubeninja.net|downloadtube.net|fetchfile.me|jaksta.com|yt2save.com|tubeoffline.com,"Empflix adult video downloader page; emphasize public videos, privacy, HD/MP4 formats, no popups, browser extension CTA, and legal/adult disclaimer.",https://www.downloadtube.net/download-videos-from-empflix/|https://www.downloadtube.net/how-do-i-download-from-empflix/|https://www.downloadtube.net/zh/%E4%BB%8Eempflix%E4%B8%8B%E8%BD%BD%E8%A7%86%E9%A2%91/|https://www.downloadtube.net/zh/%E6%88%91%E5%A6%82%E4%BD%95%E4%BB%8Eempflix%E4%B8%8B%E8%BD%BD/|https://www.downloadtube.net/es/c%C3%B3mo-puedo-descargar-desde-empflix/|https://www.downloadtube.net/ru/%D1%81%D0%BA%D0%B0%D1%87%D0%B0%D1%82%D1%8C-%D0%B2%D0%B8%D0%B4%D0%B5%D0%BE-%D1%81-empflix/|https://www.downloadtube.net/ru/%D0%BA%D0%B0%D0%BA-%D0%BC%D0%BD%D0%B5-%D1%81%D0%BA%D0%B0%D1%87%D0%B0%D1%82%D1%8C-%D1%81-empflix/|https://www.downloadtube.net/hi/empflix-%E0%A4%B8%E0%A5%87-%E0%A4%B5%E0%A5%80%E0%A4%A1%E0%A4%BF%E0%A4%AF%E0%A5%8B-%E0%A4%A1%E0%A4%BE%E0%A4%89%E0%A4%A8%E0%A4%B2%E0%A5%8B%E0%A4%A1-%E0%A4%95%E0%A4%B0%E0%A5%87%E0%A4%82/
lovehomeporn.com,lovehomeporn,missing,,,download-lovehomeporn-videos,/download-lovehomeporn-videos,Lovehomeporn Video Downloader,true,6,77,tubeninja.net,tubeninja.net|downloadtube.net|fetchfile.me|jaksta.com|yt2save.com|tubeoffline.com,"Lovehomeporn adult video downloader page; emphasize public videos, privacy, HD/MP4 formats, no popups, browser extension CTA, and legal/adult disclaimer.",https://www.downloadtube.net/download-videos-from-lovehomeporn/|https://www.downloadtube.net/how-do-i-download-from-lovehomeporn/|https://www.downloadtube.net/zh/%E4%BB%8Elovehomeporn%E4%B8%8B%E8%BD%BD%E8%A7%86%E9%A2%91/|https://www.downloadtube.net/zh/%E6%88%91%E5%A6%82%E4%BD%95%E4%BB%8Elovehomeporn%E4%B8%8B%E8%BD%BD/|https://www.downloadtube.net/es/c%C3%B3mo-puedo-descargar-desde-lovehomeporn/|https://www.downloadtube.net/ru/%D1%81%D0%BA%D0%B0%D1%87%D0%B0%D1%82%D1%8C-%D0%B2%D0%B8%D0%B4%D0%B5%D0%BE-%D1%81-lovehomeporn/|https://www.downloadtube.net/ru/%D0%BA%D0%B0%D0%BA-%D0%BC%D0%BD%D0%B5-%D1%81%D0%BA%D0%B0%D1%87%D0%B0%D1%82%D1%8C-%D1%81-lovehomeporn/|https://www.downloadtube.net/hi/lovehomeporn-%E0%A4%B8%E0%A5%87-%E0%A4%B5%E0%A5%80%E0%A4%A1%E0%A4%BF%E0%A4%AF%E0%A5%8B-%E0%A4%A1%E0%A4%BE%E0%A4%89%E0%A4%A8%E0%A4%B2%E0%A5%8B%E0%A4%A1-%E0%A4%95%E0%A4%B0%E0%A5%87%E0%A4%82/
pornoxo.com,pornoxo,missing,,,download-pornoxo-videos,/download-pornoxo-videos,Pornoxo Video Downloader,true,6,76,tubeninja.net,tubeninja.net|downloadtube.net|fetchfile.me|jaksta.com|badassdownloader.com|tubeoffline.com,"Pornoxo adult video downloader page; emphasize public videos, privacy, HD/MP4 formats, no popups, browser extension CTA, and legal/adult disclaimer.",https://badassdownloader.com/pornoxo/|https://www.downloadtube.net/download-videos-from-pornoxo/|https://www.downloadtube.net/how-do-i-download-from-pornoxo/|https://www.downloadtube.net/zh/%E4%BB%8Epornoxo%E4%B8%8B%E8%BD%BD%E8%A7%86%E9%A2%91/|https://www.downloadtube.net/zh/%E6%88%91%E5%A6%82%E4%BD%95%E4%BB%8Epornoxo%E4%B8%8B%E8%BD%BD/|https://www.downloadtube.net/es/c%C3%B3mo-puedo-descargar-desde-pornoxo/|https://www.downloadtube.net/ru/%D1%81%D0%BA%D0%B0%D1%87%D0%B0%D1%82%D1%8C-%D0%B2%D0%B8%D0%B4%D0%B5%D0%BE-%D1%81-pornoxo/|https://www.downloadtube.net/ru/%D0%BA%D0%B0%D0%BA-%D0%BC%D0%BD%D0%B5-%D1%81%D0%BA%D0%B0%D1%87%D0%B0%D1%82%D1%8C-%D1%81-pornoxo/
analdin.com,analdin,missing,,,download-analdin-videos,/download-analdin-videos,Analdin Video Downloader,true,6,69,tubeninja.net,tubeninja.net|downloadtube.net|yt2save.com|badassdownloader.com|pptube.org|tubeoffline.com,"Analdin adult video downloader page; emphasize public videos, privacy, HD/MP4 formats, no popups, browser extension CTA, and legal/adult disclaimer.",https://badassdownloader.com/analdin/|https://www.downloadtube.net/download-videos-from-analdin/|https://www.downloadtube.net/how-do-i-download-from-analdin/|https://www.downloadtube.net/de/laden-sie-videos-von-analdin-herunter/|https://www.downloadtube.net/de/wie-lade-ich-von-analdin-herunter/|https://www.downloadtube.net/zh/%E4%BB%8Eanaldin%E4%B8%8B%E8%BD%BD%E8%A7%86%E9%A2%91/|https://www.downloadtube.net/zh/%E6%88%91%E5%A6%82%E4%BD%95%E4%BB%8Eanaldin%E4%B8%8B%E8%BD%BD/|https://www.downloadtube.net/es/descargar-videos-de-analdin/
4tube.com,4tube,missing,,,download-4tube-videos,/download-4tube-videos,4tube Video Downloader,true,6,40,downloadtube.net,downloadtube.net|fetchfile.me|jaksta.com|yt2save.com|badassdownloader.com|tubeoffline.com,"4tube adult video downloader page; emphasize public videos, privacy, HD/MP4 formats, no popups, browser extension CTA, and legal/adult disclaimer.",https://badassdownloader.com/4tube/|https://www.downloadtube.net/download-videos-from-4tube/|https://www.downloadtube.net/how-do-i-download-from-4tube/|https://www.downloadtube.net/zh/%E4%BB%8E4tube%E4%B8%8B%E8%BD%BD%E8%A7%86%E9%A2%91/|https://www.downloadtube.net/zh/%E6%88%91%E5%A6%82%E4%BD%95%E4%BB%8E4tube%E4%B8%8B%E8%BD%BD/|https://www.downloadtube.net/es/c%C3%B3mo-puedo-descargar-desde-4tube/|https://www.downloadtube.net/ru/%D1%81%D0%BA%D0%B0%D1%87%D0%B0%D1%82%D1%8C-%D0%B2%D0%B8%D0%B4%D0%B5%D0%BE-%D1%81-4tube/|https://www.downloadtube.net/ru/%D0%BA%D0%B0%D0%BA-%D0%BC%D0%BD%D0%B5-%D1%81%D0%BA%D0%B0%D1%87%D0%B0%D1%82%D1%8C-%D1%81-4tube/
drtuber.com,drtuber,missing,,,download-drtuber-videos,/download-drtuber-videos,Drtuber Video Downloader,true,6,40,downloadtube.net,downloadtube.net|fetchfile.me|jaksta.com|yt2save.com|badassdownloader.com|tubeoffline.com,"Drtuber adult video downloader page; emphasize public videos, privacy, HD/MP4 formats, no popups, browser extension CTA, and legal/adult disclaimer.",https://badassdownloader.com/drtuber/|https://www.downloadtube.net/download-videos-from-drtuber/|https://www.downloadtube.net/how-do-i-download-from-drtuber/|https://www.downloadtube.net/zh/%E4%BB%8Edrtuber%E4%B8%8B%E8%BD%BD%E8%A7%86%E9%A2%91/|https://www.downloadtube.net/zh/%E6%88%91%E5%A6%82%E4%BD%95%E4%BB%8Edrtuber%E4%B8%8B%E8%BD%BD/|https://www.downloadtube.net/es/c%C3%B3mo-puedo-descargar-desde-drtuber/|https://www.downloadtube.net/ru/%D1%81%D0%BA%D0%B0%D1%87%D0%B0%D1%82%D1%8C-%D0%B2%D0%B8%D0%B4%D0%B5%D0%BE-%D1%81-drtuber/|https://www.downloadtube.net/ru/%D0%BA%D0%B0%D0%BA-%D0%BC%D0%BD%D0%B5-%D1%81%D0%BA%D0%B0%D1%87%D0%B0%D1%82%D1%8C-%D1%81-drtuber/
nuvid.com,nuvid,missing,,,download-nuvid-videos,/download-nuvid-videos,Nuvid Video Downloader,true,6,40,downloadtube.net,downloadtube.net|fetchfile.me|jaksta.com|yt2save.com|badassdownloader.com|tubeoffline.com,"Nuvid adult video downloader page; emphasize public videos, privacy, HD/MP4 formats, no popups, browser extension CTA, and legal/adult disclaimer.",https://badassdownloader.com/nuvid/|https://www.downloadtube.net/download-videos-from-nuvid/|https://www.downloadtube.net/how-do-i-download-from-nuvid/|https://www.downloadtube.net/zh/%E4%BB%8Enuvid%E4%B8%8B%E8%BD%BD%E8%A7%86%E9%A2%91/|https://www.downloadtube.net/zh/%E6%88%91%E5%A6%82%E4%BD%95%E4%BB%8Enuvid%E4%B8%8B%E8%BD%BD/|https://www.downloadtube.net/es/c%C3%B3mo-puedo-descargar-desde-nuvid/|https://www.downloadtube.net/ru/%D1%81%D0%BA%D0%B0%D1%87%D0%B0%D1%82%D1%8C-%D0%B2%D0%B8%D0%B4%D0%B5%D0%BE-%D1%81-nuvid/|https://www.downloadtube.net/ru/%D0%BA%D0%B0%D0%BA-%D0%BC%D0%BD%D0%B5-%D1%81%D0%BA%D0%B0%D1%87%D0%B0%D1%82%D1%8C-%D1%81-nuvid/
pornerbros.com,pornerbros,missing,,,download-pornerbros-videos,/download-pornerbros-videos,Pornerbros Video Downloader,true,6,40,downloadtube.net,downloadtube.net|fetchfile.me|jaksta.com|yt2save.com|badassdownloader.com|tubeoffline.com,"Pornerbros adult video downloader page; emphasize public videos, privacy, HD/MP4 formats, no popups, browser extension CTA, and legal/adult disclaimer.",https://badassdownloader.com/pornerbros/|https://www.downloadtube.net/download-videos-from-pornerbros/|https://www.downloadtube.net/how-do-i-download-from-pornerbros/|https://www.downloadtube.net/zh/%E4%BB%8Epornerbros%E4%B8%8B%E8%BD%BD%E8%A7%86%E9%A2%91/|https://www.downloadtube.net/zh/%E6%88%91%E5%A6%82%E4%BD%95%E4%BB%8Epornerbros%E4%B8%8B%E8%BD%BD/|https://www.downloadtube.net/es/c%C3%B3mo-puedo-descargar-desde-pornerbros/|https://www.downloadtube.net/ru/%D1%81%D0%BA%D0%B0%D1%87%D0%B0%D1%82%D1%8C-%D0%B2%D0%B8%D0%B4%D0%B5%D0%BE-%D1%81-pornerbros/|https://www.downloadtube.net/ru/%D0%BA%D0%B0%D0%BA-%D0%BC%D0%BD%D0%B5-%D1%81%D0%BA%D0%B0%D1%87%D0%B0%D1%82%D1%8C-%D1%81-pornerbros/
sexu.com,sexu,missing,,,download-sexu-videos,/download-sexu-videos,Sexu Video Downloader,true,6,40,downloadtube.net,downloadtube.net|fetchfile.me|jaksta.com|yt2save.com|badassdownloader.com|tubeoffline.com,"Sexu adult video downloader page; emphasize public videos, privacy, HD/MP4 formats, no popups, browser extension CTA, and legal/adult disclaimer.",https://badassdownloader.com/sexu/|https://www.downloadtube.net/download-videos-from-sexu/|https://www.downloadtube.net/how-do-i-download-from-sexu/|https://www.downloadtube.net/zh/%E4%BB%8Esexu%E4%B8%8B%E8%BD%BD%E8%A7%86%E9%A2%91/|https://www.downloadtube.net/zh/%E6%88%91%E5%A6%82%E4%BD%95%E4%BB%8Esexu%E4%B8%8B%E8%BD%BD/|https://www.downloadtube.net/es/c%C3%B3mo-puedo-descargar-desde-sexu/|https://www.downloadtube.net/ru/%D1%81%D0%BA%D0%B0%D1%87%D0%B0%D1%82%D1%8C-%D0%B2%D0%B8%D0%B4%D0%B5%D0%BE-%D1%81-sexu/|https://www.downloadtube.net/ru/%D0%BA%D0%B0%D0%BA-%D0%BC%D0%BD%D0%B5-%D1%81%D0%BA%D0%B0%D1%87%D0%B0%D1%82%D1%8C-%D1%81-sexu/
noodlemagazine.com,noodlemagazine,missing,,,download-noodlemagazine-videos,/download-noodlemagazine-videos,Noodlemagazine Video Downloader,true,6,33,downloadtube.net,downloadtube.net|jaksta.com|yt2save.com|badassdownloader.com|pptube.org|tubeoffline.com,"Noodlemagazine adult video downloader page; emphasize public videos, privacy, HD/MP4 formats, no popups, browser extension CTA, and legal/adult disclaimer.",https://badassdownloader.com/noodlemagazine/|https://www.downloadtube.net/download-videos-from-noodlemagazine/|https://www.downloadtube.net/how-do-i-download-from-noodlemagazine/|https://www.downloadtube.net/de/laden-sie-videos-von-noodlemagazine-herunter/|https://www.downloadtube.net/de/wie-lade-ich-von-noodlemagazine-herunter/|https://www.downloadtube.net/zh/%E4%BB%8Enoodlemagazine%E4%B8%8B%E8%BD%BD%E8%A7%86%E9%A2%91/|https://www.downloadtube.net/zh/%E6%88%91%E5%A6%82%E4%BD%95%E4%BB%8Enoodlemagazine%E4%B8%8B%E8%BD%BD/|https://www.downloadtube.net/es/descargar-videos-de-noodlemagazine/
daftsex.com,daftsex,missing,,,download-daftsex-videos,/download-daftsex-videos,Daftsex Video Downloader,true,5,325,saveporn.net,saveporn.net|downloadtube.net|badassdownloader.com|yt2save.com|tubeoffline.com,"Daftsex adult video downloader page; emphasize public videos, privacy, HD/MP4 formats, no popups, browser extension CTA, and legal/adult disclaimer.",https://badassdownloader.com/daftsex/|https://badassdownloader.com/daftsex-net/|https://www.downloadtube.net/download-videos-from-daftsex/|https://www.downloadtube.net/how-do-i-download-from-daftsex/|https://www.downloadtube.net/de/laden-sie-videos-von-daftsex-herunter/|https://www.downloadtube.net/de/wie-lade-ich-von-daftsex-herunter/|https://www.downloadtube.net/zh/%E4%BB%8Edaftsex%E4%B8%8B%E8%BD%BD%E8%A7%86%E9%A2%91/|https://www.downloadtube.net/zh/%E6%88%91%E5%A6%82%E4%BD%95%E4%BB%8Edaftsex%E4%B8%8B%E8%BD%BD/
keezmovies.com,keezmovies,missing,,,download-keezmovies-videos,/download-keezmovies-videos,Keezmovies Video Downloader,true,5,86,tubeninja.net,tubeninja.net|downloadtube.net|fetchfile.me|badassdownloader.com|tubeoffline.com,"Keezmovies adult video downloader page; emphasize public videos, privacy, HD/MP4 formats, no popups, browser extension CTA, and legal/adult disclaimer.",https://badassdownloader.com/keezmovies/|https://www.downloadtube.net/download-videos-from-keezmovies/|https://www.downloadtube.net/how-do-i-download-from-keezmovies/|https://www.downloadtube.net/de/laden-sie-videos-von-keezmovies-herunter/|https://www.downloadtube.net/de/wie-lade-ich-von-keezmovies-herunter/|https://www.downloadtube.net/zh/%E4%BB%8Ekeezmovies%E4%B8%8B%E8%BD%BD%E8%A7%86%E9%A2%91/|https://www.downloadtube.net/zh/%E6%88%91%E5%A6%82%E4%BD%95%E4%BB%8Ekeezmovies%E4%B8%8B%E8%BD%BD/|https://www.downloadtube.net/es/descargar-videos-de-keezmovies/
camwhores.com,camwhores,missing,,,download-camwhores-videos,/download-camwhores-videos,Camwhores Video Downloader,true,5,75,vidquickly.com,vidquickly.com|downloadtube.net|yt2save.com|pastedownload.com|tubeoffline.com,"Camwhores adult video downloader page; emphasize public videos, privacy, HD/MP4 formats, no popups, browser extension CTA, and legal/adult disclaimer.",https://www.downloadtube.net/download-videos-from-camwhores/|https://www.downloadtube.net/how-do-i-download-from-camwhores/|https://www.downloadtube.net/zh/%E4%BB%8Ecamwhores%E4%B8%8B%E8%BD%BD%E8%A7%86%E9%A2%91/|https://www.downloadtube.net/zh/%E6%88%91%E5%A6%82%E4%BD%95%E4%BB%8Ecamwhores%E4%B8%8B%E8%BD%BD/|https://www.downloadtube.net/es/c%C3%B3mo-puedo-descargar-desde-camwhores/|https://www.downloadtube.net/ru/%D1%81%D0%BA%D0%B0%D1%87%D0%B0%D1%82%D1%8C-%D0%B2%D0%B8%D0%B4%D0%B5%D0%BE-%D1%81-camwhores/|https://www.downloadtube.net/ru/%D0%BA%D0%B0%D0%BA-%D0%BC%D0%BD%D0%B5-%D1%81%D0%BA%D0%B0%D1%87%D0%B0%D1%82%D1%8C-%D1%81-camwhores/|https://www.downloadtube.net/hi/camwhores-%E0%A4%B8%E0%A5%87-%E0%A4%B5%E0%A5%80%E0%A4%A1%E0%A4%BF%E0%A4%AF%E0%A5%8B-%E0%A4%A1%E0%A4%BE%E0%A4%89%E0%A4%A8%E0%A4%B2%E0%A5%8B%E0%A4%A1-%E0%A4%95%E0%A4%B0%E0%A5%87%E0%A4%82/
moviefap.com,moviefap,missing,,,download-moviefap-videos,/download-moviefap-videos,Moviefap Video Downloader,true,5,75,tubeninja.net,tubeninja.net|downloadtube.net|fetchfile.me|jaksta.com|tubeoffline.com,"Moviefap adult video downloader page; emphasize public videos, privacy, HD/MP4 formats, no popups, browser extension CTA, and legal/adult disclaimer.",https://www.downloadtube.net/download-videos-from-moviefap/|https://www.downloadtube.net/how-do-i-download-from-moviefap/|https://www.downloadtube.net/zh/%E4%BB%8Emoviefap%E4%B8%8B%E8%BD%BD%E8%A7%86%E9%A2%91/|https://www.downloadtube.net/zh/%E6%88%91%E5%A6%82%E4%BD%95%E4%BB%8Emoviefap%E4%B8%8B%E8%BD%BD/|https://www.downloadtube.net/es/c%C3%B3mo-puedo-descargar-desde-moviefap/|https://www.downloadtube.net/ru/%D1%81%D0%BA%D0%B0%D1%87%D0%B0%D1%82%D1%8C-%D0%B2%D0%B8%D0%B4%D0%B5%D0%BE-%D1%81-moviefap/|https://www.downloadtube.net/ru/%D0%BA%D0%B0%D0%BA-%D0%BC%D0%BD%D0%B5-%D1%81%D0%BA%D0%B0%D1%87%D0%B0%D1%82%D1%8C-%D1%81-moviefap/|https://www.downloadtube.net/hi/moviefap-%E0%A4%B8%E0%A5%87-%E0%A4%B5%E0%A5%80%E0%A4%A1%E0%A4%BF%E0%A4%AF%E0%A5%8B-%E0%A4%A1%E0%A4%BE%E0%A4%89%E0%A4%A8%E0%A4%B2%E0%A5%8B%E0%A4%A1-%E0%A4%95%E0%A4%B0%E0%A5%87%E0%A4%82/
hclips.com,hclips,missing,,,download-hclips-videos,/download-hclips-videos,Hclips Video Downloader,true,5,68,tubeninja.net,tubeninja.net|downloadtube.net|yt2save.com|badassdownloader.com|tubeoffline.com,"Hclips adult video downloader page; emphasize public videos, privacy, HD/MP4 formats, no popups, browser extension CTA, and legal/adult disclaimer.",https://badassdownloader.com/hclips/|https://www.downloadtube.net/download-videos-from-hclips/|https://www.downloadtube.net/how-do-i-download-from-hclips/|https://www.downloadtube.net/de/laden-sie-videos-von-hclips-herunter/|https://www.downloadtube.net/de/wie-lade-ich-von-hclips-herunter/|https://www.downloadtube.net/zh/%E4%BB%8Ehclips%E4%B8%8B%E8%BD%BD%E8%A7%86%E9%A2%91/|https://www.downloadtube.net/zh/%E6%88%91%E5%A6%82%E4%BD%95%E4%BB%8Ehclips%E4%B8%8B%E8%BD%BD/|https://www.downloadtube.net/es/descargar-videos-de-hclips/
hotmovs.com,hotmovs,missing,,,download-hotmovs-videos,/download-hotmovs-videos,Hotmovs Video Downloader,true,5,68,tubeninja.net,tubeninja.net|downloadtube.net|yt2save.com|badassdownloader.com|tubeoffline.com,"Hotmovs adult video downloader page; emphasize public videos, privacy, HD/MP4 formats, no popups, browser extension CTA, and legal/adult disclaimer.",https://badassdownloader.com/hotmovs/|https://www.downloadtube.net/download-videos-from-hotmovs/|https://www.downloadtube.net/how-do-i-download-from-hotmovs/|https://www.downloadtube.net/de/laden-sie-videos-von-hotmovs-herunter/|https://www.downloadtube.net/de/wie-lade-ich-von-hotmovs-herunter/|https://www.downloadtube.net/zh/%E4%BB%8Ehotmovs%E4%B8%8B%E8%BD%BD%E8%A7%86%E9%A2%91/|https://www.downloadtube.net/zh/%E6%88%91%E5%A6%82%E4%BD%95%E4%BB%8Ehotmovs%E4%B8%8B%E8%BD%BD/|https://www.downloadtube.net/es/descargar-videos-de-hotmovs/
xcafe.com,xcafe,missing,,,download-xcafe-videos,/download-xcafe-videos,Xcafe Video Downloader,true,5,68,tubeninja.net,tubeninja.net|downloadtube.net|yt2save.com|badassdownloader.com|tubeoffline.com,"Xcafe adult video downloader page; emphasize public videos, privacy, HD/MP4 formats, no popups, browser extension CTA, and legal/adult disclaimer.",https://badassdownloader.com/xcafe/|https://www.downloadtube.net/download-videos-from-xcafe/|https://www.downloadtube.net/how-do-i-download-from-xcafe/|https://www.downloadtube.net/de/laden-sie-videos-von-xcafe-herunter/|https://www.downloadtube.net/de/wie-lade-ich-von-xcafe-herunter/|https://www.downloadtube.net/zh/%E4%BB%8Excafe%E4%B8%8B%E8%BD%BD%E8%A7%86%E9%A2%91/|https://www.downloadtube.net/zh/%E6%88%91%E5%A6%82%E4%BD%95%E4%BB%8Excafe%E4%B8%8B%E8%BD%BD/|https://www.downloadtube.net/es/descargar-videos-de-xcafe/
absoluporn.com,absoluporn,missing,,,download-absoluporn-videos,/download-absoluporn-videos,Absoluporn Video Downloader,true,5,63,tubeninja.net,tubeninja.net|downloadtube.net|yt2save.com|badassdownloader.com|tubeoffline.com,"Absoluporn adult video downloader page; emphasize public videos, privacy, HD/MP4 formats, no popups, browser extension CTA, and legal/adult disclaimer.",https://badassdownloader.com/absoluporn/|https://www.downloadtube.net/download-videos-from-absoluporn/|https://www.downloadtube.net/how-do-i-download-from-absoluporn/|https://www.downloadtube.net/zh/%E4%BB%8Eabsoluporn%E4%B8%8B%E8%BD%BD%E8%A7%86%E9%A2%91/|https://www.downloadtube.net/zh/%E6%88%91%E5%A6%82%E4%BD%95%E4%BB%8Eabsoluporn%E4%B8%8B%E8%BD%BD/|https://www.downloadtube.net/es/c%C3%B3mo-puedo-descargar-desde-absoluporn/|https://www.downloadtube.net/ru/%D1%81%D0%BA%D0%B0%D1%87%D0%B0%D1%82%D1%8C-%D0%B2%D0%B8%D0%B4%D0%B5%D0%BE-%D1%81-absoluporn/|https://www.downloadtube.net/ru/%D0%BA%D0%B0%D0%BA-%D0%BC%D0%BD%D0%B5-%D1%81%D0%BA%D0%B0%D1%87%D0%B0%D1%82%D1%8C-%D1%81-absoluporn/
anyporn.com,anyporn,missing,,,download-anyporn-videos,/download-anyporn-videos,Anyporn Video Downloader,true,5,63,tubeninja.net,tubeninja.net|downloadtube.net|yt2save.com|badassdownloader.com|tubeoffline.com,"Anyporn adult video downloader page; emphasize public videos, privacy, HD/MP4 formats, no popups, browser extension CTA, and legal/adult disclaimer.",https://badassdownloader.com/anyporn/|https://www.downloadtube.net/download-videos-from-anyporn/|https://www.downloadtube.net/how-do-i-download-from-anyporn/|https://www.downloadtube.net/zh/%E4%BB%8Eanyporn%E4%B8%8B%E8%BD%BD%E8%A7%86%E9%A2%91/|https://www.downloadtube.net/zh/%E6%88%91%E5%A6%82%E4%BD%95%E4%BB%8Eanyporn%E4%B8%8B%E8%BD%BD/|https://www.downloadtube.net/es/c%C3%B3mo-puedo-descargar-desde-anyporn/|https://www.downloadtube.net/ru/%D1%81%D0%BA%D0%B0%D1%87%D0%B0%D1%82%D1%8C-%D0%B2%D0%B8%D0%B4%D0%B5%D0%BE-%D1%81-anyporn/|https://www.downloadtube.net/ru/%D0%BA%D0%B0%D0%BA-%D0%BC%D0%BD%D0%B5-%D1%81%D0%BA%D0%B0%D1%87%D0%B0%D1%82%D1%8C-%D1%81-anyporn/
anysex.com,anysex,missing,,,download-anysex-videos,/download-anysex-videos,Anysex Video Downloader,true,5,63,tubeninja.net,tubeninja.net|downloadtube.net|yt2save.com|badassdownloader.com|tubeoffline.com,"Anysex adult video downloader page; emphasize public videos, privacy, HD/MP4 formats, no popups, browser extension CTA, and legal/adult disclaimer.",https://badassdownloader.com/anysex/|https://www.downloadtube.net/download-videos-from-anysex/|https://www.downloadtube.net/how-do-i-download-from-anysex/|https://www.downloadtube.net/zh/%E4%BB%8Eanysex%E4%B8%8B%E8%BD%BD%E8%A7%86%E9%A2%91/|https://www.downloadtube.net/zh/%E6%88%91%E5%A6%82%E4%BD%95%E4%BB%8Eanysex%E4%B8%8B%E8%BD%BD/|https://www.downloadtube.net/es/c%C3%B3mo-puedo-descargar-desde-anysex/|https://www.downloadtube.net/ru/%D1%81%D0%BA%D0%B0%D1%87%D0%B0%D1%82%D1%8C-%D0%B2%D0%B8%D0%B4%D0%B5%D0%BE-%D1%81-anysex/|https://www.downloadtube.net/ru/%D0%BA%D0%B0%D0%BA-%D0%BC%D0%BD%D0%B5-%D1%81%D0%BA%D0%B0%D1%87%D0%B0%D1%82%D1%8C-%D1%81-anysex/
cumlouder.com,cumlouder,missing,,,download-cumlouder-videos,/download-cumlouder-videos,Cumlouder Video Downloader,true,5,63,tubeninja.net,tubeninja.net|downloadtube.net|yt2save.com|badassdownloader.com|tubeoffline.com,"Cumlouder adult video downloader page; emphasize public videos, privacy, HD/MP4 formats, no popups, browser extension CTA, and legal/adult disclaimer.",https://badassdownloader.com/cumlouder/|https://www.downloadtube.net/download-videos-from-cumlouder/|https://www.downloadtube.net/how-do-i-download-from-cumlouder/|https://www.downloadtube.net/zh/%E4%BB%8Ecumlouder%E4%B8%8B%E8%BD%BD%E8%A7%86%E9%A2%91/|https://www.downloadtube.net/zh/%E6%88%91%E5%A6%82%E4%BD%95%E4%BB%8Ecumlouder%E4%B8%8B%E8%BD%BD/|https://www.downloadtube.net/es/c%C3%B3mo-puedo-descargar-desde-cumlouder/|https://www.downloadtube.net/ru/%D1%81%D0%BA%D0%B0%D1%87%D0%B0%D1%82%D1%8C-%D0%B2%D0%B8%D0%B4%D0%B5%D0%BE-%D1%81-cumlouder/|https://www.downloadtube.net/ru/%D0%BA%D0%B0%D0%BA-%D0%BC%D0%BD%D0%B5-%D1%81%D0%BA%D0%B0%D1%87%D0%B0%D1%82%D1%8C-%D1%81-cumlouder/
fapality.com,fapality,missing,,,download-fapality-videos,/download-fapality-videos,Fapality Video Downloader,true,5,63,tubeninja.net,tubeninja.net|downloadtube.net|yt2save.com|badassdownloader.com|tubeoffline.com,"Fapality adult video downloader page; emphasize public videos, privacy, HD/MP4 formats, no popups, browser extension CTA, and legal/adult disclaimer.",https://badassdownloader.com/fapality/|https://www.downloadtube.net/download-videos-from-fapality/|https://www.downloadtube.net/how-do-i-download-from-fapality/|https://www.downloadtube.net/zh/%E4%BB%8Efapality%E4%B8%8B%E8%BD%BD%E8%A7%86%E9%A2%91/|https://www.downloadtube.net/zh/%E6%88%91%E5%A6%82%E4%BD%95%E4%BB%8Efapality%E4%B8%8B%E8%BD%BD/|https://www.downloadtube.net/es/c%C3%B3mo-puedo-descargar-desde-fapality/|https://www.downloadtube.net/ru/%D1%81%D0%BA%D0%B0%D1%87%D0%B0%D1%82%D1%8C-%D0%B2%D0%B8%D0%B4%D0%B5%D0%BE-%D1%81-fapality/|https://www.downloadtube.net/ru/%D0%BA%D0%B0%D0%BA-%D0%BC%D0%BD%D0%B5-%D1%81%D0%BA%D0%B0%D1%87%D0%B0%D1%82%D1%8C-%D1%81-fapality/
gotporn.com,gotporn,missing,,,download-gotporn-videos,/download-gotporn-videos,Gotporn Video Downloader,true,5,63,tubeninja.net,tubeninja.net|downloadtube.net|yt2save.com|badassdownloader.com|tubeoffline.com,"Gotporn adult video downloader page; emphasize public videos, privacy, HD/MP4 formats, no popups, browser extension CTA, and legal/adult disclaimer.",https://badassdownloader.com/gotporn/|https://www.downloadtube.net/download-videos-from-gotporn/|https://www.downloadtube.net/how-do-i-download-from-gotporn/|https://www.downloadtube.net/zh/%E4%BB%8Egotporn%E4%B8%8B%E8%BD%BD%E8%A7%86%E9%A2%91/|https://www.downloadtube.net/zh/%E6%88%91%E5%A6%82%E4%BD%95%E4%BB%8Egotporn%E4%B8%8B%E8%BD%BD/|https://www.downloadtube.net/es/c%C3%B3mo-puedo-descargar-desde-gotporn/|https://www.downloadtube.net/ru/%D1%81%D0%BA%D0%B0%D1%87%D0%B0%D1%82%D1%8C-%D0%B2%D0%B8%D0%B4%D0%B5%D0%BE-%D1%81-gotporn/|https://www.downloadtube.net/ru/%D0%BA%D0%B0%D0%BA-%D0%BC%D0%BD%D0%B5-%D1%81%D0%BA%D0%B0%D1%87%D0%B0%D1%82%D1%8C-%D1%81-gotporn/
javhd.com,javhd,missing,,,download-javhd-videos,/download-javhd-videos,Javhd Video Downloader,true,5,63,tubeninja.net,tubeninja.net|downloadtube.net|yt2save.com|badassdownloader.com|tubeoffline.com,"Javhd adult video downloader page; emphasize public videos, privacy, HD/MP4 formats, no popups, browser extension CTA, and legal/adult disclaimer.",https://badassdownloader.com/javhd/|https://www.downloadtube.net/download-videos-from-javhd/|https://www.downloadtube.net/how-do-i-download-from-javhd/|https://www.downloadtube.net/zh/%E4%BB%8Ejavhd%E4%B8%8B%E8%BD%BD%E8%A7%86%E9%A2%91/|https://www.downloadtube.net/zh/%E6%88%91%E5%A6%82%E4%BD%95%E4%BB%8Ejavhd%E4%B8%8B%E8%BD%BD/|https://www.downloadtube.net/es/c%C3%B3mo-puedo-descargar-desde-javhd/|https://www.downloadtube.net/ru/%D1%81%D0%BA%D0%B0%D1%87%D0%B0%D1%82%D1%8C-%D0%B2%D0%B8%D0%B4%D0%B5%D0%BE-%D1%81-javhd/|https://www.downloadtube.net/ru/%D0%BA%D0%B0%D0%BA-%D0%BC%D0%BD%D0%B5-%D1%81%D0%BA%D0%B0%D1%87%D0%B0%D1%82%D1%8C-%D1%81-javhd/
pornicom.com,pornicom,missing,,,download-pornicom-videos,/download-pornicom-videos,Pornicom Video Downloader,true,5,63,tubeninja.net,tubeninja.net|downloadtube.net|yt2save.com|badassdownloader.com|tubeoffline.com,"Pornicom adult video downloader page; emphasize public videos, privacy, HD/MP4 formats, no popups, browser extension CTA, and legal/adult disclaimer.",https://badassdownloader.com/pornicom/|https://www.downloadtube.net/download-videos-from-pornicom/|https://www.downloadtube.net/how-do-i-download-from-pornicom/|https://www.downloadtube.net/zh/%E4%BB%8Epornicom%E4%B8%8B%E8%BD%BD%E8%A7%86%E9%A2%91/|https://www.downloadtube.net/zh/%E6%88%91%E5%A6%82%E4%BD%95%E4%BB%8Epornicom%E4%B8%8B%E8%BD%BD/|https://www.downloadtube.net/es/c%C3%B3mo-puedo-descargar-desde-pornicom/|https://www.downloadtube.net/ru/%D1%81%D0%BA%D0%B0%D1%87%D0%B0%D1%82%D1%8C-%D0%B2%D0%B8%D0%B4%D0%B5%D0%BE-%D1%81-pornicom/|https://www.downloadtube.net/ru/%D0%BA%D0%B0%D0%BA-%D0%BC%D0%BD%D0%B5-%D1%81%D0%BA%D0%B0%D1%87%D0%B0%D1%82%D1%8C-%D1%81-pornicom/
tubepornclassic.com,tubepornclassic,missing,,,download-tubepornclassic-videos,/download-tubepornclassic-videos,Tubepornclassic Video Downloader,true,5,63,tubeninja.net,tubeninja.net|downloadtube.net|yt2save.com|badassdownloader.com|tubeoffline.com,"Tubepornclassic adult video downloader page; emphasize public videos, privacy, HD/MP4 formats, no popups, browser extension CTA, and legal/adult disclaimer.",https://badassdownloader.com/tubepornclassic/|https://www.downloadtube.net/download-videos-from-tubepornclassic/|https://www.downloadtube.net/how-do-i-download-from-tubepornclassic/|https://www.downloadtube.net/zh/%E4%BB%8Etubepornclassic%E4%B8%8B%E8%BD%BD%E8%A7%86%E9%A2%91/|https://www.downloadtube.net/zh/%E6%88%91%E5%A6%82%E4%BD%95%E4%BB%8Etubepornclassic%E4%B8%8B%E8%BD%BD/|https://www.downloadtube.net/es/c%C3%B3mo-puedo-descargar-desde-tubepornclassic/|https://www.downloadtube.net/ru/%D1%81%D0%BA%D0%B0%D1%87%D0%B0%D1%82%D1%8C-%D0%B2%D0%B8%D0%B4%D0%B5%D0%BE-%D1%81-tubepornclassic/|https://www.downloadtube.net/ru/%D0%BA%D0%B0%D0%BA-%D0%BC%D0%BD%D0%B5-%D1%81%D0%BA%D0%B0%D1%87%D0%B0%D1%82%D1%8C-%D1%81-tubepornclassic/
vikiporn.com,vikiporn,missing,,,download-vikiporn-videos,/download-vikiporn-videos,Vikiporn Video Downloader,true,5,63,tubeninja.net,tubeninja.net|downloadtube.net|yt2save.com|badassdownloader.com|tubeoffline.com,"Vikiporn adult video downloader page; emphasize public videos, privacy, HD/MP4 formats, no popups, browser extension CTA, and legal/adult disclaimer.",https://badassdownloader.com/vikiporn/|https://www.downloadtube.net/download-videos-from-vikiporn/|https://www.downloadtube.net/how-do-i-download-from-vikiporn/|https://www.downloadtube.net/zh/%E4%BB%8Evikiporn%E4%B8%8B%E8%BD%BD%E8%A7%86%E9%A2%91/|https://www.downloadtube.net/zh/%E6%88%91%E5%A6%82%E4%BD%95%E4%BB%8Evikiporn%E4%B8%8B%E8%BD%BD/|https://www.downloadtube.net/es/c%C3%B3mo-puedo-descargar-desde-vikiporn/|https://www.downloadtube.net/ru/%D1%81%D0%BA%D0%B0%D1%87%D0%B0%D1%82%D1%8C-%D0%B2%D0%B8%D0%B4%D0%B5%D0%BE-%D1%81-vikiporn/|https://www.downloadtube.net/ru/%D0%BA%D0%B0%D0%BA-%D0%BC%D0%BD%D0%B5-%D1%81%D0%BA%D0%B0%D1%87%D0%B0%D1%82%D1%8C-%D1%81-vikiporn/
vjav.com,vjav,missing,,,download-vjav-videos,/download-vjav-videos,Vjav Video Downloader,true,5,63,tubeninja.net,tubeninja.net|downloadtube.net|yt2save.com|badassdownloader.com|tubeoffline.com,"Vjav adult video downloader page; emphasize public videos, privacy, HD/MP4 formats, no popups, browser extension CTA, and legal/adult disclaimer.",https://badassdownloader.com/vjav/|https://www.downloadtube.net/download-videos-from-vjav/|https://www.downloadtube.net/how-do-i-download-from-vjav/|https://www.downloadtube.net/zh/%E4%BB%8Evjav%E4%B8%8B%E8%BD%BD%E8%A7%86%E9%A2%91/|https://www.downloadtube.net/zh/%E6%88%91%E5%A6%82%E4%BD%95%E4%BB%8Evjav%E4%B8%8B%E8%BD%BD/|https://www.downloadtube.net/es/c%C3%B3mo-puedo-descargar-desde-vjav/|https://www.downloadtube.net/ru/%D1%81%D0%BA%D0%B0%D1%87%D0%B0%D1%82%D1%8C-%D0%B2%D0%B8%D0%B4%D0%B5%D0%BE-%D1%81-vjav/|https://www.downloadtube.net/ru/%D0%BA%D0%B0%D0%BA-%D0%BC%D0%BD%D0%B5-%D1%81%D0%BA%D0%B0%D1%87%D0%B0%D1%82%D1%8C-%D1%81-vjav/
zbporn.com,zbporn,missing,,,download-zbporn-videos,/download-zbporn-videos,Zbporn Video Downloader,true,5,63,tubeninja.net,tubeninja.net|downloadtube.net|yt2save.com|badassdownloader.com|tubeoffline.com,"Zbporn adult video downloader page; emphasize public videos, privacy, HD/MP4 formats, no popups, browser extension CTA, and legal/adult disclaimer.",https://badassdownloader.com/zbporn/|https://www.downloadtube.net/download-videos-from-zbporn/|https://www.downloadtube.net/how-do-i-download-from-zbporn/|https://www.downloadtube.net/zh/%E4%BB%8Ezbporn%E4%B8%8B%E8%BD%BD%E8%A7%86%E9%A2%91/|https://www.downloadtube.net/zh/%E6%88%91%E5%A6%82%E4%BD%95%E4%BB%8Ezbporn%E4%B8%8B%E8%BD%BD/|https://www.downloadtube.net/es/c%C3%B3mo-puedo-descargar-desde-zbporn/|https://www.downloadtube.net/ru/%D1%81%D0%BA%D0%B0%D1%87%D0%B0%D1%82%D1%8C-%D0%B2%D0%B8%D0%B4%D0%B5%D0%BE-%D1%81-zbporn/|https://www.downloadtube.net/ru/%D0%BA%D0%B0%D0%BA-%D0%BC%D0%BD%D0%B5-%D1%81%D0%BA%D0%B0%D1%87%D0%B0%D1%82%D1%8C-%D1%81-zbporn/
radiojavan.com,radiojavan,missing,,,download-radiojavan-videos,/download-radiojavan-videos,Radiojavan Video Downloader,true,5,39,downloadtube.net,downloadtube.net|fetchfile.me|jaksta.com|yt2save.com|tubeoffline.com,"Radiojavan adult video downloader page; emphasize public videos, privacy, HD/MP4 formats, no popups, browser extension CTA, and legal/adult disclaimer.",https://www.downloadtube.net/download-videos-from-radiojavan/|https://www.downloadtube.net/how-do-i-download-from-radiojavan/|https://www.downloadtube.net/zh/%E4%BB%8Eradiojavan%E4%B8%8B%E8%BD%BD%E8%A7%86%E9%A2%91/|https://www.downloadtube.net/zh/%E6%88%91%E5%A6%82%E4%BD%95%E4%BB%8Eradiojavan%E4%B8%8B%E8%BD%BD/|https://www.downloadtube.net/es/c%C3%B3mo-puedo-descargar-desde-radiojavan/|https://www.downloadtube.net/ru/%D1%81%D0%BA%D0%B0%D1%87%D0%B0%D1%82%D1%8C-%D0%B2%D0%B8%D0%B4%D0%B5%D0%BE-%D1%81-radiojavan/|https://www.downloadtube.net/ru/%D0%BA%D0%B0%D0%BA-%D0%BC%D0%BD%D0%B5-%D1%81%D0%BA%D0%B0%D1%87%D0%B0%D1%82%D1%8C-%D1%81-radiojavan/|https://www.downloadtube.net/hi/radiojavan-%E0%A4%B8%E0%A5%87-%E0%A4%B5%E0%A5%80%E0%A4%A1%E0%A4%BF%E0%A4%AF%E0%A5%8B-%E0%A4%A1%E0%A4%BE%E0%A4%89%E0%A4%A8%E0%A4%B2%E0%A5%8B%E0%A4%A1-%E0%A4%95%E0%A4%B0%E0%A5%87%E0%A4%82/
xozilla.com,xozilla,missing,,,download-xozilla-videos,/download-xozilla-videos,Xozilla Video Downloader,true,5,26,downloadtube.net,downloadtube.net|yt2save.com|badassdownloader.com|pptube.org|tubeoffline.com,"Xozilla adult video downloader page; emphasize public videos, privacy, HD/MP4 formats, no popups, browser extension CTA, and legal/adult disclaimer.",https://badassdownloader.com/xozilla/|https://www.downloadtube.net/download-videos-from-xozilla/|https://www.downloadtube.net/how-do-i-download-from-xozilla/|https://www.downloadtube.net/zh/%E4%BB%8Exozilla%E4%B8%8B%E8%BD%BD%E8%A7%86%E9%A2%91/|https://www.downloadtube.net/zh/%E6%88%91%E5%A6%82%E4%BD%95%E4%BB%8Exozilla%E4%B8%8B%E8%BD%BD/|https://www.downloadtube.net/es/c%C3%B3mo-puedo-descargar-desde-xozilla/|https://www.downloadtube.net/ru/%D1%81%D0%BA%D0%B0%D1%87%D0%B0%D1%82%D1%8C-%D0%B2%D0%B8%D0%B4%D0%B5%D0%BE-%D1%81-xozilla/|https://www.downloadtube.net/ru/%D0%BA%D0%B0%D0%BA-%D0%BC%D0%BD%D0%B5-%D1%81%D0%BA%D0%B0%D1%87%D0%B0%D1%82%D1%8C-%D1%81-xozilla/
pornzog.com,pornzog,missing,,,download-pornzog-videos,/download-pornzog-videos,Pornzog Video Downloader,true,4,261,saveporn.net,saveporn.net|yt2save.com|badassdownloader.com|pptube.org,"Pornzog adult video downloader page; emphasize public videos, privacy, HD/MP4 formats, no popups, browser extension CTA, and legal/adult disclaimer.",https://badassdownloader.com/pornzog/|https://pptube.org/video/download-pornzog-videos/|https://www.saveporn.net/online-pornzog-converter/|https://www.saveporn.net/download-videos-from-pornzog/|https://www.saveporn.net/pornzog-link-downloader/|https://www.saveporn.net/pornzog-mp4-converter/|https://www.saveporn.net/pornzog-offline-download/|https://www.saveporn.net/pornzog-online-downloader/
gaytube.com,gaytube,missing,,,download-gaytube-videos,/download-gaytube-videos,Gaytube Video Downloader,true,4,136,tubeninja.net,tubeninja.net|downloadtube.net|badassdownloader.com|tubeoffline.com,"Gaytube adult video downloader page; emphasize public videos, privacy, HD/MP4 formats, no popups, browser extension CTA, and legal/adult disclaimer.",https://badassdownloader.com/gaytube/|https://www.downloadtube.net/download-videos-from-gaytube/|https://www.downloadtube.net/how-do-i-download-from-gaytube/|https://www.downloadtube.net/de/laden-sie-videos-von-gaytube-herunter/|https://www.downloadtube.net/de/wie-lade-ich-von-gaytube-herunter/|https://www.downloadtube.net/zh/%E4%BB%8Egaytube%E4%B8%8B%E8%BD%BD%E8%A7%86%E9%A2%91/|https://www.downloadtube.net/zh/%E6%88%91%E5%A6%82%E4%BD%95%E4%BB%8Egaytube%E4%B8%8B%E8%BD%BD/|https://www.downloadtube.net/es/descargar-videos-de-gaytube/
mofosex.com,mofosex,missing,,,download-mofosex-videos,/download-mofosex-videos,Mofosex Video Downloader,true,4,85,tubeninja.net,tubeninja.net|downloadtube.net|fetchfile.me|badassdownloader.com,"Mofosex adult video downloader page; emphasize public videos, privacy, HD/MP4 formats, no popups, browser extension CTA, and legal/adult disclaimer.",https://badassdownloader.com/mofosex/|https://www.downloadtube.net/download-videos-from-mofosex/|https://www.downloadtube.net/how-do-i-download-from-mofosex/|https://www.downloadtube.net/de/laden-sie-videos-von-mofosex-herunter/|https://www.downloadtube.net/de/wie-lade-ich-von-mofosex-herunter/|https://www.downloadtube.net/zh/%E4%BB%8Emofosex%E4%B8%8B%E8%BD%BD%E8%A7%86%E9%A2%91/|https://www.downloadtube.net/zh/%E6%88%91%E5%A6%82%E4%BD%95%E4%BB%8Emofosex%E4%B8%8B%E8%BD%BD/|https://www.downloadtube.net/es/descargar-videos-de-mofosex/
pornhat.com,pornhat,missing,,,download-pornhat-videos,/download-pornhat-videos,Pornhat Video Downloader,true,4,74,vidquickly.com,vidquickly.com|downloadtube.net|yt2save.com|badassdownloader.com,"Pornhat adult video downloader page; emphasize public videos, privacy, HD/MP4 formats, no popups, browser extension CTA, and legal/adult disclaimer.",https://badassdownloader.com/pornhat/|https://www.downloadtube.net/download-videos-from-pornhat/|https://www.downloadtube.net/how-do-i-download-from-pornhat/|https://www.downloadtube.net/zh/%E4%BB%8Epornhat%E4%B8%8B%E8%BD%BD%E8%A7%86%E9%A2%91/|https://www.downloadtube.net/zh/%E6%88%91%E5%A6%82%E4%BD%95%E4%BB%8Epornhat%E4%B8%8B%E8%BD%BD/|https://www.downloadtube.net/es/c%C3%B3mo-puedo-descargar-desde-pornhat/|https://www.downloadtube.net/ru/%D1%81%D0%BA%D0%B0%D1%87%D0%B0%D1%82%D1%8C-%D0%B2%D0%B8%D0%B4%D0%B5%D0%BE-%D1%81-pornhat/|https://www.downloadtube.net/ru/%D0%BA%D0%B0%D0%BA-%D0%BC%D0%BD%D0%B5-%D1%81%D0%BA%D0%B0%D1%87%D0%B0%D1%82%D1%8C-%D1%81-pornhat/
91porn.com,91porn,missing,,,download-91porn-videos,/download-91porn-videos,91porn Video Downloader,true,4,73,tubeninja.net,tubeninja.net|downloadtube.net|fetchfile.me|tubeoffline.com,"91porn adult video downloader page; emphasize public videos, privacy, HD/MP4 formats, no popups, browser extension CTA, and legal/adult disclaimer.",https://www.downloadtube.net/download-videos-from-91porn/|https://www.downloadtube.net/how-do-i-download-from-91porn/|https://www.downloadtube.net/zh/%E4%BB%8E91porn%E4%B8%8B%E8%BD%BD%E8%A7%86%E9%A2%91/|https://www.downloadtube.net/zh/%E6%88%91%E5%A6%82%E4%BD%95%E4%BB%8E91porn%E4%B8%8B%E8%BD%BD/|https://www.downloadtube.net/es/c%C3%B3mo-puedo-descargar-desde-91porn/|https://www.downloadtube.net/ru/%D1%81%D0%BA%D0%B0%D1%87%D0%B0%D1%82%D1%8C-%D0%B2%D0%B8%D0%B4%D0%B5%D0%BE-%D1%81-91porn/|https://www.downloadtube.net/ru/%D0%BA%D0%B0%D0%BA-%D0%BC%D0%BD%D0%B5-%D1%81%D0%BA%D0%B0%D1%87%D0%B0%D1%82%D1%8C-%D1%81-91porn/|https://www.downloadtube.net/hi/91porn-%E0%A4%B8%E0%A5%87-%E0%A4%B5%E0%A5%80%E0%A4%A1%E0%A4%BF%E0%A4%AF%E0%A5%8B-%E0%A4%A1%E0%A4%BE%E0%A4%89%E0%A4%A8%E0%A4%B2%E0%A5%8B%E0%A4%A1-%E0%A4%95%E0%A4%B0%E0%A5%87%E0%A4%82/
3movs.com,3movs,missing,,,download-3movs-videos,/download-3movs-videos,3movs Video Downloader,true,4,62,tubeninja.net,tubeninja.net|downloadtube.net|yt2save.com|badassdownloader.com,"3movs adult video downloader page; emphasize public videos, privacy, HD/MP4 formats, no popups, browser extension CTA, and legal/adult disclaimer.",https://badassdownloader.com/3movs/|https://www.downloadtube.net/download-videos-from-3movs/|https://www.downloadtube.net/how-do-i-download-from-3movs/|https://www.downloadtube.net/zh/%E4%BB%8E3movs%E4%B8%8B%E8%BD%BD%E8%A7%86%E9%A2%91/|https://www.downloadtube.net/zh/%E6%88%91%E5%A6%82%E4%BD%95%E4%BB%8E3movs%E4%B8%8B%E8%BD%BD/|https://www.downloadtube.net/es/c%C3%B3mo-puedo-descargar-desde-3movs/|https://www.downloadtube.net/ru/%D1%81%D0%BA%D0%B0%D1%87%D0%B0%D1%82%D1%8C-%D0%B2%D0%B8%D0%B4%D0%B5%D0%BE-%D1%81-3movs/|https://www.downloadtube.net/ru/%D0%BA%D0%B0%D0%BA-%D0%BC%D0%BD%D0%B5-%D1%81%D0%BA%D0%B0%D1%87%D0%B0%D1%82%D1%8C-%D1%81-3movs/
alotporn.com,alotporn,missing,,,download-alotporn-videos,/download-alotporn-videos,Alotporn Video Downloader,true,4,62,tubeninja.net,tubeninja.net|downloadtube.net|yt2save.com|tubeoffline.com,"Alotporn adult video downloader page; emphasize public videos, privacy, HD/MP4 formats, no popups, browser extension CTA, and legal/adult disclaimer.",https://www.downloadtube.net/download-videos-from-alotporn/|https://www.downloadtube.net/how-do-i-download-from-alotporn/|https://www.downloadtube.net/zh/%E4%BB%8Ealotporn%E4%B8%8B%E8%BD%BD%E8%A7%86%E9%A2%91/|https://www.downloadtube.net/zh/%E6%88%91%E5%A6%82%E4%BD%95%E4%BB%8Ealotporn%E4%B8%8B%E8%BD%BD/|https://www.downloadtube.net/es/c%C3%B3mo-puedo-descargar-desde-alotporn/|https://www.downloadtube.net/ru/%D1%81%D0%BA%D0%B0%D1%87%D0%B0%D1%82%D1%8C-%D0%B2%D0%B8%D0%B4%D0%B5%D0%BE-%D1%81-alotporn/|https://www.downloadtube.net/ru/%D0%BA%D0%B0%D0%BA-%D0%BC%D0%BD%D0%B5-%D1%81%D0%BA%D0%B0%D1%87%D0%B0%D1%82%D1%8C-%D1%81-alotporn/|https://www.downloadtube.net/hi/alotporn-%E0%A4%B8%E0%A5%87-%E0%A4%B5%E0%A5%80%E0%A4%A1%E0%A4%BF%E0%A4%AF%E0%A5%8B-%E0%A4%A1%E0%A4%BE%E0%A4%89%E0%A4%A8%E0%A4%B2%E0%A5%8B%E0%A4%A1-%E0%A4%95%E0%A4%B0%E0%A5%87%E0%A4%82/
aznude.com,aznude,missing,,,download-aznude-videos,/download-aznude-videos,Aznude Video Downloader,true,4,62,tubeninja.net,tubeninja.net|downloadtube.net|yt2save.com|tubeoffline.com,"Aznude adult video downloader page; emphasize public videos, privacy, HD/MP4 formats, no popups, browser extension CTA, and legal/adult disclaimer.",https://www.downloadtube.net/download-videos-from-aznude/|https://www.downloadtube.net/how-do-i-download-from-aznude/|https://www.downloadtube.net/zh/%E4%BB%8Eaznude%E4%B8%8B%E8%BD%BD%E8%A7%86%E9%A2%91/|https://www.downloadtube.net/zh/%E6%88%91%E5%A6%82%E4%BD%95%E4%BB%8Eaznude%E4%B8%8B%E8%BD%BD/|https://www.downloadtube.net/es/c%C3%B3mo-puedo-descargar-desde-aznude/|https://www.downloadtube.net/ru/%D1%81%D0%BA%D0%B0%D1%87%D0%B0%D1%82%D1%8C-%D0%B2%D0%B8%D0%B4%D0%B5%D0%BE-%D1%81-aznude/|https://www.downloadtube.net/ru/%D0%BA%D0%B0%D0%BA-%D0%BC%D0%BD%D0%B5-%D1%81%D0%BA%D0%B0%D1%87%D0%B0%D1%82%D1%8C-%D1%81-aznude/|https://www.downloadtube.net/hi/aznude-%E0%A4%B8%E0%A5%87-%E0%A4%B5%E0%A5%80%E0%A4%A1%E0%A4%BF%E0%A4%AF%E0%A5%8B-%E0%A4%A1%E0%A4%BE%E0%A4%89%E0%A4%A8%E0%A4%B2%E0%A5%8B%E0%A4%A1-%E0%A4%95%E0%A4%B0%E0%A5%87%E0%A4%82/
bubbaporn.com,bubbaporn,missing,,,download-bubbaporn-videos,/download-bubbaporn-videos,Bubbaporn Video Downloader,true,4,62,tubeninja.net,tubeninja.net|downloadtube.net|yt2save.com|tubeoffline.com,"Bubbaporn adult video downloader page; emphasize public videos, privacy, HD/MP4 formats, no popups, browser extension CTA, and legal/adult disclaimer.",https://www.downloadtube.net/download-videos-from-bubbaporn/|https://www.downloadtube.net/how-do-i-download-from-bubbaporn/|https://www.downloadtube.net/zh/%E4%BB%8Ebubbaporn%E4%B8%8B%E8%BD%BD%E8%A7%86%E9%A2%91/|https://www.downloadtube.net/zh/%E6%88%91%E5%A6%82%E4%BD%95%E4%BB%8Ebubbaporn%E4%B8%8B%E8%BD%BD/|https://www.downloadtube.net/es/c%C3%B3mo-puedo-descargar-desde-bubbaporn/|https://www.downloadtube.net/ru/%D1%81%D0%BA%D0%B0%D1%87%D0%B0%D1%82%D1%8C-%D0%B2%D0%B8%D0%B4%D0%B5%D0%BE-%D1%81-bubbaporn/|https://www.downloadtube.net/ru/%D0%BA%D0%B0%D0%BA-%D0%BC%D0%BD%D0%B5-%D1%81%D0%BA%D0%B0%D1%87%D0%B0%D1%82%D1%8C-%D1%81-bubbaporn/|https://www.downloadtube.net/hi/bubbaporn-%E0%A4%B8%E0%A5%87-%E0%A4%B5%E0%A5%80%E0%A4%A1%E0%A4%BF%E0%A4%AF%E0%A5%8B-%E0%A4%A1%E0%A4%BE%E0%A4%89%E0%A4%A8%E0%A4%B2%E0%A5%8B%E0%A4%A1-%E0%A4%95%E0%A4%B0%E0%A5%87%E0%A4%82/
cartoonpornvideos.com,cartoonpornvideos,missing,,,download-cartoonpornvideos-videos,/download-cartoonpornvideos-videos,Cartoonpornvideos Video Downloader,true,4,62,tubeninja.net,tubeninja.net|downloadtube.net|yt2save.com|badassdownloader.com,"Cartoonpornvideos adult video downloader page; emphasize public videos, privacy, HD/MP4 formats, no popups, browser extension CTA, and legal/adult disclaimer.",https://badassdownloader.com/cartoonpornvideos/|https://www.downloadtube.net/download-videos-from-cartoonpornvideos/|https://www.downloadtube.net/how-do-i-download-from-cartoonpornvideos/|https://www.downloadtube.net/zh/%E4%BB%8Ecartoonpornvideos%E4%B8%8B%E8%BD%BD%E8%A7%86%E9%A2%91/|https://www.downloadtube.net/zh/%E6%88%91%E5%A6%82%E4%BD%95%E4%BB%8Ecartoonpornvideos%E4%B8%8B%E8%BD%BD/|https://www.downloadtube.net/es/c%C3%B3mo-puedo-descargar-desde-cartoonpornvideos/|https://www.downloadtube.net/ru/%D1%81%D0%BA%D0%B0%D1%87%D0%B0%D1%82%D1%8C-%D0%B2%D0%B8%D0%B4%D0%B5%D0%BE-%D1%81-cartoonpornvideos/|https://www.downloadtube.net/ru/%D0%BA%D0%B0%D0%BA-%D0%BC%D0%BD%D0%B5-%D1%81%D0%BA%D0%B0%D1%87%D0%B0%D1%82%D1%8C-%D1%81-cartoonpornvideos/
fetishshrine.com,fetishshrine,missing,,,download-fetishshrine-videos,/download-fetishshrine-videos,Fetishshrine Video Downloader,true,4,62,tubeninja.net,tubeninja.net|downloadtube.net|yt2save.com|tubeoffline.com,"Fetishshrine adult video downloader page; emphasize public videos, privacy, HD/MP4 formats, no popups, browser extension CTA, and legal/adult disclaimer.",https://www.downloadtube.net/download-videos-from-fetishshrine/|https://www.downloadtube.net/how-do-i-download-from-fetishshrine/|https://www.downloadtube.net/zh/%E4%BB%8Efetishshrine%E4%B8%8B%E8%BD%BD%E8%A7%86%E9%A2%91/|https://www.downloadtube.net/zh/%E6%88%91%E5%A6%82%E4%BD%95%E4%BB%8Efetishshrine%E4%B8%8B%E8%BD%BD/|https://www.downloadtube.net/es/c%C3%B3mo-puedo-descargar-desde-fetishshrine/|https://www.downloadtube.net/ru/%D1%81%D0%BA%D0%B0%D1%87%D0%B0%D1%82%D1%8C-%D0%B2%D0%B8%D0%B4%D0%B5%D0%BE-%D1%81-fetishshrine/|https://www.downloadtube.net/ru/%D0%BA%D0%B0%D0%BA-%D0%BC%D0%BD%D0%B5-%D1%81%D0%BA%D0%B0%D1%87%D0%B0%D1%82%D1%8C-%D1%81-fetishshrine/|https://www.downloadtube.net/hi/fetishshrine-%E0%A4%B8%E0%A5%87-%E0%A4%B5%E0%A5%80%E0%A4%A1%E0%A4%BF%E0%A4%AF%E0%A5%8B-%E0%A4%A1%E0%A4%BE%E0%A4%89%E0%A4%A8%E0%A4%B2%E0%A5%8B%E0%A4%A1-%E0%A4%95%E0%A4%B0%E0%A5%87%E0%A4%82/
hentai.com,hentai,missing,,,download-hentai-videos,/download-hentai-videos,Hentai Video Downloader,true,4,62,tubeninja.net,tubeninja.net|downloadtube.net|yt2save.com|tubeoffline.com,"Hentai adult video downloader page; emphasize public videos, privacy, HD/MP4 formats, no popups, browser extension CTA, and legal/adult disclaimer.",https://www.downloadtube.net/download-videos-from-hentai/|https://www.downloadtube.net/how-do-i-download-from-hentai/|https://www.downloadtube.net/zh/%E4%BB%8Ehentai%E4%B8%8B%E8%BD%BD%E8%A7%86%E9%A2%91/|https://www.downloadtube.net/zh/%E6%88%91%E5%A6%82%E4%BD%95%E4%BB%8Ehentai%E4%B8%8B%E8%BD%BD/|https://www.downloadtube.net/es/c%C3%B3mo-puedo-descargar-desde-hentai/|https://www.downloadtube.net/ru/%D1%81%D0%BA%D0%B0%D1%87%D0%B0%D1%82%D1%8C-%D0%B2%D0%B8%D0%B4%D0%B5%D0%BE-%D1%81-hentai/|https://www.downloadtube.net/ru/%D0%BA%D0%B0%D0%BA-%D0%BC%D0%BD%D0%B5-%D1%81%D0%BA%D0%B0%D1%87%D0%B0%D1%82%D1%8C-%D1%81-hentai/|https://www.downloadtube.net/hi/hentai-%E0%A4%B8%E0%A5%87-%E0%A4%B5%E0%A5%80%E0%A4%A1%E0%A4%BF%E0%A4%AF%E0%A5%8B-%E0%A4%A1%E0%A4%BE%E0%A4%89%E0%A4%A8%E0%A4%B2%E0%A5%8B%E0%A4%A1-%E0%A4%95%E0%A4%B0%E0%A5%87%E0%A4%82/
hentaimama.com,hentaimama,missing,,,download-hentaimama-videos,/download-hentaimama-videos,Hentaimama Video Downloader,true,4,62,tubeninja.net,tubeninja.net|downloadtube.net|yt2save.com|tubeoffline.com,"Hentaimama adult video downloader page; emphasize public videos, privacy, HD/MP4 formats, no popups, browser extension CTA, and legal/adult disclaimer.",https://www.downloadtube.net/download-videos-from-hentaimama/|https://www.downloadtube.net/how-do-i-download-from-hentaimama/|https://www.downloadtube.net/zh/%E4%BB%8Ehentaimama%E4%B8%8B%E8%BD%BD%E8%A7%86%E9%A2%91/|https://www.downloadtube.net/zh/%E6%88%91%E5%A6%82%E4%BD%95%E4%BB%8Ehentaimama%E4%B8%8B%E8%BD%BD/|https://www.downloadtube.net/es/c%C3%B3mo-puedo-descargar-desde-hentaimama/|https://www.downloadtube.net/ru/%D1%81%D0%BA%D0%B0%D1%87%D0%B0%D1%82%D1%8C-%D0%B2%D0%B8%D0%B4%D0%B5%D0%BE-%D1%81-hentaimama/|https://www.downloadtube.net/ru/%D0%BA%D0%B0%D0%BA-%D0%BC%D0%BD%D0%B5-%D1%81%D0%BA%D0%B0%D1%87%D0%B0%D1%82%D1%8C-%D1%81-hentaimama/|https://www.downloadtube.net/hi/hentaimama-%E0%A4%B8%E0%A5%87-%E0%A4%B5%E0%A5%80%E0%A4%A1%E0%A4%BF%E0%A4%AF%E0%A5%8B-%E0%A4%A1%E0%A4%BE%E0%A4%89%E0%A4%A8%E0%A4%B2%E0%A5%8B%E0%A4%A1-%E0%A4%95%E0%A4%B0%E0%A5%87%E0%A4%82/
iporntv.com,iporntv,missing,,,download-iporntv-videos,/download-iporntv-videos,Iporntv Video Downloader,true,4,62,tubeninja.net,tubeninja.net|downloadtube.net|yt2save.com|pptube.org,"Iporntv adult video downloader page; emphasize public videos, privacy, HD/MP4 formats, no popups, browser extension CTA, and legal/adult disclaimer.",https://www.downloadtube.net/download-videos-from-iporntv/|https://www.downloadtube.net/how-do-i-download-from-iporntv/|https://www.downloadtube.net/zh/%E4%BB%8Eiporntv%E4%B8%8B%E8%BD%BD%E8%A7%86%E9%A2%91/|https://www.downloadtube.net/zh/%E6%88%91%E5%A6%82%E4%BD%95%E4%BB%8Eiporntv%E4%B8%8B%E8%BD%BD/|https://www.downloadtube.net/es/c%C3%B3mo-puedo-descargar-desde-iporntv/|https://www.downloadtube.net/ru/%D1%81%D0%BA%D0%B0%D1%87%D0%B0%D1%82%D1%8C-%D0%B2%D0%B8%D0%B4%D0%B5%D0%BE-%D1%81-iporntv/|https://www.downloadtube.net/ru/%D0%BA%D0%B0%D0%BA-%D0%BC%D0%BD%D0%B5-%D1%81%D0%BA%D0%B0%D1%87%D0%B0%D1%82%D1%8C-%D1%81-iporntv/|https://www.downloadtube.net/hi/iporntv-%E0%A4%B8%E0%A5%87-%E0%A4%B5%E0%A5%80%E0%A4%A1%E0%A4%BF%E0%A4%AF%E0%A5%8B-%E0%A4%A1%E0%A4%BE%E0%A4%89%E0%A4%A8%E0%A4%B2%E0%A5%8B%E0%A4%A1-%E0%A4%95%E0%A4%B0%E0%A5%87%E0%A4%82/
javhdporn.com,javhdporn,missing,,,download-javhdporn-videos,/download-javhdporn-videos,Javhdporn Video Downloader,true,4,62,tubeninja.net,tubeninja.net|downloadtube.net|yt2save.com|badassdownloader.com,"Javhdporn adult video downloader page; emphasize public videos, privacy, HD/MP4 formats, no popups, browser extension CTA, and legal/adult disclaimer.",https://badassdownloader.com/javhdporn/|https://www.downloadtube.net/download-videos-from-javhdporn/|https://www.downloadtube.net/how-do-i-download-from-javhdporn/|https://www.downloadtube.net/zh/%E4%BB%8Ejavhdporn%E4%B8%8B%E8%BD%BD%E8%A7%86%E9%A2%91/|https://www.downloadtube.net/zh/%E6%88%91%E5%A6%82%E4%BD%95%E4%BB%8Ejavhdporn%E4%B8%8B%E8%BD%BD/|https://www.downloadtube.net/es/c%C3%B3mo-puedo-descargar-desde-javhdporn/|https://www.downloadtube.net/ru/%D1%81%D0%BA%D0%B0%D1%87%D0%B0%D1%82%D1%8C-%D0%B2%D0%B8%D0%B4%D0%B5%D0%BE-%D1%81-javhdporn/|https://www.downloadtube.net/ru/%D0%BA%D0%B0%D0%BA-%D0%BC%D0%BD%D0%B5-%D1%81%D0%BA%D0%B0%D1%87%D0%B0%D1%82%D1%8C-%D1%81-javhdporn/
porn00.com,porn00,missing,,,download-porn00-videos,/download-porn00-videos,Porn00 Video Downloader,true,4,62,tubeninja.net,tubeninja.net|downloadtube.net|yt2save.com|badassdownloader.com,"Porn00 adult video downloader page; emphasize public videos, privacy, HD/MP4 formats, no popups, browser extension CTA, and legal/adult disclaimer.",https://badassdownloader.com/porn00/|https://www.downloadtube.net/download-videos-from-porn00/|https://www.downloadtube.net/how-do-i-download-from-porn00/|https://www.downloadtube.net/zh/%E4%BB%8Eporn00%E4%B8%8B%E8%BD%BD%E8%A7%86%E9%A2%91/|https://www.downloadtube.net/zh/%E6%88%91%E5%A6%82%E4%BD%95%E4%BB%8Eporn00%E4%B8%8B%E8%BD%BD/|https://www.downloadtube.net/es/c%C3%B3mo-puedo-descargar-desde-porn00/|https://www.downloadtube.net/ru/%D1%81%D0%BA%D0%B0%D1%87%D0%B0%D1%82%D1%8C-%D0%B2%D0%B8%D0%B4%D0%B5%D0%BE-%D1%81-porn00/|https://www.downloadtube.net/ru/%D0%BA%D0%B0%D0%BA-%D0%BC%D0%BD%D0%B5-%D1%81%D0%BA%D0%B0%D1%87%D0%B0%D1%82%D1%8C-%D1%81-porn00/
porndish.com,porndish,missing,,,download-porndish-videos,/download-porndish-videos,Porndish Video Downloader,true,4,62,tubeninja.net,tubeninja.net|downloadtube.net|yt2save.com|badassdownloader.com,"Porndish adult video downloader page; emphasize public videos, privacy, HD/MP4 formats, no popups, browser extension CTA, and legal/adult disclaimer.",https://badassdownloader.com/porndish/|https://www.downloadtube.net/download-videos-from-porndish/|https://www.downloadtube.net/how-do-i-download-from-porndish/|https://www.downloadtube.net/zh/%E4%BB%8Eporndish%E4%B8%8B%E8%BD%BD%E8%A7%86%E9%A2%91/|https://www.downloadtube.net/zh/%E6%88%91%E5%A6%82%E4%BD%95%E4%BB%8Eporndish%E4%B8%8B%E8%BD%BD/|https://www.downloadtube.net/es/c%C3%B3mo-puedo-descargar-desde-porndish/|https://www.downloadtube.net/ru/%D1%81%D0%BA%D0%B0%D1%87%D0%B0%D1%82%D1%8C-%D0%B2%D0%B8%D0%B4%D0%B5%D0%BE-%D1%81-porndish/|https://www.downloadtube.net/ru/%D0%BA%D0%B0%D0%BA-%D0%BC%D0%BD%D0%B5-%D1%81%D0%BA%D0%B0%D1%87%D0%B0%D1%82%D1%8C-%D1%81-porndish/
pornktube.com,pornktube,missing,,,download-pornktube-videos,/download-pornktube-videos,Pornktube Video Downloader,true,4,62,tubeninja.net,tubeninja.net|downloadtube.net|yt2save.com|badassdownloader.com,"Pornktube adult video downloader page; emphasize public videos, privacy, HD/MP4 formats, no popups, browser extension CTA, and legal/adult disclaimer.",https://badassdownloader.com/pornktube/|https://www.downloadtube.net/download-videos-from-pornktube/|https://www.downloadtube.net/how-do-i-download-from-pornktube/|https://www.downloadtube.net/zh/%E4%BB%8Epornktube%E4%B8%8B%E8%BD%BD%E8%A7%86%E9%A2%91/|https://www.downloadtube.net/zh/%E6%88%91%E5%A6%82%E4%BD%95%E4%BB%8Epornktube%E4%B8%8B%E8%BD%BD/|https://www.downloadtube.net/es/c%C3%B3mo-puedo-descargar-desde-pornktube/|https://www.downloadtube.net/ru/%D1%81%D0%BA%D0%B0%D1%87%D0%B0%D1%82%D1%8C-%D0%B2%D0%B8%D0%B4%D0%B5%D0%BE-%D1%81-pornktube/|https://www.downloadtube.net/ru/%D0%BA%D0%B0%D0%BA-%D0%BC%D0%BD%D0%B5-%D1%81%D0%BA%D0%B0%D1%87%D0%B0%D1%82%D1%8C-%D1%81-pornktube/
pornmaki.com,pornmaki,missing,,,download-pornmaki-videos,/download-pornmaki-videos,Pornmaki Video Downloader,true,4,62,tubeninja.net,tubeninja.net|downloadtube.net|yt2save.com|tubeoffline.com,"Pornmaki adult video downloader page; emphasize public videos, privacy, HD/MP4 formats, no popups, browser extension CTA, and legal/adult disclaimer.",https://www.downloadtube.net/download-videos-from-pornmaki/|https://www.downloadtube.net/how-do-i-download-from-pornmaki/|https://www.downloadtube.net/zh/%E4%BB%8Epornmaki%E4%B8%8B%E8%BD%BD%E8%A7%86%E9%A2%91/|https://www.downloadtube.net/zh/%E6%88%91%E5%A6%82%E4%BD%95%E4%BB%8Epornmaki%E4%B8%8B%E8%BD%BD/|https://www.downloadtube.net/es/c%C3%B3mo-puedo-descargar-desde-pornmaki/|https://www.downloadtube.net/ru/%D1%81%D0%BA%D0%B0%D1%87%D0%B0%D1%82%D1%8C-%D0%B2%D0%B8%D0%B4%D0%B5%D0%BE-%D1%81-pornmaki/|https://www.downloadtube.net/ru/%D0%BA%D0%B0%D0%BA-%D0%BC%D0%BD%D0%B5-%D1%81%D0%BA%D0%B0%D1%87%D0%B0%D1%82%D1%8C-%D1%81-pornmaki/|https://www.downloadtube.net/hi/pornmaki-%E0%A4%B8%E0%A5%87-%E0%A4%B5%E0%A5%80%E0%A4%A1%E0%A4%BF%E0%A4%AF%E0%A5%8B-%E0%A4%A1%E0%A4%BE%E0%A4%89%E0%A4%A8%E0%A4%B2%E0%A5%8B%E0%A4%A1-%E0%A4%95%E0%A4%B0%E0%A5%87%E0%A4%82/
pornwhite.com,pornwhite,missing,,,download-pornwhite-videos,/download-pornwhite-videos,Pornwhite Video Downloader,true,4,62,tubeninja.net,tubeninja.net|downloadtube.net|yt2save.com|tubeoffline.com,"Pornwhite adult video downloader page; emphasize public videos, privacy, HD/MP4 formats, no popups, browser extension CTA, and legal/adult disclaimer.",https://www.downloadtube.net/download-videos-from-pornwhite/|https://www.downloadtube.net/how-do-i-download-from-pornwhite/|https://www.downloadtube.net/zh/%E4%BB%8Epornwhite%E4%B8%8B%E8%BD%BD%E8%A7%86%E9%A2%91/|https://www.downloadtube.net/zh/%E6%88%91%E5%A6%82%E4%BD%95%E4%BB%8Epornwhite%E4%B8%8B%E8%BD%BD/|https://www.downloadtube.net/es/c%C3%B3mo-puedo-descargar-desde-pornwhite/|https://www.downloadtube.net/ru/%D1%81%D0%BA%D0%B0%D1%87%D0%B0%D1%82%D1%8C-%D0%B2%D0%B8%D0%B4%D0%B5%D0%BE-%D1%81-pornwhite/|https://www.downloadtube.net/ru/%D0%BA%D0%B0%D0%BA-%D0%BC%D0%BD%D0%B5-%D1%81%D0%BA%D0%B0%D1%87%D0%B0%D1%82%D1%8C-%D1%81-pornwhite/|https://www.downloadtube.net/hi/pornwhite-%E0%A4%B8%E0%A5%87-%E0%A4%B5%E0%A5%80%E0%A4%A1%E0%A4%BF%E0%A4%AF%E0%A5%8B-%E0%A4%A1%E0%A4%BE%E0%A4%89%E0%A4%A8%E0%A4%B2%E0%A5%8B%E0%A4%A1-%E0%A4%95%E0%A4%B0%E0%A5%87%E0%A4%82/
pussyspace.com,pussyspace,missing,,,download-pussyspace-videos,/download-pussyspace-videos,Pussyspace Video Downloader,true,4,62,tubeninja.net,tubeninja.net|downloadtube.net|yt2save.com|badassdownloader.com,"Pussyspace adult video downloader page; emphasize public videos, privacy, HD/MP4 formats, no popups, browser extension CTA, and legal/adult disclaimer.",https://badassdownloader.com/pussyspace/|https://www.downloadtube.net/download-videos-from-pussyspace/|https://www.downloadtube.net/how-do-i-download-from-pussyspace/|https://www.downloadtube.net/zh/%E4%BB%8Epussyspace%E4%B8%8B%E8%BD%BD%E8%A7%86%E9%A2%91/|https://www.downloadtube.net/zh/%E6%88%91%E5%A6%82%E4%BD%95%E4%BB%8Epussyspace%E4%B8%8B%E8%BD%BD/|https://www.downloadtube.net/es/c%C3%B3mo-puedo-descargar-desde-pussyspace/|https://www.downloadtube.net/ru/%D1%81%D0%BA%D0%B0%D1%87%D0%B0%D1%82%D1%8C-%D0%B2%D0%B8%D0%B4%D0%B5%D0%BE-%D1%81-pussyspace/|https://www.downloadtube.net/ru/%D0%BA%D0%B0%D0%BA-%D0%BC%D0%BD%D0%B5-%D1%81%D0%BA%D0%B0%D1%87%D0%B0%D1%82%D1%8C-%D1%81-pussyspace/
vporn.com,vporn,missing,,,download-vporn-videos,/download-vporn-videos,Vporn Video Downloader,true,4,62,tubeninja.net,tubeninja.net|downloadtube.net|yt2save.com|badassdownloader.com,"Vporn adult video downloader page; emphasize public videos, privacy, HD/MP4 formats, no popups, browser extension CTA, and legal/adult disclaimer.",https://badassdownloader.com/vporn/|https://www.downloadtube.net/download-videos-from-vporn/|https://www.downloadtube.net/how-do-i-download-from-vporn/|https://www.downloadtube.net/zh/%E4%BB%8Evporn%E4%B8%8B%E8%BD%BD%E8%A7%86%E9%A2%91/|https://www.downloadtube.net/zh/%E6%88%91%E5%A6%82%E4%BD%95%E4%BB%8Evporn%E4%B8%8B%E8%BD%BD/|https://www.downloadtube.net/es/c%C3%B3mo-puedo-descargar-desde-vporn/|https://www.downloadtube.net/ru/%D1%81%D0%BA%D0%B0%D1%87%D0%B0%D1%82%D1%8C-%D0%B2%D0%B8%D0%B4%D0%B5%D0%BE-%D1%81-vporn/|https://www.downloadtube.net/ru/%D0%BA%D0%B0%D0%BA-%D0%BC%D0%BD%D0%B5-%D1%81%D0%BA%D0%B0%D1%87%D0%B0%D1%82%D1%8C-%D1%81-vporn/
xpee.com,xpee,missing,,,download-xpee-videos,/download-xpee-videos,Xpee Video Downloader,true,4,62,tubeninja.net,tubeninja.net|downloadtube.net|yt2save.com|tubeoffline.com,"Xpee adult video downloader page; emphasize public videos, privacy, HD/MP4 formats, no popups, browser extension CTA, and legal/adult disclaimer.",https://www.downloadtube.net/download-videos-from-xpee/|https://www.downloadtube.net/how-do-i-download-from-xpee/|https://www.downloadtube.net/zh/%E4%BB%8Expee%E4%B8%8B%E8%BD%BD%E8%A7%86%E9%A2%91/|https://www.downloadtube.net/zh/%E6%88%91%E5%A6%82%E4%BD%95%E4%BB%8Expee%E4%B8%8B%E8%BD%BD/|https://www.downloadtube.net/es/c%C3%B3mo-puedo-descargar-desde-xpee/|https://www.downloadtube.net/ru/%D1%81%D0%BA%D0%B0%D1%87%D0%B0%D1%82%D1%8C-%D0%B2%D0%B8%D0%B4%D0%B5%D0%BE-%D1%81-xpee/|https://www.downloadtube.net/ru/%D0%BA%D0%B0%D0%BA-%D0%BC%D0%BD%D0%B5-%D1%81%D0%BA%D0%B0%D1%87%D0%B0%D1%82%D1%8C-%D1%81-xpee/|https://www.downloadtube.net/hi/xpee-%E0%A4%B8%E0%A5%87-%E0%A4%B5%E0%A5%80%E0%A4%A1%E0%A4%BF%E0%A4%AF%E0%A5%8B-%E0%A4%A1%E0%A4%BE%E0%A4%89%E0%A4%A8%E0%A4%B2%E0%A5%8B%E0%A4%A1-%E0%A4%95%E0%A4%B0%E0%A5%87%E0%A4%82/
hentaigasm.com,hentaigasm,missing,,,download-hentaigasm-videos,/download-hentaigasm-videos,Hentaigasm Video Downloader,true,4,61,tubeninja.net,tubeninja.net|downloadtube.net|badassdownloader.com|tubeoffline.com,"Hentaigasm adult video downloader page; emphasize public videos, privacy, HD/MP4 formats, no popups, browser extension CTA, and legal/adult disclaimer.",https://badassdownloader.com/hentaigasm/|https://www.downloadtube.net/download-videos-from-hentaigasm/|https://www.downloadtube.net/how-do-i-download-from-hentaigasm/|https://www.downloadtube.net/zh/%E4%BB%8Ehentaigasm%E4%B8%8B%E8%BD%BD%E8%A7%86%E9%A2%91/|https://www.downloadtube.net/zh/%E6%88%91%E5%A6%82%E4%BD%95%E4%BB%8Ehentaigasm%E4%B8%8B%E8%BD%BD/|https://www.downloadtube.net/es/c%C3%B3mo-puedo-descargar-desde-hentaigasm/|https://www.downloadtube.net/ru/%D1%81%D0%BA%D0%B0%D1%87%D0%B0%D1%82%D1%8C-%D0%B2%D0%B8%D0%B4%D0%B5%D0%BE-%D1%81-hentaigasm/|https://www.downloadtube.net/ru/%D0%BA%D0%B0%D0%BA-%D0%BC%D0%BD%D0%B5-%D1%81%D0%BA%D0%B0%D1%87%D0%B0%D1%82%D1%8C-%D1%81-hentaigasm/
imagefap.com,imagefap,missing,,,download-imagefap-videos,/download-imagefap-videos,Imagefap Video Downloader,true,4,61,tubeninja.net,tubeninja.net|downloadtube.net|tubeoffline.com|yt2save.com,"Imagefap adult video downloader page; emphasize public videos, privacy, HD/MP4 formats, no popups, browser extension CTA, and legal/adult disclaimer.",https://www.downloadtube.net/download-videos-from-imagefap/|https://www.downloadtube.net/how-do-i-download-from-imagefap/|https://www.downloadtube.net/zh/%E4%BB%8Eimagefap%E4%B8%8B%E8%BD%BD%E8%A7%86%E9%A2%91/|https://www.downloadtube.net/zh/%E6%88%91%E5%A6%82%E4%BD%95%E4%BB%8Eimagefap%E4%B8%8B%E8%BD%BD/|https://www.downloadtube.net/es/c%C3%B3mo-puedo-descargar-desde-imagefap/|https://www.downloadtube.net/ru/%D1%81%D0%BA%D0%B0%D1%87%D0%B0%D1%82%D1%8C-%D0%B2%D0%B8%D0%B4%D0%B5%D0%BE-%D1%81-imagefap/|https://www.downloadtube.net/ru/%D0%BA%D0%B0%D0%BA-%D0%BC%D0%BD%D0%B5-%D1%81%D0%BA%D0%B0%D1%87%D0%B0%D1%82%D1%8C-%D1%81-imagefap/|https://www.downloadtube.net/hi/imagefap-%E0%A4%B8%E0%A5%87-%E0%A4%B5%E0%A5%80%E0%A4%A1%E0%A4%BF%E0%A4%AF%E0%A5%8B-%E0%A4%A1%E0%A4%BE%E0%A4%89%E0%A4%A8%E0%A4%B2%E0%A5%8B%E0%A4%A1-%E0%A4%95%E0%A4%B0%E0%A5%87%E0%A4%82/
serviporno.com,serviporno,missing,,,download-serviporno-videos,/download-serviporno-videos,Serviporno Video Downloader,true,4,61,tubeninja.net,tubeninja.net|downloadtube.net|badassdownloader.com|tubeoffline.com,"Serviporno adult video downloader page; emphasize public videos, privacy, HD/MP4 formats, no popups, browser extension CTA, and legal/adult disclaimer.",https://badassdownloader.com/serviporno/|https://www.downloadtube.net/download-videos-from-serviporno/|https://www.downloadtube.net/how-do-i-download-from-serviporno/|https://www.downloadtube.net/zh/%E4%BB%8Eserviporno%E4%B8%8B%E8%BD%BD%E8%A7%86%E9%A2%91/|https://www.downloadtube.net/zh/%E6%88%91%E5%A6%82%E4%BD%95%E4%BB%8Eserviporno%E4%B8%8B%E8%BD%BD/|https://www.downloadtube.net/es/c%C3%B3mo-puedo-descargar-desde-serviporno/|https://www.downloadtube.net/ru/%D1%81%D0%BA%D0%B0%D1%87%D0%B0%D1%82%D1%8C-%D0%B2%D0%B8%D0%B4%D0%B5%D0%BE-%D1%81-serviporno/|https://www.downloadtube.net/ru/%D0%BA%D0%B0%D0%BA-%D0%BC%D0%BD%D0%B5-%D1%81%D0%BA%D0%B0%D1%87%D0%B0%D1%82%D1%8C-%D1%81-serviporno/
xcum.com,xcum,missing,,,download-xcum-videos,/download-xcum-videos,Xcum Video Downloader,true,4,61,tubeninja.net,tubeninja.net|downloadtube.net|badassdownloader.com|tubeoffline.com,"Xcum adult video downloader page; emphasize public videos, privacy, HD/MP4 formats, no popups, browser extension CTA, and legal/adult disclaimer.",https://badassdownloader.com/xcum/|https://www.downloadtube.net/download-videos-from-xcum/|https://www.downloadtube.net/how-do-i-download-from-xcum/|https://www.downloadtube.net/zh/%E4%BB%8Excum%E4%B8%8B%E8%BD%BD%E8%A7%86%E9%A2%91/|https://www.downloadtube.net/zh/%E6%88%91%E5%A6%82%E4%BD%95%E4%BB%8Excum%E4%B8%8B%E8%BD%BD/|https://www.downloadtube.net/es/c%C3%B3mo-puedo-descargar-desde-xcum/|https://www.downloadtube.net/ru/%D1%81%D0%BA%D0%B0%D1%87%D0%B0%D1%82%D1%8C-%D0%B2%D0%B8%D0%B4%D0%B5%D0%BE-%D1%81-xcum/|https://www.downloadtube.net/ru/%D0%BA%D0%B0%D0%BA-%D0%BC%D0%BD%D0%B5-%D1%81%D0%BA%D0%B0%D1%87%D0%B0%D1%82%D1%8C-%D1%81-xcum/
gotgayporn.com,gotgayporn,missing,,,download-gotgayporn-videos,/download-gotgayporn-videos,Gotgayporn Video Downloader,true,4,60,tubeninja.net,tubeninja.net|downloadtube.net|yt2save.com|tubeoffline.com,"Gotgayporn adult video downloader page; emphasize public videos, privacy, HD/MP4 formats, no popups, browser extension CTA, and legal/adult disclaimer.",https://www.downloadtube.net/download-videos-from-gotgayporn/|https://www.downloadtube.net/how-do-i-download-from-gotgayporn/|https://www.downloadtube.net/zh/%E4%BB%8Egotgayporn%E4%B8%8B%E8%BD%BD%E8%A7%86%E9%A2%91/|https://www.downloadtube.net/zh/%E6%88%91%E5%A6%82%E4%BD%95%E4%BB%8Egotgayporn%E4%B8%8B%E8%BD%BD/|https://www.downloadtube.net/es/c%C3%B3mo-puedo-descargar-desde-gotgayporn/|https://www.downloadtube.net/ru/%D1%81%D0%BA%D0%B0%D1%87%D0%B0%D1%82%D1%8C-%D0%B2%D0%B8%D0%B4%D0%B5%D0%BE-%D1%81-gotgayporn/|https://www.downloadtube.net/ru/%D0%BA%D0%B0%D0%BA-%D0%BC%D0%BD%D0%B5-%D1%81%D0%BA%D0%B0%D1%87%D0%B0%D1%82%D1%8C-%D1%81-gotgayporn/|https://www.downloadtube.net/hi/gotgayporn-%E0%A4%B8%E0%A5%87-%E0%A4%B5%E0%A5%80%E0%A4%A1%E0%A4%BF%E0%A4%AF%E0%A5%8B-%E0%A4%A1%E0%A4%BE%E0%A4%89%E0%A4%A8%E0%A4%B2%E0%A5%8B%E0%A4%A1-%E0%A4%95%E0%A4%B0%E0%A5%87%E0%A4%82/
needgayporn.com,needgayporn,missing,,,download-needgayporn-videos,/download-needgayporn-videos,Needgayporn Video Downloader,true,4,60,tubeninja.net,tubeninja.net|downloadtube.net|yt2save.com|tubeoffline.com,"Needgayporn adult video downloader page; emphasize public videos, privacy, HD/MP4 formats, no popups, browser extension CTA, and legal/adult disclaimer.",https://www.downloadtube.net/download-videos-from-needgayporn/|https://www.downloadtube.net/how-do-i-download-from-needgayporn/|https://www.downloadtube.net/zh/%E4%BB%8Eneedgayporn%E4%B8%8B%E8%BD%BD%E8%A7%86%E9%A2%91/|https://www.downloadtube.net/zh/%E6%88%91%E5%A6%82%E4%BD%95%E4%BB%8Eneedgayporn%E4%B8%8B%E8%BD%BD/|https://www.downloadtube.net/es/c%C3%B3mo-puedo-descargar-desde-needgayporn/|https://www.downloadtube.net/ru/%D1%81%D0%BA%D0%B0%D1%87%D0%B0%D1%82%D1%8C-%D0%B2%D0%B8%D0%B4%D0%B5%D0%BE-%D1%81-needgayporn/|https://www.downloadtube.net/ru/%D0%BA%D0%B0%D0%BA-%D0%BC%D0%BD%D0%B5-%D1%81%D0%BA%D0%B0%D1%87%D0%B0%D1%82%D1%8C-%D1%81-needgayporn/|https://www.downloadtube.net/hi/needgayporn-%E0%A4%B8%E0%A5%87-%E0%A4%B5%E0%A5%80%E0%A4%A1%E0%A4%BF%E0%A4%AF%E0%A5%8B-%E0%A4%A1%E0%A4%BE%E0%A4%89%E0%A4%A8%E0%A4%B2%E0%A5%8B%E0%A4%A1-%E0%A4%95%E0%A4%B0%E0%A5%87%E0%A4%82/
xxxymovies.com,xxxymovies,missing,,,download-xxxymovies-videos,/download-xxxymovies-videos,Xxxymovies Video Downloader,true,4,38,downloadtube.net,downloadtube.net|fetchfile.me|jaksta.com|yt2save.com,"Xxxymovies adult video downloader page; emphasize public videos, privacy, HD/MP4 formats, no popups, browser extension CTA, and legal/adult disclaimer.",https://www.downloadtube.net/download-videos-from-xxxymovies/|https://www.downloadtube.net/how-do-i-download-from-xxxymovies/|https://www.downloadtube.net/zh/%E4%BB%8Exxxymovies%E4%B8%8B%E8%BD%BD%E8%A7%86%E9%A2%91/|https://www.downloadtube.net/zh/%E6%88%91%E5%A6%82%E4%BD%95%E4%BB%8Exxxymovies%E4%B8%8B%E8%BD%BD/|https://www.downloadtube.net/es/c%C3%B3mo-puedo-descargar-desde-xxxymovies/|https://www.downloadtube.net/ru/%D1%81%D0%BA%D0%B0%D1%87%D0%B0%D1%82%D1%8C-%D0%B2%D0%B8%D0%B4%D0%B5%D0%BE-%D1%81-xxxymovies/|https://www.downloadtube.net/ru/%D0%BA%D0%B0%D0%BA-%D0%BC%D0%BD%D0%B5-%D1%81%D0%BA%D0%B0%D1%87%D0%B0%D1%82%D1%8C-%D1%81-xxxymovies/|https://www.downloadtube.net/hi/xxxymovies-%E0%A4%B8%E0%A5%87-%E0%A4%B5%E0%A5%80%E0%A4%A1%E0%A4%BF%E0%A4%AF%E0%A5%8B-%E0%A4%A1%E0%A4%BE%E0%A4%89%E0%A4%A8%E0%A4%B2%E0%A5%8B%E0%A4%A1-%E0%A4%95%E0%A4%B0%E0%A5%87%E0%A4%82/
pornotube.com,pornotube,missing,,,download-pornotube-videos,/download-pornotube-videos,Pornotube Video Downloader,true,4,37,downloadtube.net,downloadtube.net|fetchfile.me|jaksta.com|tubeoffline.com,"Pornotube adult video downloader page; emphasize public videos, privacy, HD/MP4 formats, no popups, browser extension CTA, and legal/adult disclaimer.",https://www.downloadtube.net/download-videos-from-pornotube/|https://www.downloadtube.net/how-do-i-download-from-pornotube/|https://www.downloadtube.net/zh/%E4%BB%8Epornotube%E4%B8%8B%E8%BD%BD%E8%A7%86%E9%A2%91/|https://www.downloadtube.net/zh/%E6%88%91%E5%A6%82%E4%BD%95%E4%BB%8Epornotube%E4%B8%8B%E8%BD%BD/|https://www.downloadtube.net/es/c%C3%B3mo-puedo-descargar-desde-pornotube/|https://www.downloadtube.net/ru/%D1%81%D0%BA%D0%B0%D1%87%D0%B0%D1%82%D1%8C-%D0%B2%D0%B8%D0%B4%D0%B5%D0%BE-%D1%81-pornotube/|https://www.downloadtube.net/ru/%D0%BA%D0%B0%D0%BA-%D0%BC%D0%BD%D0%B5-%D1%81%D0%BA%D0%B0%D1%87%D0%B0%D1%82%D1%8C-%D1%81-pornotube/|https://www.downloadtube.net/hi/pornotube-%E0%A4%B8%E0%A5%87-%E0%A4%B5%E0%A5%80%E0%A4%A1%E0%A4%BF%E0%A4%AF%E0%A5%8B-%E0%A4%A1%E0%A4%BE%E0%A4%89%E0%A4%A8%E0%A4%B2%E0%A5%8B%E0%A4%A1-%E0%A4%95%E0%A4%B0%E0%A5%87%E0%A4%82/
rule34video.com,rule34video,missing,,,download-rule34video-videos,/download-rule34video-videos,Rule34video Video Downloader,true,4,31,downloadtube.net,downloadtube.net|jaksta.com|yt2save.com|pptube.org,"Rule34video adult video downloader page; emphasize public videos, privacy, HD/MP4 formats, no popups, browser extension CTA, and legal/adult disclaimer.",https://www.downloadtube.net/download-videos-from-rule34video/|https://www.downloadtube.net/how-do-i-download-from-rule34video/|https://www.downloadtube.net/de/laden-sie-videos-von-rule34video-herunter/|https://www.downloadtube.net/de/wie-lade-ich-von-rule34video-herunter/|https://www.downloadtube.net/zh/%E4%BB%8Erule34video%E4%B8%8B%E8%BD%BD%E8%A7%86%E9%A2%91/|https://www.downloadtube.net/zh/%E6%88%91%E5%A6%82%E4%BD%95%E4%BB%8Erule34video%E4%B8%8B%E8%BD%BD/|https://www.downloadtube.net/es/descargar-videos-de-rule34video/|https://www.downloadtube.net/es/c%C3%B3mo-puedo-descargar-desde-rule34video/
kissjav.com,kissjav,missing,,,download-kissjav-videos,/download-kissjav-videos,Kissjav Video Downloader,true,4,30,downloadtube.net,downloadtube.net|yt2save.com|pptube.org|tubeoffline.com,"Kissjav adult video downloader page; emphasize public videos, privacy, HD/MP4 formats, no popups, browser extension CTA, and legal/adult disclaimer.",https://www.downloadtube.net/download-videos-from-kissjav/|https://www.downloadtube.net/how-do-i-download-from-kissjav/|https://www.downloadtube.net/de/laden-sie-videos-von-kissjav-herunter/|https://www.downloadtube.net/de/wie-lade-ich-von-kissjav-herunter/|https://www.downloadtube.net/zh/%E4%BB%8Ekissjav%E4%B8%8B%E8%BD%BD%E8%A7%86%E9%A2%91/|https://www.downloadtube.net/zh/%E6%88%91%E5%A6%82%E4%BD%95%E4%BB%8Ekissjav%E4%B8%8B%E8%BD%BD/|https://www.downloadtube.net/es/descargar-videos-de-kissjav/|https://www.downloadtube.net/es/c%C3%B3mo-puedo-descargar-desde-kissjav/
pornez.net,pornez,missing,,,download-pornez-videos,/download-pornez-videos,Pornez Video Downloader,true,4,30,downloadtube.net,downloadtube.net|yt2save.com|badassdownloader.com|pptube.org,"Pornez adult video downloader page; emphasize public videos, privacy, HD/MP4 formats, no popups, browser extension CTA, and legal/adult disclaimer.",https://badassdownloader.com/pornez/|https://www.downloadtube.net/download-videos-from-pornez/|https://www.downloadtube.net/how-do-i-download-from-pornez/|https://www.downloadtube.net/de/laden-sie-videos-von-pornez-herunter/|https://www.downloadtube.net/de/wie-lade-ich-von-pornez-herunter/|https://www.downloadtube.net/zh/%E4%BB%8Epornez%E4%B8%8B%E8%BD%BD%E8%A7%86%E9%A2%91/|https://www.downloadtube.net/zh/%E6%88%91%E5%A6%82%E4%BD%95%E4%BB%8Epornez%E4%B8%8B%E8%BD%BD/|https://www.downloadtube.net/es/descargar-videos-de-pornez/
pornflip.com,pornflip,missing,,,download-pornflip-videos,/download-pornflip-videos,Pornflip Video Downloader,true,4,26,downloadtube.net,downloadtube.net|jaksta.com|yt2save.com|badassdownloader.com,"Pornflip adult video downloader page; emphasize public videos, privacy, HD/MP4 formats, no popups, browser extension CTA, and legal/adult disclaimer.",https://badassdownloader.com/pornflip/|https://www.downloadtube.net/download-videos-from-pornflip/|https://www.downloadtube.net/how-do-i-download-from-pornflip/|https://www.downloadtube.net/zh/%E4%BB%8Epornflip%E4%B8%8B%E8%BD%BD%E8%A7%86%E9%A2%91/|https://www.downloadtube.net/zh/%E6%88%91%E5%A6%82%E4%BD%95%E4%BB%8Epornflip%E4%B8%8B%E8%BD%BD/|https://www.downloadtube.net/es/c%C3%B3mo-puedo-descargar-desde-pornflip/|https://www.downloadtube.net/ru/%D1%81%D0%BA%D0%B0%D1%87%D0%B0%D1%82%D1%8C-%D0%B2%D0%B8%D0%B4%D0%B5%D0%BE-%D1%81-pornflip/|https://www.downloadtube.net/ru/%D0%BA%D0%B0%D0%BA-%D0%BC%D0%BD%D0%B5-%D1%81%D0%BA%D0%B0%D1%87%D0%B0%D1%82%D1%8C-%D1%81-pornflip/
hdsex.com,hdsex,missing,,,download-hdsex-videos,/download-hdsex-videos,Hdsex Video Downloader,true,4,25,downloadtube.net,downloadtube.net|yt2save.com|badassdownloader.com|tubeoffline.com,"Hdsex adult video downloader page; emphasize public videos, privacy, HD/MP4 formats, no popups, browser extension CTA, and legal/adult disclaimer.",https://badassdownloader.com/hdsex/|https://www.downloadtube.net/download-videos-from-hdsex/|https://www.downloadtube.net/how-do-i-download-from-hdsex/|https://www.downloadtube.net/zh/%E4%BB%8Ehdsex%E4%B8%8B%E8%BD%BD%E8%A7%86%E9%A2%91/|https://www.downloadtube.net/zh/%E6%88%91%E5%A6%82%E4%BD%95%E4%BB%8Ehdsex%E4%B8%8B%E8%BD%BD/|https://www.downloadtube.net/es/c%C3%B3mo-puedo-descargar-desde-hdsex/|https://www.downloadtube.net/ru/%D1%81%D0%BA%D0%B0%D1%87%D0%B0%D1%82%D1%8C-%D0%B2%D0%B8%D0%B4%D0%B5%D0%BE-%D1%81-hdsex/|https://www.downloadtube.net/ru/%D0%BA%D0%B0%D0%BA-%D0%BC%D0%BD%D0%B5-%D1%81%D0%BA%D0%B0%D1%87%D0%B0%D1%82%D1%8C-%D1%81-hdsex/
hqporner.com,hqporner,missing,,,download-hqporner-videos,/download-hqporner-videos,Hqporner Video Downloader,true,4,25,downloadtube.net,downloadtube.net|yt2save.com|badassdownloader.com|tubeoffline.com,"Hqporner adult video downloader page; emphasize public videos, privacy, HD/MP4 formats, no popups, browser extension CTA, and legal/adult disclaimer.",https://badassdownloader.com/hqporner/|https://www.downloadtube.net/download-videos-from-hqporner/|https://www.downloadtube.net/how-do-i-download-from-hqporner/|https://www.downloadtube.net/zh/%E4%BB%8Ehqporner%E4%B8%8B%E8%BD%BD%E8%A7%86%E9%A2%91/|https://www.downloadtube.net/zh/%E6%88%91%E5%A6%82%E4%BD%95%E4%BB%8Ehqporner%E4%B8%8B%E8%BD%BD/|https://www.downloadtube.net/es/c%C3%B3mo-puedo-descargar-desde-hqporner/|https://www.downloadtube.net/ru/%D1%81%D0%BA%D0%B0%D1%87%D0%B0%D1%82%D1%8C-%D0%B2%D0%B8%D0%B4%D0%B5%D0%BE-%D1%81-hqporner/|https://www.downloadtube.net/ru/%D0%BA%D0%B0%D0%BA-%D0%BC%D0%BD%D0%B5-%D1%81%D0%BA%D0%B0%D1%87%D0%B0%D1%82%D1%8C-%D1%81-hqporner/
iceporn.com,iceporn,missing,,,download-iceporn-videos,/download-iceporn-videos,Iceporn Video Downloader,true,4,25,downloadtube.net,downloadtube.net|yt2save.com|badassdownloader.com|tubeoffline.com,"Iceporn adult video downloader page; emphasize public videos, privacy, HD/MP4 formats, no popups, browser extension CTA, and legal/adult disclaimer.",https://badassdownloader.com/iceporn/|https://www.downloadtube.net/download-videos-from-iceporn/|https://www.downloadtube.net/how-do-i-download-from-iceporn/|https://www.downloadtube.net/zh/%E4%BB%8Eiceporn%E4%B8%8B%E8%BD%BD%E8%A7%86%E9%A2%91/|https://www.downloadtube.net/zh/%E6%88%91%E5%A6%82%E4%BD%95%E4%BB%8Eiceporn%E4%B8%8B%E8%BD%BD/|https://www.downloadtube.net/es/c%C3%B3mo-puedo-descargar-desde-iceporn/|https://www.downloadtube.net/ru/%D1%81%D0%BA%D0%B0%D1%87%D0%B0%D1%82%D1%8C-%D0%B2%D0%B8%D0%B4%D0%B5%D0%BE-%D1%81-iceporn/|https://www.downloadtube.net/ru/%D0%BA%D0%B0%D0%BA-%D0%BC%D0%BD%D0%B5-%D1%81%D0%BA%D0%B0%D1%87%D0%B0%D1%82%D1%8C-%D1%81-iceporn/
porndig.com,porndig,missing,,,download-porndig-videos,/download-porndig-videos,Porndig Video Downloader,true,4,25,downloadtube.net,downloadtube.net|yt2save.com|badassdownloader.com|tubeoffline.com,"Porndig adult video downloader page; emphasize public videos, privacy, HD/MP4 formats, no popups, browser extension CTA, and legal/adult disclaimer.",https://badassdownloader.com/porndig/|https://www.downloadtube.net/download-videos-from-porndig/|https://www.downloadtube.net/how-do-i-download-from-porndig/|https://www.downloadtube.net/zh/%E4%BB%8Eporndig%E4%B8%8B%E8%BD%BD%E8%A7%86%E9%A2%91/|https://www.downloadtube.net/zh/%E6%88%91%E5%A6%82%E4%BD%95%E4%BB%8Eporndig%E4%B8%8B%E8%BD%BD/|https://www.downloadtube.net/es/c%C3%B3mo-puedo-descargar-desde-porndig/|https://www.downloadtube.net/ru/%D1%81%D0%BA%D0%B0%D1%87%D0%B0%D1%82%D1%8C-%D0%B2%D0%B8%D0%B4%D0%B5%D0%BE-%D1%81-porndig/|https://www.downloadtube.net/ru/%D0%BA%D0%B0%D0%BA-%D0%BC%D0%BD%D0%B5-%D1%81%D0%BA%D0%B0%D1%87%D0%B0%D1%82%D1%8C-%D1%81-porndig/
pornlib.com,pornlib,missing,,,download-pornlib-videos,/download-pornlib-videos,Pornlib Video Downloader,true,4,25,downloadtube.net,downloadtube.net|yt2save.com|badassdownloader.com|tubeoffline.com,"Pornlib adult video downloader page; emphasize public videos, privacy, HD/MP4 formats, no popups, browser extension CTA, and legal/adult disclaimer.",https://badassdownloader.com/pornlib/|https://www.downloadtube.net/download-videos-from-pornlib/|https://www.downloadtube.net/how-do-i-download-from-pornlib/|https://www.downloadtube.net/zh/%E4%BB%8Epornlib%E4%B8%8B%E8%BD%BD%E8%A7%86%E9%A2%91/|https://www.downloadtube.net/zh/%E6%88%91%E5%A6%82%E4%BD%95%E4%BB%8Epornlib%E4%B8%8B%E8%BD%BD/|https://www.downloadtube.net/es/c%C3%B3mo-puedo-descargar-desde-pornlib/|https://www.downloadtube.net/ru/%D1%81%D0%BA%D0%B0%D1%87%D0%B0%D1%82%D1%8C-%D0%B2%D0%B8%D0%B4%D0%B5%D0%BE-%D1%81-pornlib/|https://www.downloadtube.net/ru/%D0%BA%D0%B0%D0%BA-%D0%BC%D0%BD%D0%B5-%D1%81%D0%BA%D0%B0%D1%87%D0%B0%D1%82%D1%8C-%D1%81-pornlib/
shemalez.com,shemalez,missing,,,download-shemalez-videos,/download-shemalez-videos,Shemalez Video Downloader,true,4,25,downloadtube.net,downloadtube.net|yt2save.com|badassdownloader.com|tubeoffline.com,"Shemalez adult video downloader page; emphasize public videos, privacy, HD/MP4 formats, no popups, browser extension CTA, and legal/adult disclaimer.",https://badassdownloader.com/shemalez/|https://www.downloadtube.net/download-videos-from-shemalez/|https://www.downloadtube.net/how-do-i-download-from-shemalez/|https://www.downloadtube.net/zh/%E4%BB%8Eshemalez%E4%B8%8B%E8%BD%BD%E8%A7%86%E9%A2%91/|https://www.downloadtube.net/zh/%E6%88%91%E5%A6%82%E4%BD%95%E4%BB%8Eshemalez%E4%B8%8B%E8%BD%BD/|https://www.downloadtube.net/es/c%C3%B3mo-puedo-descargar-desde-shemalez/|https://www.downloadtube.net/ru/%D1%81%D0%BA%D0%B0%D1%87%D0%B0%D1%82%D1%8C-%D0%B2%D0%B8%D0%B4%D0%B5%D0%BE-%D1%81-shemalez/|https://www.downloadtube.net/ru/%D0%BA%D0%B0%D0%BA-%D0%BC%D0%BD%D0%B5-%D1%81%D0%BA%D0%B0%D1%87%D0%B0%D1%82%D1%8C-%D1%81-shemalez/
xtits.com,xtits,missing,,,download-xtits-videos,/download-xtits-videos,Xtits Video Downloader,true,4,25,downloadtube.net,downloadtube.net|yt2save.com|badassdownloader.com|tubeoffline.com,"Xtits adult video downloader page; emphasize public videos, privacy, HD/MP4 formats, no popups, browser extension CTA, and legal/adult disclaimer.",https://badassdownloader.com/xtits/|https://www.downloadtube.net/download-videos-from-xtits/|https://www.downloadtube.net/how-do-i-download-from-xtits/|https://www.downloadtube.net/zh/%E4%BB%8Extits%E4%B8%8B%E8%BD%BD%E8%A7%86%E9%A2%91/|https://www.downloadtube.net/zh/%E6%88%91%E5%A6%82%E4%BD%95%E4%BB%8Extits%E4%B8%8B%E8%BD%BD/|https://www.downloadtube.net/es/c%C3%B3mo-puedo-descargar-desde-xtits/|https://www.downloadtube.net/ru/%D1%81%D0%BA%D0%B0%D1%87%D0%B0%D1%82%D1%8C-%D0%B2%D0%B8%D0%B4%D0%B5%D0%BE-%D1%81-xtits/|https://www.downloadtube.net/ru/%D0%BA%D0%B0%D0%BA-%D0%BC%D0%BD%D0%B5-%D1%81%D0%BA%D0%B0%D1%87%D0%B0%D1%82%D1%8C-%D1%81-xtits/
xxxbunker.com,xxxbunker,missing,,,download-xxxbunker-videos,/download-xxxbunker-videos,Xxxbunker Video Downloader,true,4,25,downloadtube.net,downloadtube.net|yt2save.com|badassdownloader.com|tubeoffline.com,"Xxxbunker adult video downloader page; emphasize public videos, privacy, HD/MP4 formats, no popups, browser extension CTA, and legal/adult disclaimer.",https://badassdownloader.com/xxxbunker/|https://www.downloadtube.net/download-videos-from-xxxbunker/|https://www.downloadtube.net/how-do-i-download-from-xxxbunker/|https://www.downloadtube.net/zh/%E4%BB%8Exxxbunker%E4%B8%8B%E8%BD%BD%E8%A7%86%E9%A2%91/|https://www.downloadtube.net/zh/%E6%88%91%E5%A6%82%E4%BD%95%E4%BB%8Exxxbunker%E4%B8%8B%E8%BD%BD/|https://www.downloadtube.net/es/c%C3%B3mo-puedo-descargar-desde-xxxbunker/|https://www.downloadtube.net/ru/%D1%81%D0%BA%D0%B0%D1%87%D0%B0%D1%82%D1%8C-%D0%B2%D0%B8%D0%B4%D0%B5%D0%BE-%D1%81-xxxbunker/|https://www.downloadtube.net/ru/%D0%BA%D0%B0%D0%BA-%D0%BC%D0%BD%D0%B5-%D1%81%D0%BA%D0%B0%D1%87%D0%B0%D1%82%D1%8C-%D1%81-xxxbunker/
xxxfiles.com,xxxfiles,missing,,,download-xxxfiles-videos,/download-xxxfiles-videos,Xxxfiles Video Downloader,true,4,25,downloadtube.net,downloadtube.net|yt2save.com|badassdownloader.com|tubeoffline.com,"Xxxfiles adult video downloader page; emphasize public videos, privacy, HD/MP4 formats, no popups, browser extension CTA, and legal/adult disclaimer.",https://badassdownloader.com/xxxfiles/|https://www.downloadtube.net/download-videos-from-xxxfiles/|https://www.downloadtube.net/how-do-i-download-from-xxxfiles/|https://www.downloadtube.net/zh/%E4%BB%8Exxxfiles%E4%B8%8B%E8%BD%BD%E8%A7%86%E9%A2%91/|https://www.downloadtube.net/zh/%E6%88%91%E5%A6%82%E4%BD%95%E4%BB%8Exxxfiles%E4%B8%8B%E8%BD%BD/|https://www.downloadtube.net/es/c%C3%B3mo-puedo-descargar-desde-xxxfiles/|https://www.downloadtube.net/ru/%D1%81%D0%BA%D0%B0%D1%87%D0%B0%D1%82%D1%8C-%D0%B2%D0%B8%D0%B4%D0%B5%D0%BE-%D1%81-xxxfiles/|https://www.downloadtube.net/ru/%D0%BA%D0%B0%D0%BA-%D0%BC%D0%BD%D0%B5-%D1%81%D0%BA%D0%B0%D1%87%D0%B0%D1%82%D1%8C-%D1%81-xxxfiles/
tubesafari.com,tubesafari,missing,,,download-tubesafari-videos,/download-tubesafari-videos,Tubesafari Video Downloader,true,3,317,saveporn.net,saveporn.net|tubeninja.net|yt2save.com,"Tubesafari adult video downloader page; emphasize public videos, privacy, HD/MP4 formats, no popups, browser extension CTA, and legal/adult disclaimer.",https://www.saveporn.net/online-tubesafari-converter/|https://www.saveporn.net/download-videos-from-tubesafari/|https://www.saveporn.net/tubesafari-link-downloader/|https://www.saveporn.net/tubesafari-mp4-converter/|https://www.saveporn.net/tubesafari-offline-download/|https://www.saveporn.net/tubesafari-online-downloader/|https://www.saveporn.net/tubesafari-url-downloader/|https://www.saveporn.net/tubesafari-video-downloader-android/
jav789.com,jav789,missing,,,download-jav789-videos,/download-jav789-videos,Jav789 Video Downloader,true,3,61,tubeninja.net,tubeninja.net|downloadtube.net|yt2save.com,"Jav789 adult video downloader page; emphasize public videos, privacy, HD/MP4 formats, no popups, browser extension CTA, and legal/adult disclaimer.",https://www.downloadtube.net/download-videos-from-jav789/|https://www.downloadtube.net/how-do-i-download-from-jav789/|https://www.downloadtube.net/zh/%E4%BB%8Ejav789%E4%B8%8B%E8%BD%BD%E8%A7%86%E9%A2%91/|https://www.downloadtube.net/zh/%E6%88%91%E5%A6%82%E4%BD%95%E4%BB%8Ejav789%E4%B8%8B%E8%BD%BD/|https://www.downloadtube.net/es/c%C3%B3mo-puedo-descargar-desde-jav789/|https://www.downloadtube.net/ru/%D1%81%D0%BA%D0%B0%D1%87%D0%B0%D1%82%D1%8C-%D0%B2%D0%B8%D0%B4%D0%B5%D0%BE-%D1%81-jav789/|https://www.downloadtube.net/ru/%D0%BA%D0%B0%D0%BA-%D0%BC%D0%BD%D0%B5-%D1%81%D0%BA%D0%B0%D1%87%D0%B0%D1%82%D1%8C-%D1%81-jav789/|https://www.downloadtube.net/hi/jav789-%E0%A4%B8%E0%A5%87-%E0%A4%B5%E0%A5%80%E0%A4%A1%E0%A4%BF%E0%A4%AF%E0%A5%8B-%E0%A4%A1%E0%A4%BE%E0%A4%89%E0%A4%A8%E0%A4%B2%E0%A5%8B%E0%A4%A1-%E0%A4%95%E0%A4%B0%E0%A5%87%E0%A4%82/
javhub.com,javhub,missing,,,download-javhub-videos,/download-javhub-videos,Javhub Video Downloader,true,3,61,tubeninja.net,tubeninja.net|downloadtube.net|yt2save.com,"Javhub adult video downloader page; emphasize public videos, privacy, HD/MP4 formats, no popups, browser extension CTA, and legal/adult disclaimer.",https://www.downloadtube.net/download-videos-from-javhub/|https://www.downloadtube.net/how-do-i-download-from-javhub/|https://www.downloadtube.net/zh/%E4%BB%8Ejavhub%E4%B8%8B%E8%BD%BD%E8%A7%86%E9%A2%91/|https://www.downloadtube.net/zh/%E6%88%91%E5%A6%82%E4%BD%95%E4%BB%8Ejavhub%E4%B8%8B%E8%BD%BD/|https://www.downloadtube.net/es/c%C3%B3mo-puedo-descargar-desde-javhub/|https://www.downloadtube.net/ru/%D1%81%D0%BA%D0%B0%D1%87%D0%B0%D1%82%D1%8C-%D0%B2%D0%B8%D0%B4%D0%B5%D0%BE-%D1%81-javhub/|https://www.downloadtube.net/ru/%D0%BA%D0%B0%D0%BA-%D0%BC%D0%BD%D0%B5-%D1%81%D0%BA%D0%B0%D1%87%D0%B0%D1%82%D1%8C-%D1%81-javhub/|https://www.downloadtube.net/hi/javhub-%E0%A4%B8%E0%A5%87-%E0%A4%B5%E0%A5%80%E0%A4%A1%E0%A4%BF%E0%A4%AF%E0%A5%8B-%E0%A4%A1%E0%A4%BE%E0%A4%89%E0%A4%A8%E0%A4%B2%E0%A5%8B%E0%A4%A1-%E0%A4%95%E0%A4%B0%E0%A5%87%E0%A4%82/
monstercockland.com,monstercockland,missing,,,download-monstercockland-videos,/download-monstercockland-videos,Monstercockland Video Downloader,true,3,61,tubeninja.net,tubeninja.net|downloadtube.net|yt2save.com,"Monstercockland adult video downloader page; emphasize public videos, privacy, HD/MP4 formats, no popups, browser extension CTA, and legal/adult disclaimer.",https://www.downloadtube.net/download-videos-from-monstercockland/|https://www.downloadtube.net/how-do-i-download-from-monstercockland/|https://www.downloadtube.net/zh/%E4%BB%8Emonstercockland%E4%B8%8B%E8%BD%BD%E8%A7%86%E9%A2%91/|https://www.downloadtube.net/zh/%E6%88%91%E5%A6%82%E4%BD%95%E4%BB%8Emonstercockland%E4%B8%8B%E8%BD%BD/|https://www.downloadtube.net/es/c%C3%B3mo-puedo-descargar-desde-monstercockland/|https://www.downloadtube.net/ru/%D1%81%D0%BA%D0%B0%D1%87%D0%B0%D1%82%D1%8C-%D0%B2%D0%B8%D0%B4%D0%B5%D0%BE-%D1%81-monstercockland/|https://www.downloadtube.net/ru/%D0%BA%D0%B0%D0%BA-%D0%BC%D0%BD%D0%B5-%D1%81%D0%BA%D0%B0%D1%87%D0%B0%D1%82%D1%8C-%D1%81-monstercockland/|https://www.downloadtube.net/hi/monstercockland-%E0%A4%B8%E0%A5%87-%E0%A4%B5%E0%A5%80%E0%A4%A1%E0%A4%BF%E0%A4%AF%E0%A5%8B-%E0%A4%A1%E0%A4%BE%E0%A4%89%E0%A4%A8%E0%A4%B2%E0%A5%8B%E0%A4%A1-%E0%A4%95%E0%A4%B0%E0%A5%87%E0%A4%82/
watchindianporn.com,watchindianporn,missing,,,download-watchindianporn-videos,/download-watchindianporn-videos,Watchindianporn Video Downloader,true,3,61,tubeninja.net,tubeninja.net|downloadtube.net|yt2save.com,"Watchindianporn adult video downloader page; emphasize public videos, privacy, HD/MP4 formats, no popups, browser extension CTA, and legal/adult disclaimer.",https://www.downloadtube.net/download-videos-from-watchindianporn/|https://www.downloadtube.net/how-do-i-download-from-watchindianporn/|https://www.downloadtube.net/zh/%E4%BB%8Ewatchindianporn%E4%B8%8B%E8%BD%BD%E8%A7%86%E9%A2%91/|https://www.downloadtube.net/zh/%E6%88%91%E5%A6%82%E4%BD%95%E4%BB%8Ewatchindianporn%E4%B8%8B%E8%BD%BD/|https://www.downloadtube.net/es/c%C3%B3mo-puedo-descargar-desde-watchindianporn/|https://www.downloadtube.net/ru/%D1%81%D0%BA%D0%B0%D1%87%D0%B0%D1%82%D1%8C-%D0%B2%D0%B8%D0%B4%D0%B5%D0%BE-%D1%81-watchindianporn/|https://www.downloadtube.net/ru/%D0%BA%D0%B0%D0%BA-%D0%BC%D0%BD%D0%B5-%D1%81%D0%BA%D0%B0%D1%87%D0%B0%D1%82%D1%8C-%D1%81-watchindianporn/|https://www.downloadtube.net/hi/watchindianporn-%E0%A4%B8%E0%A5%87-%E0%A4%B5%E0%A5%80%E0%A4%A1%E0%A4%BF%E0%A4%AF%E0%A5%8B-%E0%A4%A1%E0%A4%BE%E0%A4%89%E0%A4%A8%E0%A4%B2%E0%A5%8B%E0%A4%A1-%E0%A4%95%E0%A4%B0%E0%A5%87%E0%A4%82/
xxxyours.com,xxxyours,missing,,,download-xxxyours-videos,/download-xxxyours-videos,Xxxyours Video Downloader,true,3,61,tubeninja.net,tubeninja.net|downloadtube.net|yt2save.com,"Xxxyours adult video downloader page; emphasize public videos, privacy, HD/MP4 formats, no popups, browser extension CTA, and legal/adult disclaimer.",https://www.downloadtube.net/download-videos-from-xxxyours/|https://www.downloadtube.net/how-do-i-download-from-xxxyours/|https://www.downloadtube.net/zh/%E4%BB%8Exxxyours%E4%B8%8B%E8%BD%BD%E8%A7%86%E9%A2%91/|https://www.downloadtube.net/zh/%E6%88%91%E5%A6%82%E4%BD%95%E4%BB%8Exxxyours%E4%B8%8B%E8%BD%BD/|https://www.downloadtube.net/es/c%C3%B3mo-puedo-descargar-desde-xxxyours/|https://www.downloadtube.net/ru/%D1%81%D0%BA%D0%B0%D1%87%D0%B0%D1%82%D1%8C-%D0%B2%D0%B8%D0%B4%D0%B5%D0%BE-%D1%81-xxxyours/|https://www.downloadtube.net/ru/%D0%BA%D0%B0%D0%BA-%D0%BC%D0%BD%D0%B5-%D1%81%D0%BA%D0%B0%D1%87%D0%B0%D1%82%D1%8C-%D1%81-xxxyours/|https://www.downloadtube.net/hi/xxxyours-%E0%A4%B8%E0%A5%87-%E0%A4%B5%E0%A5%80%E0%A4%A1%E0%A4%BF%E0%A4%AF%E0%A5%8B-%E0%A4%A1%E0%A4%BE%E0%A4%89%E0%A4%A8%E0%A4%B2%E0%A5%8B%E0%A4%A1-%E0%A4%95%E0%A4%B0%E0%A5%87%E0%A4%82/
85porn.com,85porn,missing,,,download-85porn-videos,/download-85porn-videos,85porn Video Downloader,true,3,60,tubeninja.net,tubeninja.net|downloadtube.net|tubeoffline.com,"85porn adult video downloader page; emphasize public videos, privacy, HD/MP4 formats, no popups, browser extension CTA, and legal/adult disclaimer.",https://www.downloadtube.net/download-videos-from-85porn/|https://www.downloadtube.net/how-do-i-download-from-85porn/|https://www.downloadtube.net/zh/%E4%BB%8E85porn%E4%B8%8B%E8%BD%BD%E8%A7%86%E9%A2%91/|https://www.downloadtube.net/zh/%E6%88%91%E5%A6%82%E4%BD%95%E4%BB%8E85porn%E4%B8%8B%E8%BD%BD/|https://www.downloadtube.net/es/c%C3%B3mo-puedo-descargar-desde-85porn/|https://www.downloadtube.net/ru/%D1%81%D0%BA%D0%B0%D1%87%D0%B0%D1%82%D1%8C-%D0%B2%D0%B8%D0%B4%D0%B5%D0%BE-%D1%81-85porn/|https://www.downloadtube.net/ru/%D0%BA%D0%B0%D0%BA-%D0%BC%D0%BD%D0%B5-%D1%81%D0%BA%D0%B0%D1%87%D0%B0%D1%82%D1%8C-%D1%81-85porn/|https://www.downloadtube.net/hi/85porn-%E0%A4%B8%E0%A5%87-%E0%A4%B5%E0%A5%80%E0%A4%A1%E0%A4%BF%E0%A4%AF%E0%A5%8B-%E0%A4%A1%E0%A4%BE%E0%A4%89%E0%A4%A8%E0%A4%B2%E0%A5%8B%E0%A4%A1-%E0%A4%95%E0%A4%B0%E0%A5%87%E0%A4%82/
bangbros.com,bangbros,missing,,,download-bangbros-videos,/download-bangbros-videos,Bangbros Video Downloader,true,3,60,tubeninja.net,tubeninja.net|downloadtube.net|tubeoffline.com,"Bangbros adult video downloader page; emphasize public videos, privacy, HD/MP4 formats, no popups, browser extension CTA, and legal/adult disclaimer.",https://www.downloadtube.net/download-videos-from-bangbros/|https://www.downloadtube.net/how-do-i-download-from-bangbros/|https://www.downloadtube.net/zh/%E4%BB%8Ebangbros%E4%B8%8B%E8%BD%BD%E8%A7%86%E9%A2%91/|https://www.downloadtube.net/zh/%E6%88%91%E5%A6%82%E4%BD%95%E4%BB%8Ebangbros%E4%B8%8B%E8%BD%BD/|https://www.downloadtube.net/es/c%C3%B3mo-puedo-descargar-desde-bangbros/|https://www.downloadtube.net/ru/%D1%81%D0%BA%D0%B0%D1%87%D0%B0%D1%82%D1%8C-%D0%B2%D0%B8%D0%B4%D0%B5%D0%BE-%D1%81-bangbros/|https://www.downloadtube.net/ru/%D0%BA%D0%B0%D0%BA-%D0%BC%D0%BD%D0%B5-%D1%81%D0%BA%D0%B0%D1%87%D0%B0%D1%82%D1%8C-%D1%81-bangbros/|https://www.downloadtube.net/hi/bangbros-%E0%A4%B8%E0%A5%87-%E0%A4%B5%E0%A5%80%E0%A4%A1%E0%A4%BF%E0%A4%AF%E0%A5%8B-%E0%A4%A1%E0%A4%BE%E0%A4%89%E0%A4%A8%E0%A4%B2%E0%A5%8B%E0%A4%A1-%E0%A4%95%E0%A4%B0%E0%A5%87%E0%A4%82/
brazzers.com,brazzers,missing,,,download-brazzers-videos,/download-brazzers-videos,Brazzers Video Downloader,true,3,60,tubeninja.net,tubeninja.net|downloadtube.net|tubeoffline.com,"Brazzers adult video downloader page; emphasize public videos, privacy, HD/MP4 formats, no popups, browser extension CTA, and legal/adult disclaimer.",https://www.downloadtube.net/download-videos-from-brazzers/|https://www.downloadtube.net/how-do-i-download-from-brazzers/|https://www.downloadtube.net/zh/%E4%BB%8Ebrazzers%E4%B8%8B%E8%BD%BD%E8%A7%86%E9%A2%91/|https://www.downloadtube.net/zh/%E6%88%91%E5%A6%82%E4%BD%95%E4%BB%8Ebrazzers%E4%B8%8B%E8%BD%BD/|https://www.downloadtube.net/es/c%C3%B3mo-puedo-descargar-desde-brazzers/|https://www.downloadtube.net/ru/%D1%81%D0%BA%D0%B0%D1%87%D0%B0%D1%82%D1%8C-%D0%B2%D0%B8%D0%B4%D0%B5%D0%BE-%D1%81-brazzers/|https://www.downloadtube.net/ru/%D0%BA%D0%B0%D0%BA-%D0%BC%D0%BD%D0%B5-%D1%81%D0%BA%D0%B0%D1%87%D0%B0%D1%82%D1%8C-%D1%81-brazzers/|https://www.downloadtube.net/hi/brazzers-%E0%A4%B8%E0%A5%87-%E0%A4%B5%E0%A5%80%E0%A4%A1%E0%A4%BF%E0%A4%AF%E0%A5%8B-%E0%A4%A1%E0%A4%BE%E0%A4%89%E0%A4%A8%E0%A4%B2%E0%A5%8B%E0%A4%A1-%E0%A4%95%E0%A4%B0%E0%A5%87%E0%A4%82/
efukt.com,efukt,missing,,,download-efukt-videos,/download-efukt-videos,Efukt Video Downloader,true,3,60,tubeninja.net,tubeninja.net|downloadtube.net|tubeoffline.com,"Efukt adult video downloader page; emphasize public videos, privacy, HD/MP4 formats, no popups, browser extension CTA, and legal/adult disclaimer.",https://www.downloadtube.net/download-videos-from-efukt/|https://www.downloadtube.net/how-do-i-download-from-efukt/|https://www.downloadtube.net/zh/%E4%BB%8Eefukt%E4%B8%8B%E8%BD%BD%E8%A7%86%E9%A2%91/|https://www.downloadtube.net/zh/%E6%88%91%E5%A6%82%E4%BD%95%E4%BB%8Eefukt%E4%B8%8B%E8%BD%BD/|https://www.downloadtube.net/es/c%C3%B3mo-puedo-descargar-desde-efukt/|https://www.downloadtube.net/ru/%D1%81%D0%BA%D0%B0%D1%87%D0%B0%D1%82%D1%8C-%D0%B2%D0%B8%D0%B4%D0%B5%D0%BE-%D1%81-efukt/|https://www.downloadtube.net/ru/%D0%BA%D0%B0%D0%BA-%D0%BC%D0%BD%D0%B5-%D1%81%D0%BA%D0%B0%D1%87%D0%B0%D1%82%D1%8C-%D1%81-efukt/|https://www.downloadtube.net/hi/efukt-%E0%A4%B8%E0%A5%87-%E0%A4%B5%E0%A5%80%E0%A4%A1%E0%A4%BF%E0%A4%AF%E0%A5%8B-%E0%A4%A1%E0%A4%BE%E0%A4%89%E0%A4%A8%E0%A4%B2%E0%A5%8B%E0%A4%A1-%E0%A4%95%E0%A4%B0%E0%A5%87%E0%A4%82/
h2porn.com,h2porn,missing,,,download-h2porn-videos,/download-h2porn-videos,H2porn Video Downloader,true,3,60,tubeninja.net,tubeninja.net|downloadtube.net|tubeoffline.com,"H2porn adult video downloader page; emphasize public videos, privacy, HD/MP4 formats, no popups, browser extension CTA, and legal/adult disclaimer.",https://www.downloadtube.net/download-videos-from-h2porn/|https://www.downloadtube.net/how-do-i-download-from-h2porn/|https://www.downloadtube.net/zh/%E4%BB%8Eh2porn%E4%B8%8B%E8%BD%BD%E8%A7%86%E9%A2%91/|https://www.downloadtube.net/zh/%E6%88%91%E5%A6%82%E4%BD%95%E4%BB%8Eh2porn%E4%B8%8B%E8%BD%BD/|https://www.downloadtube.net/es/c%C3%B3mo-puedo-descargar-desde-h2porn/|https://www.downloadtube.net/ru/%D1%81%D0%BA%D0%B0%D1%87%D0%B0%D1%82%D1%8C-%D0%B2%D0%B8%D0%B4%D0%B5%D0%BE-%D1%81-h2porn/|https://www.downloadtube.net/ru/%D0%BA%D0%B0%D0%BA-%D0%BC%D0%BD%D0%B5-%D1%81%D0%BA%D0%B0%D1%87%D0%B0%D1%82%D1%8C-%D1%81-h2porn/|https://www.downloadtube.net/hi/h2porn-%E0%A4%B8%E0%A5%87-%E0%A4%B5%E0%A5%80%E0%A4%A1%E0%A4%BF%E0%A4%AF%E0%A5%8B-%E0%A4%A1%E0%A4%BE%E0%A4%89%E0%A4%A8%E0%A4%B2%E0%A5%8B%E0%A4%A1-%E0%A4%95%E0%A4%B0%E0%A5%87%E0%A4%82/
instantfap.com,instantfap,missing,,,download-instantfap-videos,/download-instantfap-videos,Instantfap Video Downloader,true,3,60,tubeninja.net,tubeninja.net|downloadtube.net|tubeoffline.com,"Instantfap adult video downloader page; emphasize public videos, privacy, HD/MP4 formats, no popups, browser extension CTA, and legal/adult disclaimer.",https://www.downloadtube.net/download-videos-from-instantfap/|https://www.downloadtube.net/how-do-i-download-from-instantfap/|https://www.downloadtube.net/zh/%E4%BB%8Einstantfap%E4%B8%8B%E8%BD%BD%E8%A7%86%E9%A2%91/|https://www.downloadtube.net/zh/%E6%88%91%E5%A6%82%E4%BD%95%E4%BB%8Einstantfap%E4%B8%8B%E8%BD%BD/|https://www.downloadtube.net/es/c%C3%B3mo-puedo-descargar-desde-instantfap/|https://www.downloadtube.net/ru/%D1%81%D0%BA%D0%B0%D1%87%D0%B0%D1%82%D1%8C-%D0%B2%D0%B8%D0%B4%D0%B5%D0%BE-%D1%81-instantfap/|https://www.downloadtube.net/ru/%D0%BA%D0%B0%D0%BA-%D0%BC%D0%BD%D0%B5-%D1%81%D0%BA%D0%B0%D1%87%D0%B0%D1%82%D1%8C-%D1%81-instantfap/|https://www.downloadtube.net/hi/instantfap-%E0%A4%B8%E0%A5%87-%E0%A4%B5%E0%A5%80%E0%A4%A1%E0%A4%BF%E0%A4%AF%E0%A5%8B-%E0%A4%A1%E0%A4%BE%E0%A4%89%E0%A4%A8%E0%A4%B2%E0%A5%8B%E0%A4%A1-%E0%A4%95%E0%A4%B0%E0%A5%87%E0%A4%82/
nudeyoga.com,nudeyoga,missing,,,download-nudeyoga-videos,/download-nudeyoga-videos,Nudeyoga Video Downloader,true,3,60,tubeninja.net,tubeninja.net|downloadtube.net|tubeoffline.com,"Nudeyoga adult video downloader page; emphasize public videos, privacy, HD/MP4 formats, no popups, browser extension CTA, and legal/adult disclaimer.",https://www.downloadtube.net/download-videos-from-nudeyoga/|https://www.downloadtube.net/how-do-i-download-from-nudeyoga/|https://www.downloadtube.net/zh/%E4%BB%8Enudeyoga%E4%B8%8B%E8%BD%BD%E8%A7%86%E9%A2%91/|https://www.downloadtube.net/zh/%E6%88%91%E5%A6%82%E4%BD%95%E4%BB%8Enudeyoga%E4%B8%8B%E8%BD%BD/|https://www.downloadtube.net/es/c%C3%B3mo-puedo-descargar-desde-nudeyoga/|https://www.downloadtube.net/ru/%D1%81%D0%BA%D0%B0%D1%87%D0%B0%D1%82%D1%8C-%D0%B2%D0%B8%D0%B4%D0%B5%D0%BE-%D1%81-nudeyoga/|https://www.downloadtube.net/ru/%D0%BA%D0%B0%D0%BA-%D0%BC%D0%BD%D0%B5-%D1%81%D0%BA%D0%B0%D1%87%D0%B0%D1%82%D1%8C-%D1%81-nudeyoga/|https://www.downloadtube.net/hi/nudeyoga-%E0%A4%B8%E0%A5%87-%E0%A4%B5%E0%A5%80%E0%A4%A1%E0%A4%BF%E0%A4%AF%E0%A5%8B-%E0%A4%A1%E0%A4%BE%E0%A4%89%E0%A4%A8%E0%A4%B2%E0%A5%8B%E0%A4%A1-%E0%A4%95%E0%A4%B0%E0%A5%87%E0%A4%82/
pornburst.com,pornburst,missing,,,download-pornburst-videos,/download-pornburst-videos,Pornburst Video Downloader,true,3,60,tubeninja.net,tubeninja.net|downloadtube.net|tubeoffline.com,"Pornburst adult video downloader page; emphasize public videos, privacy, HD/MP4 formats, no popups, browser extension CTA, and legal/adult disclaimer.",https://www.downloadtube.net/download-videos-from-pornburst/|https://www.downloadtube.net/how-do-i-download-from-pornburst/|https://www.downloadtube.net/zh/%E4%BB%8Epornburst%E4%B8%8B%E8%BD%BD%E8%A7%86%E9%A2%91/|https://www.downloadtube.net/zh/%E6%88%91%E5%A6%82%E4%BD%95%E4%BB%8Epornburst%E4%B8%8B%E8%BD%BD/|https://www.downloadtube.net/es/c%C3%B3mo-puedo-descargar-desde-pornburst/|https://www.downloadtube.net/ru/%D1%81%D0%BA%D0%B0%D1%87%D0%B0%D1%82%D1%8C-%D0%B2%D0%B8%D0%B4%D0%B5%D0%BE-%D1%81-pornburst/|https://www.downloadtube.net/ru/%D0%BA%D0%B0%D0%BA-%D0%BC%D0%BD%D0%B5-%D1%81%D0%BA%D0%B0%D1%87%D0%B0%D1%82%D1%8C-%D1%81-pornburst/|https://www.downloadtube.net/hi/pornburst-%E0%A4%B8%E0%A5%87-%E0%A4%B5%E0%A5%80%E0%A4%A1%E0%A4%BF%E0%A4%AF%E0%A5%8B-%E0%A4%A1%E0%A4%BE%E0%A4%89%E0%A4%A8%E0%A4%B2%E0%A5%8B%E0%A4%A1-%E0%A4%95%E0%A4%B0%E0%A5%87%E0%A4%82/
pornjam.com,pornjam,missing,,,download-pornjam-videos,/download-pornjam-videos,Pornjam Video Downloader,true,3,60,tubeninja.net,tubeninja.net|downloadtube.net|tubeoffline.com,"Pornjam adult video downloader page; emphasize public videos, privacy, HD/MP4 formats, no popups, browser extension CTA, and legal/adult disclaimer.",https://www.downloadtube.net/download-videos-from-pornjam/|https://www.downloadtube.net/how-do-i-download-from-pornjam/|https://www.downloadtube.net/zh/%E4%BB%8Epornjam%E4%B8%8B%E8%BD%BD%E8%A7%86%E9%A2%91/|https://www.downloadtube.net/zh/%E6%88%91%E5%A6%82%E4%BD%95%E4%BB%8Epornjam%E4%B8%8B%E8%BD%BD/|https://www.downloadtube.net/es/c%C3%B3mo-puedo-descargar-desde-pornjam/|https://www.downloadtube.net/ru/%D1%81%D0%BA%D0%B0%D1%87%D0%B0%D1%82%D1%8C-%D0%B2%D0%B8%D0%B4%D0%B5%D0%BE-%D1%81-pornjam/|https://www.downloadtube.net/ru/%D0%BA%D0%B0%D0%BA-%D0%BC%D0%BD%D0%B5-%D1%81%D0%BA%D0%B0%D1%87%D0%B0%D1%82%D1%8C-%D1%81-pornjam/|https://www.downloadtube.net/hi/pornjam-%E0%A4%B8%E0%A5%87-%E0%A4%B5%E0%A5%80%E0%A4%A1%E0%A4%BF%E0%A4%AF%E0%A5%8B-%E0%A4%A1%E0%A4%BE%E0%A4%89%E0%A4%A8%E0%A4%B2%E0%A5%8B%E0%A4%A1-%E0%A4%95%E0%A4%B0%E0%A5%87%E0%A4%82/
pornolandia.com,pornolandia,missing,,,download-pornolandia-videos,/download-pornolandia-videos,Pornolandia Video Downloader,true,3,60,tubeninja.net,tubeninja.net|downloadtube.net|tubeoffline.com,"Pornolandia adult video downloader page; emphasize public videos, privacy, HD/MP4 formats, no popups, browser extension CTA, and legal/adult disclaimer.",https://www.downloadtube.net/download-videos-from-pornolandia/|https://www.downloadtube.net/how-do-i-download-from-pornolandia/|https://www.downloadtube.net/zh/%E4%BB%8Epornolandia%E4%B8%8B%E8%BD%BD%E8%A7%86%E9%A2%91/|https://www.downloadtube.net/zh/%E6%88%91%E5%A6%82%E4%BD%95%E4%BB%8Epornolandia%E4%B8%8B%E8%BD%BD/|https://www.downloadtube.net/es/c%C3%B3mo-puedo-descargar-desde-pornolandia/|https://www.downloadtube.net/ru/%D1%81%D0%BA%D0%B0%D1%87%D0%B0%D1%82%D1%8C-%D0%B2%D0%B8%D0%B4%D0%B5%D0%BE-%D1%81-pornolandia/|https://www.downloadtube.net/ru/%D0%BA%D0%B0%D0%BA-%D0%BC%D0%BD%D0%B5-%D1%81%D0%BA%D0%B0%D1%87%D0%B0%D1%82%D1%8C-%D1%81-pornolandia/|https://www.downloadtube.net/hi/pornolandia-%E0%A4%B8%E0%A5%87-%E0%A4%B5%E0%A5%80%E0%A4%A1%E0%A4%BF%E0%A4%AF%E0%A5%8B-%E0%A4%A1%E0%A4%BE%E0%A4%89%E0%A4%A8%E0%A4%B2%E0%A5%8B%E0%A4%A1-%E0%A4%95%E0%A4%B0%E0%A5%87%E0%A4%82/
pornper.com,pornper,missing,,,download-pornper-videos,/download-pornper-videos,Pornper Video Downloader,true,3,60,tubeninja.net,tubeninja.net|downloadtube.net|tubeoffline.com,"Pornper adult video downloader page; emphasize public videos, privacy, HD/MP4 formats, no popups, browser extension CTA, and legal/adult disclaimer.",https://www.downloadtube.net/download-videos-from-pornper/|https://www.downloadtube.net/how-do-i-download-from-pornper/|https://www.downloadtube.net/zh/%E4%BB%8Epornper%E4%B8%8B%E8%BD%BD%E8%A7%86%E9%A2%91/|https://www.downloadtube.net/zh/%E6%88%91%E5%A6%82%E4%BD%95%E4%BB%8Epornper%E4%B8%8B%E8%BD%BD/|https://www.downloadtube.net/es/c%C3%B3mo-puedo-descargar-desde-pornper/|https://www.downloadtube.net/ru/%D1%81%D0%BA%D0%B0%D1%87%D0%B0%D1%82%D1%8C-%D0%B2%D0%B8%D0%B4%D0%B5%D0%BE-%D1%81-pornper/|https://www.downloadtube.net/ru/%D0%BA%D0%B0%D0%BA-%D0%BC%D0%BD%D0%B5-%D1%81%D0%BA%D0%B0%D1%87%D0%B0%D1%82%D1%8C-%D1%81-pornper/|https://www.downloadtube.net/hi/pornper-%E0%A4%B8%E0%A5%87-%E0%A4%B5%E0%A5%80%E0%A4%A1%E0%A4%BF%E0%A4%AF%E0%A5%8B-%E0%A4%A1%E0%A4%BE%E0%A4%89%E0%A4%A8%E0%A4%B2%E0%A5%8B%E0%A4%A1-%E0%A4%95%E0%A4%B0%E0%A5%87%E0%A4%82/
realgfporn.com,realgfporn,missing,,,download-realgfporn-videos,/download-realgfporn-videos,Realgfporn Video Downloader,true,3,60,tubeninja.net,tubeninja.net|downloadtube.net|tubeoffline.com,"Realgfporn adult video downloader page; emphasize public videos, privacy, HD/MP4 formats, no popups, browser extension CTA, and legal/adult disclaimer.",https://www.downloadtube.net/download-videos-from-realgfporn/|https://www.downloadtube.net/how-do-i-download-from-realgfporn/|https://www.downloadtube.net/zh/%E4%BB%8Erealgfporn%E4%B8%8B%E8%BD%BD%E8%A7%86%E9%A2%91/|https://www.downloadtube.net/zh/%E6%88%91%E5%A6%82%E4%BD%95%E4%BB%8Erealgfporn%E4%B8%8B%E8%BD%BD/|https://www.downloadtube.net/es/c%C3%B3mo-puedo-descargar-desde-realgfporn/|https://www.downloadtube.net/ru/%D1%81%D0%BA%D0%B0%D1%87%D0%B0%D1%82%D1%8C-%D0%B2%D0%B8%D0%B4%D0%B5%D0%BE-%D1%81-realgfporn/|https://www.downloadtube.net/ru/%D0%BA%D0%B0%D0%BA-%D0%BC%D0%BD%D0%B5-%D1%81%D0%BA%D0%B0%D1%87%D0%B0%D1%82%D1%8C-%D1%81-realgfporn/|https://www.downloadtube.net/hi/realgfporn-%E0%A4%B8%E0%A5%87-%E0%A4%B5%E0%A5%80%E0%A4%A1%E0%A4%BF%E0%A4%AF%E0%A5%8B-%E0%A4%A1%E0%A4%BE%E0%A4%89%E0%A4%A8%E0%A4%B2%E0%A5%8B%E0%A4%A1-%E0%A4%95%E0%A4%B0%E0%A5%87%E0%A4%82/
ruleporn.com,ruleporn,missing,,,download-ruleporn-videos,/download-ruleporn-videos,Ruleporn Video Downloader,true,3,60,tubeninja.net,tubeninja.net|downloadtube.net|tubeoffline.com,"Ruleporn adult video downloader page; emphasize public videos, privacy, HD/MP4 formats, no popups, browser extension CTA, and legal/adult disclaimer.",https://www.downloadtube.net/download-videos-from-ruleporn/|https://www.downloadtube.net/how-do-i-download-from-ruleporn/|https://www.downloadtube.net/zh/%E4%BB%8Eruleporn%E4%B8%8B%E8%BD%BD%E8%A7%86%E9%A2%91/|https://www.downloadtube.net/zh/%E6%88%91%E5%A6%82%E4%BD%95%E4%BB%8Eruleporn%E4%B8%8B%E8%BD%BD/|https://www.downloadtube.net/es/c%C3%B3mo-puedo-descargar-desde-ruleporn/|https://www.downloadtube.net/ru/%D1%81%D0%BA%D0%B0%D1%87%D0%B0%D1%82%D1%8C-%D0%B2%D0%B8%D0%B4%D0%B5%D0%BE-%D1%81-ruleporn/|https://www.downloadtube.net/ru/%D0%BA%D0%B0%D0%BA-%D0%BC%D0%BD%D0%B5-%D1%81%D0%BA%D0%B0%D1%87%D0%B0%D1%82%D1%8C-%D1%81-ruleporn/|https://www.downloadtube.net/hi/ruleporn-%E0%A4%B8%E0%A5%87-%E0%A4%B5%E0%A5%80%E0%A4%A1%E0%A4%BF%E0%A4%AF%E0%A5%8B-%E0%A4%A1%E0%A4%BE%E0%A4%89%E0%A4%A8%E0%A4%B2%E0%A5%8B%E0%A4%A1-%E0%A4%95%E0%A4%B0%E0%A5%87%E0%A4%82/
sexvid.com,sexvid,missing,,,download-sexvid-videos,/download-sexvid-videos,Sexvid Video Downloader,true,3,60,tubeninja.net,tubeninja.net|downloadtube.net|badassdownloader.com,"Sexvid adult video downloader page; emphasize public videos, privacy, HD/MP4 formats, no popups, browser extension CTA, and legal/adult disclaimer.",https://badassdownloader.com/sexvid/|https://www.downloadtube.net/download-videos-from-sexvid/|https://www.downloadtube.net/how-do-i-download-from-sexvid/|https://www.downloadtube.net/zh/%E4%BB%8Esexvid%E4%B8%8B%E8%BD%BD%E8%A7%86%E9%A2%91/|https://www.downloadtube.net/zh/%E6%88%91%E5%A6%82%E4%BD%95%E4%BB%8Esexvid%E4%B8%8B%E8%BD%BD/|https://www.downloadtube.net/es/c%C3%B3mo-puedo-descargar-desde-sexvid/|https://www.downloadtube.net/ru/%D1%81%D0%BA%D0%B0%D1%87%D0%B0%D1%82%D1%8C-%D0%B2%D0%B8%D0%B4%D0%B5%D0%BE-%D1%81-sexvid/|https://www.downloadtube.net/ru/%D0%BA%D0%B0%D0%BA-%D0%BC%D0%BD%D0%B5-%D1%81%D0%BA%D0%B0%D1%87%D0%B0%D1%82%D1%8C-%D1%81-sexvid/
theclassicporn.com,theclassicporn,missing,,,download-theclassicporn-videos,/download-theclassicporn-videos,Theclassicporn Video Downloader,true,3,60,tubeninja.net,tubeninja.net|downloadtube.net|tubeoffline.com,"Theclassicporn adult video downloader page; emphasize public videos, privacy, HD/MP4 formats, no popups, browser extension CTA, and legal/adult disclaimer.",https://www.downloadtube.net/download-videos-from-theclassicporn/|https://www.downloadtube.net/how-do-i-download-from-theclassicporn/|https://www.downloadtube.net/zh/%E4%BB%8Etheclassicporn%E4%B8%8B%E8%BD%BD%E8%A7%86%E9%A2%91/|https://www.downloadtube.net/zh/%E6%88%91%E5%A6%82%E4%BD%95%E4%BB%8Etheclassicporn%E4%B8%8B%E8%BD%BD/|https://www.downloadtube.net/es/c%C3%B3mo-puedo-descargar-desde-theclassicporn/|https://www.downloadtube.net/ru/%D1%81%D0%BA%D0%B0%D1%87%D0%B0%D1%82%D1%8C-%D0%B2%D0%B8%D0%B4%D0%B5%D0%BE-%D1%81-theclassicporn/|https://www.downloadtube.net/ru/%D0%BA%D0%B0%D0%BA-%D0%BC%D0%BD%D0%B5-%D1%81%D0%BA%D0%B0%D1%87%D0%B0%D1%82%D1%8C-%D1%81-theclassicporn/|https://www.downloadtube.net/hi/theclassicporn-%E0%A4%B8%E0%A5%87-%E0%A4%B5%E0%A5%80%E0%A4%A1%E0%A4%BF%E0%A4%AF%E0%A5%8B-%E0%A4%A1%E0%A4%BE%E0%A4%89%E0%A4%A8%E0%A4%B2%E0%A5%8B%E0%A4%A1-%E0%A4%95%E0%A4%B0%E0%A5%87%E0%A4%82/
tryboobs.com,tryboobs,missing,,,download-tryboobs-videos,/download-tryboobs-videos,Tryboobs Video Downloader,true,3,60,tubeninja.net,tubeninja.net|downloadtube.net|tubeoffline.com,"Tryboobs adult video downloader page; emphasize public videos, privacy, HD/MP4 formats, no popups, browser extension CTA, and legal/adult disclaimer.",https://www.downloadtube.net/download-videos-from-tryboobs/|https://www.downloadtube.net/how-do-i-download-from-tryboobs/|https://www.downloadtube.net/zh/%E4%BB%8Etryboobs%E4%B8%8B%E8%BD%BD%E8%A7%86%E9%A2%91/|https://www.downloadtube.net/zh/%E6%88%91%E5%A6%82%E4%BD%95%E4%BB%8Etryboobs%E4%B8%8B%E8%BD%BD/|https://www.downloadtube.net/es/c%C3%B3mo-puedo-descargar-desde-tryboobs/|https://www.downloadtube.net/ru/%D1%81%D0%BA%D0%B0%D1%87%D0%B0%D1%82%D1%8C-%D0%B2%D0%B8%D0%B4%D0%B5%D0%BE-%D1%81-tryboobs/|https://www.downloadtube.net/ru/%D0%BA%D0%B0%D0%BA-%D0%BC%D0%BD%D0%B5-%D1%81%D0%BA%D0%B0%D1%87%D0%B0%D1%82%D1%8C-%D1%81-tryboobs/|https://www.downloadtube.net/hi/tryboobs-%E0%A4%B8%E0%A5%87-%E0%A4%B5%E0%A5%80%E0%A4%A1%E0%A4%BF%E0%A4%AF%E0%A5%8B-%E0%A4%A1%E0%A4%BE%E0%A4%89%E0%A4%A8%E0%A4%B2%E0%A5%8B%E0%A4%A1-%E0%A4%95%E0%A4%B0%E0%A5%87%E0%A4%82/
gayporno.com,gayporno,missing,,,download-gayporno-videos,/download-gayporno-videos,Gayporno Video Downloader,true,3,58,tubeninja.net,tubeninja.net|downloadtube.net|tubeoffline.com,"Gayporno adult video downloader page; emphasize public videos, privacy, HD/MP4 formats, no popups, browser extension CTA, and legal/adult disclaimer.",https://www.downloadtube.net/download-videos-from-gayporno/|https://www.downloadtube.net/how-do-i-download-from-gayporno/|https://www.downloadtube.net/zh/%E4%BB%8Egayporno%E4%B8%8B%E8%BD%BD%E8%A7%86%E9%A2%91/|https://www.downloadtube.net/zh/%E6%88%91%E5%A6%82%E4%BD%95%E4%BB%8Egayporno%E4%B8%8B%E8%BD%BD/|https://www.downloadtube.net/es/c%C3%B3mo-puedo-descargar-desde-gayporno/|https://www.downloadtube.net/ru/%D1%81%D0%BA%D0%B0%D1%87%D0%B0%D1%82%D1%8C-%D0%B2%D0%B8%D0%B4%D0%B5%D0%BE-%D1%81-gayporno/|https://www.downloadtube.net/ru/%D0%BA%D0%B0%D0%BA-%D0%BC%D0%BD%D0%B5-%D1%81%D0%BA%D0%B0%D1%87%D0%B0%D1%82%D1%8C-%D1%81-gayporno/|https://www.downloadtube.net/hi/gayporno-%E0%A4%B8%E0%A5%87-%E0%A4%B5%E0%A5%80%E0%A4%A1%E0%A4%BF%E0%A4%AF%E0%A5%8B-%E0%A4%A1%E0%A4%BE%E0%A4%89%E0%A4%A8%E0%A4%B2%E0%A5%8B%E0%A4%A1-%E0%A4%95%E0%A4%B0%E0%A5%87%E0%A4%82/
rushporn.com,rushporn,missing,,,download-rushporn-videos,/download-rushporn-videos,Rushporn Video Downloader,true,3,42,tubeninja.net,tubeninja.net|badassdownloader.com|yt2save.com,"Rushporn adult video downloader page; emphasize public videos, privacy, HD/MP4 formats, no popups, browser extension CTA, and legal/adult disclaimer.",https://badassdownloader.com/rushporn/|https://badassdownloader.com/rushporn-com/|http://www.tubeninja.net/how-to-download/rushporn|http://www.tubeninja.net/ar/kayfiyat-tahmil/rushporn|http://www.tubeninja.net/de/download-anleitung/rushporn|http://www.tubeninja.net/es/como-descargar/rushporn|http://www.tubeninja.net/fa/how-to-download/rushporn|http://www.tubeninja.net/fr/comment-telecharger/rushporn
collectionofbestporn.com,collectionofbestporn,missing,,,download-collectionofbestporn-videos,/download-collectionofbestporn-videos,Collectionofbestporn Video Downloader,true,3,41,tubeninja.net,tubeninja.net|yt2save.com|badassdownloader.com,"Collectionofbestporn adult video downloader page; emphasize public videos, privacy, HD/MP4 formats, no popups, browser extension CTA, and legal/adult disclaimer.",https://badassdownloader.com/collectionofbestporn/|http://www.tubeninja.net/how-to-download/collectionofbestporn|http://www.tubeninja.net/ar/kayfiyat-tahmil/collectionofbestporn|http://www.tubeninja.net/de/download-anleitung/collectionofbestporn|http://www.tubeninja.net/es/como-descargar/collectionofbestporn|http://www.tubeninja.net/fa/how-to-download/collectionofbestporn|http://www.tubeninja.net/fr/comment-telecharger/collectionofbestporn|http://www.tubeninja.net/id/bagaimana-cara-mengunduh/collectionofbestporn
fetishpapa.com,fetishpapa,missing,,,download-fetishpapa-videos,/download-fetishpapa-videos,Fetishpapa Video Downloader,true,3,41,tubeninja.net,tubeninja.net|yt2save.com|badassdownloader.com,"Fetishpapa adult video downloader page; emphasize public videos, privacy, HD/MP4 formats, no popups, browser extension CTA, and legal/adult disclaimer.",https://badassdownloader.com/fetishpapa/|http://www.tubeninja.net/how-to-download/fetishpapa|http://www.tubeninja.net/ar/kayfiyat-tahmil/fetishpapa|http://www.tubeninja.net/de/download-anleitung/fetishpapa|http://www.tubeninja.net/es/como-descargar/fetishpapa|http://www.tubeninja.net/fa/how-to-download/fetishpapa|http://www.tubeninja.net/fr/comment-telecharger/fetishpapa|http://www.tubeninja.net/id/bagaimana-cara-mengunduh/fetishpapa
freerussiasex.com,freerussiasex,missing,,,download-freerussiasex-videos,/download-freerussiasex-videos,Freerussiasex Video Downloader,true,3,41,tubeninja.net,tubeninja.net|yt2save.com|badassdownloader.com,"Freerussiasex adult video downloader page; emphasize public videos, privacy, HD/MP4 formats, no popups, browser extension CTA, and legal/adult disclaimer.",https://badassdownloader.com/freerussiasex/|http://www.tubeninja.net/how-to-download/freerussiasex|http://www.tubeninja.net/ar/kayfiyat-tahmil/freerussiasex|http://www.tubeninja.net/de/download-anleitung/freerussiasex|http://www.tubeninja.net/es/como-descargar/freerussiasex|http://www.tubeninja.net/fa/how-to-download/freerussiasex|http://www.tubeninja.net/fr/comment-telecharger/freerussiasex|http://www.tubeninja.net/id/bagaimana-cara-mengunduh/freerussiasex
hdreporn.com,hdreporn,missing,,,download-hdreporn-videos,/download-hdreporn-videos,Hdreporn Video Downloader,true,3,41,tubeninja.net,tubeninja.net|yt2save.com|badassdownloader.com,"Hdreporn adult video downloader page; emphasize public videos, privacy, HD/MP4 formats, no popups, browser extension CTA, and legal/adult disclaimer.",https://badassdownloader.com/hdreporn/|http://www.tubeninja.net/how-to-download/hdreporn|http://www.tubeninja.net/ar/kayfiyat-tahmil/hdreporn|http://www.tubeninja.net/de/download-anleitung/hdreporn|http://www.tubeninja.net/es/como-descargar/hdreporn|http://www.tubeninja.net/fa/how-to-download/hdreporn|http://www.tubeninja.net/fr/comment-telecharger/hdreporn|http://www.tubeninja.net/id/bagaimana-cara-mengunduh/hdreporn
joysporn.com,joysporn,missing,,,download-joysporn-videos,/download-joysporn-videos,Joysporn Video Downloader,true,3,41,tubeninja.net,tubeninja.net|yt2save.com|badassdownloader.com,"Joysporn adult video downloader page; emphasize public videos, privacy, HD/MP4 formats, no popups, browser extension CTA, and legal/adult disclaimer.",https://badassdownloader.com/joysporn/|http://www.tubeninja.net/how-to-download/joysporn|http://www.tubeninja.net/ar/kayfiyat-tahmil/joysporn|http://www.tubeninja.net/de/download-anleitung/joysporn|http://www.tubeninja.net/es/como-descargar/joysporn|http://www.tubeninja.net/fa/how-to-download/joysporn|http://www.tubeninja.net/fr/comment-telecharger/joysporn|http://www.tubeninja.net/id/bagaimana-cara-mengunduh/joysporn
tubxporn.com,tubxporn,missing,,,download-tubxporn-videos,/download-tubxporn-videos,Tubxporn Video Downloader,true,3,41,tubeninja.net,tubeninja.net|yt2save.com|badassdownloader.com,"Tubxporn adult video downloader page; emphasize public videos, privacy, HD/MP4 formats, no popups, browser extension CTA, and legal/adult disclaimer.",https://badassdownloader.com/tubxporn/|http://www.tubeninja.net/how-to-download/tubxporn|http://www.tubeninja.net/ar/kayfiyat-tahmil/tubxporn|http://www.tubeninja.net/de/download-anleitung/tubxporn|http://www.tubeninja.net/es/como-descargar/tubxporn|http://www.tubeninja.net/fa/how-to-download/tubxporn|http://www.tubeninja.net/fr/comment-telecharger/tubxporn|http://www.tubeninja.net/id/bagaimana-cara-mengunduh/tubxporn
youporngay.com,youporngay,missing,,,download-youporngay-videos,/download-youporngay-videos,Youporngay Video Downloader,true,3,39,tubeninja.net,tubeninja.net|yt2save.com|badassdownloader.com,"Youporngay adult video downloader page; emphasize public videos, privacy, HD/MP4 formats, no popups, browser extension CTA, and legal/adult disclaimer.",https://badassdownloader.com/youporngay/|http://www.tubeninja.net/how-to-download/youporngay|http://www.tubeninja.net/ar/kayfiyat-tahmil/youporngay|http://www.tubeninja.net/de/download-anleitung/youporngay|http://www.tubeninja.net/es/como-descargar/youporngay|http://www.tubeninja.net/fa/how-to-download/youporngay|http://www.tubeninja.net/fr/comment-telecharger/youporngay|http://www.tubeninja.net/id/bagaimana-cara-mengunduh/youporngay
pornovoisines.com,pornovoisines,missing,,,download-pornovoisines-videos,/download-pornovoisines-videos,Pornovoisines Video Downloader,true,3,36,downloadtube.net,downloadtube.net|fetchfile.me|jaksta.com,"Pornovoisines adult video downloader page; emphasize public videos, privacy, HD/MP4 formats, no popups, browser extension CTA, and legal/adult disclaimer.",https://www.downloadtube.net/download-videos-from-pornovoisines/|https://www.downloadtube.net/how-do-i-download-from-pornovoisines/|https://www.downloadtube.net/zh/%E4%BB%8Epornovoisines%E4%B8%8B%E8%BD%BD%E8%A7%86%E9%A2%91/|https://www.downloadtube.net/zh/%E6%88%91%E5%A6%82%E4%BD%95%E4%BB%8Epornovoisines%E4%B8%8B%E8%BD%BD/|https://www.downloadtube.net/es/c%C3%B3mo-puedo-descargar-desde-pornovoisines/|https://www.downloadtube.net/ru/%D1%81%D0%BA%D0%B0%D1%87%D0%B0%D1%82%D1%8C-%D0%B2%D0%B8%D0%B4%D0%B5%D0%BE-%D1%81-pornovoisines/|https://www.downloadtube.net/ru/%D0%BA%D0%B0%D0%BA-%D0%BC%D0%BD%D0%B5-%D1%81%D0%BA%D0%B0%D1%87%D0%B0%D1%82%D1%8C-%D1%81-pornovoisines/|https://www.downloadtube.net/hi/pornovoisines-%E0%A4%B8%E0%A5%87-%E0%A4%B5%E0%A5%80%E0%A4%A1%E0%A4%BF%E0%A4%AF%E0%A5%8B-%E0%A4%A1%E0%A4%BE%E0%A4%89%E0%A4%A8%E0%A4%B2%E0%A5%8B%E0%A4%A1-%E0%A4%95%E0%A4%B0%E0%A5%87%E0%A4%82/
tktube.com,tktube,missing,,,download-tktube-videos,/download-tktube-videos,Tktube Video Downloader,true,3,29,downloadtube.net,downloadtube.net|yt2save.com|pptube.org,"Tktube adult video downloader page; emphasize public videos, privacy, HD/MP4 formats, no popups, browser extension CTA, and legal/adult disclaimer.",https://www.downloadtube.net/download-videos-from-tktube/|https://www.downloadtube.net/how-do-i-download-from-tktube/|https://www.downloadtube.net/de/laden-sie-videos-von-tktube-herunter/|https://www.downloadtube.net/de/wie-lade-ich-von-tktube-herunter/|https://www.downloadtube.net/zh/%E4%BB%8Etktube%E4%B8%8B%E8%BD%BD%E8%A7%86%E9%A2%91/|https://www.downloadtube.net/zh/%E6%88%91%E5%A6%82%E4%BD%95%E4%BB%8Etktube%E4%B8%8B%E8%BD%BD/|https://www.downloadtube.net/es/descargar-videos-de-tktube/|https://www.downloadtube.net/es/c%C3%B3mo-puedo-descargar-desde-tktube/
artsporn.com,artsporn,missing,,,download-artsporn-videos,/download-artsporn-videos,Artsporn Video Downloader,true,3,24,downloadtube.net,downloadtube.net|yt2save.com|badassdownloader.com,"Artsporn adult video downloader page; emphasize public videos, privacy, HD/MP4 formats, no popups, browser extension CTA, and legal/adult disclaimer.",https://badassdownloader.com/artsporn/|https://www.downloadtube.net/download-videos-from-artsporn/|https://www.downloadtube.net/how-do-i-download-from-artsporn/|https://www.downloadtube.net/zh/%E4%BB%8Eartsporn%E4%B8%8B%E8%BD%BD%E8%A7%86%E9%A2%91/|https://www.downloadtube.net/zh/%E6%88%91%E5%A6%82%E4%BD%95%E4%BB%8Eartsporn%E4%B8%8B%E8%BD%BD/|https://www.downloadtube.net/es/c%C3%B3mo-puedo-descargar-desde-artsporn/|https://www.downloadtube.net/ru/%D1%81%D0%BA%D0%B0%D1%87%D0%B0%D1%82%D1%8C-%D0%B2%D0%B8%D0%B4%D0%B5%D0%BE-%D1%81-artsporn/|https://www.downloadtube.net/ru/%D0%BA%D0%B0%D0%BA-%D0%BC%D0%BD%D0%B5-%D1%81%D0%BA%D0%B0%D1%87%D0%B0%D1%82%D1%8C-%D1%81-artsporn/
bdsmstreak.com,bdsmstreak,missing,,,download-bdsmstreak-videos,/download-bdsmstreak-videos,Bdsmstreak Video Downloader,true,3,24,downloadtube.net,downloadtube.net|yt2save.com|tubeoffline.com,"Bdsmstreak adult video downloader page; emphasize public videos, privacy, HD/MP4 formats, no popups, browser extension CTA, and legal/adult disclaimer.",https://www.downloadtube.net/download-videos-from-bdsmstreak/|https://www.downloadtube.net/how-do-i-download-from-bdsmstreak/|https://www.downloadtube.net/zh/%E4%BB%8Ebdsmstreak%E4%B8%8B%E8%BD%BD%E8%A7%86%E9%A2%91/|https://www.downloadtube.net/zh/%E6%88%91%E5%A6%82%E4%BD%95%E4%BB%8Ebdsmstreak%E4%B8%8B%E8%BD%BD/|https://www.downloadtube.net/es/c%C3%B3mo-puedo-descargar-desde-bdsmstreak/|https://www.downloadtube.net/ru/%D1%81%D0%BA%D0%B0%D1%87%D0%B0%D1%82%D1%8C-%D0%B2%D0%B8%D0%B4%D0%B5%D0%BE-%D1%81-bdsmstreak/|https://www.downloadtube.net/ru/%D0%BA%D0%B0%D0%BA-%D0%BC%D0%BD%D0%B5-%D1%81%D0%BA%D0%B0%D1%87%D0%B0%D1%82%D1%8C-%D1%81-bdsmstreak/|https://www.downloadtube.net/hi/bdsmstreak-%E0%A4%B8%E0%A5%87-%E0%A4%B5%E0%A5%80%E0%A4%A1%E0%A4%BF%E0%A4%AF%E0%A5%8B-%E0%A4%A1%E0%A4%BE%E0%A4%89%E0%A4%A8%E0%A4%B2%E0%A5%8B%E0%A4%A1-%E0%A4%95%E0%A4%B0%E0%A5%87%E0%A4%82/
bestjavporn.com,bestjavporn,missing,,,download-bestjavporn-videos,/download-bestjavporn-videos,Bestjavporn Video Downloader,true,3,24,downloadtube.net,downloadtube.net|yt2save.com|tubeoffline.com,"Bestjavporn adult video downloader page; emphasize public videos, privacy, HD/MP4 formats, no popups, browser extension CTA, and legal/adult disclaimer.",https://www.downloadtube.net/download-videos-from-bestjavporn/|https://www.downloadtube.net/how-do-i-download-from-bestjavporn/|https://www.downloadtube.net/zh/%E4%BB%8Ebestjavporn%E4%B8%8B%E8%BD%BD%E8%A7%86%E9%A2%91/|https://www.downloadtube.net/zh/%E6%88%91%E5%A6%82%E4%BD%95%E4%BB%8Ebestjavporn%E4%B8%8B%E8%BD%BD/|https://www.downloadtube.net/es/c%C3%B3mo-puedo-descargar-desde-bestjavporn/|https://www.downloadtube.net/ru/%D1%81%D0%BA%D0%B0%D1%87%D0%B0%D1%82%D1%8C-%D0%B2%D0%B8%D0%B4%D0%B5%D0%BE-%D1%81-bestjavporn/|https://www.downloadtube.net/ru/%D0%BA%D0%B0%D0%BA-%D0%BC%D0%BD%D0%B5-%D1%81%D0%BA%D0%B0%D1%87%D0%B0%D1%82%D1%8C-%D1%81-bestjavporn/|https://www.downloadtube.net/hi/bestjavporn-%E0%A4%B8%E0%A5%87-%E0%A4%B5%E0%A5%80%E0%A4%A1%E0%A4%BF%E0%A4%AF%E0%A5%8B-%E0%A4%A1%E0%A4%BE%E0%A4%89%E0%A4%A8%E0%A4%B2%E0%A5%8B%E0%A4%A1-%E0%A4%95%E0%A4%B0%E0%A5%87%E0%A4%82/
fap18.com,fap18,missing,,,download-fap18-videos,/download-fap18-videos,Fap18 Video Downloader,true,3,24,downloadtube.net,downloadtube.net|yt2save.com|tubeoffline.com,"Fap18 adult video downloader page; emphasize public videos, privacy, HD/MP4 formats, no popups, browser extension CTA, and legal/adult disclaimer.",https://www.downloadtube.net/download-videos-from-fap18/|https://www.downloadtube.net/how-do-i-download-from-fap18/|https://www.downloadtube.net/zh/%E4%BB%8Efap18%E4%B8%8B%E8%BD%BD%E8%A7%86%E9%A2%91/|https://www.downloadtube.net/zh/%E6%88%91%E5%A6%82%E4%BD%95%E4%BB%8Efap18%E4%B8%8B%E8%BD%BD/|https://www.downloadtube.net/es/c%C3%B3mo-puedo-descargar-desde-fap18/|https://www.downloadtube.net/ru/%D1%81%D0%BA%D0%B0%D1%87%D0%B0%D1%82%D1%8C-%D0%B2%D0%B8%D0%B4%D0%B5%D0%BE-%D1%81-fap18/|https://www.downloadtube.net/ru/%D0%BA%D0%B0%D0%BA-%D0%BC%D0%BD%D0%B5-%D1%81%D0%BA%D0%B0%D1%87%D0%B0%D1%82%D1%8C-%D1%81-fap18/|https://www.downloadtube.net/hi/fap18-%E0%A4%B8%E0%A5%87-%E0%A4%B5%E0%A5%80%E0%A4%A1%E0%A4%BF%E0%A4%AF%E0%A5%8B-%E0%A4%A1%E0%A4%BE%E0%A4%89%E0%A4%A8%E0%A4%B2%E0%A5%8B%E0%A4%A1-%E0%A4%95%E0%A4%B0%E0%A5%87%E0%A4%82/
fappenist.com,fappenist,missing,,,download-fappenist-videos,/download-fappenist-videos,Fappenist Video Downloader,true,3,24,downloadtube.net,downloadtube.net|yt2save.com|tubeoffline.com,"Fappenist adult video downloader page; emphasize public videos, privacy, HD/MP4 formats, no popups, browser extension CTA, and legal/adult disclaimer.",https://www.downloadtube.net/download-videos-from-fappenist/|https://www.downloadtube.net/how-do-i-download-from-fappenist/|https://www.downloadtube.net/zh/%E4%BB%8Efappenist%E4%B8%8B%E8%BD%BD%E8%A7%86%E9%A2%91/|https://www.downloadtube.net/zh/%E6%88%91%E5%A6%82%E4%BD%95%E4%BB%8Efappenist%E4%B8%8B%E8%BD%BD/|https://www.downloadtube.net/es/c%C3%B3mo-puedo-descargar-desde-fappenist/|https://www.downloadtube.net/ru/%D1%81%D0%BA%D0%B0%D1%87%D0%B0%D1%82%D1%8C-%D0%B2%D0%B8%D0%B4%D0%B5%D0%BE-%D1%81-fappenist/|https://www.downloadtube.net/ru/%D0%BA%D0%B0%D0%BA-%D0%BC%D0%BD%D0%B5-%D1%81%D0%BA%D0%B0%D1%87%D0%B0%D1%82%D1%8C-%D1%81-fappenist/|https://www.downloadtube.net/hi/fappenist-%E0%A4%B8%E0%A5%87-%E0%A4%B5%E0%A5%80%E0%A4%A1%E0%A4%BF%E0%A4%AF%E0%A5%8B-%E0%A4%A1%E0%A4%BE%E0%A4%89%E0%A4%A8%E0%A4%B2%E0%A5%8B%E0%A4%A1-%E0%A4%95%E0%A4%B0%E0%A5%87%E0%A4%82/
foxtube.com,foxtube,missing,,,download-foxtube-videos,/download-foxtube-videos,Foxtube Video Downloader,true,3,24,downloadtube.net,downloadtube.net|yt2save.com|tubeoffline.com,"Foxtube adult video downloader page; emphasize public videos, privacy, HD/MP4 formats, no popups, browser extension CTA, and legal/adult disclaimer.",https://www.downloadtube.net/download-videos-from-foxtube/|https://www.downloadtube.net/how-do-i-download-from-foxtube/|https://www.downloadtube.net/zh/%E4%BB%8Efoxtube%E4%B8%8B%E8%BD%BD%E8%A7%86%E9%A2%91/|https://www.downloadtube.net/zh/%E6%88%91%E5%A6%82%E4%BD%95%E4%BB%8Efoxtube%E4%B8%8B%E8%BD%BD/|https://www.downloadtube.net/es/c%C3%B3mo-puedo-descargar-desde-foxtube/|https://www.downloadtube.net/ru/%D1%81%D0%BA%D0%B0%D1%87%D0%B0%D1%82%D1%8C-%D0%B2%D0%B8%D0%B4%D0%B5%D0%BE-%D1%81-foxtube/|https://www.downloadtube.net/ru/%D0%BA%D0%B0%D0%BA-%D0%BC%D0%BD%D0%B5-%D1%81%D0%BA%D0%B0%D1%87%D0%B0%D1%82%D1%8C-%D1%81-foxtube/|https://www.downloadtube.net/hi/foxtube-%E0%A4%B8%E0%A5%87-%E0%A4%B5%E0%A5%80%E0%A4%A1%E0%A4%BF%E0%A4%AF%E0%A5%8B-%E0%A4%A1%E0%A4%BE%E0%A4%89%E0%A4%A8%E0%A4%B2%E0%A5%8B%E0%A4%A1-%E0%A4%95%E0%A4%B0%E0%A5%87%E0%A4%82/
fxporn.com,fxporn,missing,,,download-fxporn-videos,/download-fxporn-videos,Fxporn Video Downloader,true,3,24,downloadtube.net,downloadtube.net|yt2save.com|badassdownloader.com,"Fxporn adult video downloader page; emphasize public videos, privacy, HD/MP4 formats, no popups, browser extension CTA, and legal/adult disclaimer.",https://badassdownloader.com/fxporn/|https://www.downloadtube.net/download-videos-from-fxporn/|https://www.downloadtube.net/how-do-i-download-from-fxporn/|https://www.downloadtube.net/zh/%E4%BB%8Efxporn%E4%B8%8B%E8%BD%BD%E8%A7%86%E9%A2%91/|https://www.downloadtube.net/zh/%E6%88%91%E5%A6%82%E4%BD%95%E4%BB%8Efxporn%E4%B8%8B%E8%BD%BD/|https://www.downloadtube.net/es/c%C3%B3mo-puedo-descargar-desde-fxporn/|https://www.downloadtube.net/ru/%D1%81%D0%BA%D0%B0%D1%87%D0%B0%D1%82%D1%8C-%D0%B2%D0%B8%D0%B4%D0%B5%D0%BE-%D1%81-fxporn/|https://www.downloadtube.net/ru/%D0%BA%D0%B0%D0%BA-%D0%BC%D0%BD%D0%B5-%D1%81%D0%BA%D0%B0%D1%87%D0%B0%D1%82%D1%8C-%D1%81-fxporn/
javcl.com,javcl,missing,,,download-javcl-videos,/download-javcl-videos,Javcl Video Downloader,true,3,24,downloadtube.net,downloadtube.net|yt2save.com|tubeoffline.com,"Javcl adult video downloader page; emphasize public videos, privacy, HD/MP4 formats, no popups, browser extension CTA, and legal/adult disclaimer.",https://www.downloadtube.net/download-videos-from-javcl/|https://www.downloadtube.net/how-do-i-download-from-javcl/|https://www.downloadtube.net/zh/%E4%BB%8Ejavcl%E4%B8%8B%E8%BD%BD%E8%A7%86%E9%A2%91/|https://www.downloadtube.net/zh/%E6%88%91%E5%A6%82%E4%BD%95%E4%BB%8Ejavcl%E4%B8%8B%E8%BD%BD/|https://www.downloadtube.net/es/c%C3%B3mo-puedo-descargar-desde-javcl/|https://www.downloadtube.net/ru/%D1%81%D0%BA%D0%B0%D1%87%D0%B0%D1%82%D1%8C-%D0%B2%D0%B8%D0%B4%D0%B5%D0%BE-%D1%81-javcl/|https://www.downloadtube.net/ru/%D0%BA%D0%B0%D0%BA-%D0%BC%D0%BD%D0%B5-%D1%81%D0%BA%D0%B0%D1%87%D0%B0%D1%82%D1%8C-%D1%81-javcl/|https://www.downloadtube.net/hi/javcl-%E0%A4%B8%E0%A5%87-%E0%A4%B5%E0%A5%80%E0%A4%A1%E0%A4%BF%E0%A4%AF%E0%A5%8B-%E0%A4%A1%E0%A4%BE%E0%A4%89%E0%A4%A8%E0%A4%B2%E0%A5%8B%E0%A4%A1-%E0%A4%95%E0%A4%B0%E0%A5%87%E0%A4%82/
javmec.com,javmec,missing,,,download-javmec-videos,/download-javmec-videos,Javmec Video Downloader,true,3,24,downloadtube.net,downloadtube.net|yt2save.com|tubeoffline.com,"Javmec adult video downloader page; emphasize public videos, privacy, HD/MP4 formats, no popups, browser extension CTA, and legal/adult disclaimer.",https://www.downloadtube.net/download-videos-from-javmec/|https://www.downloadtube.net/how-do-i-download-from-javmec/|https://www.downloadtube.net/zh/%E4%BB%8Ejavmec%E4%B8%8B%E8%BD%BD%E8%A7%86%E9%A2%91/|https://www.downloadtube.net/zh/%E6%88%91%E5%A6%82%E4%BD%95%E4%BB%8Ejavmec%E4%B8%8B%E8%BD%BD/|https://www.downloadtube.net/es/c%C3%B3mo-puedo-descargar-desde-javmec/|https://www.downloadtube.net/ru/%D1%81%D0%BA%D0%B0%D1%87%D0%B0%D1%82%D1%8C-%D0%B2%D0%B8%D0%B4%D0%B5%D0%BE-%D1%81-javmec/|https://www.downloadtube.net/ru/%D0%BA%D0%B0%D0%BA-%D0%BC%D0%BD%D0%B5-%D1%81%D0%BA%D0%B0%D1%87%D0%B0%D1%82%D1%8C-%D1%81-javmec/|https://www.downloadtube.net/hi/javmec-%E0%A4%B8%E0%A5%87-%E0%A4%B5%E0%A5%80%E0%A4%A1%E0%A4%BF%E0%A4%AF%E0%A5%8B-%E0%A4%A1%E0%A4%BE%E0%A4%89%E0%A4%A8%E0%A4%B2%E0%A5%8B%E0%A4%A1-%E0%A4%95%E0%A4%B0%E0%A5%87%E0%A4%82/
javmost.com,javmost,missing,,,download-javmost-videos,/download-javmost-videos,Javmost Video Downloader,true,3,24,downloadtube.net,downloadtube.net|yt2save.com|tubeoffline.com,"Javmost adult video downloader page; emphasize public videos, privacy, HD/MP4 formats, no popups, browser extension CTA, and legal/adult disclaimer.",https://www.downloadtube.net/download-videos-from-javmost/|https://www.downloadtube.net/how-do-i-download-from-javmost/|https://www.downloadtube.net/zh/%E4%BB%8Ejavmost%E4%B8%8B%E8%BD%BD%E8%A7%86%E9%A2%91/|https://www.downloadtube.net/zh/%E6%88%91%E5%A6%82%E4%BD%95%E4%BB%8Ejavmost%E4%B8%8B%E8%BD%BD/|https://www.downloadtube.net/es/c%C3%B3mo-puedo-descargar-desde-javmost/|https://www.downloadtube.net/ru/%D1%81%D0%BA%D0%B0%D1%87%D0%B0%D1%82%D1%8C-%D0%B2%D0%B8%D0%B4%D0%B5%D0%BE-%D1%81-javmost/|https://www.downloadtube.net/ru/%D0%BA%D0%B0%D0%BA-%D0%BC%D0%BD%D0%B5-%D1%81%D0%BA%D0%B0%D1%87%D0%B0%D1%82%D1%8C-%D1%81-javmost/|https://www.downloadtube.net/hi/javmost-%E0%A4%B8%E0%A5%87-%E0%A4%B5%E0%A5%80%E0%A4%A1%E0%A4%BF%E0%A4%AF%E0%A5%8B-%E0%A4%A1%E0%A4%BE%E0%A4%89%E0%A4%A8%E0%A4%B2%E0%A5%8B%E0%A4%A1-%E0%A4%95%E0%A4%B0%E0%A5%87%E0%A4%82/
javstream.com,javstream,missing,,,download-javstream-videos,/download-javstream-videos,Javstream Video Downloader,true,3,24,downloadtube.net,downloadtube.net|yt2save.com|badassdownloader.com,"Javstream adult video downloader page; emphasize public videos, privacy, HD/MP4 formats, no popups, browser extension CTA, and legal/adult disclaimer.",https://badassdownloader.com/javstream/|https://www.downloadtube.net/download-videos-from-javstream/|https://www.downloadtube.net/how-do-i-download-from-javstream/|https://www.downloadtube.net/zh/%E4%BB%8Ejavstream%E4%B8%8B%E8%BD%BD%E8%A7%86%E9%A2%91/|https://www.downloadtube.net/zh/%E6%88%91%E5%A6%82%E4%BD%95%E4%BB%8Ejavstream%E4%B8%8B%E8%BD%BD/|https://www.downloadtube.net/es/c%C3%B3mo-puedo-descargar-desde-javstream/|https://www.downloadtube.net/ru/%D1%81%D0%BA%D0%B0%D1%87%D0%B0%D1%82%D1%8C-%D0%B2%D0%B8%D0%B4%D0%B5%D0%BE-%D1%81-javstream/|https://www.downloadtube.net/ru/%D0%BA%D0%B0%D0%BA-%D0%BC%D0%BD%D0%B5-%D1%81%D0%BA%D0%B0%D1%87%D0%B0%D1%82%D1%8C-%D1%81-javstream/
javtc.com,javtc,missing,,,download-javtc-videos,/download-javtc-videos,Javtc Video Downloader,true,3,24,downloadtube.net,downloadtube.net|yt2save.com|tubeoffline.com,"Javtc adult video downloader page; emphasize public videos, privacy, HD/MP4 formats, no popups, browser extension CTA, and legal/adult disclaimer.",https://www.downloadtube.net/download-videos-from-javtc/|https://www.downloadtube.net/how-do-i-download-from-javtc/|https://www.downloadtube.net/zh/%E4%BB%8Ejavtc%E4%B8%8B%E8%BD%BD%E8%A7%86%E9%A2%91/|https://www.downloadtube.net/zh/%E6%88%91%E5%A6%82%E4%BD%95%E4%BB%8Ejavtc%E4%B8%8B%E8%BD%BD/|https://www.downloadtube.net/es/c%C3%B3mo-puedo-descargar-desde-javtc/|https://www.downloadtube.net/ru/%D1%81%D0%BA%D0%B0%D1%87%D0%B0%D1%82%D1%8C-%D0%B2%D0%B8%D0%B4%D0%B5%D0%BE-%D1%81-javtc/|https://www.downloadtube.net/ru/%D0%BA%D0%B0%D0%BA-%D0%BC%D0%BD%D0%B5-%D1%81%D0%BA%D0%B0%D1%87%D0%B0%D1%82%D1%8C-%D1%81-javtc/|https://www.downloadtube.net/hi/javtc-%E0%A4%B8%E0%A5%87-%E0%A4%B5%E0%A5%80%E0%A4%A1%E0%A4%BF%E0%A4%AF%E0%A5%8B-%E0%A4%A1%E0%A4%BE%E0%A4%89%E0%A4%A8%E0%A4%B2%E0%A5%8B%E0%A4%A1-%E0%A4%95%E0%A4%B0%E0%A5%87%E0%A4%82/
miohentai.com,miohentai,missing,,,download-miohentai-videos,/download-miohentai-videos,Miohentai Video Downloader,true,3,24,downloadtube.net,downloadtube.net|yt2save.com|tubeoffline.com,"Miohentai adult video downloader page; emphasize public videos, privacy, HD/MP4 formats, no popups, browser extension CTA, and legal/adult disclaimer.",https://www.downloadtube.net/download-videos-from-miohentai/|https://www.downloadtube.net/how-do-i-download-from-miohentai/|https://www.downloadtube.net/zh/%E4%BB%8Emiohentai%E4%B8%8B%E8%BD%BD%E8%A7%86%E9%A2%91/|https://www.downloadtube.net/zh/%E6%88%91%E5%A6%82%E4%BD%95%E4%BB%8Emiohentai%E4%B8%8B%E8%BD%BD/|https://www.downloadtube.net/es/c%C3%B3mo-puedo-descargar-desde-miohentai/|https://www.downloadtube.net/ru/%D1%81%D0%BA%D0%B0%D1%87%D0%B0%D1%82%D1%8C-%D0%B2%D0%B8%D0%B4%D0%B5%D0%BE-%D1%81-miohentai/|https://www.downloadtube.net/ru/%D0%BA%D0%B0%D0%BA-%D0%BC%D0%BD%D0%B5-%D1%81%D0%BA%D0%B0%D1%87%D0%B0%D1%82%D1%8C-%D1%81-miohentai/|https://www.downloadtube.net/hi/miohentai-%E0%A4%B8%E0%A5%87-%E0%A4%B5%E0%A5%80%E0%A4%A1%E0%A4%BF%E0%A4%AF%E0%A5%8B-%E0%A4%A1%E0%A4%BE%E0%A4%89%E0%A4%A8%E0%A4%B2%E0%A5%8B%E0%A4%A1-%E0%A4%95%E0%A4%B0%E0%A5%87%E0%A4%82/
ohentai.com,ohentai,missing,,,download-ohentai-videos,/download-ohentai-videos,Ohentai Video Downloader,true,3,24,downloadtube.net,downloadtube.net|yt2save.com|tubeoffline.com,"Ohentai adult video downloader page; emphasize public videos, privacy, HD/MP4 formats, no popups, browser extension CTA, and legal/adult disclaimer.",https://www.downloadtube.net/download-videos-from-ohentai/|https://www.downloadtube.net/how-do-i-download-from-ohentai/|https://www.downloadtube.net/zh/%E4%BB%8Eohentai%E4%B8%8B%E8%BD%BD%E8%A7%86%E9%A2%91/|https://www.downloadtube.net/zh/%E6%88%91%E5%A6%82%E4%BD%95%E4%BB%8Eohentai%E4%B8%8B%E8%BD%BD/|https://www.downloadtube.net/es/c%C3%B3mo-puedo-descargar-desde-ohentai/|https://www.downloadtube.net/ru/%D1%81%D0%BA%D0%B0%D1%87%D0%B0%D1%82%D1%8C-%D0%B2%D0%B8%D0%B4%D0%B5%D0%BE-%D1%81-ohentai/|https://www.downloadtube.net/ru/%D0%BA%D0%B0%D0%BA-%D0%BC%D0%BD%D0%B5-%D1%81%D0%BA%D0%B0%D1%87%D0%B0%D1%82%D1%8C-%D1%81-ohentai/|https://www.downloadtube.net/hi/ohentai-%E0%A4%B8%E0%A5%87-%E0%A4%B5%E0%A5%80%E0%A4%A1%E0%A4%BF%E0%A4%AF%E0%A5%8B-%E0%A4%A1%E0%A4%BE%E0%A4%89%E0%A4%A8%E0%A4%B2%E0%A5%8B%E0%A4%A1-%E0%A4%95%E0%A4%B0%E0%A5%87%E0%A4%82/
porneq.com,porneq,missing,,,download-porneq-videos,/download-porneq-videos,Porneq Video Downloader,true,3,24,downloadtube.net,downloadtube.net|yt2save.com|tubeoffline.com,"Porneq adult video downloader page; emphasize public videos, privacy, HD/MP4 formats, no popups, browser extension CTA, and legal/adult disclaimer.",https://www.downloadtube.net/download-videos-from-porneq/|https://www.downloadtube.net/how-do-i-download-from-porneq/|https://www.downloadtube.net/zh/%E4%BB%8Eporneq%E4%B8%8B%E8%BD%BD%E8%A7%86%E9%A2%91/|https://www.downloadtube.net/zh/%E6%88%91%E5%A6%82%E4%BD%95%E4%BB%8Eporneq%E4%B8%8B%E8%BD%BD/|https://www.downloadtube.net/es/c%C3%B3mo-puedo-descargar-desde-porneq/|https://www.downloadtube.net/ru/%D1%81%D0%BA%D0%B0%D1%87%D0%B0%D1%82%D1%8C-%D0%B2%D0%B8%D0%B4%D0%B5%D0%BE-%D1%81-porneq/|https://www.downloadtube.net/ru/%D0%BA%D0%B0%D0%BA-%D0%BC%D0%BD%D0%B5-%D1%81%D0%BA%D0%B0%D1%87%D0%B0%D1%82%D1%8C-%D1%81-porneq/|https://www.downloadtube.net/hi/porneq-%E0%A4%B8%E0%A5%87-%E0%A4%B5%E0%A5%80%E0%A4%A1%E0%A4%BF%E0%A4%AF%E0%A5%8B-%E0%A4%A1%E0%A4%BE%E0%A4%89%E0%A4%A8%E0%A4%B2%E0%A5%8B%E0%A4%A1-%E0%A4%95%E0%A4%B0%E0%A5%87%E0%A4%82/
porngem.com,porngem,missing,,,download-porngem-videos,/download-porngem-videos,Porngem Video Downloader,true,3,24,downloadtube.net,downloadtube.net|yt2save.com|tubeoffline.com,"Porngem adult video downloader page; emphasize public videos, privacy, HD/MP4 formats, no popups, browser extension CTA, and legal/adult disclaimer.",https://www.downloadtube.net/download-videos-from-porngem/|https://www.downloadtube.net/how-do-i-download-from-porngem/|https://www.downloadtube.net/zh/%E4%BB%8Eporngem%E4%B8%8B%E8%BD%BD%E8%A7%86%E9%A2%91/|https://www.downloadtube.net/zh/%E6%88%91%E5%A6%82%E4%BD%95%E4%BB%8Eporngem%E4%B8%8B%E8%BD%BD/|https://www.downloadtube.net/es/c%C3%B3mo-puedo-descargar-desde-porngem/|https://www.downloadtube.net/ru/%D1%81%D0%BA%D0%B0%D1%87%D0%B0%D1%82%D1%8C-%D0%B2%D0%B8%D0%B4%D0%B5%D0%BE-%D1%81-porngem/|https://www.downloadtube.net/ru/%D0%BA%D0%B0%D0%BA-%D0%BC%D0%BD%D0%B5-%D1%81%D0%BA%D0%B0%D1%87%D0%B0%D1%82%D1%8C-%D1%81-porngem/|https://www.downloadtube.net/hi/porngem-%E0%A4%B8%E0%A5%87-%E0%A4%B5%E0%A5%80%E0%A4%A1%E0%A4%BF%E0%A4%AF%E0%A5%8B-%E0%A4%A1%E0%A4%BE%E0%A4%89%E0%A4%A8%E0%A4%B2%E0%A5%8B%E0%A4%A1-%E0%A4%95%E0%A4%B0%E0%A5%87%E0%A4%82/
pornheed.com,pornheed,missing,,,download-pornheed-videos,/download-pornheed-videos,Pornheed Video Downloader,true,3,24,downloadtube.net,downloadtube.net|yt2save.com|badassdownloader.com,"Pornheed adult video downloader page; emphasize public videos, privacy, HD/MP4 formats, no popups, browser extension CTA, and legal/adult disclaimer.",https://badassdownloader.com/pornheed/|https://www.downloadtube.net/download-videos-from-pornheed/|https://www.downloadtube.net/how-do-i-download-from-pornheed/|https://www.downloadtube.net/zh/%E4%BB%8Epornheed%E4%B8%8B%E8%BD%BD%E8%A7%86%E9%A2%91/|https://www.downloadtube.net/zh/%E6%88%91%E5%A6%82%E4%BD%95%E4%BB%8Epornheed%E4%B8%8B%E8%BD%BD/|https://www.downloadtube.net/es/c%C3%B3mo-puedo-descargar-desde-pornheed/|https://www.downloadtube.net/ru/%D1%81%D0%BA%D0%B0%D1%87%D0%B0%D1%82%D1%8C-%D0%B2%D0%B8%D0%B4%D0%B5%D0%BE-%D1%81-pornheed/|https://www.downloadtube.net/ru/%D0%BA%D0%B0%D0%BA-%D0%BC%D0%BD%D0%B5-%D1%81%D0%BA%D0%B0%D1%87%D0%B0%D1%82%D1%8C-%D1%81-pornheed/
pornhits.com,pornhits,missing,,,download-pornhits-videos,/download-pornhits-videos,Pornhits Video Downloader,true,3,24,downloadtube.net,downloadtube.net|yt2save.com|badassdownloader.com,"Pornhits adult video downloader page; emphasize public videos, privacy, HD/MP4 formats, no popups, browser extension CTA, and legal/adult disclaimer.",https://badassdownloader.com/pornhits/|https://www.downloadtube.net/download-videos-from-pornhits/|https://www.downloadtube.net/how-do-i-download-from-pornhits/|https://www.downloadtube.net/zh/%E4%BB%8Epornhits%E4%B8%8B%E8%BD%BD%E8%A7%86%E9%A2%91/|https://www.downloadtube.net/zh/%E6%88%91%E5%A6%82%E4%BD%95%E4%BB%8Epornhits%E4%B8%8B%E8%BD%BD/|https://www.downloadtube.net/es/c%C3%B3mo-puedo-descargar-desde-pornhits/|https://www.downloadtube.net/ru/%D1%81%D0%BA%D0%B0%D1%87%D0%B0%D1%82%D1%8C-%D0%B2%D0%B8%D0%B4%D0%B5%D0%BE-%D1%81-pornhits/|https://www.downloadtube.net/ru/%D0%BA%D0%B0%D0%BA-%D0%BC%D0%BD%D0%B5-%D1%81%D0%BA%D0%B0%D1%87%D0%B0%D1%82%D1%8C-%D1%81-pornhits/
pornmedium.com,pornmedium,missing,,,download-pornmedium-videos,/download-pornmedium-videos,Pornmedium Video Downloader,true,3,24,downloadtube.net,downloadtube.net|yt2save.com|badassdownloader.com,"Pornmedium adult video downloader page; emphasize public videos, privacy, HD/MP4 formats, no popups, browser extension CTA, and legal/adult disclaimer.",https://badassdownloader.com/pornmedium/|https://www.downloadtube.net/download-videos-from-pornmedium/|https://www.downloadtube.net/how-do-i-download-from-pornmedium/|https://www.downloadtube.net/zh/%E4%BB%8Epornmedium%E4%B8%8B%E8%BD%BD%E8%A7%86%E9%A2%91/|https://www.downloadtube.net/zh/%E6%88%91%E5%A6%82%E4%BD%95%E4%BB%8Epornmedium%E4%B8%8B%E8%BD%BD/|https://www.downloadtube.net/es/c%C3%B3mo-puedo-descargar-desde-pornmedium/|https://www.downloadtube.net/ru/%D1%81%D0%BA%D0%B0%D1%87%D0%B0%D1%82%D1%8C-%D0%B2%D0%B8%D0%B4%D0%B5%D0%BE-%D1%81-pornmedium/|https://www.downloadtube.net/ru/%D0%BA%D0%B0%D0%BA-%D0%BC%D0%BD%D0%B5-%D1%81%D0%BA%D0%B0%D1%87%D0%B0%D1%82%D1%8C-%D1%81-pornmedium/
porntn.com,porntn,missing,,,download-porntn-videos,/download-porntn-videos,Porntn Video Downloader,true,3,24,downloadtube.net,downloadtube.net|yt2save.com|badassdownloader.com,"Porntn adult video downloader page; emphasize public videos, privacy, HD/MP4 formats, no popups, browser extension CTA, and legal/adult disclaimer.",https://badassdownloader.com/porntn/|https://www.downloadtube.net/download-videos-from-porntn/|https://www.downloadtube.net/how-do-i-download-from-porntn/|https://www.downloadtube.net/zh/%E4%BB%8Eporntn%E4%B8%8B%E8%BD%BD%E8%A7%86%E9%A2%91/|https://www.downloadtube.net/zh/%E6%88%91%E5%A6%82%E4%BD%95%E4%BB%8Eporntn%E4%B8%8B%E8%BD%BD/|https://www.downloadtube.net/es/c%C3%B3mo-puedo-descargar-desde-porntn/|https://www.downloadtube.net/ru/%D1%81%D0%BA%D0%B0%D1%87%D0%B0%D1%82%D1%8C-%D0%B2%D0%B8%D0%B4%D0%B5%D0%BE-%D1%81-porntn/|https://www.downloadtube.net/ru/%D0%BA%D0%B0%D0%BA-%D0%BC%D0%BD%D0%B5-%D1%81%D0%BA%D0%B0%D1%87%D0%B0%D1%82%D1%8C-%D1%81-porntn/
pornve.com,pornve,missing,,,download-pornve-videos,/download-pornve-videos,Pornve Video Downloader,true,3,24,downloadtube.net,downloadtube.net|yt2save.com|badassdownloader.com,"Pornve adult video downloader page; emphasize public videos, privacy, HD/MP4 formats, no popups, browser extension CTA, and legal/adult disclaimer.",https://badassdownloader.com/pornve/|https://www.downloadtube.net/download-videos-from-pornve/|https://www.downloadtube.net/how-do-i-download-from-pornve/|https://www.downloadtube.net/zh/%E4%BB%8Epornve%E4%B8%8B%E8%BD%BD%E8%A7%86%E9%A2%91/|https://www.downloadtube.net/zh/%E6%88%91%E5%A6%82%E4%BD%95%E4%BB%8Epornve%E4%B8%8B%E8%BD%BD/|https://www.downloadtube.net/es/c%C3%B3mo-puedo-descargar-desde-pornve/|https://www.downloadtube.net/ru/%D1%81%D0%BA%D0%B0%D1%87%D0%B0%D1%82%D1%8C-%D0%B2%D0%B8%D0%B4%D0%B5%D0%BE-%D1%81-pornve/|https://www.downloadtube.net/ru/%D0%BA%D0%B0%D0%BA-%D0%BC%D0%BD%D0%B5-%D1%81%D0%BA%D0%B0%D1%87%D0%B0%D1%82%D1%8C-%D1%81-pornve/
sex.com,sex,missing,,,download-sex-videos,/download-sex-videos,Sex Video Downloader,true,3,24,downloadtube.net,downloadtube.net|yt2save.com|tubeoffline.com,"Sex adult video downloader page; emphasize public videos, privacy, HD/MP4 formats, no popups, browser extension CTA, and legal/adult disclaimer.",https://www.downloadtube.net/download-videos-from-sex/|https://www.downloadtube.net/how-do-i-download-from-sex/|https://www.downloadtube.net/zh/%E4%BB%8Esex%E4%B8%8B%E8%BD%BD%E8%A7%86%E9%A2%91/|https://www.downloadtube.net/zh/%E6%88%91%E5%A6%82%E4%BD%95%E4%BB%8Esex%E4%B8%8B%E8%BD%BD/|https://www.downloadtube.net/es/c%C3%B3mo-puedo-descargar-desde-sex/|https://www.downloadtube.net/ru/%D1%81%D0%BA%D0%B0%D1%87%D0%B0%D1%82%D1%8C-%D0%B2%D0%B8%D0%B4%D0%B5%D0%BE-%D1%81-sex/|https://www.downloadtube.net/ru/%D0%BA%D0%B0%D0%BA-%D0%BC%D0%BD%D0%B5-%D1%81%D0%BA%D0%B0%D1%87%D0%B0%D1%82%D1%8C-%D1%81-sex/|https://www.downloadtube.net/hi/sex-%E0%A4%B8%E0%A5%87-%E0%A4%B5%E0%A5%80%E0%A4%A1%E0%A4%BF%E0%A4%AF%E0%A5%8B-%E0%A4%A1%E0%A4%BE%E0%A4%89%E0%A4%A8%E0%A4%B2%E0%A5%8B%E0%A4%A1-%E0%A4%95%E0%A4%B0%E0%A5%87%E0%A4%82/
sexodi.com,sexodi,missing,,,download-sexodi-videos,/download-sexodi-videos,Sexodi Video Downloader,true,3,24,downloadtube.net,downloadtube.net|yt2save.com|badassdownloader.com,"Sexodi adult video downloader page; emphasize public videos, privacy, HD/MP4 formats, no popups, browser extension CTA, and legal/adult disclaimer.",https://badassdownloader.com/sexodi/|https://www.downloadtube.net/download-videos-from-sexodi/|https://www.downloadtube.net/how-do-i-download-from-sexodi/|https://www.downloadtube.net/zh/%E4%BB%8Esexodi%E4%B8%8B%E8%BD%BD%E8%A7%86%E9%A2%91/|https://www.downloadtube.net/zh/%E6%88%91%E5%A6%82%E4%BD%95%E4%BB%8Esexodi%E4%B8%8B%E8%BD%BD/|https://www.downloadtube.net/es/c%C3%B3mo-puedo-descargar-desde-sexodi/|https://www.downloadtube.net/ru/%D1%81%D0%BA%D0%B0%D1%87%D0%B0%D1%82%D1%8C-%D0%B2%D0%B8%D0%B4%D0%B5%D0%BE-%D1%81-sexodi/|https://www.downloadtube.net/ru/%D0%BA%D0%B0%D0%BA-%D0%BC%D0%BD%D0%B5-%D1%81%D0%BA%D0%B0%D1%87%D0%B0%D1%82%D1%8C-%D1%81-sexodi/
sextvx.com,sextvx,missing,,,download-sextvx-videos,/download-sextvx-videos,Sextvx Video Downloader,true,3,24,downloadtube.net,downloadtube.net|yt2save.com|badassdownloader.com,"Sextvx adult video downloader page; emphasize public videos, privacy, HD/MP4 formats, no popups, browser extension CTA, and legal/adult disclaimer.",https://badassdownloader.com/sextvx/|https://www.downloadtube.net/download-videos-from-sextvx/|https://www.downloadtube.net/how-do-i-download-from-sextvx/|https://www.downloadtube.net/zh/%E4%BB%8Esextvx%E4%B8%8B%E8%BD%BD%E8%A7%86%E9%A2%91/|https://www.downloadtube.net/zh/%E6%88%91%E5%A6%82%E4%BD%95%E4%BB%8Esextvx%E4%B8%8B%E8%BD%BD/|https://www.downloadtube.net/es/c%C3%B3mo-puedo-descargar-desde-sextvx/|https://www.downloadtube.net/ru/%D1%81%D0%BA%D0%B0%D1%87%D0%B0%D1%82%D1%8C-%D0%B2%D0%B8%D0%B4%D0%B5%D0%BE-%D1%81-sextvx/|https://www.downloadtube.net/ru/%D0%BA%D0%B0%D0%BA-%D0%BC%D0%BD%D0%B5-%D1%81%D0%BA%D0%B0%D1%87%D0%B0%D1%82%D1%8C-%D1%81-sextvx/
shemalestube.com,shemalestube,missing,,,download-shemalestube-videos,/download-shemalestube-videos,Shemalestube Video Downloader,true,3,24,downloadtube.net,downloadtube.net|yt2save.com|badassdownloader.com,"Shemalestube adult video downloader page; emphasize public videos, privacy, HD/MP4 formats, no popups, browser extension CTA, and legal/adult disclaimer.",https://badassdownloader.com/shemalestube/|https://www.downloadtube.net/download-videos-from-shemalestube/|https://www.downloadtube.net/how-do-i-download-from-shemalestube/|https://www.downloadtube.net/zh/%E4%BB%8Eshemalestube%E4%B8%8B%E8%BD%BD%E8%A7%86%E9%A2%91/|https://www.downloadtube.net/zh/%E6%88%91%E5%A6%82%E4%BD%95%E4%BB%8Eshemalestube%E4%B8%8B%E8%BD%BD/|https://www.downloadtube.net/es/c%C3%B3mo-puedo-descargar-desde-shemalestube/|https://www.downloadtube.net/ru/%D1%81%D0%BA%D0%B0%D1%87%D0%B0%D1%82%D1%8C-%D0%B2%D0%B8%D0%B4%D0%B5%D0%BE-%D1%81-shemalestube/|https://www.downloadtube.net/ru/%D0%BA%D0%B0%D0%BA-%D0%BC%D0%BD%D0%B5-%D1%81%D0%BA%D0%B0%D1%87%D0%B0%D1%82%D1%8C-%D1%81-shemalestube/
tubsexer.com,tubsexer,missing,,,download-tubsexer-videos,/download-tubsexer-videos,Tubsexer Video Downloader,true,3,24,downloadtube.net,downloadtube.net|yt2save.com|tubeoffline.com,"Tubsexer adult video downloader page; emphasize public videos, privacy, HD/MP4 formats, no popups, browser extension CTA, and legal/adult disclaimer.",https://www.downloadtube.net/download-videos-from-tubsexer/|https://www.downloadtube.net/how-do-i-download-from-tubsexer/|https://www.downloadtube.net/zh/%E4%BB%8Etubsexer%E4%B8%8B%E8%BD%BD%E8%A7%86%E9%A2%91/|https://www.downloadtube.net/zh/%E6%88%91%E5%A6%82%E4%BD%95%E4%BB%8Etubsexer%E4%B8%8B%E8%BD%BD/|https://www.downloadtube.net/es/c%C3%B3mo-puedo-descargar-desde-tubsexer/|https://www.downloadtube.net/ru/%D1%81%D0%BA%D0%B0%D1%87%D0%B0%D1%82%D1%8C-%D0%B2%D0%B8%D0%B4%D0%B5%D0%BE-%D1%81-tubsexer/|https://www.downloadtube.net/ru/%D0%BA%D0%B0%D0%BA-%D0%BC%D0%BD%D0%B5-%D1%81%D0%BA%D0%B0%D1%87%D0%B0%D1%82%D1%8C-%D1%81-tubsexer/|https://www.downloadtube.net/hi/tubsexer-%E0%A4%B8%E0%A5%87-%E0%A4%B5%E0%A5%80%E0%A4%A1%E0%A4%BF%E0%A4%AF%E0%A5%8B-%E0%A4%A1%E0%A4%BE%E0%A4%89%E0%A4%A8%E0%A4%B2%E0%A5%8B%E0%A4%A1-%E0%A4%95%E0%A4%B0%E0%A5%87%E0%A4%82/
xhamsterpremium.com,xhamsterpremium,missing,,,download-xhamsterpremium-videos,/download-xhamsterpremium-videos,Xhamsterpremium Video Downloader,true,3,24,downloadtube.net,downloadtube.net|yt2save.com|tubeoffline.com,"Xhamsterpremium adult video downloader page; emphasize public videos, privacy, HD/MP4 formats, no popups, browser extension CTA, and legal/adult disclaimer.",https://www.downloadtube.net/download-videos-from-xhamsterpremium/|https://www.downloadtube.net/how-do-i-download-from-xhamsterpremium/|https://www.downloadtube.net/zh/%E4%BB%8Exhamsterpremium%E4%B8%8B%E8%BD%BD%E8%A7%86%E9%A2%91/|https://www.downloadtube.net/zh/%E6%88%91%E5%A6%82%E4%BD%95%E4%BB%8Exhamsterpremium%E4%B8%8B%E8%BD%BD/|https://www.downloadtube.net/es/c%C3%B3mo-puedo-descargar-desde-xhamsterpremium/|https://www.downloadtube.net/ru/%D1%81%D0%BA%D0%B0%D1%87%D0%B0%D1%82%D1%8C-%D0%B2%D0%B8%D0%B4%D0%B5%D0%BE-%D1%81-xhamsterpremium/|https://www.downloadtube.net/ru/%D0%BA%D0%B0%D0%BA-%D0%BC%D0%BD%D0%B5-%D1%81%D0%BA%D0%B0%D1%87%D0%B0%D1%82%D1%8C-%D1%81-xhamsterpremium/|https://www.downloadtube.net/hi/xhamsterpremium-%E0%A4%B8%E0%A5%87-%E0%A4%B5%E0%A5%80%E0%A4%A1%E0%A4%BF%E0%A4%AF%E0%A5%8B-%E0%A4%A1%E0%A4%BE%E0%A4%89%E0%A4%A8%E0%A4%B2%E0%A5%8B%E0%A4%A1-%E0%A4%95%E0%A4%B0%E0%A5%87%E0%A4%82/
xxxdan.com,xxxdan,missing,,,download-xxxdan-videos,/download-xxxdan-videos,Xxxdan Video Downloader,true,3,24,downloadtube.net,downloadtube.net|yt2save.com|tubeoffline.com,"Xxxdan adult video downloader page; emphasize public videos, privacy, HD/MP4 formats, no popups, browser extension CTA, and legal/adult disclaimer.",https://www.downloadtube.net/download-videos-from-xxxdan/|https://www.downloadtube.net/how-do-i-download-from-xxxdan/|https://www.downloadtube.net/zh/%E4%BB%8Exxxdan%E4%B8%8B%E8%BD%BD%E8%A7%86%E9%A2%91/|https://www.downloadtube.net/zh/%E6%88%91%E5%A6%82%E4%BD%95%E4%BB%8Exxxdan%E4%B8%8B%E8%BD%BD/|https://www.downloadtube.net/es/c%C3%B3mo-puedo-descargar-desde-xxxdan/|https://www.downloadtube.net/ru/%D1%81%D0%BA%D0%B0%D1%87%D0%B0%D1%82%D1%8C-%D0%B2%D0%B8%D0%B4%D0%B5%D0%BE-%D1%81-xxxdan/|https://www.downloadtube.net/ru/%D0%BA%D0%B0%D0%BA-%D0%BC%D0%BD%D0%B5-%D1%81%D0%BA%D0%B0%D1%87%D0%B0%D1%82%D1%8C-%D1%81-xxxdan/|https://www.downloadtube.net/hi/xxxdan-%E0%A4%B8%E0%A5%87-%E0%A4%B5%E0%A5%80%E0%A4%A1%E0%A4%BF%E0%A4%AF%E0%A5%8B-%E0%A4%A1%E0%A4%BE%E0%A4%89%E0%A4%A8%E0%A4%B2%E0%A5%8B%E0%A4%A1-%E0%A4%95%E0%A4%B0%E0%A5%87%E0%A4%82/
yourporngod.com,yourporngod,missing,,,download-yourporngod-videos,/download-yourporngod-videos,Yourporngod Video Downloader,true,3,24,downloadtube.net,downloadtube.net|yt2save.com|tubeoffline.com,"Yourporngod adult video downloader page; emphasize public videos, privacy, HD/MP4 formats, no popups, browser extension CTA, and legal/adult disclaimer.",https://www.downloadtube.net/download-videos-from-yourporngod/|https://www.downloadtube.net/how-do-i-download-from-yourporngod/|https://www.downloadtube.net/zh/%E4%BB%8Eyourporngod%E4%B8%8B%E8%BD%BD%E8%A7%86%E9%A2%91/|https://www.downloadtube.net/zh/%E6%88%91%E5%A6%82%E4%BD%95%E4%BB%8Eyourporngod%E4%B8%8B%E8%BD%BD/|https://www.downloadtube.net/es/c%C3%B3mo-puedo-descargar-desde-yourporngod/|https://www.downloadtube.net/ru/%D1%81%D0%BA%D0%B0%D1%87%D0%B0%D1%82%D1%8C-%D0%B2%D0%B8%D0%B4%D0%B5%D0%BE-%D1%81-yourporngod/|https://www.downloadtube.net/ru/%D0%BA%D0%B0%D0%BA-%D0%BC%D0%BD%D0%B5-%D1%81%D0%BA%D0%B0%D1%87%D0%B0%D1%82%D1%8C-%D1%81-yourporngod/|https://www.downloadtube.net/hi/yourporngod-%E0%A4%B8%E0%A5%87-%E0%A4%B5%E0%A5%80%E0%A4%A1%E0%A4%BF%E0%A4%AF%E0%A5%8B-%E0%A4%A1%E0%A4%BE%E0%A4%89%E0%A4%A8%E0%A4%B2%E0%A5%8B%E0%A4%A1-%E0%A4%95%E0%A4%B0%E0%A5%87%E0%A4%82/
faphouse.com,faphouse,missing,,,download-faphouse-videos,/download-faphouse-videos,Faphouse Video Downloader,true,2,278,saveporn.net,saveporn.net|pptube.org,"Faphouse adult video downloader page; emphasize public videos, privacy, HD/MP4 formats, no popups, browser extension CTA, and legal/adult disclaimer.",https://pptube.org/video/download-faphouse-video/|https://www.saveporn.net/online-faphouse-converter/|https://www.saveporn.net/download-videos-from-faphouse/|https://www.saveporn.net/faphouse-link-downloader/|https://www.saveporn.net/faphouse-mp4-converter/|https://www.saveporn.net/faphouse-offline-download/|https://www.saveporn.net/faphouse-online-downloader/|https://www.saveporn.net/faphouse-url-downloader/
fapd.com,fapd,missing,,,download-fapd-videos,/download-fapd-videos,Fapd Video Downloader,true,2,59,tubeninja.net,tubeninja.net|downloadtube.net,"Fapd adult video downloader page; emphasize public videos, privacy, HD/MP4 formats, no popups, browser extension CTA, and legal/adult disclaimer.",https://www.downloadtube.net/download-videos-from-fapd/|https://www.downloadtube.net/how-do-i-download-from-fapd/|https://www.downloadtube.net/zh/%E4%BB%8Efapd%E4%B8%8B%E8%BD%BD%E8%A7%86%E9%A2%91/|https://www.downloadtube.net/zh/%E6%88%91%E5%A6%82%E4%BD%95%E4%BB%8Efapd%E4%B8%8B%E8%BD%BD/|https://www.downloadtube.net/es/c%C3%B3mo-puedo-descargar-desde-fapd/|https://www.downloadtube.net/ru/%D1%81%D0%BA%D0%B0%D1%87%D0%B0%D1%82%D1%8C-%D0%B2%D0%B8%D0%B4%D0%B5%D0%BE-%D1%81-fapd/|https://www.downloadtube.net/ru/%D0%BA%D0%B0%D0%BA-%D0%BC%D0%BD%D0%B5-%D1%81%D0%BA%D0%B0%D1%87%D0%B0%D1%82%D1%8C-%D1%81-fapd/|https://www.downloadtube.net/hi/fapd-%E0%A4%B8%E0%A5%87-%E0%A4%B5%E0%A5%80%E0%A4%A1%E0%A4%BF%E0%A4%AF%E0%A5%8B-%E0%A4%A1%E0%A4%BE%E0%A4%89%E0%A4%A8%E0%A4%B2%E0%A5%8B%E0%A4%A1-%E0%A4%95%E0%A4%B0%E0%A5%87%E0%A4%82/
fapdu.com,fapdu,missing,,,download-fapdu-videos,/download-fapdu-videos,Fapdu Video Downloader,true,2,59,tubeninja.net,tubeninja.net|downloadtube.net,"Fapdu adult video downloader page; emphasize public videos, privacy, HD/MP4 formats, no popups, browser extension CTA, and legal/adult disclaimer.",https://www.downloadtube.net/download-videos-from-fapdu/|https://www.downloadtube.net/how-do-i-download-from-fapdu/|https://www.downloadtube.net/zh/%E4%BB%8Efapdu%E4%B8%8B%E8%BD%BD%E8%A7%86%E9%A2%91/|https://www.downloadtube.net/zh/%E6%88%91%E5%A6%82%E4%BD%95%E4%BB%8Efapdu%E4%B8%8B%E8%BD%BD/|https://www.downloadtube.net/es/c%C3%B3mo-puedo-descargar-desde-fapdu/|https://www.downloadtube.net/ru/%D1%81%D0%BA%D0%B0%D1%87%D0%B0%D1%82%D1%8C-%D0%B2%D0%B8%D0%B4%D0%B5%D0%BE-%D1%81-fapdu/|https://www.downloadtube.net/ru/%D0%BA%D0%B0%D0%BA-%D0%BC%D0%BD%D0%B5-%D1%81%D0%BA%D0%B0%D1%87%D0%B0%D1%82%D1%8C-%D1%81-fapdu/|https://www.downloadtube.net/hi/fapdu-%E0%A4%B8%E0%A5%87-%E0%A4%B5%E0%A5%80%E0%A4%A1%E0%A4%BF%E0%A4%AF%E0%A5%8B-%E0%A4%A1%E0%A4%BE%E0%A4%89%E0%A4%A8%E0%A4%B2%E0%A5%8B%E0%A4%A1-%E0%A4%95%E0%A4%B0%E0%A5%87%E0%A4%82/
hdporn.com,hdporn,missing,,,download-hdporn-videos,/download-hdporn-videos,Hdporn Video Downloader,true,2,59,tubeninja.net,tubeninja.net|downloadtube.net,"Hdporn adult video downloader page; emphasize public videos, privacy, HD/MP4 formats, no popups, browser extension CTA, and legal/adult disclaimer.",https://www.downloadtube.net/download-videos-from-hdporn/|https://www.downloadtube.net/how-do-i-download-from-hdporn/|https://www.downloadtube.net/zh/%E4%BB%8Ehdporn%E4%B8%8B%E8%BD%BD%E8%A7%86%E9%A2%91/|https://www.downloadtube.net/zh/%E6%88%91%E5%A6%82%E4%BD%95%E4%BB%8Ehdporn%E4%B8%8B%E8%BD%BD/|https://www.downloadtube.net/es/c%C3%B3mo-puedo-descargar-desde-hdporn/|https://www.downloadtube.net/ru/%D1%81%D0%BA%D0%B0%D1%87%D0%B0%D1%82%D1%8C-%D0%B2%D0%B8%D0%B4%D0%B5%D0%BE-%D1%81-hdporn/|https://www.downloadtube.net/ru/%D0%BA%D0%B0%D0%BA-%D0%BC%D0%BD%D0%B5-%D1%81%D0%BA%D0%B0%D1%87%D0%B0%D1%82%D1%8C-%D1%81-hdporn/|https://www.downloadtube.net/hi/hdporn-%E0%A4%B8%E0%A5%87-%E0%A4%B5%E0%A5%80%E0%A4%A1%E0%A4%BF%E0%A4%AF%E0%A5%8B-%E0%A4%A1%E0%A4%BE%E0%A4%89%E0%A4%A8%E0%A4%B2%E0%A5%8B%E0%A4%A1-%E0%A4%95%E0%A4%B0%E0%A5%87%E0%A4%82/
hentaiplay.com,hentaiplay,missing,,,download-hentaiplay-videos,/download-hentaiplay-videos,Hentaiplay Video Downloader,true,2,59,tubeninja.net,tubeninja.net|downloadtube.net,"Hentaiplay adult video downloader page; emphasize public videos, privacy, HD/MP4 formats, no popups, browser extension CTA, and legal/adult disclaimer.",https://www.downloadtube.net/download-videos-from-hentaiplay/|https://www.downloadtube.net/how-do-i-download-from-hentaiplay/|https://www.downloadtube.net/zh/%E4%BB%8Ehentaiplay%E4%B8%8B%E8%BD%BD%E8%A7%86%E9%A2%91/|https://www.downloadtube.net/zh/%E6%88%91%E5%A6%82%E4%BD%95%E4%BB%8Ehentaiplay%E4%B8%8B%E8%BD%BD/|https://www.downloadtube.net/es/c%C3%B3mo-puedo-descargar-desde-hentaiplay/|https://www.downloadtube.net/ru/%D1%81%D0%BA%D0%B0%D1%87%D0%B0%D1%82%D1%8C-%D0%B2%D0%B8%D0%B4%D0%B5%D0%BE-%D1%81-hentaiplay/|https://www.downloadtube.net/ru/%D0%BA%D0%B0%D0%BA-%D0%BC%D0%BD%D0%B5-%D1%81%D0%BA%D0%B0%D1%87%D0%B0%D1%82%D1%8C-%D1%81-hentaiplay/|https://www.downloadtube.net/hi/hentaiplay-%E0%A4%B8%E0%A5%87-%E0%A4%B5%E0%A5%80%E0%A4%A1%E0%A4%BF%E0%A4%AF%E0%A5%8B-%E0%A4%A1%E0%A4%BE%E0%A4%89%E0%A4%A8%E0%A4%B2%E0%A5%8B%E0%A4%A1-%E0%A4%95%E0%A4%B0%E0%A5%87%E0%A4%82/
pornfun.com,pornfun,missing,,,download-pornfun-videos,/download-pornfun-videos,Pornfun Video Downloader,true,2,59,tubeninja.net,tubeninja.net|downloadtube.net,"Pornfun adult video downloader page; emphasize public videos, privacy, HD/MP4 formats, no popups, browser extension CTA, and legal/adult disclaimer.",https://www.downloadtube.net/download-videos-from-pornfun/|https://www.downloadtube.net/how-do-i-download-from-pornfun/|https://www.downloadtube.net/zh/%E4%BB%8Epornfun%E4%B8%8B%E8%BD%BD%E8%A7%86%E9%A2%91/|https://www.downloadtube.net/zh/%E6%88%91%E5%A6%82%E4%BD%95%E4%BB%8Epornfun%E4%B8%8B%E8%BD%BD/|https://www.downloadtube.net/es/c%C3%B3mo-puedo-descargar-desde-pornfun/|https://www.downloadtube.net/ru/%D1%81%D0%BA%D0%B0%D1%87%D0%B0%D1%82%D1%8C-%D0%B2%D0%B8%D0%B4%D0%B5%D0%BE-%D1%81-pornfun/|https://www.downloadtube.net/ru/%D0%BA%D0%B0%D0%BA-%D0%BC%D0%BD%D0%B5-%D1%81%D0%BA%D0%B0%D1%87%D0%B0%D1%82%D1%8C-%D1%81-pornfun/|https://www.downloadtube.net/hi/pornfun-%E0%A4%B8%E0%A5%87-%E0%A4%B5%E0%A5%80%E0%A4%A1%E0%A4%BF%E0%A4%AF%E0%A5%8B-%E0%A4%A1%E0%A4%BE%E0%A4%89%E0%A4%A8%E0%A4%B2%E0%A5%8B%E0%A4%A1-%E0%A4%95%E0%A4%B0%E0%A5%87%E0%A4%82/
pornsharing.com,pornsharing,missing,,,download-pornsharing-videos,/download-pornsharing-videos,Pornsharing Video Downloader,true,2,59,tubeninja.net,tubeninja.net|downloadtube.net,"Pornsharing adult video downloader page; emphasize public videos, privacy, HD/MP4 formats, no popups, browser extension CTA, and legal/adult disclaimer.",https://www.downloadtube.net/download-videos-from-pornsharing/|https://www.downloadtube.net/how-do-i-download-from-pornsharing/|https://www.downloadtube.net/zh/%E4%BB%8Epornsharing%E4%B8%8B%E8%BD%BD%E8%A7%86%E9%A2%91/|https://www.downloadtube.net/zh/%E6%88%91%E5%A6%82%E4%BD%95%E4%BB%8Epornsharing%E4%B8%8B%E8%BD%BD/|https://www.downloadtube.net/es/c%C3%B3mo-puedo-descargar-desde-pornsharing/|https://www.downloadtube.net/ru/%D1%81%D0%BA%D0%B0%D1%87%D0%B0%D1%82%D1%8C-%D0%B2%D0%B8%D0%B4%D0%B5%D0%BE-%D1%81-pornsharing/|https://www.downloadtube.net/ru/%D0%BA%D0%B0%D0%BA-%D0%BC%D0%BD%D0%B5-%D1%81%D0%BA%D0%B0%D1%87%D0%B0%D1%82%D1%8C-%D1%81-pornsharing/|https://www.downloadtube.net/hi/pornsharing-%E0%A4%B8%E0%A5%87-%E0%A4%B5%E0%A5%80%E0%A4%A1%E0%A4%BF%E0%A4%AF%E0%A5%8B-%E0%A4%A1%E0%A4%BE%E0%A4%89%E0%A4%A8%E0%A4%B2%E0%A5%8B%E0%A4%A1-%E0%A4%95%E0%A4%B0%E0%A5%87%E0%A4%82/
teatroporno.com,teatroporno,missing,,,download-teatroporno-videos,/download-teatroporno-videos,Teatroporno Video Downloader,true,2,59,tubeninja.net,tubeninja.net|downloadtube.net,"Teatroporno adult video downloader page; emphasize public videos, privacy, HD/MP4 formats, no popups, browser extension CTA, and legal/adult disclaimer.",https://www.downloadtube.net/download-videos-from-teatroporno/|https://www.downloadtube.net/how-do-i-download-from-teatroporno/|https://www.downloadtube.net/zh/%E4%BB%8Eteatroporno%E4%B8%8B%E8%BD%BD%E8%A7%86%E9%A2%91/|https://www.downloadtube.net/zh/%E6%88%91%E5%A6%82%E4%BD%95%E4%BB%8Eteatroporno%E4%B8%8B%E8%BD%BD/|https://www.downloadtube.net/es/c%C3%B3mo-puedo-descargar-desde-teatroporno/|https://www.downloadtube.net/ru/%D1%81%D0%BA%D0%B0%D1%87%D0%B0%D1%82%D1%8C-%D0%B2%D0%B8%D0%B4%D0%B5%D0%BE-%D1%81-teatroporno/|https://www.downloadtube.net/ru/%D0%BA%D0%B0%D0%BA-%D0%BC%D0%BD%D0%B5-%D1%81%D0%BA%D0%B0%D1%87%D0%B0%D1%82%D1%8C-%D1%81-teatroporno/|https://www.downloadtube.net/hi/teatroporno-%E0%A4%B8%E0%A5%87-%E0%A4%B5%E0%A5%80%E0%A4%A1%E0%A4%BF%E0%A4%AF%E0%A5%8B-%E0%A4%A1%E0%A4%BE%E0%A4%89%E0%A4%A8%E0%A4%B2%E0%A5%8B%E0%A4%A1-%E0%A4%95%E0%A4%B0%E0%A5%87%E0%A4%82/
thenewporn.com,thenewporn,missing,,,download-thenewporn-videos,/download-thenewporn-videos,Thenewporn Video Downloader,true,2,59,tubeninja.net,tubeninja.net|downloadtube.net,"Thenewporn adult video downloader page; emphasize public videos, privacy, HD/MP4 formats, no popups, browser extension CTA, and legal/adult disclaimer.",https://www.downloadtube.net/download-videos-from-thenewporn/|https://www.downloadtube.net/how-do-i-download-from-thenewporn/|https://www.downloadtube.net/zh/%E4%BB%8Ethenewporn%E4%B8%8B%E8%BD%BD%E8%A7%86%E9%A2%91/|https://www.downloadtube.net/zh/%E6%88%91%E5%A6%82%E4%BD%95%E4%BB%8Ethenewporn%E4%B8%8B%E8%BD%BD/|https://www.downloadtube.net/es/c%C3%B3mo-puedo-descargar-desde-thenewporn/|https://www.downloadtube.net/ru/%D1%81%D0%BA%D0%B0%D1%87%D0%B0%D1%82%D1%8C-%D0%B2%D0%B8%D0%B4%D0%B5%D0%BE-%D1%81-thenewporn/|https://www.downloadtube.net/ru/%D0%BA%D0%B0%D0%BA-%D0%BC%D0%BD%D0%B5-%D1%81%D0%BA%D0%B0%D1%87%D0%B0%D1%82%D1%8C-%D1%81-thenewporn/|https://www.downloadtube.net/hi/thenewporn-%E0%A4%B8%E0%A5%87-%E0%A4%B5%E0%A5%80%E0%A4%A1%E0%A4%BF%E0%A4%AF%E0%A5%8B-%E0%A4%A1%E0%A4%BE%E0%A4%89%E0%A4%A8%E0%A4%B2%E0%A5%8B%E0%A4%A1-%E0%A4%95%E0%A4%B0%E0%A5%87%E0%A4%82/
x3xtube.com,x3xtube,missing,,,download-x3xtube-videos,/download-x3xtube-videos,X3xtube Video Downloader,true,2,59,tubeninja.net,tubeninja.net|downloadtube.net,"X3xtube adult video downloader page; emphasize public videos, privacy, HD/MP4 formats, no popups, browser extension CTA, and legal/adult disclaimer.",https://www.downloadtube.net/download-videos-from-x3xtube/|https://www.downloadtube.net/how-do-i-download-from-x3xtube/|https://www.downloadtube.net/zh/%E4%BB%8Ex3xtube%E4%B8%8B%E8%BD%BD%E8%A7%86%E9%A2%91/|https://www.downloadtube.net/zh/%E6%88%91%E5%A6%82%E4%BD%95%E4%BB%8Ex3xtube%E4%B8%8B%E8%BD%BD/|https://www.downloadtube.net/es/c%C3%B3mo-puedo-descargar-desde-x3xtube/|https://www.downloadtube.net/ru/%D1%81%D0%BA%D0%B0%D1%87%D0%B0%D1%82%D1%8C-%D0%B2%D0%B8%D0%B4%D0%B5%D0%BE-%D1%81-x3xtube/|https://www.downloadtube.net/ru/%D0%BA%D0%B0%D0%BA-%D0%BC%D0%BD%D0%B5-%D1%81%D0%BA%D0%B0%D1%87%D0%B0%D1%82%D1%8C-%D1%81-x3xtube/|https://www.downloadtube.net/hi/x3xtube-%E0%A4%B8%E0%A5%87-%E0%A4%B5%E0%A5%80%E0%A4%A1%E0%A4%BF%E0%A4%AF%E0%A5%8B-%E0%A4%A1%E0%A4%BE%E0%A4%89%E0%A4%A8%E0%A4%B2%E0%A5%8B%E0%A4%A1-%E0%A4%95%E0%A4%B0%E0%A5%87%E0%A4%82/
lesbianpornvideos.com,lesbianpornvideos,missing,,,download-lesbianpornvideos-videos,/download-lesbianpornvideos-videos,Lesbianpornvideos Video Downloader,true,2,57,tubeninja.net,tubeninja.net|downloadtube.net,"Lesbianpornvideos adult video downloader page; emphasize public videos, privacy, HD/MP4 formats, no popups, browser extension CTA, and legal/adult disclaimer.",https://www.downloadtube.net/download-videos-from-lesbianpornvideos/|https://www.downloadtube.net/how-do-i-download-from-lesbianpornvideos/|https://www.downloadtube.net/zh/%E4%BB%8Elesbianpornvideos%E4%B8%8B%E8%BD%BD%E8%A7%86%E9%A2%91/|https://www.downloadtube.net/zh/%E6%88%91%E5%A6%82%E4%BD%95%E4%BB%8Elesbianpornvideos%E4%B8%8B%E8%BD%BD/|https://www.downloadtube.net/es/c%C3%B3mo-puedo-descargar-desde-lesbianpornvideos/|https://www.downloadtube.net/ru/%D1%81%D0%BA%D0%B0%D1%87%D0%B0%D1%82%D1%8C-%D0%B2%D0%B8%D0%B4%D0%B5%D0%BE-%D1%81-lesbianpornvideos/|https://www.downloadtube.net/ru/%D0%BA%D0%B0%D0%BA-%D0%BC%D0%BD%D0%B5-%D1%81%D0%BA%D0%B0%D1%87%D0%B0%D1%82%D1%8C-%D1%81-lesbianpornvideos/|https://www.downloadtube.net/hi/lesbianpornvideos-%E0%A4%B8%E0%A5%87-%E0%A4%B5%E0%A5%80%E0%A4%A1%E0%A4%BF%E0%A4%AF%E0%A5%8B-%E0%A4%A1%E0%A4%BE%E0%A4%89%E0%A4%A8%E0%A4%B2%E0%A5%8B%E0%A4%A1-%E0%A4%95%E0%A4%B0%E0%A5%87%E0%A4%82/
manporn.com,manporn,missing,,,download-manporn-videos,/download-manporn-videos,Manporn Video Downloader,true,2,57,tubeninja.net,tubeninja.net|downloadtube.net,"Manporn adult video downloader page; emphasize public videos, privacy, HD/MP4 formats, no popups, browser extension CTA, and legal/adult disclaimer.",https://www.downloadtube.net/download-videos-from-manporn/|https://www.downloadtube.net/how-do-i-download-from-manporn/|https://www.downloadtube.net/zh/%E4%BB%8Emanporn%E4%B8%8B%E8%BD%BD%E8%A7%86%E9%A2%91/|https://www.downloadtube.net/zh/%E6%88%91%E5%A6%82%E4%BD%95%E4%BB%8Emanporn%E4%B8%8B%E8%BD%BD/|https://www.downloadtube.net/es/c%C3%B3mo-puedo-descargar-desde-manporn/|https://www.downloadtube.net/ru/%D1%81%D0%BA%D0%B0%D1%87%D0%B0%D1%82%D1%8C-%D0%B2%D0%B8%D0%B4%D0%B5%D0%BE-%D1%81-manporn/|https://www.downloadtube.net/ru/%D0%BA%D0%B0%D0%BA-%D0%BC%D0%BD%D0%B5-%D1%81%D0%BA%D0%B0%D1%87%D0%B0%D1%82%D1%8C-%D1%81-manporn/|https://www.downloadtube.net/hi/manporn-%E0%A4%B8%E0%A5%87-%E0%A4%B5%E0%A5%80%E0%A4%A1%E0%A4%BF%E0%A4%AF%E0%A5%8B-%E0%A4%A1%E0%A4%BE%E0%A4%89%E0%A4%A8%E0%A4%B2%E0%A5%8B%E0%A4%A1-%E0%A4%95%E0%A4%B0%E0%A5%87%E0%A4%82/
watchdocumentaries.com,watchdocumentaries,missing,,,download-watchdocumentaries-videos,/download-watchdocumentaries-videos,Watchdocumentaries Video Downloader,true,2,57,tubeninja.net,tubeninja.net|downloadtube.net,"Watchdocumentaries adult video downloader page; emphasize public videos, privacy, HD/MP4 formats, no popups, browser extension CTA, and legal/adult disclaimer.",https://www.downloadtube.net/download-videos-from-watchdocumentaries/|https://www.downloadtube.net/how-do-i-download-from-watchdocumentaries/|https://www.downloadtube.net/zh/%E4%BB%8Ewatchdocumentaries%E4%B8%8B%E8%BD%BD%E8%A7%86%E9%A2%91/|https://www.downloadtube.net/zh/%E6%88%91%E5%A6%82%E4%BD%95%E4%BB%8Ewatchdocumentaries%E4%B8%8B%E8%BD%BD/|https://www.downloadtube.net/es/c%C3%B3mo-puedo-descargar-desde-watchdocumentaries/|https://www.downloadtube.net/ru/%D1%81%D0%BA%D0%B0%D1%87%D0%B0%D1%82%D1%8C-%D0%B2%D0%B8%D0%B4%D0%B5%D0%BE-%D1%81-watchdocumentaries/|https://www.downloadtube.net/ru/%D0%BA%D0%B0%D0%BA-%D0%BC%D0%BD%D0%B5-%D1%81%D0%BA%D0%B0%D1%87%D0%B0%D1%82%D1%8C-%D1%81-watchdocumentaries/|https://www.downloadtube.net/hi/watchdocumentaries-%E0%A4%B8%E0%A5%87-%E0%A4%B5%E0%A5%80%E0%A4%A1%E0%A4%BF%E0%A4%AF%E0%A5%8B-%E0%A4%A1%E0%A4%BE%E0%A4%89%E0%A4%A8%E0%A4%B2%E0%A5%8B%E0%A4%A1-%E0%A4%95%E0%A4%B0%E0%A5%87%E0%A4%82/
apornstories.com,apornstories,missing,,,download-apornstories-videos,/download-apornstories-videos,Apornstories Video Downloader,true,2,40,tubeninja.net,tubeninja.net|yt2save.com,"Apornstories adult video downloader page; emphasize public videos, privacy, HD/MP4 formats, no popups, browser extension CTA, and legal/adult disclaimer.",http://www.tubeninja.net/how-to-download/apornstories|http://www.tubeninja.net/ar/kayfiyat-tahmil/apornstories|http://www.tubeninja.net/de/download-anleitung/apornstories|http://www.tubeninja.net/es/como-descargar/apornstories|http://www.tubeninja.net/fa/how-to-download/apornstories|http://www.tubeninja.net/fr/comment-telecharger/apornstories|http://www.tubeninja.net/id/bagaimana-cara-mengunduh/apornstories|http://www.tubeninja.net/it/come-scaricare/apornstories
camwhoreshd.com,camwhoreshd,missing,,,download-camwhoreshd-videos,/download-camwhoreshd-videos,Camwhoreshd Video Downloader,true,2,40,tubeninja.net,tubeninja.net|yt2save.com,"Camwhoreshd adult video downloader page; emphasize public videos, privacy, HD/MP4 formats, no popups, browser extension CTA, and legal/adult disclaimer.",http://www.tubeninja.net/how-to-download/camwhoreshd|http://www.tubeninja.net/ar/kayfiyat-tahmil/camwhoreshd|http://www.tubeninja.net/de/download-anleitung/camwhoreshd|http://www.tubeninja.net/es/como-descargar/camwhoreshd|http://www.tubeninja.net/fa/how-to-download/camwhoreshd|http://www.tubeninja.net/fr/comment-telecharger/camwhoreshd|http://www.tubeninja.net/id/bagaimana-cara-mengunduh/camwhoreshd|http://www.tubeninja.net/it/come-scaricare/camwhoreshd
faptube.com,faptube,missing,,,download-faptube-videos,/download-faptube-videos,Faptube Video Downloader,true,2,40,tubeninja.net,tubeninja.net|yt2save.com,"Faptube adult video downloader page; emphasize public videos, privacy, HD/MP4 formats, no popups, browser extension CTA, and legal/adult disclaimer.",http://www.tubeninja.net/how-to-download/faptube|http://www.tubeninja.net/ar/kayfiyat-tahmil/faptube|http://www.tubeninja.net/de/download-anleitung/faptube|http://www.tubeninja.net/es/como-descargar/faptube|http://www.tubeninja.net/fa/how-to-download/faptube|http://www.tubeninja.net/fr/comment-telecharger/faptube|http://www.tubeninja.net/id/bagaimana-cara-mengunduh/faptube|http://www.tubeninja.net/it/come-scaricare/faptube
fapxl.com,fapxl,missing,,,download-fapxl-videos,/download-fapxl-videos,Fapxl Video Downloader,true,2,40,tubeninja.net,tubeninja.net|yt2save.com,"Fapxl adult video downloader page; emphasize public videos, privacy, HD/MP4 formats, no popups, browser extension CTA, and legal/adult disclaimer.",http://www.tubeninja.net/how-to-download/fapxl|http://www.tubeninja.net/ar/kayfiyat-tahmil/fapxl|http://www.tubeninja.net/de/download-anleitung/fapxl|http://www.tubeninja.net/es/como-descargar/fapxl|http://www.tubeninja.net/fa/how-to-download/fapxl|http://www.tubeninja.net/fr/comment-telecharger/fapxl|http://www.tubeninja.net/id/bagaimana-cara-mengunduh/fapxl|http://www.tubeninja.net/it/come-scaricare/fapxl
hd-easyporn.com,hd-easyporn,missing,,,download-hd-easyporn-videos,/download-hd-easyporn-videos,Hd Easyporn Video Downloader,true,2,40,tubeninja.net,tubeninja.net|yt2save.com,"Hd Easyporn adult video downloader page; emphasize public videos, privacy, HD/MP4 formats, no popups, browser extension CTA, and legal/adult disclaimer.",http://www.tubeninja.net/how-to-download/hd-easyporn|http://www.tubeninja.net/ar/kayfiyat-tahmil/hd-easyporn|http://www.tubeninja.net/de/download-anleitung/hd-easyporn|http://www.tubeninja.net/es/como-descargar/hd-easyporn|http://www.tubeninja.net/fa/how-to-download/hd-easyporn|http://www.tubeninja.net/fr/comment-telecharger/hd-easyporn|http://www.tubeninja.net/id/bagaimana-cara-mengunduh/hd-easyporn|http://www.tubeninja.net/it/come-scaricare/hd-easyporn
hentaistream.com,hentaistream,missing,,,download-hentaistream-videos,/download-hentaistream-videos,Hentaistream Video Downloader,true,2,40,tubeninja.net,tubeninja.net|yt2save.com,"Hentaistream adult video downloader page; emphasize public videos, privacy, HD/MP4 formats, no popups, browser extension CTA, and legal/adult disclaimer.",http://www.tubeninja.net/how-to-download/hentaistream/2|http://www.tubeninja.net/ar/kayfiyat-tahmil/hentaistream|http://www.tubeninja.net/de/download-anleitung/hentaistream|http://www.tubeninja.net/es/como-descargar/hentaistream|http://www.tubeninja.net/fa/how-to-download/hentaistream|http://www.tubeninja.net/fr/comment-telecharger/hentaistream|http://www.tubeninja.net/id/bagaimana-cara-mengunduh/hentaistream|http://www.tubeninja.net/it/come-scaricare/hentaistream
hentaiz.com,hentaiz,missing,,,download-hentaiz-videos,/download-hentaiz-videos,Hentaiz Video Downloader,true,2,40,tubeninja.net,tubeninja.net|yt2save.com,"Hentaiz adult video downloader page; emphasize public videos, privacy, HD/MP4 formats, no popups, browser extension CTA, and legal/adult disclaimer.",http://www.tubeninja.net/how-to-download/hentaiz|http://www.tubeninja.net/ar/kayfiyat-tahmil/hentaiz|http://www.tubeninja.net/de/download-anleitung/hentaiz|http://www.tubeninja.net/es/como-descargar/hentaiz|http://www.tubeninja.net/fa/how-to-download/hentaiz|http://www.tubeninja.net/fr/comment-telecharger/hentaiz|http://www.tubeninja.net/id/bagaimana-cara-mengunduh/hentaiz|http://www.tubeninja.net/it/come-scaricare/hentaiz
indianpornvideos.com,indianpornvideos,missing,,,download-indianpornvideos-videos,/download-indianpornvideos-videos,Indianpornvideos Video Downloader,true,2,40,tubeninja.net,tubeninja.net|yt2save.com,"Indianpornvideos adult video downloader page; emphasize public videos, privacy, HD/MP4 formats, no popups, browser extension CTA, and legal/adult disclaimer.",http://www.tubeninja.net/how-to-download/indianpornvideos|http://www.tubeninja.net/ar/kayfiyat-tahmil/indianpornvideos|http://www.tubeninja.net/de/download-anleitung/indianpornvideos|http://www.tubeninja.net/es/como-descargar/indianpornvideos|http://www.tubeninja.net/fa/how-to-download/indianpornvideos|http://www.tubeninja.net/fr/comment-telecharger/indianpornvideos|http://www.tubeninja.net/id/bagaimana-cara-mengunduh/indianpornvideos|http://www.tubeninja.net/it/come-scaricare/indianpornvideos
jav247.com,jav247,missing,,,download-jav247-videos,/download-jav247-videos,Jav247 Video Downloader,true,2,40,tubeninja.net,tubeninja.net|yt2save.com,"Jav247 adult video downloader page; emphasize public videos, privacy, HD/MP4 formats, no popups, browser extension CTA, and legal/adult disclaimer.",http://www.tubeninja.net/how-to-download/jav247|http://www.tubeninja.net/ar/kayfiyat-tahmil/jav247|http://www.tubeninja.net/de/download-anleitung/jav247|http://www.tubeninja.net/es/como-descargar/jav247|http://www.tubeninja.net/fa/how-to-download/jav247|http://www.tubeninja.net/fr/comment-telecharger/jav247|http://www.tubeninja.net/id/bagaimana-cara-mengunduh/jav247|http://www.tubeninja.net/it/come-scaricare/jav247
javbuz.com,javbuz,missing,,,download-javbuz-videos,/download-javbuz-videos,Javbuz Video Downloader,true,2,40,tubeninja.net,tubeninja.net|yt2save.com,"Javbuz adult video downloader page; emphasize public videos, privacy, HD/MP4 formats, no popups, browser extension CTA, and legal/adult disclaimer.",http://www.tubeninja.net/how-to-download/javbuz|http://www.tubeninja.net/ar/kayfiyat-tahmil/javbuz|http://www.tubeninja.net/de/download-anleitung/javbuz|http://www.tubeninja.net/es/como-descargar/javbuz|http://www.tubeninja.net/fa/how-to-download/javbuz|http://www.tubeninja.net/fr/comment-telecharger/javbuz|http://www.tubeninja.net/id/bagaimana-cara-mengunduh/javbuz|http://www.tubeninja.net/it/come-scaricare/javbuz
javhihi.com,javhihi,missing,,,download-javhihi-videos,/download-javhihi-videos,Javhihi Video Downloader,true,2,40,tubeninja.net,tubeninja.net|yt2save.com,"Javhihi adult video downloader page; emphasize public videos, privacy, HD/MP4 formats, no popups, browser extension CTA, and legal/adult disclaimer.",http://www.tubeninja.net/how-to-download/javhihi|http://www.tubeninja.net/ar/kayfiyat-tahmil/javhihi|http://www.tubeninja.net/de/download-anleitung/javhihi|http://www.tubeninja.net/es/como-descargar/javhihi|http://www.tubeninja.net/fa/how-to-download/javhihi|http://www.tubeninja.net/fr/comment-telecharger/javhihi|http://www.tubeninja.net/id/bagaimana-cara-mengunduh/javhihi|http://www.tubeninja.net/it/come-scaricare/javhihi
legalporno.com,legalporno,missing,,,download-legalporno-videos,/download-legalporno-videos,Legalporno Video Downloader,true,2,40,tubeninja.net,tubeninja.net|yt2save.com,"Legalporno adult video downloader page; emphasize public videos, privacy, HD/MP4 formats, no popups, browser extension CTA, and legal/adult disclaimer.",http://www.tubeninja.net/how-to-download/legalporno|http://www.tubeninja.net/ar/kayfiyat-tahmil/legalporno|http://www.tubeninja.net/de/download-anleitung/legalporno|http://www.tubeninja.net/es/como-descargar/legalporno|http://www.tubeninja.net/fa/how-to-download/legalporno|http://www.tubeninja.net/fr/comment-telecharger/legalporno|http://www.tubeninja.net/id/bagaimana-cara-mengunduh/legalporno|http://www.tubeninja.net/it/come-scaricare/legalporno
pervertslut.com,pervertslut,missing,,,download-pervertslut-videos,/download-pervertslut-videos,Pervertslut Video Downloader,true,2,40,tubeninja.net,tubeninja.net|yt2save.com,"Pervertslut adult video downloader page; emphasize public videos, privacy, HD/MP4 formats, no popups, browser extension CTA, and legal/adult disclaimer.",http://www.tubeninja.net/how-to-download/pervertslut|http://www.tubeninja.net/ar/kayfiyat-tahmil/pervertslut|http://www.tubeninja.net/de/download-anleitung/pervertslut|http://www.tubeninja.net/es/como-descargar/pervertslut|http://www.tubeninja.net/fa/how-to-download/pervertslut|http://www.tubeninja.net/fr/comment-telecharger/pervertslut|http://www.tubeninja.net/id/bagaimana-cara-mengunduh/pervertslut|http://www.tubeninja.net/it/come-scaricare/pervertslut
pornfidelity.com,pornfidelity,missing,,,download-pornfidelity-videos,/download-pornfidelity-videos,Pornfidelity Video Downloader,true,2,40,tubeninja.net,tubeninja.net|yt2save.com,"Pornfidelity adult video downloader page; emphasize public videos, privacy, HD/MP4 formats, no popups, browser extension CTA, and legal/adult disclaimer.",http://www.tubeninja.net/how-to-download/pornfidelity|http://www.tubeninja.net/ar/kayfiyat-tahmil/pornfidelity|http://www.tubeninja.net/de/download-anleitung/pornfidelity|http://www.tubeninja.net/es/como-descargar/pornfidelity|http://www.tubeninja.net/fa/how-to-download/pornfidelity|http://www.tubeninja.net/fr/comment-telecharger/pornfidelity|http://www.tubeninja.net/id/bagaimana-cara-mengunduh/pornfidelity|http://www.tubeninja.net/it/come-scaricare/pornfidelity
pornformance.com,pornformance,missing,,,download-pornformance-videos,/download-pornformance-videos,Pornformance Video Downloader,true,2,40,tubeninja.net,tubeninja.net|yt2save.com,"Pornformance adult video downloader page; emphasize public videos, privacy, HD/MP4 formats, no popups, browser extension CTA, and legal/adult disclaimer.",http://www.tubeninja.net/how-to-download/pornformance|http://www.tubeninja.net/ar/kayfiyat-tahmil/pornformance|http://www.tubeninja.net/de/download-anleitung/pornformance|http://www.tubeninja.net/es/como-descargar/pornformance|http://www.tubeninja.net/fa/how-to-download/pornformance|http://www.tubeninja.net/fr/comment-telecharger/pornformance|http://www.tubeninja.net/id/bagaimana-cara-mengunduh/pornformance|http://www.tubeninja.net/it/come-scaricare/pornformance
pornfreeze.com,pornfreeze,missing,,,download-pornfreeze-videos,/download-pornfreeze-videos,Pornfreeze Video Downloader,true,2,40,tubeninja.net,tubeninja.net|yt2save.com,"Pornfreeze adult video downloader page; emphasize public videos, privacy, HD/MP4 formats, no popups, browser extension CTA, and legal/adult disclaimer.",http://www.tubeninja.net/how-to-download/pornfreeze|http://www.tubeninja.net/ar/kayfiyat-tahmil/pornfreeze|http://www.tubeninja.net/de/download-anleitung/pornfreeze|http://www.tubeninja.net/es/como-descargar/pornfreeze|http://www.tubeninja.net/fa/how-to-download/pornfreeze|http://www.tubeninja.net/fr/comment-telecharger/pornfreeze|http://www.tubeninja.net/id/bagaimana-cara-mengunduh/pornfreeze|http://www.tubeninja.net/it/come-scaricare/pornfreeze
porngun.com,porngun,missing,,,download-porngun-videos,/download-porngun-videos,Porngun Video Downloader,true,2,40,tubeninja.net,tubeninja.net|yt2save.com,"Porngun adult video downloader page; emphasize public videos, privacy, HD/MP4 formats, no popups, browser extension CTA, and legal/adult disclaimer.",http://www.tubeninja.net/how-to-download/porngun|http://www.tubeninja.net/ar/kayfiyat-tahmil/porngun|http://www.tubeninja.net/de/download-anleitung/porngun|http://www.tubeninja.net/es/como-descargar/porngun|http://www.tubeninja.net/fa/how-to-download/porngun|http://www.tubeninja.net/fr/comment-telecharger/porngun|http://www.tubeninja.net/id/bagaimana-cara-mengunduh/porngun|http://www.tubeninja.net/it/come-scaricare/porngun
pornsocket.com,pornsocket,missing,,,download-pornsocket-videos,/download-pornsocket-videos,Pornsocket Video Downloader,true,2,40,tubeninja.net,tubeninja.net|yt2save.com,"Pornsocket adult video downloader page; emphasize public videos, privacy, HD/MP4 formats, no popups, browser extension CTA, and legal/adult disclaimer.",http://www.tubeninja.net/how-to-download/pornsocket|http://www.tubeninja.net/ar/kayfiyat-tahmil/pornsocket|http://www.tubeninja.net/de/download-anleitung/pornsocket|http://www.tubeninja.net/es/como-descargar/pornsocket|http://www.tubeninja.net/fa/how-to-download/pornsocket|http://www.tubeninja.net/fr/comment-telecharger/pornsocket|http://www.tubeninja.net/id/bagaimana-cara-mengunduh/pornsocket|http://www.tubeninja.net/it/come-scaricare/pornsocket
pornvideoq.com,pornvideoq,missing,,,download-pornvideoq-videos,/download-pornvideoq-videos,Pornvideoq Video Downloader,true,2,40,tubeninja.net,tubeninja.net|yt2save.com,"Pornvideoq adult video downloader page; emphasize public videos, privacy, HD/MP4 formats, no popups, browser extension CTA, and legal/adult disclaimer.",http://www.tubeninja.net/how-to-download/pornvideoq|http://www.tubeninja.net/ar/kayfiyat-tahmil/pornvideoq|http://www.tubeninja.net/de/download-anleitung/pornvideoq|http://www.tubeninja.net/es/como-descargar/pornvideoq|http://www.tubeninja.net/fa/how-to-download/pornvideoq|http://www.tubeninja.net/fr/comment-telecharger/pornvideoq|http://www.tubeninja.net/id/bagaimana-cara-mengunduh/pornvideoq|http://www.tubeninja.net/it/come-scaricare/pornvideoq
redporn.com,redporn,missing,,,download-redporn-videos,/download-redporn-videos,Redporn Video Downloader,true,2,40,tubeninja.net,tubeninja.net|yt2save.com,"Redporn adult video downloader page; emphasize public videos, privacy, HD/MP4 formats, no popups, browser extension CTA, and legal/adult disclaimer.",http://www.tubeninja.net/how-to-download/redporn|http://www.tubeninja.net/ar/kayfiyat-tahmil/redporn|http://www.tubeninja.net/de/download-anleitung/redporn|http://www.tubeninja.net/es/como-descargar/redporn|http://www.tubeninja.net/fa/how-to-download/redporn|http://www.tubeninja.net/fr/comment-telecharger/redporn|http://www.tubeninja.net/id/bagaimana-cara-mengunduh/redporn|http://www.tubeninja.net/it/come-scaricare/redporn
rule34.com,rule34,missing,,,download-rule34-videos,/download-rule34-videos,Rule34 Video Downloader,true,2,40,tubeninja.net,tubeninja.net|yt2save.com,"Rule34 adult video downloader page; emphasize public videos, privacy, HD/MP4 formats, no popups, browser extension CTA, and legal/adult disclaimer.",http://www.tubeninja.net/how-to-download/rule34|http://www.tubeninja.net/ar/kayfiyat-tahmil/rule34|http://www.tubeninja.net/de/download-anleitung/rule34|http://www.tubeninja.net/es/como-descargar/rule34|http://www.tubeninja.net/fa/how-to-download/rule34|http://www.tubeninja.net/fr/comment-telecharger/rule34|http://www.tubeninja.net/id/bagaimana-cara-mengunduh/rule34|http://www.tubeninja.net/it/come-scaricare/rule34
seneporno.com,seneporno,missing,,,download-seneporno-videos,/download-seneporno-videos,Seneporno Video Downloader,true,2,40,tubeninja.net,tubeninja.net|yt2save.com,"Seneporno adult video downloader page; emphasize public videos, privacy, HD/MP4 formats, no popups, browser extension CTA, and legal/adult disclaimer.",http://www.tubeninja.net/how-to-download/seneporno|http://www.tubeninja.net/ar/kayfiyat-tahmil/seneporno|http://www.tubeninja.net/de/download-anleitung/seneporno|http://www.tubeninja.net/es/como-descargar/seneporno|http://www.tubeninja.net/fa/how-to-download/seneporno|http://www.tubeninja.net/fr/comment-telecharger/seneporno|http://www.tubeninja.net/id/bagaimana-cara-mengunduh/seneporno|http://www.tubeninja.net/it/come-scaricare/seneporno
xanimeporn.com,xanimeporn,missing,,,download-xanimeporn-videos,/download-xanimeporn-videos,Xanimeporn Video Downloader,true,2,40,tubeninja.net,tubeninja.net|yt2save.com,"Xanimeporn adult video downloader page; emphasize public videos, privacy, HD/MP4 formats, no popups, browser extension CTA, and legal/adult disclaimer.",http://www.tubeninja.net/how-to-download/xanimeporn|http://www.tubeninja.net/ar/kayfiyat-tahmil/xanimeporn|http://www.tubeninja.net/de/download-anleitung/xanimeporn|http://www.tubeninja.net/es/como-descargar/xanimeporn|http://www.tubeninja.net/fa/how-to-download/xanimeporn|http://www.tubeninja.net/fr/comment-telecharger/xanimeporn|http://www.tubeninja.net/id/bagaimana-cara-mengunduh/xanimeporn|http://www.tubeninja.net/it/come-scaricare/xanimeporn
xrares.com,xrares,missing,,,download-xrares-videos,/download-xrares-videos,Xrares Video Downloader,true,2,40,tubeninja.net,tubeninja.net|yt2save.com,"Xrares adult video downloader page; emphasize public videos, privacy, HD/MP4 formats, no popups, browser extension CTA, and legal/adult disclaimer.",http://www.tubeninja.net/how-to-download/xrares|http://www.tubeninja.net/ar/kayfiyat-tahmil/xrares|http://www.tubeninja.net/de/download-anleitung/xrares|http://www.tubeninja.net/es/como-descargar/xrares|http://www.tubeninja.net/fa/how-to-download/xrares|http://www.tubeninja.net/fr/comment-telecharger/xrares|http://www.tubeninja.net/id/bagaimana-cara-mengunduh/xrares|http://www.tubeninja.net/it/come-scaricare/xrares
youngpornvideos.com,youngpornvideos,missing,,,download-youngpornvideos-videos,/download-youngpornvideos-videos,Youngpornvideos Video Downloader,true,2,40,tubeninja.net,tubeninja.net|yt2save.com,"Youngpornvideos adult video downloader page; emphasize public videos, privacy, HD/MP4 formats, no popups, browser extension CTA, and legal/adult disclaimer.",http://www.tubeninja.net/how-to-download/youngpornvideos|http://www.tubeninja.net/ar/kayfiyat-tahmil/youngpornvideos|http://www.tubeninja.net/de/download-anleitung/youngpornvideos|http://www.tubeninja.net/es/como-descargar/youngpornvideos|http://www.tubeninja.net/fa/how-to-download/youngpornvideos|http://www.tubeninja.net/fr/comment-telecharger/youngpornvideos|http://www.tubeninja.net/id/bagaimana-cara-mengunduh/youngpornvideos|http://www.tubeninja.net/it/come-scaricare/youngpornvideos
celebsnudeworld.com,celebsnudeworld,missing,,,download-celebsnudeworld-videos,/download-celebsnudeworld-videos,Celebsnudeworld Video Downloader,true,2,39,tubeninja.net,tubeninja.net|badassdownloader.com,"Celebsnudeworld adult video downloader page; emphasize public videos, privacy, HD/MP4 formats, no popups, browser extension CTA, and legal/adult disclaimer.",https://badassdownloader.com/celebsnudeworld/|http://www.tubeninja.net/how-to-download/celebsnudeworld|http://www.tubeninja.net/ar/kayfiyat-tahmil/celebsnudeworld|http://www.tubeninja.net/de/download-anleitung/celebsnudeworld|http://www.tubeninja.net/es/como-descargar/celebsnudeworld|http://www.tubeninja.net/fa/how-to-download/celebsnudeworld|http://www.tubeninja.net/fr/comment-telecharger/celebsnudeworld|http://www.tubeninja.net/id/bagaimana-cara-mengunduh/celebsnudeworld
fapbase.com,fapbase,missing,,,download-fapbase-videos,/download-fapbase-videos,Fapbase Video Downloader,true,2,39,tubeninja.net,tubeninja.net|badassdownloader.com,"Fapbase adult video downloader page; emphasize public videos, privacy, HD/MP4 formats, no popups, browser extension CTA, and legal/adult disclaimer.",https://badassdownloader.com/fapbase/|http://www.tubeninja.net/how-to-download/fapbase|http://www.tubeninja.net/ar/kayfiyat-tahmil/fapbase|http://www.tubeninja.net/de/download-anleitung/fapbase|http://www.tubeninja.net/es/como-descargar/fapbase|http://www.tubeninja.net/fa/how-to-download/fapbase|http://www.tubeninja.net/fr/comment-telecharger/fapbase|http://www.tubeninja.net/id/bagaimana-cara-mengunduh/fapbase
javtube.com,javtube,missing,,,download-javtube-videos,/download-javtube-videos,Javtube Video Downloader,true,2,39,tubeninja.net,tubeninja.net|badassdownloader.com,"Javtube adult video downloader page; emphasize public videos, privacy, HD/MP4 formats, no popups, browser extension CTA, and legal/adult disclaimer.",https://badassdownloader.com/javtube/|http://www.tubeninja.net/how-to-download/javtube|http://www.tubeninja.net/ar/kayfiyat-tahmil/javtube|http://www.tubeninja.net/de/download-anleitung/javtube|http://www.tubeninja.net/es/como-descargar/javtube|http://www.tubeninja.net/fa/how-to-download/javtube|http://www.tubeninja.net/fr/comment-telecharger/javtube|http://www.tubeninja.net/id/bagaimana-cara-mengunduh/javtube
levelsex.com,levelsex,missing,,,download-levelsex-videos,/download-levelsex-videos,Levelsex Video Downloader,true,2,39,tubeninja.net,tubeninja.net|badassdownloader.com,"Levelsex adult video downloader page; emphasize public videos, privacy, HD/MP4 formats, no popups, browser extension CTA, and legal/adult disclaimer.",https://badassdownloader.com/levelsex/|http://www.tubeninja.net/how-to-download/levelsex|http://www.tubeninja.net/ar/kayfiyat-tahmil/levelsex|http://www.tubeninja.net/de/download-anleitung/levelsex|http://www.tubeninja.net/es/como-descargar/levelsex|http://www.tubeninja.net/fa/how-to-download/levelsex|http://www.tubeninja.net/fr/comment-telecharger/levelsex|http://www.tubeninja.net/id/bagaimana-cara-mengunduh/levelsex
minuporno.com,minuporno,missing,,,download-minuporno-videos,/download-minuporno-videos,Minuporno Video Downloader,true,2,39,tubeninja.net,tubeninja.net|badassdownloader.com,"Minuporno adult video downloader page; emphasize public videos, privacy, HD/MP4 formats, no popups, browser extension CTA, and legal/adult disclaimer.",https://badassdownloader.com/minuporno/|http://www.tubeninja.net/how-to-download/minuporno|http://www.tubeninja.net/ar/kayfiyat-tahmil/minuporno|http://www.tubeninja.net/de/download-anleitung/minuporno|http://www.tubeninja.net/es/como-descargar/minuporno|http://www.tubeninja.net/fa/how-to-download/minuporno|http://www.tubeninja.net/fr/comment-telecharger/minuporno|http://www.tubeninja.net/id/bagaimana-cara-mengunduh/minuporno
xnxxcom.com,xnxxcom,missing,,,download-xnxxcom-videos,/download-xnxxcom-videos,Xnxxcom Video Downloader,true,2,39,tubeninja.net,tubeninja.net|yt2save.com,"Xnxxcom adult video downloader page; emphasize public videos, privacy, HD/MP4 formats, no popups, browser extension CTA, and legal/adult disclaimer.",http://www.tubeninja.net/how-to-download/xnxxcom|http://www.tubeninja.net/ar/kayfiyat-tahmil/xnxxcom|http://www.tubeninja.net/de/download-anleitung/xnxxcom|http://www.tubeninja.net/es/como-descargar/xnxxcom|http://www.tubeninja.net/fa/how-to-download/xnxxcom|http://www.tubeninja.net/fr/comment-telecharger/xnxxcom|http://www.tubeninja.net/id/bagaimana-cara-mengunduh/xnxxcom|http://www.tubeninja.net/it/come-scaricare/xnxxcom
zedporn.com,zedporn,missing,,,download-zedporn-videos,/download-zedporn-videos,Zedporn Video Downloader,true,2,39,tubeninja.net,tubeninja.net|badassdownloader.com,"Zedporn adult video downloader page; emphasize public videos, privacy, HD/MP4 formats, no popups, browser extension CTA, and legal/adult disclaimer.",https://badassdownloader.com/zedporn/|http://www.tubeninja.net/how-to-download/zedporn|http://www.tubeninja.net/ar/kayfiyat-tahmil/zedporn|http://www.tubeninja.net/de/download-anleitung/zedporn|http://www.tubeninja.net/es/como-descargar/zedporn|http://www.tubeninja.net/fa/how-to-download/zedporn|http://www.tubeninja.net/fr/comment-telecharger/zedporn|http://www.tubeninja.net/id/bagaimana-cara-mengunduh/zedporn
documentaryheaven.com,documentaryheaven,missing,,,download-documentaryheaven-videos,/download-documentaryheaven-videos,Documentaryheaven Video Downloader,true,2,38,tubeninja.net,tubeninja.net|yt2save.com,"Documentaryheaven adult video downloader page; emphasize public videos, privacy, HD/MP4 formats, no popups, browser extension CTA, and legal/adult disclaimer.",http://www.tubeninja.net/how-to-download/documentaryheaven|http://www.tubeninja.net/ar/kayfiyat-tahmil/documentaryheaven|http://www.tubeninja.net/de/download-anleitung/documentaryheaven|http://www.tubeninja.net/es/como-descargar/documentaryheaven|http://www.tubeninja.net/fa/how-to-download/documentaryheaven|http://www.tubeninja.net/fr/comment-telecharger/documentaryheaven|http://www.tubeninja.net/id/bagaimana-cara-mengunduh/documentaryheaven|http://www.tubeninja.net/it/come-scaricare/documentaryheaven
thebestshemalevideos.com,thebestshemalevideos,missing,,,download-thebestshemalevideos-videos,/download-thebestshemalevideos-videos,Thebestshemalevideos Video Downloader,true,2,38,tubeninja.net,tubeninja.net|yt2save.com,"Thebestshemalevideos adult video downloader page; emphasize public videos, privacy, HD/MP4 formats, no popups, browser extension CTA, and legal/adult disclaimer.",http://www.tubeninja.net/how-to-download/thebestshemalevideos|http://www.tubeninja.net/ar/kayfiyat-tahmil/thebestshemalevideos|http://www.tubeninja.net/de/download-anleitung/thebestshemalevideos|http://www.tubeninja.net/es/como-descargar/thebestshemalevideos|http://www.tubeninja.net/fa/how-to-download/thebestshemalevideos|http://www.tubeninja.net/fr/comment-telecharger/thebestshemalevideos|http://www.tubeninja.net/id/bagaimana-cara-mengunduh/thebestshemalevideos|http://www.tubeninja.net/it/come-scaricare/thebestshemalevideos
hentaistigma.com,hentaistigma,missing,,,download-hentaistigma-videos,/download-hentaistigma-videos,Hentaistigma Video Downloader,true,2,34,downloadtube.net,downloadtube.net|fetchfile.me,"Hentaistigma adult video downloader page; emphasize public videos, privacy, HD/MP4 formats, no popups, browser extension CTA, and legal/adult disclaimer.",https://www.downloadtube.net/download-videos-from-hentaistigma/|https://www.downloadtube.net/how-do-i-download-from-hentaistigma/|https://www.downloadtube.net/zh/%E4%BB%8Ehentaistigma%E4%B8%8B%E8%BD%BD%E8%A7%86%E9%A2%91/|https://www.downloadtube.net/zh/%E6%88%91%E5%A6%82%E4%BD%95%E4%BB%8Ehentaistigma%E4%B8%8B%E8%BD%BD/|https://www.downloadtube.net/es/c%C3%B3mo-puedo-descargar-desde-hentaistigma/|https://www.downloadtube.net/ru/%D1%81%D0%BA%D0%B0%D1%87%D0%B0%D1%82%D1%8C-%D0%B2%D0%B8%D0%B4%D0%B5%D0%BE-%D1%81-hentaistigma/|https://www.downloadtube.net/ru/%D0%BA%D0%B0%D0%BA-%D0%BC%D0%BD%D0%B5-%D1%81%D0%BA%D0%B0%D1%87%D0%B0%D1%82%D1%8C-%D1%81-hentaistigma/|https://www.downloadtube.net/hi/hentaistigma-%E0%A4%B8%E0%A5%87-%E0%A4%B5%E0%A5%80%E0%A4%A1%E0%A4%BF%E0%A4%AF%E0%A5%8B-%E0%A4%A1%E0%A4%BE%E0%A4%89%E0%A4%A8%E0%A4%B2%E0%A5%8B%E0%A4%A1-%E0%A4%95%E0%A4%B0%E0%A5%87%E0%A4%82/
yourporn.com,yourporn,missing,,,download-yourporn-videos,/download-yourporn-videos,Yourporn Video Downloader,true,2,34,downloadtube.net,downloadtube.net|fetchfile.me,"Yourporn adult video downloader page; emphasize public videos, privacy, HD/MP4 formats, no popups, browser extension CTA, and legal/adult disclaimer.",https://www.downloadtube.net/download-videos-from-yourporn/|https://www.downloadtube.net/how-do-i-download-from-yourporn/|https://www.downloadtube.net/zh/%E4%BB%8Eyourporn%E4%B8%8B%E8%BD%BD%E8%A7%86%E9%A2%91/|https://www.downloadtube.net/zh/%E6%88%91%E5%A6%82%E4%BD%95%E4%BB%8Eyourporn%E4%B8%8B%E8%BD%BD/|https://www.downloadtube.net/es/c%C3%B3mo-puedo-descargar-desde-yourporn/|https://www.downloadtube.net/ru/%D1%81%D0%BA%D0%B0%D1%87%D0%B0%D1%82%D1%8C-%D0%B2%D0%B8%D0%B4%D0%B5%D0%BE-%D1%81-yourporn/|https://www.downloadtube.net/ru/%D0%BA%D0%B0%D0%BA-%D0%BC%D0%BD%D0%B5-%D1%81%D0%BA%D0%B0%D1%87%D0%B0%D1%82%D1%8C-%D1%81-yourporn/|https://www.downloadtube.net/hi/yourporn-%E0%A4%B8%E0%A5%87-%E0%A4%B5%E0%A5%80%E0%A4%A1%E0%A4%BF%E0%A4%AF%E0%A5%8B-%E0%A4%A1%E0%A4%BE%E0%A4%89%E0%A4%A8%E0%A4%B2%E0%A5%8B%E0%A4%A1-%E0%A4%95%E0%A4%B0%E0%A5%87%E0%A4%82/
anyxxx.com,anyxxx,missing,,,download-anyxxx-videos,/download-anyxxx-videos,Anyxxx Video Downloader,true,2,23,downloadtube.net,downloadtube.net|yt2save.com,"Anyxxx adult video downloader page; emphasize public videos, privacy, HD/MP4 formats, no popups, browser extension CTA, and legal/adult disclaimer.",https://www.downloadtube.net/download-videos-from-anyxxx/|https://www.downloadtube.net/how-do-i-download-from-anyxxx/|https://www.downloadtube.net/zh/%E4%BB%8Eanyxxx%E4%B8%8B%E8%BD%BD%E8%A7%86%E9%A2%91/|https://www.downloadtube.net/zh/%E6%88%91%E5%A6%82%E4%BD%95%E4%BB%8Eanyxxx%E4%B8%8B%E8%BD%BD/|https://www.downloadtube.net/es/c%C3%B3mo-puedo-descargar-desde-anyxxx/|https://www.downloadtube.net/ru/%D1%81%D0%BA%D0%B0%D1%87%D0%B0%D1%82%D1%8C-%D0%B2%D0%B8%D0%B4%D0%B5%D0%BE-%D1%81-anyxxx/|https://www.downloadtube.net/ru/%D0%BA%D0%B0%D0%BA-%D0%BC%D0%BD%D0%B5-%D1%81%D0%BA%D0%B0%D1%87%D0%B0%D1%82%D1%8C-%D1%81-anyxxx/|https://www.downloadtube.net/hi/anyxxx-%E0%A4%B8%E0%A5%87-%E0%A4%B5%E0%A5%80%E0%A4%A1%E0%A4%BF%E0%A4%AF%E0%A5%8B-%E0%A4%A1%E0%A4%BE%E0%A4%89%E0%A4%A8%E0%A4%B2%E0%A5%8B%E0%A4%A1-%E0%A4%95%E0%A4%B0%E0%A5%87%E0%A4%82/
camwhoresbay.com,camwhoresbay,missing,,,download-camwhoresbay-videos,/download-camwhoresbay-videos,Camwhoresbay Video Downloader,true,2,23,downloadtube.net,downloadtube.net|yt2save.com,"Camwhoresbay adult video downloader page; emphasize public videos, privacy, HD/MP4 formats, no popups, browser extension CTA, and legal/adult disclaimer.",https://www.downloadtube.net/download-videos-from-camwhoresbay/|https://www.downloadtube.net/how-do-i-download-from-camwhoresbay/|https://www.downloadtube.net/zh/%E4%BB%8Ecamwhoresbay%E4%B8%8B%E8%BD%BD%E8%A7%86%E9%A2%91/|https://www.downloadtube.net/zh/%E6%88%91%E5%A6%82%E4%BD%95%E4%BB%8Ecamwhoresbay%E4%B8%8B%E8%BD%BD/|https://www.downloadtube.net/es/c%C3%B3mo-puedo-descargar-desde-camwhoresbay/|https://www.downloadtube.net/ru/%D1%81%D0%BA%D0%B0%D1%87%D0%B0%D1%82%D1%8C-%D0%B2%D0%B8%D0%B4%D0%B5%D0%BE-%D1%81-camwhoresbay/|https://www.downloadtube.net/ru/%D0%BA%D0%B0%D0%BA-%D0%BC%D0%BD%D0%B5-%D1%81%D0%BA%D0%B0%D1%87%D0%B0%D1%82%D1%8C-%D1%81-camwhoresbay/|https://www.downloadtube.net/hi/camwhoresbay-%E0%A4%B8%E0%A5%87-%E0%A4%B5%E0%A5%80%E0%A4%A1%E0%A4%BF%E0%A4%AF%E0%A5%8B-%E0%A4%A1%E0%A4%BE%E0%A4%89%E0%A4%A8%E0%A4%B2%E0%A5%8B%E0%A4%A1-%E0%A4%95%E0%A4%B0%E0%A5%87%E0%A4%82/
eroticage.com,eroticage,missing,,,download-eroticage-videos,/download-eroticage-videos,Eroticage Video Downloader,true,2,23,downloadtube.net,downloadtube.net|yt2save.com,"Eroticage adult video downloader page; emphasize public videos, privacy, HD/MP4 formats, no popups, browser extension CTA, and legal/adult disclaimer.",https://www.downloadtube.net/download-videos-from-eroticage/|https://www.downloadtube.net/how-do-i-download-from-eroticage/|https://www.downloadtube.net/zh/%E4%BB%8Eeroticage%E4%B8%8B%E8%BD%BD%E8%A7%86%E9%A2%91/|https://www.downloadtube.net/zh/%E6%88%91%E5%A6%82%E4%BD%95%E4%BB%8Eeroticage%E4%B8%8B%E8%BD%BD/|https://www.downloadtube.net/es/c%C3%B3mo-puedo-descargar-desde-eroticage/|https://www.downloadtube.net/ru/%D1%81%D0%BA%D0%B0%D1%87%D0%B0%D1%82%D1%8C-%D0%B2%D0%B8%D0%B4%D0%B5%D0%BE-%D1%81-eroticage/|https://www.downloadtube.net/ru/%D0%BA%D0%B0%D0%BA-%D0%BC%D0%BD%D0%B5-%D1%81%D0%BA%D0%B0%D1%87%D0%B0%D1%82%D1%8C-%D1%81-eroticage/|https://www.downloadtube.net/hi/eroticage-%E0%A4%B8%E0%A5%87-%E0%A4%B5%E0%A5%80%E0%A4%A1%E0%A4%BF%E0%A4%AF%E0%A5%8B-%E0%A4%A1%E0%A4%BE%E0%A4%89%E0%A4%A8%E0%A4%B2%E0%A5%8B%E0%A4%A1-%E0%A4%95%E0%A4%B0%E0%A5%87%E0%A4%82/
freesexyindians.com,freesexyindians,missing,,,download-freesexyindians-videos,/download-freesexyindians-videos,Freesexyindians Video Downloader,true,2,23,downloadtube.net,downloadtube.net|yt2save.com,"Freesexyindians adult video downloader page; emphasize public videos, privacy, HD/MP4 formats, no popups, browser extension CTA, and legal/adult disclaimer.",https://www.downloadtube.net/download-videos-from-freesexyindians/|https://www.downloadtube.net/how-do-i-download-from-freesexyindians/|https://www.downloadtube.net/zh/%E4%BB%8Efreesexyindians%E4%B8%8B%E8%BD%BD%E8%A7%86%E9%A2%91/|https://www.downloadtube.net/zh/%E6%88%91%E5%A6%82%E4%BD%95%E4%BB%8Efreesexyindians%E4%B8%8B%E8%BD%BD/|https://www.downloadtube.net/es/c%C3%B3mo-puedo-descargar-desde-freesexyindians/|https://www.downloadtube.net/ru/%D1%81%D0%BA%D0%B0%D1%87%D0%B0%D1%82%D1%8C-%D0%B2%D0%B8%D0%B4%D0%B5%D0%BE-%D1%81-freesexyindians/|https://www.downloadtube.net/ru/%D0%BA%D0%B0%D0%BA-%D0%BC%D0%BD%D0%B5-%D1%81%D0%BA%D0%B0%D1%87%D0%B0%D1%82%D1%8C-%D1%81-freesexyindians/|https://www.downloadtube.net/hi/freesexyindians-%E0%A4%B8%E0%A5%87-%E0%A4%B5%E0%A5%80%E0%A4%A1%E0%A4%BF%E0%A4%AF%E0%A5%8B-%E0%A4%A1%E0%A4%BE%E0%A4%89%E0%A4%A8%E0%A4%B2%E0%A5%8B%E0%A4%A1-%E0%A4%95%E0%A4%B0%E0%A5%87%E0%A4%82/
gotanynudes.com,gotanynudes,missing,,,download-gotanynudes-videos,/download-gotanynudes-videos,Gotanynudes Video Downloader,true,2,23,downloadtube.net,downloadtube.net|yt2save.com,"Gotanynudes adult video downloader page; emphasize public videos, privacy, HD/MP4 formats, no popups, browser extension CTA, and legal/adult disclaimer.",https://www.downloadtube.net/download-videos-from-gotanynudes/|https://www.downloadtube.net/how-do-i-download-from-gotanynudes/|https://www.downloadtube.net/zh/%E4%BB%8Egotanynudes%E4%B8%8B%E8%BD%BD%E8%A7%86%E9%A2%91/|https://www.downloadtube.net/zh/%E6%88%91%E5%A6%82%E4%BD%95%E4%BB%8Egotanynudes%E4%B8%8B%E8%BD%BD/|https://www.downloadtube.net/es/c%C3%B3mo-puedo-descargar-desde-gotanynudes/|https://www.downloadtube.net/ru/%D1%81%D0%BA%D0%B0%D1%87%D0%B0%D1%82%D1%8C-%D0%B2%D0%B8%D0%B4%D0%B5%D0%BE-%D1%81-gotanynudes/|https://www.downloadtube.net/ru/%D0%BA%D0%B0%D0%BA-%D0%BC%D0%BD%D0%B5-%D1%81%D0%BA%D0%B0%D1%87%D0%B0%D1%82%D1%8C-%D1%81-gotanynudes/|https://www.downloadtube.net/hi/gotanynudes-%E0%A4%B8%E0%A5%87-%E0%A4%B5%E0%A5%80%E0%A4%A1%E0%A4%BF%E0%A4%AF%E0%A5%8B-%E0%A4%A1%E0%A4%BE%E0%A4%89%E0%A4%A8%E0%A4%B2%E0%A5%8B%E0%A4%A1-%E0%A4%95%E0%A4%B0%E0%A5%87%E0%A4%82/
hitbdsm.com,hitbdsm,missing,,,download-hitbdsm-videos,/download-hitbdsm-videos,Hitbdsm Video Downloader,true,2,23,downloadtube.net,downloadtube.net|yt2save.com,"Hitbdsm adult video downloader page; emphasize public videos, privacy, HD/MP4 formats, no popups, browser extension CTA, and legal/adult disclaimer.",https://www.downloadtube.net/download-videos-from-hitbdsm/|https://www.downloadtube.net/how-do-i-download-from-hitbdsm/|https://www.downloadtube.net/zh/%E4%BB%8Ehitbdsm%E4%B8%8B%E8%BD%BD%E8%A7%86%E9%A2%91/|https://www.downloadtube.net/zh/%E6%88%91%E5%A6%82%E4%BD%95%E4%BB%8Ehitbdsm%E4%B8%8B%E8%BD%BD/|https://www.downloadtube.net/es/c%C3%B3mo-puedo-descargar-desde-hitbdsm/|https://www.downloadtube.net/ru/%D1%81%D0%BA%D0%B0%D1%87%D0%B0%D1%82%D1%8C-%D0%B2%D0%B8%D0%B4%D0%B5%D0%BE-%D1%81-hitbdsm/|https://www.downloadtube.net/ru/%D0%BA%D0%B0%D0%BA-%D0%BC%D0%BD%D0%B5-%D1%81%D0%BA%D0%B0%D1%87%D0%B0%D1%82%D1%8C-%D1%81-hitbdsm/|https://www.downloadtube.net/hi/hitbdsm-%E0%A4%B8%E0%A5%87-%E0%A4%B5%E0%A5%80%E0%A4%A1%E0%A4%BF%E0%A4%AF%E0%A5%8B-%E0%A4%A1%E0%A4%BE%E0%A4%89%E0%A4%A8%E0%A4%B2%E0%A5%8B%E0%A4%A1-%E0%A4%95%E0%A4%B0%E0%A5%87%E0%A4%82/
hpjav.com,hpjav,missing,,,download-hpjav-videos,/download-hpjav-videos,Hpjav Video Downloader,true,2,23,downloadtube.net,downloadtube.net|yt2save.com,"Hpjav adult video downloader page; emphasize public videos, privacy, HD/MP4 formats, no popups, browser extension CTA, and legal/adult disclaimer.",https://www.downloadtube.net/download-videos-from-hpjav/|https://www.downloadtube.net/how-do-i-download-from-hpjav/|https://www.downloadtube.net/zh/%E4%BB%8Ehpjav%E4%B8%8B%E8%BD%BD%E8%A7%86%E9%A2%91/|https://www.downloadtube.net/zh/%E6%88%91%E5%A6%82%E4%BD%95%E4%BB%8Ehpjav%E4%B8%8B%E8%BD%BD/|https://www.downloadtube.net/es/c%C3%B3mo-puedo-descargar-desde-hpjav/|https://www.downloadtube.net/ru/%D1%81%D0%BA%D0%B0%D1%87%D0%B0%D1%82%D1%8C-%D0%B2%D0%B8%D0%B4%D0%B5%D0%BE-%D1%81-hpjav/|https://www.downloadtube.net/ru/%D0%BA%D0%B0%D0%BA-%D0%BC%D0%BD%D0%B5-%D1%81%D0%BA%D0%B0%D1%87%D0%B0%D1%82%D1%8C-%D1%81-hpjav/|https://www.downloadtube.net/hi/hpjav-%E0%A4%B8%E0%A5%87-%E0%A4%B5%E0%A5%80%E0%A4%A1%E0%A4%BF%E0%A4%AF%E0%A5%8B-%E0%A4%A1%E0%A4%BE%E0%A4%89%E0%A4%A8%E0%A4%B2%E0%A5%8B%E0%A4%A1-%E0%A4%95%E0%A4%B0%E0%A5%87%E0%A4%82/
iponsex.com,iponsex,missing,,,download-iponsex-videos,/download-iponsex-videos,Iponsex Video Downloader,true,2,23,downloadtube.net,downloadtube.net|yt2save.com,"Iponsex adult video downloader page; emphasize public videos, privacy, HD/MP4 formats, no popups, browser extension CTA, and legal/adult disclaimer.",https://www.downloadtube.net/download-videos-from-iponsex/|https://www.downloadtube.net/how-do-i-download-from-iponsex/|https://www.downloadtube.net/zh/%E4%BB%8Eiponsex%E4%B8%8B%E8%BD%BD%E8%A7%86%E9%A2%91/|https://www.downloadtube.net/zh/%E6%88%91%E5%A6%82%E4%BD%95%E4%BB%8Eiponsex%E4%B8%8B%E8%BD%BD/|https://www.downloadtube.net/es/c%C3%B3mo-puedo-descargar-desde-iponsex/|https://www.downloadtube.net/ru/%D1%81%D0%BA%D0%B0%D1%87%D0%B0%D1%82%D1%8C-%D0%B2%D0%B8%D0%B4%D0%B5%D0%BE-%D1%81-iponsex/|https://www.downloadtube.net/ru/%D0%BA%D0%B0%D0%BA-%D0%BC%D0%BD%D0%B5-%D1%81%D0%BA%D0%B0%D1%87%D0%B0%D1%82%D1%8C-%D1%81-iponsex/|https://www.downloadtube.net/hi/iponsex-%E0%A4%B8%E0%A5%87-%E0%A4%B5%E0%A5%80%E0%A4%A1%E0%A4%BF%E0%A4%AF%E0%A5%8B-%E0%A4%A1%E0%A4%BE%E0%A4%89%E0%A4%A8%E0%A4%B2%E0%A5%8B%E0%A4%A1-%E0%A4%95%E0%A4%B0%E0%A5%87%E0%A4%82/
justporno.com,justporno,missing,,,download-justporno-videos,/download-justporno-videos,Justporno Video Downloader,true,2,23,downloadtube.net,downloadtube.net|yt2save.com,"Justporno adult video downloader page; emphasize public videos, privacy, HD/MP4 formats, no popups, browser extension CTA, and legal/adult disclaimer.",https://www.downloadtube.net/download-videos-from-justporno/|https://www.downloadtube.net/how-do-i-download-from-justporno/|https://www.downloadtube.net/zh/%E4%BB%8Ejustporno%E4%B8%8B%E8%BD%BD%E8%A7%86%E9%A2%91/|https://www.downloadtube.net/zh/%E6%88%91%E5%A6%82%E4%BD%95%E4%BB%8Ejustporno%E4%B8%8B%E8%BD%BD/|https://www.downloadtube.net/es/c%C3%B3mo-puedo-descargar-desde-justporno/|https://www.downloadtube.net/ru/%D1%81%D0%BA%D0%B0%D1%87%D0%B0%D1%82%D1%8C-%D0%B2%D0%B8%D0%B4%D0%B5%D0%BE-%D1%81-justporno/|https://www.downloadtube.net/ru/%D0%BA%D0%B0%D0%BA-%D0%BC%D0%BD%D0%B5-%D1%81%D0%BA%D0%B0%D1%87%D0%B0%D1%82%D1%8C-%D1%81-justporno/|https://www.downloadtube.net/hi/justporno-%E0%A4%B8%E0%A5%87-%E0%A4%B5%E0%A5%80%E0%A4%A1%E0%A4%BF%E0%A4%AF%E0%A5%8B-%E0%A4%A1%E0%A4%BE%E0%A4%89%E0%A4%A8%E0%A4%B2%E0%A5%8B%E0%A4%A1-%E0%A4%95%E0%A4%B0%E0%A5%87%E0%A4%82/
pornditt.com,pornditt,missing,,,download-pornditt-videos,/download-pornditt-videos,Pornditt Video Downloader,true,2,23,downloadtube.net,downloadtube.net|yt2save.com,"Pornditt adult video downloader page; emphasize public videos, privacy, HD/MP4 formats, no popups, browser extension CTA, and legal/adult disclaimer.",https://www.downloadtube.net/download-videos-from-pornditt/|https://www.downloadtube.net/how-do-i-download-from-pornditt/|https://www.downloadtube.net/zh/%E4%BB%8Epornditt%E4%B8%8B%E8%BD%BD%E8%A7%86%E9%A2%91/|https://www.downloadtube.net/zh/%E6%88%91%E5%A6%82%E4%BD%95%E4%BB%8Epornditt%E4%B8%8B%E8%BD%BD/|https://www.downloadtube.net/es/c%C3%B3mo-puedo-descargar-desde-pornditt/|https://www.downloadtube.net/ru/%D1%81%D0%BA%D0%B0%D1%87%D0%B0%D1%82%D1%8C-%D0%B2%D0%B8%D0%B4%D0%B5%D0%BE-%D1%81-pornditt/|https://www.downloadtube.net/ru/%D0%BA%D0%B0%D0%BA-%D0%BC%D0%BD%D0%B5-%D1%81%D0%BA%D0%B0%D1%87%D0%B0%D1%82%D1%8C-%D1%81-pornditt/|https://www.downloadtube.net/hi/pornditt-%E0%A4%B8%E0%A5%87-%E0%A4%B5%E0%A5%80%E0%A4%A1%E0%A4%BF%E0%A4%AF%E0%A5%8B-%E0%A4%A1%E0%A4%BE%E0%A4%89%E0%A4%A8%E0%A4%B2%E0%A5%8B%E0%A4%A1-%E0%A4%95%E0%A4%B0%E0%A5%87%E0%A4%82/
pornfd.com,pornfd,missing,,,download-pornfd-videos,/download-pornfd-videos,Pornfd Video Downloader,true,2,23,downloadtube.net,downloadtube.net|yt2save.com,"Pornfd adult video downloader page; emphasize public videos, privacy, HD/MP4 formats, no popups, browser extension CTA, and legal/adult disclaimer.",https://www.downloadtube.net/download-videos-from-pornfd/|https://www.downloadtube.net/how-do-i-download-from-pornfd/|https://www.downloadtube.net/zh/%E4%BB%8Epornfd%E4%B8%8B%E8%BD%BD%E8%A7%86%E9%A2%91/|https://www.downloadtube.net/zh/%E6%88%91%E5%A6%82%E4%BD%95%E4%BB%8Epornfd%E4%B8%8B%E8%BD%BD/|https://www.downloadtube.net/es/c%C3%B3mo-puedo-descargar-desde-pornfd/|https://www.downloadtube.net/ru/%D1%81%D0%BA%D0%B0%D1%87%D0%B0%D1%82%D1%8C-%D0%B2%D0%B8%D0%B4%D0%B5%D0%BE-%D1%81-pornfd/|https://www.downloadtube.net/ru/%D0%BA%D0%B0%D0%BA-%D0%BC%D0%BD%D0%B5-%D1%81%D0%BA%D0%B0%D1%87%D0%B0%D1%82%D1%8C-%D1%81-pornfd/|https://www.downloadtube.net/hi/pornfd-%E0%A4%B8%E0%A5%87-%E0%A4%B5%E0%A5%80%E0%A4%A1%E0%A4%BF%E0%A4%AF%E0%A5%8B-%E0%A4%A1%E0%A4%BE%E0%A4%89%E0%A4%A8%E0%A4%B2%E0%A5%8B%E0%A4%A1-%E0%A4%95%E0%A4%B0%E0%A5%87%E0%A4%82/
pornkai.com,pornkai,missing,,,download-pornkai-videos,/download-pornkai-videos,Pornkai Video Downloader,true,2,23,downloadtube.net,downloadtube.net|yt2save.com,"Pornkai adult video downloader page; emphasize public videos, privacy, HD/MP4 formats, no popups, browser extension CTA, and legal/adult disclaimer.",https://www.downloadtube.net/download-videos-from-pornkai/|https://www.downloadtube.net/how-do-i-download-from-pornkai/|https://www.downloadtube.net/zh/%E4%BB%8Epornkai%E4%B8%8B%E8%BD%BD%E8%A7%86%E9%A2%91/|https://www.downloadtube.net/zh/%E6%88%91%E5%A6%82%E4%BD%95%E4%BB%8Epornkai%E4%B8%8B%E8%BD%BD/|https://www.downloadtube.net/es/c%C3%B3mo-puedo-descargar-desde-pornkai/|https://www.downloadtube.net/ru/%D1%81%D0%BA%D0%B0%D1%87%D0%B0%D1%82%D1%8C-%D0%B2%D0%B8%D0%B4%D0%B5%D0%BE-%D1%81-pornkai/|https://www.downloadtube.net/ru/%D0%BA%D0%B0%D0%BA-%D0%BC%D0%BD%D0%B5-%D1%81%D0%BA%D0%B0%D1%87%D0%B0%D1%82%D1%8C-%D1%81-pornkai/|https://www.downloadtube.net/hi/pornkai-%E0%A4%B8%E0%A5%87-%E0%A4%B5%E0%A5%80%E0%A4%A1%E0%A4%BF%E0%A4%AF%E0%A5%8B-%E0%A4%A1%E0%A4%BE%E0%A4%89%E0%A4%A8%E0%A4%B2%E0%A5%8B%E0%A4%A1-%E0%A4%95%E0%A4%B0%E0%A5%87%E0%A4%82/
pornmz.com,pornmz,missing,,,download-pornmz-videos,/download-pornmz-videos,Pornmz Video Downloader,true,2,23,downloadtube.net,downloadtube.net|yt2save.com,"Pornmz adult video downloader page; emphasize public videos, privacy, HD/MP4 formats, no popups, browser extension CTA, and legal/adult disclaimer.",https://www.downloadtube.net/download-videos-from-pornmz/|https://www.downloadtube.net/how-do-i-download-from-pornmz/|https://www.downloadtube.net/zh/%E4%BB%8Epornmz%E4%B8%8B%E8%BD%BD%E8%A7%86%E9%A2%91/|https://www.downloadtube.net/zh/%E6%88%91%E5%A6%82%E4%BD%95%E4%BB%8Epornmz%E4%B8%8B%E8%BD%BD/|https://www.downloadtube.net/es/c%C3%B3mo-puedo-descargar-desde-pornmz/|https://www.downloadtube.net/ru/%D1%81%D0%BA%D0%B0%D1%87%D0%B0%D1%82%D1%8C-%D0%B2%D0%B8%D0%B4%D0%B5%D0%BE-%D1%81-pornmz/|https://www.downloadtube.net/ru/%D0%BA%D0%B0%D0%BA-%D0%BC%D0%BD%D0%B5-%D1%81%D0%BA%D0%B0%D1%87%D0%B0%D1%82%D1%8C-%D1%81-pornmz/|https://www.downloadtube.net/hi/pornmz-%E0%A4%B8%E0%A5%87-%E0%A4%B5%E0%A5%80%E0%A4%A1%E0%A4%BF%E0%A4%AF%E0%A5%8B-%E0%A4%A1%E0%A4%BE%E0%A4%89%E0%A4%A8%E0%A4%B2%E0%A5%8B%E0%A4%A1-%E0%A4%95%E0%A4%B0%E0%A5%87%E0%A4%82/
pornsexer.com,pornsexer,missing,,,download-pornsexer-videos,/download-pornsexer-videos,Pornsexer Video Downloader,true,2,23,downloadtube.net,downloadtube.net|yt2save.com,"Pornsexer adult video downloader page; emphasize public videos, privacy, HD/MP4 formats, no popups, browser extension CTA, and legal/adult disclaimer.",https://www.downloadtube.net/download-videos-from-pornsexer/|https://www.downloadtube.net/how-do-i-download-from-pornsexer/|https://www.downloadtube.net/zh/%E4%BB%8Epornsexer%E4%B8%8B%E8%BD%BD%E8%A7%86%E9%A2%91/|https://www.downloadtube.net/zh/%E6%88%91%E5%A6%82%E4%BD%95%E4%BB%8Epornsexer%E4%B8%8B%E8%BD%BD/|https://www.downloadtube.net/es/c%C3%B3mo-puedo-descargar-desde-pornsexer/|https://www.downloadtube.net/ru/%D1%81%D0%BA%D0%B0%D1%87%D0%B0%D1%82%D1%8C-%D0%B2%D0%B8%D0%B4%D0%B5%D0%BE-%D1%81-pornsexer/|https://www.downloadtube.net/ru/%D0%BA%D0%B0%D0%BA-%D0%BC%D0%BD%D0%B5-%D1%81%D0%BA%D0%B0%D1%87%D0%B0%D1%82%D1%8C-%D1%81-pornsexer/|https://www.downloadtube.net/hi/pornsexer-%E0%A4%B8%E0%A5%87-%E0%A4%B5%E0%A5%80%E0%A4%A1%E0%A4%BF%E0%A4%AF%E0%A5%8B-%E0%A4%A1%E0%A4%BE%E0%A4%89%E0%A4%A8%E0%A4%B2%E0%A5%8B%E0%A4%A1-%E0%A4%95%E0%A4%B0%E0%A5%87%E0%A4%82/
proporn.com,proporn,missing,,,download-proporn-videos,/download-proporn-videos,Proporn Video Downloader,true,2,23,downloadtube.net,downloadtube.net|yt2save.com,"Proporn adult video downloader page; emphasize public videos, privacy, HD/MP4 formats, no popups, browser extension CTA, and legal/adult disclaimer.",https://www.downloadtube.net/download-videos-from-proporn/|https://www.downloadtube.net/how-do-i-download-from-proporn/|https://www.downloadtube.net/zh/%E4%BB%8Eproporn%E4%B8%8B%E8%BD%BD%E8%A7%86%E9%A2%91/|https://www.downloadtube.net/zh/%E6%88%91%E5%A6%82%E4%BD%95%E4%BB%8Eproporn%E4%B8%8B%E8%BD%BD/|https://www.downloadtube.net/es/c%C3%B3mo-puedo-descargar-desde-proporn/|https://www.downloadtube.net/ru/%D1%81%D0%BA%D0%B0%D1%87%D0%B0%D1%82%D1%8C-%D0%B2%D0%B8%D0%B4%D0%B5%D0%BE-%D1%81-proporn/|https://www.downloadtube.net/ru/%D0%BA%D0%B0%D0%BA-%D0%BC%D0%BD%D0%B5-%D1%81%D0%BA%D0%B0%D1%87%D0%B0%D1%82%D1%8C-%D1%81-proporn/|https://www.downloadtube.net/hi/proporn-%E0%A4%B8%E0%A5%87-%E0%A4%B5%E0%A5%80%E0%A4%A1%E0%A4%BF%E0%A4%AF%E0%A5%8B-%E0%A4%A1%E0%A4%BE%E0%A4%89%E0%A4%A8%E0%A4%B2%E0%A5%8B%E0%A4%A1-%E0%A4%95%E0%A4%B0%E0%A5%87%E0%A4%82/
severeporn.com,severeporn,missing,,,download-severeporn-videos,/download-severeporn-videos,Severeporn Video Downloader,true,2,23,downloadtube.net,downloadtube.net|yt2save.com,"Severeporn adult video downloader page; emphasize public videos, privacy, HD/MP4 formats, no popups, browser extension CTA, and legal/adult disclaimer.",https://www.downloadtube.net/download-videos-from-severeporn/|https://www.downloadtube.net/how-do-i-download-from-severeporn/|https://www.downloadtube.net/zh/%E4%BB%8Esevereporn%E4%B8%8B%E8%BD%BD%E8%A7%86%E9%A2%91/|https://www.downloadtube.net/zh/%E6%88%91%E5%A6%82%E4%BD%95%E4%BB%8Esevereporn%E4%B8%8B%E8%BD%BD/|https://www.downloadtube.net/es/c%C3%B3mo-puedo-descargar-desde-severeporn/|https://www.downloadtube.net/ru/%D1%81%D0%BA%D0%B0%D1%87%D0%B0%D1%82%D1%8C-%D0%B2%D0%B8%D0%B4%D0%B5%D0%BE-%D1%81-severeporn/|https://www.downloadtube.net/ru/%D0%BA%D0%B0%D0%BA-%D0%BC%D0%BD%D0%B5-%D1%81%D0%BA%D0%B0%D1%87%D0%B0%D1%82%D1%8C-%D1%81-severeporn/|https://www.downloadtube.net/hi/severeporn-%E0%A4%B8%E0%A5%87-%E0%A4%B5%E0%A5%80%E0%A4%A1%E0%A4%BF%E0%A4%AF%E0%A5%8B-%E0%A4%A1%E0%A4%BE%E0%A4%89%E0%A4%A8%E0%A4%B2%E0%A5%8B%E0%A4%A1-%E0%A4%95%E0%A4%B0%E0%A5%87%E0%A4%82/
sexcelebrity.com,sexcelebrity,missing,,,download-sexcelebrity-videos,/download-sexcelebrity-videos,Sexcelebrity Video Downloader,true,2,23,downloadtube.net,downloadtube.net|yt2save.com,"Sexcelebrity adult video downloader page; emphasize public videos, privacy, HD/MP4 formats, no popups, browser extension CTA, and legal/adult disclaimer.",https://www.downloadtube.net/download-videos-from-sexcelebrity/|https://www.downloadtube.net/how-do-i-download-from-sexcelebrity/|https://www.downloadtube.net/zh/%E4%BB%8Esexcelebrity%E4%B8%8B%E8%BD%BD%E8%A7%86%E9%A2%91/|https://www.downloadtube.net/zh/%E6%88%91%E5%A6%82%E4%BD%95%E4%BB%8Esexcelebrity%E4%B8%8B%E8%BD%BD/|https://www.downloadtube.net/es/c%C3%B3mo-puedo-descargar-desde-sexcelebrity/|https://www.downloadtube.net/ru/%D1%81%D0%BA%D0%B0%D1%87%D0%B0%D1%82%D1%8C-%D0%B2%D0%B8%D0%B4%D0%B5%D0%BE-%D1%81-sexcelebrity/|https://www.downloadtube.net/ru/%D0%BA%D0%B0%D0%BA-%D0%BC%D0%BD%D0%B5-%D1%81%D0%BA%D0%B0%D1%87%D0%B0%D1%82%D1%8C-%D1%81-sexcelebrity/|https://www.downloadtube.net/hi/sexcelebrity-%E0%A4%B8%E0%A5%87-%E0%A4%B5%E0%A5%80%E0%A4%A1%E0%A4%BF%E0%A4%AF%E0%A5%8B-%E0%A4%A1%E0%A4%BE%E0%A4%89%E0%A4%A8%E0%A4%B2%E0%A5%8B%E0%A4%A1-%E0%A4%95%E0%A4%B0%E0%A5%87%E0%A4%82/
sexlikereal.com,sexlikereal,missing,,,download-sexlikereal-videos,/download-sexlikereal-videos,Sexlikereal Video Downloader,true,2,23,downloadtube.net,downloadtube.net|yt2save.com,"Sexlikereal adult video downloader page; emphasize public videos, privacy, HD/MP4 formats, no popups, browser extension CTA, and legal/adult disclaimer.",https://www.downloadtube.net/download-videos-from-sexlikereal/|https://www.downloadtube.net/how-do-i-download-from-sexlikereal/|https://www.downloadtube.net/zh/%E4%BB%8Esexlikereal%E4%B8%8B%E8%BD%BD%E8%A7%86%E9%A2%91/|https://www.downloadtube.net/zh/%E6%88%91%E5%A6%82%E4%BD%95%E4%BB%8Esexlikereal%E4%B8%8B%E8%BD%BD/|https://www.downloadtube.net/es/c%C3%B3mo-puedo-descargar-desde-sexlikereal/|https://www.downloadtube.net/ru/%D1%81%D0%BA%D0%B0%D1%87%D0%B0%D1%82%D1%8C-%D0%B2%D0%B8%D0%B4%D0%B5%D0%BE-%D1%81-sexlikereal/|https://www.downloadtube.net/ru/%D0%BA%D0%B0%D0%BA-%D0%BC%D0%BD%D0%B5-%D1%81%D0%BA%D0%B0%D1%87%D0%B0%D1%82%D1%8C-%D1%81-sexlikereal/|https://www.downloadtube.net/hi/sexlikereal-%E0%A4%B8%E0%A5%87-%E0%A4%B5%E0%A5%80%E0%A4%A1%E0%A4%BF%E0%A4%AF%E0%A5%8B-%E0%A4%A1%E0%A4%BE%E0%A4%89%E0%A4%A8%E0%A4%B2%E0%A5%8B%E0%A4%A1-%E0%A4%95%E0%A4%B0%E0%A5%87%E0%A4%82/
sortporn.com,sortporn,missing,,,download-sortporn-videos,/download-sortporn-videos,Sortporn Video Downloader,true,2,23,downloadtube.net,downloadtube.net|yt2save.com,"Sortporn adult video downloader page; emphasize public videos, privacy, HD/MP4 formats, no popups, browser extension CTA, and legal/adult disclaimer.",https://www.downloadtube.net/download-videos-from-sortporn/|https://www.downloadtube.net/how-do-i-download-from-sortporn/|https://www.downloadtube.net/zh/%E4%BB%8Esortporn%E4%B8%8B%E8%BD%BD%E8%A7%86%E9%A2%91/|https://www.downloadtube.net/zh/%E6%88%91%E5%A6%82%E4%BD%95%E4%BB%8Esortporn%E4%B8%8B%E8%BD%BD/|https://www.downloadtube.net/es/c%C3%B3mo-puedo-descargar-desde-sortporn/|https://www.downloadtube.net/ru/%D1%81%D0%BA%D0%B0%D1%87%D0%B0%D1%82%D1%8C-%D0%B2%D0%B8%D0%B4%D0%B5%D0%BE-%D1%81-sortporn/|https://www.downloadtube.net/ru/%D0%BA%D0%B0%D0%BA-%D0%BC%D0%BD%D0%B5-%D1%81%D0%BA%D0%B0%D1%87%D0%B0%D1%82%D1%8C-%D1%81-sortporn/|https://www.downloadtube.net/hi/sortporn-%E0%A4%B8%E0%A5%87-%E0%A4%B5%E0%A5%80%E0%A4%A1%E0%A4%BF%E0%A4%AF%E0%A5%8B-%E0%A4%A1%E0%A4%BE%E0%A4%89%E0%A4%A8%E0%A4%B2%E0%A5%8B%E0%A4%A1-%E0%A4%95%E0%A4%B0%E0%A5%87%E0%A4%82/
thepornuniverse.com,thepornuniverse,missing,,,download-thepornuniverse-videos,/download-thepornuniverse-videos,Thepornuniverse Video Downloader,true,2,23,downloadtube.net,downloadtube.net|yt2save.com,"Thepornuniverse adult video downloader page; emphasize public videos, privacy, HD/MP4 formats, no popups, browser extension CTA, and legal/adult disclaimer.",https://www.downloadtube.net/download-videos-from-thepornuniverse/|https://www.downloadtube.net/how-do-i-download-from-thepornuniverse/|https://www.downloadtube.net/zh/%E4%BB%8Ethepornuniverse%E4%B8%8B%E8%BD%BD%E8%A7%86%E9%A2%91/|https://www.downloadtube.net/zh/%E6%88%91%E5%A6%82%E4%BD%95%E4%BB%8Ethepornuniverse%E4%B8%8B%E8%BD%BD/|https://www.downloadtube.net/es/c%C3%B3mo-puedo-descargar-desde-thepornuniverse/|https://www.downloadtube.net/ru/%D1%81%D0%BA%D0%B0%D1%87%D0%B0%D1%82%D1%8C-%D0%B2%D0%B8%D0%B4%D0%B5%D0%BE-%D1%81-thepornuniverse/|https://www.downloadtube.net/ru/%D0%BA%D0%B0%D0%BA-%D0%BC%D0%BD%D0%B5-%D1%81%D0%BA%D0%B0%D1%87%D0%B0%D1%82%D1%8C-%D1%81-thepornuniverse/|https://www.downloadtube.net/hi/thepornuniverse-%E0%A4%B8%E0%A5%87-%E0%A4%B5%E0%A5%80%E0%A4%A1%E0%A4%BF%E0%A4%AF%E0%A5%8B-%E0%A4%A1%E0%A4%BE%E0%A4%89%E0%A4%A8%E0%A4%B2%E0%A5%8B%E0%A4%A1-%E0%A4%95%E0%A4%B0%E0%A5%87%E0%A4%82/
xxxtik.com,xxxtik,missing,,,download-xxxtik-videos,/download-xxxtik-videos,Xxxtik Video Downloader,true,2,23,downloadtube.net,downloadtube.net|yt2save.com,"Xxxtik adult video downloader page; emphasize public videos, privacy, HD/MP4 formats, no popups, browser extension CTA, and legal/adult disclaimer.",https://www.downloadtube.net/download-videos-from-xxxtik/|https://www.downloadtube.net/how-do-i-download-from-xxxtik/|https://www.downloadtube.net/zh/%E4%BB%8Exxxtik%E4%B8%8B%E8%BD%BD%E8%A7%86%E9%A2%91/|https://www.downloadtube.net/zh/%E6%88%91%E5%A6%82%E4%BD%95%E4%BB%8Exxxtik%E4%B8%8B%E8%BD%BD/|https://www.downloadtube.net/es/c%C3%B3mo-puedo-descargar-desde-xxxtik/|https://www.downloadtube.net/ru/%D1%81%D0%BA%D0%B0%D1%87%D0%B0%D1%82%D1%8C-%D0%B2%D0%B8%D0%B4%D0%B5%D0%BE-%D1%81-xxxtik/|https://www.downloadtube.net/ru/%D0%BA%D0%B0%D0%BA-%D0%BC%D0%BD%D0%B5-%D1%81%D0%BA%D0%B0%D1%87%D0%B0%D1%82%D1%8C-%D1%81-xxxtik/|https://www.downloadtube.net/hi/xxxtik-%E0%A4%B8%E0%A5%87-%E0%A4%B5%E0%A5%80%E0%A4%A1%E0%A4%BF%E0%A4%AF%E0%A5%8B-%E0%A4%A1%E0%A4%BE%E0%A4%89%E0%A4%A8%E0%A4%B2%E0%A5%8B%E0%A4%A1-%E0%A4%95%E0%A4%B0%E0%A5%87%E0%A4%82/
balancetanude.com,balancetanude,missing,,,download-balancetanude-videos,/download-balancetanude-videos,Balancetanude Video Downloader,true,2,22,downloadtube.net,downloadtube.net|yt2save.com,"Balancetanude adult video downloader page; emphasize public videos, privacy, HD/MP4 formats, no popups, browser extension CTA, and legal/adult disclaimer.",https://www.downloadtube.net/download-videos-from-balancetanude/|https://www.downloadtube.net/how-do-i-download-from-balancetanude/|https://www.downloadtube.net/zh/%E4%BB%8Ebalancetanude%E4%B8%8B%E8%BD%BD%E8%A7%86%E9%A2%91/|https://www.downloadtube.net/zh/%E6%88%91%E5%A6%82%E4%BD%95%E4%BB%8Ebalancetanude%E4%B8%8B%E8%BD%BD/|https://www.downloadtube.net/es/c%C3%B3mo-puedo-descargar-desde-balancetanude/|https://www.downloadtube.net/ru/%D1%81%D0%BA%D0%B0%D1%87%D0%B0%D1%82%D1%8C-%D0%B2%D0%B8%D0%B4%D0%B5%D0%BE-%D1%81-balancetanude/|https://www.downloadtube.net/ru/%D0%BA%D0%B0%D0%BA-%D0%BC%D0%BD%D0%B5-%D1%81%D0%BA%D0%B0%D1%87%D0%B0%D1%82%D1%8C-%D1%81-balancetanude/|https://www.downloadtube.net/hi/balancetanude-%E0%A4%B8%E0%A5%87-%E0%A4%B5%E0%A5%80%E0%A4%A1%E0%A4%BF%E0%A4%AF%E0%A5%8B-%E0%A4%A1%E0%A4%BE%E0%A4%89%E0%A4%A8%E0%A4%B2%E0%A5%8B%E0%A4%A1-%E0%A4%95%E0%A4%B0%E0%A5%87%E0%A4%82/
bigxvideos.com,bigxvideos,missing,,,download-bigxvideos-videos,/download-bigxvideos-videos,Bigxvideos Video Downloader,true,2,22,downloadtube.net,downloadtube.net|tubeoffline.com,"Bigxvideos adult video downloader page; emphasize public videos, privacy, HD/MP4 formats, no popups, browser extension CTA, and legal/adult disclaimer.",https://www.downloadtube.net/download-videos-from-bigxvideos/|https://www.downloadtube.net/how-do-i-download-from-bigxvideos/|https://www.downloadtube.net/zh/%E4%BB%8Ebigxvideos%E4%B8%8B%E8%BD%BD%E8%A7%86%E9%A2%91/|https://www.downloadtube.net/zh/%E6%88%91%E5%A6%82%E4%BD%95%E4%BB%8Ebigxvideos%E4%B8%8B%E8%BD%BD/|https://www.downloadtube.net/es/c%C3%B3mo-puedo-descargar-desde-bigxvideos/|https://www.downloadtube.net/ru/%D1%81%D0%BA%D0%B0%D1%87%D0%B0%D1%82%D1%8C-%D0%B2%D0%B8%D0%B4%D0%B5%D0%BE-%D1%81-bigxvideos/|https://www.downloadtube.net/ru/%D0%BA%D0%B0%D0%BA-%D0%BC%D0%BD%D0%B5-%D1%81%D0%BA%D0%B0%D1%87%D0%B0%D1%82%D1%8C-%D1%81-bigxvideos/|https://www.downloadtube.net/hi/bigxvideos-%E0%A4%B8%E0%A5%87-%E0%A4%B5%E0%A5%80%E0%A4%A1%E0%A4%BF%E0%A4%AF%E0%A5%8B-%E0%A4%A1%E0%A4%BE%E0%A4%89%E0%A4%A8%E0%A4%B2%E0%A5%8B%E0%A4%A1-%E0%A4%95%E0%A4%B0%E0%A5%87%E0%A4%82/
fakku.com,fakku,missing,,,download-fakku-videos,/download-fakku-videos,Fakku Video Downloader,true,2,22,downloadtube.net,downloadtube.net|tubeoffline.com,"Fakku adult video downloader page; emphasize public videos, privacy, HD/MP4 formats, no popups, browser extension CTA, and legal/adult disclaimer.",https://www.downloadtube.net/download-videos-from-fakku/|https://www.downloadtube.net/how-do-i-download-from-fakku/|https://www.downloadtube.net/zh/%E4%BB%8Efakku%E4%B8%8B%E8%BD%BD%E8%A7%86%E9%A2%91/|https://www.downloadtube.net/zh/%E6%88%91%E5%A6%82%E4%BD%95%E4%BB%8Efakku%E4%B8%8B%E8%BD%BD/|https://www.downloadtube.net/es/c%C3%B3mo-puedo-descargar-desde-fakku/|https://www.downloadtube.net/ru/%D1%81%D0%BA%D0%B0%D1%87%D0%B0%D1%82%D1%8C-%D0%B2%D0%B8%D0%B4%D0%B5%D0%BE-%D1%81-fakku/|https://www.downloadtube.net/ru/%D0%BA%D0%B0%D0%BA-%D0%BC%D0%BD%D0%B5-%D1%81%D0%BA%D0%B0%D1%87%D0%B0%D1%82%D1%8C-%D1%81-fakku/|https://www.downloadtube.net/hi/fakku-%E0%A4%B8%E0%A5%87-%E0%A4%B5%E0%A5%80%E0%A4%A1%E0%A4%BF%E0%A4%AF%E0%A5%8B-%E0%A4%A1%E0%A4%BE%E0%A4%89%E0%A4%A8%E0%A4%B2%E0%A5%8B%E0%A4%A1-%E0%A4%95%E0%A4%B0%E0%A5%87%E0%A4%82/
gifmixxx.com,gifmixxx,missing,,,download-gifmixxx-videos,/download-gifmixxx-videos,Gifmixxx Video Downloader,true,2,22,downloadtube.net,downloadtube.net|tubeoffline.com,"Gifmixxx adult video downloader page; emphasize public videos, privacy, HD/MP4 formats, no popups, browser extension CTA, and legal/adult disclaimer.",https://www.downloadtube.net/download-videos-from-gifmixxx/|https://www.downloadtube.net/how-do-i-download-from-gifmixxx/|https://www.downloadtube.net/zh/%E4%BB%8Egifmixxx%E4%B8%8B%E8%BD%BD%E8%A7%86%E9%A2%91/|https://www.downloadtube.net/zh/%E6%88%91%E5%A6%82%E4%BD%95%E4%BB%8Egifmixxx%E4%B8%8B%E8%BD%BD/|https://www.downloadtube.net/es/c%C3%B3mo-puedo-descargar-desde-gifmixxx/|https://www.downloadtube.net/ru/%D1%81%D0%BA%D0%B0%D1%87%D0%B0%D1%82%D1%8C-%D0%B2%D0%B8%D0%B4%D0%B5%D0%BE-%D1%81-gifmixxx/|https://www.downloadtube.net/ru/%D0%BA%D0%B0%D0%BA-%D0%BC%D0%BD%D0%B5-%D1%81%D0%BA%D0%B0%D1%87%D0%B0%D1%82%D1%8C-%D1%81-gifmixxx/|https://www.downloadtube.net/hi/gifmixxx-%E0%A4%B8%E0%A5%87-%E0%A4%B5%E0%A5%80%E0%A4%A1%E0%A4%BF%E0%A4%AF%E0%A5%8B-%E0%A4%A1%E0%A4%BE%E0%A4%89%E0%A4%A8%E0%A4%B2%E0%A5%8B%E0%A4%A1-%E0%A4%95%E0%A4%B0%E0%A5%87%E0%A4%82/
hddocumentary.com,hddocumentary,missing,,,download-hddocumentary-videos,/download-hddocumentary-videos,Hddocumentary Video Downloader,true,2,22,downloadtube.net,downloadtube.net|tubeoffline.com,"Hddocumentary adult video downloader page; emphasize public videos, privacy, HD/MP4 formats, no popups, browser extension CTA, and legal/adult disclaimer.",https://www.downloadtube.net/download-videos-from-hddocumentary/|https://www.downloadtube.net/how-do-i-download-from-hddocumentary/|https://www.downloadtube.net/zh/%E4%BB%8Ehddocumentary%E4%B8%8B%E8%BD%BD%E8%A7%86%E9%A2%91/|https://www.downloadtube.net/zh/%E6%88%91%E5%A6%82%E4%BD%95%E4%BB%8Ehddocumentary%E4%B8%8B%E8%BD%BD/|https://www.downloadtube.net/es/c%C3%B3mo-puedo-descargar-desde-hddocumentary/|https://www.downloadtube.net/ru/%D1%81%D0%BA%D0%B0%D1%87%D0%B0%D1%82%D1%8C-%D0%B2%D0%B8%D0%B4%D0%B5%D0%BE-%D1%81-hddocumentary/|https://www.downloadtube.net/ru/%D0%BA%D0%B0%D0%BA-%D0%BC%D0%BD%D0%B5-%D1%81%D0%BA%D0%B0%D1%87%D0%B0%D1%82%D1%8C-%D1%81-hddocumentary/|https://www.downloadtube.net/hi/hddocumentary-%E0%A4%B8%E0%A5%87-%E0%A4%B5%E0%A5%80%E0%A4%A1%E0%A4%BF%E0%A4%AF%E0%A5%8B-%E0%A4%A1%E0%A4%BE%E0%A4%89%E0%A4%A8%E0%A4%B2%E0%A5%8B%E0%A4%A1-%E0%A4%95%E0%A4%B0%E0%A5%87%E0%A4%82/
hdpornstar.com,hdpornstar,missing,,,download-hdpornstar-videos,/download-hdpornstar-videos,Hdpornstar Video Downloader,true,2,22,downloadtube.net,downloadtube.net|tubeoffline.com,"Hdpornstar adult video downloader page; emphasize public videos, privacy, HD/MP4 formats, no popups, browser extension CTA, and legal/adult disclaimer.",https://www.downloadtube.net/download-videos-from-hdpornstar/|https://www.downloadtube.net/how-do-i-download-from-hdpornstar/|https://www.downloadtube.net/zh/%E4%BB%8Ehdpornstar%E4%B8%8B%E8%BD%BD%E8%A7%86%E9%A2%91/|https://www.downloadtube.net/zh/%E6%88%91%E5%A6%82%E4%BD%95%E4%BB%8Ehdpornstar%E4%B8%8B%E8%BD%BD/|https://www.downloadtube.net/es/c%C3%B3mo-puedo-descargar-desde-hdpornstar/|https://www.downloadtube.net/ru/%D1%81%D0%BA%D0%B0%D1%87%D0%B0%D1%82%D1%8C-%D0%B2%D0%B8%D0%B4%D0%B5%D0%BE-%D1%81-hdpornstar/|https://www.downloadtube.net/ru/%D0%BA%D0%B0%D0%BA-%D0%BC%D0%BD%D0%B5-%D1%81%D0%BA%D0%B0%D1%87%D0%B0%D1%82%D1%8C-%D1%81-hdpornstar/|https://www.downloadtube.net/hi/hdpornstar-%E0%A4%B8%E0%A5%87-%E0%A4%B5%E0%A5%80%E0%A4%A1%E0%A4%BF%E0%A4%AF%E0%A5%8B-%E0%A4%A1%E0%A4%BE%E0%A4%89%E0%A4%A8%E0%A4%B2%E0%A5%8B%E0%A4%A1-%E0%A4%95%E0%A4%B0%E0%A5%87%E0%A4%82/
hentaidream.com,hentaidream,missing,,,download-hentaidream-videos,/download-hentaidream-videos,Hentaidream Video Downloader,true,2,22,downloadtube.net,downloadtube.net|tubeoffline.com,"Hentaidream adult video downloader page; emphasize public videos, privacy, HD/MP4 formats, no popups, browser extension CTA, and legal/adult disclaimer.",https://www.downloadtube.net/download-videos-from-hentaidream/|https://www.downloadtube.net/how-do-i-download-from-hentaidream/|https://www.downloadtube.net/zh/%E4%BB%8Ehentaidream%E4%B8%8B%E8%BD%BD%E8%A7%86%E9%A2%91/|https://www.downloadtube.net/zh/%E6%88%91%E5%A6%82%E4%BD%95%E4%BB%8Ehentaidream%E4%B8%8B%E8%BD%BD/|https://www.downloadtube.net/es/c%C3%B3mo-puedo-descargar-desde-hentaidream/|https://www.downloadtube.net/ru/%D1%81%D0%BA%D0%B0%D1%87%D0%B0%D1%82%D1%8C-%D0%B2%D0%B8%D0%B4%D0%B5%D0%BE-%D1%81-hentaidream/|https://www.downloadtube.net/ru/%D0%BA%D0%B0%D0%BA-%D0%BC%D0%BD%D0%B5-%D1%81%D0%BA%D0%B0%D1%87%D0%B0%D1%82%D1%8C-%D1%81-hentaidream/|https://www.downloadtube.net/hi/hentaidream-%E0%A4%B8%E0%A5%87-%E0%A4%B5%E0%A5%80%E0%A4%A1%E0%A4%BF%E0%A4%AF%E0%A5%8B-%E0%A4%A1%E0%A4%BE%E0%A4%89%E0%A4%A8%E0%A4%B2%E0%A5%8B%E0%A4%A1-%E0%A4%95%E0%A4%B0%E0%A5%87%E0%A4%82/
justclassicporn.com,justclassicporn,missing,,,download-justclassicporn-videos,/download-justclassicporn-videos,Justclassicporn Video Downloader,true,2,22,downloadtube.net,downloadtube.net|tubeoffline.com,"Justclassicporn adult video downloader page; emphasize public videos, privacy, HD/MP4 formats, no popups, browser extension CTA, and legal/adult disclaimer.",https://www.downloadtube.net/download-videos-from-justclassicporn/|https://www.downloadtube.net/how-do-i-download-from-justclassicporn/|https://www.downloadtube.net/zh/%E4%BB%8Ejustclassicporn%E4%B8%8B%E8%BD%BD%E8%A7%86%E9%A2%91/|https://www.downloadtube.net/zh/%E6%88%91%E5%A6%82%E4%BD%95%E4%BB%8Ejustclassicporn%E4%B8%8B%E8%BD%BD/|https://www.downloadtube.net/es/c%C3%B3mo-puedo-descargar-desde-justclassicporn/|https://www.downloadtube.net/ru/%D1%81%D0%BA%D0%B0%D1%87%D0%B0%D1%82%D1%8C-%D0%B2%D0%B8%D0%B4%D0%B5%D0%BE-%D1%81-justclassicporn/|https://www.downloadtube.net/ru/%D0%BA%D0%B0%D0%BA-%D0%BC%D0%BD%D0%B5-%D1%81%D0%BA%D0%B0%D1%87%D0%B0%D1%82%D1%8C-%D1%81-justclassicporn/|https://www.downloadtube.net/hi/justclassicporn-%E0%A4%B8%E0%A5%87-%E0%A4%B5%E0%A5%80%E0%A4%A1%E0%A4%BF%E0%A4%AF%E0%A5%8B-%E0%A4%A1%E0%A4%BE%E0%A4%89%E0%A4%A8%E0%A4%B2%E0%A5%8B%E0%A4%A1-%E0%A4%95%E0%A4%B0%E0%A5%87%E0%A4%82/
milffox.com,milffox,missing,,,download-milffox-videos,/download-milffox-videos,Milffox Video Downloader,true,2,22,downloadtube.net,downloadtube.net|tubeoffline.com,"Milffox adult video downloader page; emphasize public videos, privacy, HD/MP4 formats, no popups, browser extension CTA, and legal/adult disclaimer.",https://www.downloadtube.net/download-videos-from-milffox/|https://www.downloadtube.net/how-do-i-download-from-milffox/|https://www.downloadtube.net/zh/%E4%BB%8Emilffox%E4%B8%8B%E8%BD%BD%E8%A7%86%E9%A2%91/|https://www.downloadtube.net/zh/%E6%88%91%E5%A6%82%E4%BD%95%E4%BB%8Emilffox%E4%B8%8B%E8%BD%BD/|https://www.downloadtube.net/es/c%C3%B3mo-puedo-descargar-desde-milffox/|https://www.downloadtube.net/ru/%D1%81%D0%BA%D0%B0%D1%87%D0%B0%D1%82%D1%8C-%D0%B2%D0%B8%D0%B4%D0%B5%D0%BE-%D1%81-milffox/|https://www.downloadtube.net/ru/%D0%BA%D0%B0%D0%BA-%D0%BC%D0%BD%D0%B5-%D1%81%D0%BA%D0%B0%D1%87%D0%B0%D1%82%D1%8C-%D1%81-milffox/|https://www.downloadtube.net/hi/milffox-%E0%A4%B8%E0%A5%87-%E0%A4%B5%E0%A5%80%E0%A4%A1%E0%A4%BF%E0%A4%AF%E0%A5%8B-%E0%A4%A1%E0%A4%BE%E0%A4%89%E0%A4%A8%E0%A4%B2%E0%A5%8B%E0%A4%A1-%E0%A4%95%E0%A4%B0%E0%A5%87%E0%A4%82/
nesaporn.com,nesaporn,missing,,,download-nesaporn-videos,/download-nesaporn-videos,Nesaporn Video Downloader,true,2,22,downloadtube.net,downloadtube.net|tubeoffline.com,"Nesaporn adult video downloader page; emphasize public videos, privacy, HD/MP4 formats, no popups, browser extension CTA, and legal/adult disclaimer.",https://www.downloadtube.net/download-videos-from-nesaporn/|https://www.downloadtube.net/how-do-i-download-from-nesaporn/|https://www.downloadtube.net/zh/%E4%BB%8Enesaporn%E4%B8%8B%E8%BD%BD%E8%A7%86%E9%A2%91/|https://www.downloadtube.net/zh/%E6%88%91%E5%A6%82%E4%BD%95%E4%BB%8Enesaporn%E4%B8%8B%E8%BD%BD/|https://www.downloadtube.net/es/c%C3%B3mo-puedo-descargar-desde-nesaporn/|https://www.downloadtube.net/ru/%D1%81%D0%BA%D0%B0%D1%87%D0%B0%D1%82%D1%8C-%D0%B2%D0%B8%D0%B4%D0%B5%D0%BE-%D1%81-nesaporn/|https://www.downloadtube.net/ru/%D0%BA%D0%B0%D0%BA-%D0%BC%D0%BD%D0%B5-%D1%81%D0%BA%D0%B0%D1%87%D0%B0%D1%82%D1%8C-%D1%81-nesaporn/|https://www.downloadtube.net/hi/nesaporn-%E0%A4%B8%E0%A5%87-%E0%A4%B5%E0%A5%80%E0%A4%A1%E0%A4%BF%E0%A4%AF%E0%A5%8B-%E0%A4%A1%E0%A4%BE%E0%A4%89%E0%A4%A8%E0%A4%B2%E0%A5%8B%E0%A4%A1-%E0%A4%95%E0%A4%B0%E0%A5%87%E0%A4%82/
okpussy.com,okpussy,missing,,,download-okpussy-videos,/download-okpussy-videos,Okpussy Video Downloader,true,2,22,downloadtube.net,downloadtube.net|tubeoffline.com,"Okpussy adult video downloader page; emphasize public videos, privacy, HD/MP4 formats, no popups, browser extension CTA, and legal/adult disclaimer.",https://www.downloadtube.net/download-videos-from-okpussy/|https://www.downloadtube.net/how-do-i-download-from-okpussy/|https://www.downloadtube.net/zh/%E4%BB%8Eokpussy%E4%B8%8B%E8%BD%BD%E8%A7%86%E9%A2%91/|https://www.downloadtube.net/zh/%E6%88%91%E5%A6%82%E4%BD%95%E4%BB%8Eokpussy%E4%B8%8B%E8%BD%BD/|https://www.downloadtube.net/es/c%C3%B3mo-puedo-descargar-desde-okpussy/|https://www.downloadtube.net/ru/%D1%81%D0%BA%D0%B0%D1%87%D0%B0%D1%82%D1%8C-%D0%B2%D0%B8%D0%B4%D0%B5%D0%BE-%D1%81-okpussy/|https://www.downloadtube.net/ru/%D0%BA%D0%B0%D0%BA-%D0%BC%D0%BD%D0%B5-%D1%81%D0%BA%D0%B0%D1%87%D0%B0%D1%82%D1%8C-%D1%81-okpussy/|https://www.downloadtube.net/hi/okpussy-%E0%A4%B8%E0%A5%87-%E0%A4%B5%E0%A5%80%E0%A4%A1%E0%A4%BF%E0%A4%AF%E0%A5%8B-%E0%A4%A1%E0%A4%BE%E0%A4%89%E0%A4%A8%E0%A4%B2%E0%A5%8B%E0%A4%A1-%E0%A4%95%E0%A4%B0%E0%A5%87%E0%A4%82/
porngreece.com,porngreece,missing,,,download-porngreece-videos,/download-porngreece-videos,Porngreece Video Downloader,true,2,22,downloadtube.net,downloadtube.net|tubeoffline.com,"Porngreece adult video downloader page; emphasize public videos, privacy, HD/MP4 formats, no popups, browser extension CTA, and legal/adult disclaimer.",https://www.downloadtube.net/download-videos-from-porngreece/|https://www.downloadtube.net/how-do-i-download-from-porngreece/|https://www.downloadtube.net/zh/%E4%BB%8Eporngreece%E4%B8%8B%E8%BD%BD%E8%A7%86%E9%A2%91/|https://www.downloadtube.net/zh/%E6%88%91%E5%A6%82%E4%BD%95%E4%BB%8Eporngreece%E4%B8%8B%E8%BD%BD/|https://www.downloadtube.net/es/c%C3%B3mo-puedo-descargar-desde-porngreece/|https://www.downloadtube.net/ru/%D1%81%D0%BA%D0%B0%D1%87%D0%B0%D1%82%D1%8C-%D0%B2%D0%B8%D0%B4%D0%B5%D0%BE-%D1%81-porngreece/|https://www.downloadtube.net/ru/%D0%BA%D0%B0%D0%BA-%D0%BC%D0%BD%D0%B5-%D1%81%D0%BA%D0%B0%D1%87%D0%B0%D1%82%D1%8C-%D1%81-porngreece/|https://www.downloadtube.net/hi/porngreece-%E0%A4%B8%E0%A5%87-%E0%A4%B5%E0%A5%80%E0%A4%A1%E0%A4%BF%E0%A4%AF%E0%A5%8B-%E0%A4%A1%E0%A4%BE%E0%A4%89%E0%A4%A8%E0%A4%B2%E0%A5%8B%E0%A4%A1-%E0%A4%95%E0%A4%B0%E0%A5%87%E0%A4%82/
pornmega.com,pornmega,missing,,,download-pornmega-videos,/download-pornmega-videos,Pornmega Video Downloader,true,2,22,downloadtube.net,downloadtube.net|badassdownloader.com,"Pornmega adult video downloader page; emphasize public videos, privacy, HD/MP4 formats, no popups, browser extension CTA, and legal/adult disclaimer.",https://badassdownloader.com/pornmega/|https://www.downloadtube.net/download-videos-from-pornmega/|https://www.downloadtube.net/how-do-i-download-from-pornmega/|https://www.downloadtube.net/zh/%E4%BB%8Epornmega%E4%B8%8B%E8%BD%BD%E8%A7%86%E9%A2%91/|https://www.downloadtube.net/zh/%E6%88%91%E5%A6%82%E4%BD%95%E4%BB%8Epornmega%E4%B8%8B%E8%BD%BD/|https://www.downloadtube.net/es/c%C3%B3mo-puedo-descargar-desde-pornmega/|https://www.downloadtube.net/ru/%D1%81%D0%BA%D0%B0%D1%87%D0%B0%D1%82%D1%8C-%D0%B2%D0%B8%D0%B4%D0%B5%D0%BE-%D1%81-pornmega/|https://www.downloadtube.net/ru/%D0%BA%D0%B0%D0%BA-%D0%BC%D0%BD%D0%B5-%D1%81%D0%BA%D0%B0%D1%87%D0%B0%D1%82%D1%8C-%D1%81-pornmega/
pornrabbit.com,pornrabbit,missing,,,download-pornrabbit-videos,/download-pornrabbit-videos,Pornrabbit Video Downloader,true,2,22,downloadtube.net,downloadtube.net|tubeoffline.com,"Pornrabbit adult video downloader page; emphasize public videos, privacy, HD/MP4 formats, no popups, browser extension CTA, and legal/adult disclaimer.",https://www.downloadtube.net/download-videos-from-pornrabbit/|https://www.downloadtube.net/how-do-i-download-from-pornrabbit/|https://www.downloadtube.net/zh/%E4%BB%8Epornrabbit%E4%B8%8B%E8%BD%BD%E8%A7%86%E9%A2%91/|https://www.downloadtube.net/zh/%E6%88%91%E5%A6%82%E4%BD%95%E4%BB%8Epornrabbit%E4%B8%8B%E8%BD%BD/|https://www.downloadtube.net/es/c%C3%B3mo-puedo-descargar-desde-pornrabbit/|https://www.downloadtube.net/ru/%D1%81%D0%BA%D0%B0%D1%87%D0%B0%D1%82%D1%8C-%D0%B2%D0%B8%D0%B4%D0%B5%D0%BE-%D1%81-pornrabbit/|https://www.downloadtube.net/ru/%D0%BA%D0%B0%D0%BA-%D0%BC%D0%BD%D0%B5-%D1%81%D0%BA%D0%B0%D1%87%D0%B0%D1%82%D1%8C-%D1%81-pornrabbit/|https://www.downloadtube.net/hi/pornrabbit-%E0%A4%B8%E0%A5%87-%E0%A4%B5%E0%A5%80%E0%A4%A1%E0%A4%BF%E0%A4%AF%E0%A5%8B-%E0%A4%A1%E0%A4%BE%E0%A4%89%E0%A4%A8%E0%A4%B2%E0%A5%8B%E0%A4%A1-%E0%A4%95%E0%A4%B0%E0%A5%87%E0%A4%82/
pornwatts.com,pornwatts,missing,,,download-pornwatts-videos,/download-pornwatts-videos,Pornwatts Video Downloader,true,2,22,downloadtube.net,downloadtube.net|tubeoffline.com,"Pornwatts adult video downloader page; emphasize public videos, privacy, HD/MP4 formats, no popups, browser extension CTA, and legal/adult disclaimer.",https://www.downloadtube.net/download-videos-from-pornwatts/|https://www.downloadtube.net/how-do-i-download-from-pornwatts/|https://www.downloadtube.net/zh/%E4%BB%8Epornwatts%E4%B8%8B%E8%BD%BD%E8%A7%86%E9%A2%91/|https://www.downloadtube.net/zh/%E6%88%91%E5%A6%82%E4%BD%95%E4%BB%8Epornwatts%E4%B8%8B%E8%BD%BD/|https://www.downloadtube.net/es/c%C3%B3mo-puedo-descargar-desde-pornwatts/|https://www.downloadtube.net/ru/%D1%81%D0%BA%D0%B0%D1%87%D0%B0%D1%82%D1%8C-%D0%B2%D0%B8%D0%B4%D0%B5%D0%BE-%D1%81-pornwatts/|https://www.downloadtube.net/ru/%D0%BA%D0%B0%D0%BA-%D0%BC%D0%BD%D0%B5-%D1%81%D0%BA%D0%B0%D1%87%D0%B0%D1%82%D1%8C-%D1%81-pornwatts/|https://www.downloadtube.net/hi/pornwatts-%E0%A4%B8%E0%A5%87-%E0%A4%B5%E0%A5%80%E0%A4%A1%E0%A4%BF%E0%A4%AF%E0%A5%8B-%E0%A4%A1%E0%A4%BE%E0%A4%89%E0%A4%A8%E0%A4%B2%E0%A5%8B%E0%A4%A1-%E0%A4%95%E0%A4%B0%E0%A5%87%E0%A4%82/
pornwild.com,pornwild,missing,,,download-pornwild-videos,/download-pornwild-videos,Pornwild Video Downloader,true,2,22,downloadtube.net,downloadtube.net|badassdownloader.com,"Pornwild adult video downloader page; emphasize public videos, privacy, HD/MP4 formats, no popups, browser extension CTA, and legal/adult disclaimer.",https://badassdownloader.com/pornwild/|https://www.downloadtube.net/download-videos-from-pornwild/|https://www.downloadtube.net/how-do-i-download-from-pornwild/|https://www.downloadtube.net/zh/%E4%BB%8Epornwild%E4%B8%8B%E8%BD%BD%E8%A7%86%E9%A2%91/|https://www.downloadtube.net/zh/%E6%88%91%E5%A6%82%E4%BD%95%E4%BB%8Epornwild%E4%B8%8B%E8%BD%BD/|https://www.downloadtube.net/es/c%C3%B3mo-puedo-descargar-desde-pornwild/|https://www.downloadtube.net/ru/%D1%81%D0%BA%D0%B0%D1%87%D0%B0%D1%82%D1%8C-%D0%B2%D0%B8%D0%B4%D0%B5%D0%BE-%D1%81-pornwild/|https://www.downloadtube.net/ru/%D0%BA%D0%B0%D0%BA-%D0%BC%D0%BD%D0%B5-%D1%81%D0%BA%D0%B0%D1%87%D0%B0%D1%82%D1%8C-%D1%81-pornwild/
pornzee.com,pornzee,missing,,,download-pornzee-videos,/download-pornzee-videos,Pornzee Video Downloader,true,2,22,downloadtube.net,downloadtube.net|tubeoffline.com,"Pornzee adult video downloader page; emphasize public videos, privacy, HD/MP4 formats, no popups, browser extension CTA, and legal/adult disclaimer.",https://www.downloadtube.net/download-videos-from-pornzee/|https://www.downloadtube.net/how-do-i-download-from-pornzee/|https://www.downloadtube.net/zh/%E4%BB%8Epornzee%E4%B8%8B%E8%BD%BD%E8%A7%86%E9%A2%91/|https://www.downloadtube.net/zh/%E6%88%91%E5%A6%82%E4%BD%95%E4%BB%8Epornzee%E4%B8%8B%E8%BD%BD/|https://www.downloadtube.net/es/c%C3%B3mo-puedo-descargar-desde-pornzee/|https://www.downloadtube.net/ru/%D1%81%D0%BA%D0%B0%D1%87%D0%B0%D1%82%D1%8C-%D0%B2%D0%B8%D0%B4%D0%B5%D0%BE-%D1%81-pornzee/|https://www.downloadtube.net/ru/%D0%BA%D0%B0%D0%BA-%D0%BC%D0%BD%D0%B5-%D1%81%D0%BA%D0%B0%D1%87%D0%B0%D1%82%D1%8C-%D1%81-pornzee/|https://www.downloadtube.net/hi/pornzee-%E0%A4%B8%E0%A5%87-%E0%A4%B5%E0%A5%80%E0%A4%A1%E0%A4%BF%E0%A4%AF%E0%A5%8B-%E0%A4%A1%E0%A4%BE%E0%A4%89%E0%A4%A8%E0%A4%B2%E0%A5%8B%E0%A4%A1-%E0%A4%95%E0%A4%B0%E0%A5%87%E0%A4%82/
realitykings.com,realitykings,missing,,,download-realitykings-videos,/download-realitykings-videos,Realitykings Video Downloader,true,2,22,downloadtube.net,downloadtube.net|tubeoffline.com,"Realitykings adult video downloader page; emphasize public videos, privacy, HD/MP4 formats, no popups, browser extension CTA, and legal/adult disclaimer.",https://www.downloadtube.net/download-videos-from-realitykings/|https://www.downloadtube.net/how-do-i-download-from-realitykings/|https://www.downloadtube.net/zh/%E4%BB%8Erealitykings%E4%B8%8B%E8%BD%BD%E8%A7%86%E9%A2%91/|https://www.downloadtube.net/zh/%E6%88%91%E5%A6%82%E4%BD%95%E4%BB%8Erealitykings%E4%B8%8B%E8%BD%BD/|https://www.downloadtube.net/es/c%C3%B3mo-puedo-descargar-desde-realitykings/|https://www.downloadtube.net/ru/%D1%81%D0%BA%D0%B0%D1%87%D0%B0%D1%82%D1%8C-%D0%B2%D0%B8%D0%B4%D0%B5%D0%BE-%D1%81-realitykings/|https://www.downloadtube.net/ru/%D0%BA%D0%B0%D0%BA-%D0%BC%D0%BD%D0%B5-%D1%81%D0%BA%D0%B0%D1%87%D0%B0%D1%82%D1%8C-%D1%81-realitykings/|https://www.downloadtube.net/hi/realitykings-%E0%A4%B8%E0%A5%87-%E0%A4%B5%E0%A5%80%E0%A4%A1%E0%A4%BF%E0%A4%AF%E0%A5%8B-%E0%A4%A1%E0%A4%BE%E0%A4%89%E0%A4%A8%E0%A4%B2%E0%A5%8B%E0%A4%A1-%E0%A4%95%E0%A4%B0%E0%A5%87%E0%A4%82/
sexlog.com,sexlog,missing,,,download-sexlog-videos,/download-sexlog-videos,Sexlog Video Downloader,true,2,22,downloadtube.net,downloadtube.net|tubeoffline.com,"Sexlog adult video downloader page; emphasize public videos, privacy, HD/MP4 formats, no popups, browser extension CTA, and legal/adult disclaimer.",https://www.downloadtube.net/download-videos-from-sexlog/|https://www.downloadtube.net/how-do-i-download-from-sexlog/|https://www.downloadtube.net/zh/%E4%BB%8Esexlog%E4%B8%8B%E8%BD%BD%E8%A7%86%E9%A2%91/|https://www.downloadtube.net/zh/%E6%88%91%E5%A6%82%E4%BD%95%E4%BB%8Esexlog%E4%B8%8B%E8%BD%BD/|https://www.downloadtube.net/es/c%C3%B3mo-puedo-descargar-desde-sexlog/|https://www.downloadtube.net/ru/%D1%81%D0%BA%D0%B0%D1%87%D0%B0%D1%82%D1%8C-%D0%B2%D0%B8%D0%B4%D0%B5%D0%BE-%D1%81-sexlog/|https://www.downloadtube.net/ru/%D0%BA%D0%B0%D0%BA-%D0%BC%D0%BD%D0%B5-%D1%81%D0%BA%D0%B0%D1%87%D0%B0%D1%82%D1%8C-%D1%81-sexlog/|https://www.downloadtube.net/hi/sexlog-%E0%A4%B8%E0%A5%87-%E0%A4%B5%E0%A5%80%E0%A4%A1%E0%A4%BF%E0%A4%AF%E0%A5%8B-%E0%A4%A1%E0%A4%BE%E0%A4%89%E0%A4%A8%E0%A4%B2%E0%A5%8B%E0%A4%A1-%E0%A4%95%E0%A4%B0%E0%A5%87%E0%A4%82/
titsbox.com,titsbox,missing,,,download-titsbox-videos,/download-titsbox-videos,Titsbox Video Downloader,true,2,22,downloadtube.net,downloadtube.net|badassdownloader.com,"Titsbox adult video downloader page; emphasize public videos, privacy, HD/MP4 formats, no popups, browser extension CTA, and legal/adult disclaimer.",https://badassdownloader.com/titsbox/|https://www.downloadtube.net/download-videos-from-titsbox/|https://www.downloadtube.net/how-do-i-download-from-titsbox/|https://www.downloadtube.net/zh/%E4%BB%8Etitsbox%E4%B8%8B%E8%BD%BD%E8%A7%86%E9%A2%91/|https://www.downloadtube.net/zh/%E6%88%91%E5%A6%82%E4%BD%95%E4%BB%8Etitsbox%E4%B8%8B%E8%BD%BD/|https://www.downloadtube.net/es/c%C3%B3mo-puedo-descargar-desde-titsbox/|https://www.downloadtube.net/ru/%D1%81%D0%BA%D0%B0%D1%87%D0%B0%D1%82%D1%8C-%D0%B2%D0%B8%D0%B4%D0%B5%D0%BE-%D1%81-titsbox/|https://www.downloadtube.net/ru/%D0%BA%D0%B0%D0%BA-%D0%BC%D0%BD%D0%B5-%D1%81%D0%BA%D0%B0%D1%87%D0%B0%D1%82%D1%8C-%D1%81-titsbox/
topdocumentaryfilms.com,topdocumentaryfilms,missing,,,download-topdocumentaryfilms-videos,/download-topdocumentaryfilms-videos,Topdocumentaryfilms Video Downloader,true,2,22,downloadtube.net,downloadtube.net|tubeoffline.com,"Topdocumentaryfilms adult video downloader page; emphasize public videos, privacy, HD/MP4 formats, no popups, browser extension CTA, and legal/adult disclaimer.",https://www.downloadtube.net/download-videos-from-topdocumentaryfilms/|https://www.downloadtube.net/how-do-i-download-from-topdocumentaryfilms/|https://www.downloadtube.net/zh/%E4%BB%8Etopdocumentaryfilms%E4%B8%8B%E8%BD%BD%E8%A7%86%E9%A2%91/|https://www.downloadtube.net/zh/%E6%88%91%E5%A6%82%E4%BD%95%E4%BB%8Etopdocumentaryfilms%E4%B8%8B%E8%BD%BD/|https://www.downloadtube.net/es/c%C3%B3mo-puedo-descargar-desde-topdocumentaryfilms/|https://www.downloadtube.net/ru/%D1%81%D0%BA%D0%B0%D1%87%D0%B0%D1%82%D1%8C-%D0%B2%D0%B8%D0%B4%D0%B5%D0%BE-%D1%81-topdocumentaryfilms/|https://www.downloadtube.net/ru/%D0%BA%D0%B0%D0%BA-%D0%BC%D0%BD%D0%B5-%D1%81%D0%BA%D0%B0%D1%87%D0%B0%D1%82%D1%8C-%D1%81-topdocumentaryfilms/|https://www.downloadtube.net/hi/topdocumentaryfilms-%E0%A4%B8%E0%A5%87-%E0%A4%B5%E0%A5%80%E0%A4%A1%E0%A4%BF%E0%A4%AF%E0%A5%8B-%E0%A4%A1%E0%A4%BE%E0%A4%89%E0%A4%A8%E0%A4%B2%E0%A5%8B%E0%A4%A1-%E0%A4%95%E0%A4%B0%E0%A5%87%E0%A4%82/
vxxx.com,vxxx,missing,,,download-vxxx-videos,/download-vxxx-videos,Vxxx Video Downloader,true,2,22,downloadtube.net,downloadtube.net|badassdownloader.com,"Vxxx adult video downloader page; emphasize public videos, privacy, HD/MP4 formats, no popups, browser extension CTA, and legal/adult disclaimer.",https://badassdownloader.com/vxxx/|https://www.downloadtube.net/download-videos-from-vxxx/|https://www.downloadtube.net/how-do-i-download-from-vxxx/|https://www.downloadtube.net/zh/%E4%BB%8Evxxx%E4%B8%8B%E8%BD%BD%E8%A7%86%E9%A2%91/|https://www.downloadtube.net/zh/%E6%88%91%E5%A6%82%E4%BD%95%E4%BB%8Evxxx%E4%B8%8B%E8%BD%BD/|https://www.downloadtube.net/es/c%C3%B3mo-puedo-descargar-desde-vxxx/|https://www.downloadtube.net/ru/%D1%81%D0%BA%D0%B0%D1%87%D0%B0%D1%82%D1%8C-%D0%B2%D0%B8%D0%B4%D0%B5%D0%BE-%D1%81-vxxx/|https://www.downloadtube.net/ru/%D0%BA%D0%B0%D0%BA-%D0%BC%D0%BD%D0%B5-%D1%81%D0%BA%D0%B0%D1%87%D0%B0%D1%82%D1%8C-%D1%81-vxxx/
porntop.com,porntop,missing,,,download-porntop-videos,/download-porntop-videos,Porntop Video Downloader,true,2,4,jaksta.com,jaksta.com|yt2save.com,"Porntop adult video downloader page; emphasize public videos, privacy, HD/MP4 formats, no popups, browser extension CTA, and legal/adult disclaimer.",https://jaksta.com/best-apps/porntop|https://jaksta.com/how-to-guides/porntop|https://yt2save.com/porntop/|https://yt2save.com/de/porntop/
zenporn.com,zenporn,missing,,,download-zenporn-videos,/download-zenporn-videos,Zenporn Video Downloader,true,2,4,jaksta.com,jaksta.com|yt2save.com,"Zenporn adult video downloader page; emphasize public videos, privacy, HD/MP4 formats, no popups, browser extension CTA, and legal/adult disclaimer.",https://jaksta.com/best-apps/zenporn|https://jaksta.com/how-to-guides/zenporn|https://yt2save.com/zenporn/|https://yt2save.com/de/zenporn/
bravoporn.com,bravoporn,missing,,,download-bravoporn-videos,/download-bravoporn-videos,Bravoporn Video Downloader,true,2,3,yt2save.com,yt2save.com|badassdownloader.com,"Bravoporn adult video downloader page; emphasize public videos, privacy, HD/MP4 formats, no popups, browser extension CTA, and legal/adult disclaimer.",https://badassdownloader.com/bravoporn/|https://yt2save.com/bravoporn/|https://yt2save.com/de/bravoporn/
ceporn.com,ceporn,missing,,,download-ceporn-videos,/download-ceporn-videos,Ceporn Video Downloader,true,2,3,yt2save.com,yt2save.com|badassdownloader.com,"Ceporn adult video downloader page; emphasize public videos, privacy, HD/MP4 formats, no popups, browser extension CTA, and legal/adult disclaimer.",https://badassdownloader.com/ceporn/|https://yt2save.com/ceporn/|https://yt2save.com/de/ceporn/
desiporn.com,desiporn,missing,,,download-desiporn-videos,/download-desiporn-videos,Desiporn Video Downloader,true,2,3,yt2save.com,yt2save.com|badassdownloader.com,"Desiporn adult video downloader page; emphasize public videos, privacy, HD/MP4 formats, no popups, browser extension CTA, and legal/adult disclaimer.",https://badassdownloader.com/desiporn/|https://yt2save.com/desiporn/|https://yt2save.com/de/desiporn/
exporntoons.com,exporntoons,missing,,,download-exporntoons-videos,/download-exporntoons-videos,Exporntoons Video Downloader,true,2,3,yt2save.com,yt2save.com|badassdownloader.com,"Exporntoons adult video downloader page; emphasize public videos, privacy, HD/MP4 formats, no popups, browser extension CTA, and legal/adult disclaimer.",https://badassdownloader.com/exporntoons/|https://yt2save.com/exporntoons/|https://yt2save.com/de/exporntoons/
fullporner.com,fullporner,missing,,,download-fullporner-videos,/download-fullporner-videos,Fullporner Video Downloader,true,2,3,yt2save.com,yt2save.com|badassdownloader.com,"Fullporner adult video downloader page; emphasize public videos, privacy, HD/MP4 formats, no popups, browser extension CTA, and legal/adult disclaimer.",https://badassdownloader.com/fullporner/|https://yt2save.com/fullporner/|https://yt2save.com/de/fullporner/
gameofporn.com,gameofporn,missing,,,download-gameofporn-videos,/download-gameofporn-videos,Gameofporn Video Downloader,true,2,3,yt2save.com,yt2save.com|badassdownloader.com,"Gameofporn adult video downloader page; emphasize public videos, privacy, HD/MP4 formats, no popups, browser extension CTA, and legal/adult disclaimer.",https://badassdownloader.com/gameofporn/|https://yt2save.com/gameofporn/|https://yt2save.com/de/gameofporn/
gosexpod.com,gosexpod,missing,,,download-gosexpod-videos,/download-gosexpod-videos,Gosexpod Video Downloader,true,2,3,yt2save.com,yt2save.com|badassdownloader.com,"Gosexpod adult video downloader page; emphasize public videos, privacy, HD/MP4 formats, no popups, browser extension CTA, and legal/adult disclaimer.",https://badassdownloader.com/gosexpod/|https://yt2save.com/gosexpod/|https://yt2save.com/de/gosexpod/
highporn.com,highporn,missing,,,download-highporn-videos,/download-highporn-videos,Highporn Video Downloader,true,2,3,yt2save.com,yt2save.com|badassdownloader.com,"Highporn adult video downloader page; emphasize public videos, privacy, HD/MP4 formats, no popups, browser extension CTA, and legal/adult disclaimer.",https://badassdownloader.com/highporn/|https://yt2save.com/highporn/|https://yt2save.com/de/highporn/
javbangers.com,javbangers,missing,,,download-javbangers-videos,/download-javbangers-videos,Javbangers Video Downloader,true,2,3,yt2save.com,yt2save.com|badassdownloader.com,"Javbangers adult video downloader page; emphasize public videos, privacy, HD/MP4 formats, no popups, browser extension CTA, and legal/adult disclaimer.",https://badassdownloader.com/javbangers/|https://yt2save.com/javbangers/|https://yt2save.com/de/javbangers/
javfinder.com,javfinder,missing,,,download-javfinder-videos,/download-javfinder-videos,Javfinder Video Downloader,true,2,3,yt2save.com,yt2save.com|badassdownloader.com,"Javfinder adult video downloader page; emphasize public videos, privacy, HD/MP4 formats, no popups, browser extension CTA, and legal/adult disclaimer.",https://badassdownloader.com/javfinder/|https://yt2save.com/javfinder/|https://yt2save.com/de/javfinder/
javseen.com,javseen,missing,,,download-javseen-videos,/download-javseen-videos,Javseen Video Downloader,true,2,3,yt2save.com,yt2save.com|badassdownloader.com,"Javseen adult video downloader page; emphasize public videos, privacy, HD/MP4 formats, no popups, browser extension CTA, and legal/adult disclaimer.",https://badassdownloader.com/javseen/|https://yt2save.com/javseen/|https://yt2save.com/de/javseen/
javtrust.com,javtrust,missing,,,download-javtrust-videos,/download-javtrust-videos,Javtrust Video Downloader,true,2,3,yt2save.com,yt2save.com|badassdownloader.com,"Javtrust adult video downloader page; emphasize public videos, privacy, HD/MP4 formats, no popups, browser extension CTA, and legal/adult disclaimer.",https://badassdownloader.com/javtrust/|https://yt2save.com/javtrust/|https://yt2save.com/de/javtrust/
javtsunami.com,javtsunami,missing,,,download-javtsunami-videos,/download-javtsunami-videos,Javtsunami Video Downloader,true,2,3,yt2save.com,yt2save.com|badassdownloader.com,"Javtsunami adult video downloader page; emphasize public videos, privacy, HD/MP4 formats, no popups, browser extension CTA, and legal/adult disclaimer.",https://badassdownloader.com/javtsunami/|https://yt2save.com/javtsunami/|https://yt2save.com/de/javtsunami/
javx.com,javx,missing,,,download-javx-videos,/download-javx-videos,Javx Video Downloader,true,2,3,yt2save.com,yt2save.com|badassdownloader.com,"Javx adult video downloader page; emphasize public videos, privacy, HD/MP4 formats, no popups, browser extension CTA, and legal/adult disclaimer.",https://badassdownloader.com/javx/|https://yt2save.com/javx/|https://yt2save.com/de/javx/
justfullporn.com,justfullporn,missing,,,download-justfullporn-videos,/download-justfullporn-videos,Justfullporn Video Downloader,true,2,3,yt2save.com,yt2save.com|badassdownloader.com,"Justfullporn adult video downloader page; emphasize public videos, privacy, HD/MP4 formats, no popups, browser extension CTA, and legal/adult disclaimer.",https://badassdownloader.com/justfullporn/|https://yt2save.com/justfullporn/|https://yt2save.com/de/justfullporn/
latestpornvideo.com,latestpornvideo,missing,,,download-latestpornvideo-videos,/download-latestpornvideo-videos,Latestpornvideo Video Downloader,true,2,3,yt2save.com,yt2save.com|badassdownloader.com,"Latestpornvideo adult video downloader page; emphasize public videos, privacy, HD/MP4 formats, no popups, browser extension CTA, and legal/adult disclaimer.",https://badassdownloader.com/latestpornvideo/|https://yt2save.com/latestpornvideo/|https://yt2save.com/de/latestpornvideo/
luceporno.com,luceporno,missing,,,download-luceporno-videos,/download-luceporno-videos,Luceporno Video Downloader,true,2,3,yt2save.com,yt2save.com|badassdownloader.com,"Luceporno adult video downloader page; emphasize public videos, privacy, HD/MP4 formats, no popups, browser extension CTA, and legal/adult disclaimer.",https://badassdownloader.com/luceporno/|https://yt2save.com/luceporno/|https://yt2save.com/de/luceporno/
mundoporn.com,mundoporn,missing,,,download-mundoporn-videos,/download-mundoporn-videos,Mundoporn Video Downloader,true,2,3,yt2save.com,yt2save.com|badassdownloader.com,"Mundoporn adult video downloader page; emphasize public videos, privacy, HD/MP4 formats, no popups, browser extension CTA, and legal/adult disclaimer.",https://badassdownloader.com/mundoporn/|https://yt2save.com/mundoporn/|https://yt2save.com/de/mundoporn/
onlyfullporn.com,onlyfullporn,missing,,,download-onlyfullporn-videos,/download-onlyfullporn-videos,Onlyfullporn Video Downloader,true,2,3,yt2save.com,yt2save.com|badassdownloader.com,"Onlyfullporn adult video downloader page; emphasize public videos, privacy, HD/MP4 formats, no popups, browser extension CTA, and legal/adult disclaimer.",https://badassdownloader.com/onlyfullporn/|https://yt2save.com/onlyfullporn/|https://yt2save.com/de/onlyfullporn/
pepeporn.com,pepeporn,missing,,,download-pepeporn-videos,/download-pepeporn-videos,Pepeporn Video Downloader,true,2,3,yt2save.com,yt2save.com|badassdownloader.com,"Pepeporn adult video downloader page; emphasize public videos, privacy, HD/MP4 formats, no popups, browser extension CTA, and legal/adult disclaimer.",https://badassdownloader.com/pepeporn/|https://yt2save.com/pepeporn/|https://yt2save.com/de/pepeporn/
porn4days.com,porn4days,missing,,,download-porn4days-videos,/download-porn4days-videos,Porn4days Video Downloader,true,2,3,yt2save.com,yt2save.com|badassdownloader.com,"Porn4days adult video downloader page; emphasize public videos, privacy, HD/MP4 formats, no popups, browser extension CTA, and legal/adult disclaimer.",https://badassdownloader.com/porn4days/|https://yt2save.com/porn4days/|https://yt2save.com/de/porn4days/
pornbimbo.com,pornbimbo,missing,,,download-pornbimbo-videos,/download-pornbimbo-videos,Pornbimbo Video Downloader,true,2,3,yt2save.com,yt2save.com|badassdownloader.com,"Pornbimbo adult video downloader page; emphasize public videos, privacy, HD/MP4 formats, no popups, browser extension CTA, and legal/adult disclaimer.",https://badassdownloader.com/pornbimbo/|https://yt2save.com/pornbimbo/|https://yt2save.com/de/pornbimbo/
porndoe.com,porndoe,missing,,,download-porndoe-videos,/download-porndoe-videos,Porndoe Video Downloader,true,2,3,yt2save.com,yt2save.com|badassdownloader.com,"Porndoe adult video downloader page; emphasize public videos, privacy, HD/MP4 formats, no popups, browser extension CTA, and legal/adult disclaimer.",https://badassdownloader.com/porndoe/|https://yt2save.com/porndoe/|https://yt2save.com/de/porndoe/
porndune.com,porndune,missing,,,download-porndune-videos,/download-porndune-videos,Porndune Video Downloader,true,2,3,yt2save.com,yt2save.com|badassdownloader.com,"Porndune adult video downloader page; emphasize public videos, privacy, HD/MP4 formats, no popups, browser extension CTA, and legal/adult disclaimer.",https://badassdownloader.com/porndune/|https://yt2save.com/porndune/|https://yt2save.com/de/porndune/
porngo.com,porngo,missing,,,download-porngo-videos,/download-porngo-videos,Porngo Video Downloader,true,2,3,yt2save.com,yt2save.com|badassdownloader.com,"Porngo adult video downloader page; emphasize public videos, privacy, HD/MP4 formats, no popups, browser extension CTA, and legal/adult disclaimer.",https://badassdownloader.com/porngo/|https://yt2save.com/porngo/|https://yt2save.com/de/porngo/
pornhubpremium.com,pornhubpremium,missing,,,download-pornhubpremium-videos,/download-pornhubpremium-videos,Pornhubpremium Video Downloader,true,2,3,yt2save.com,yt2save.com|tubeoffline.com,"Pornhubpremium adult video downloader page; emphasize public videos, privacy, HD/MP4 formats, no popups, browser extension CTA, and legal/adult disclaimer.",https://www.tubeoffline.com/download-PornhubPremium-videos.php|https://yt2save.com/pornhubpremium/|https://yt2save.com/de/pornhubpremium/
pornid.com,pornid,missing,,,download-pornid-videos,/download-pornid-videos,Pornid Video Downloader,true,2,3,yt2save.com,yt2save.com|badassdownloader.com,"Pornid adult video downloader page; emphasize public videos, privacy, HD/MP4 formats, no popups, browser extension CTA, and legal/adult disclaimer.",https://badassdownloader.com/pornid/|https://yt2save.com/pornid/|https://yt2save.com/de/pornid/
pornky.com,pornky,missing,,,download-pornky-videos,/download-pornky-videos,Pornky Video Downloader,true,2,3,yt2save.com,yt2save.com|badassdownloader.com,"Pornky adult video downloader page; emphasize public videos, privacy, HD/MP4 formats, no popups, browser extension CTA, and legal/adult disclaimer.",https://badassdownloader.com/pornky/|https://yt2save.com/pornky/|https://yt2save.com/de/pornky/
pornmilo.com,pornmilo,missing,,,download-pornmilo-videos,/download-pornmilo-videos,Pornmilo Video Downloader,true,2,3,yt2save.com,yt2save.com|badassdownloader.com,"Pornmilo adult video downloader page; emphasize public videos, privacy, HD/MP4 formats, no popups, browser extension CTA, and legal/adult disclaimer.",https://badassdownloader.com/pornmilo/|https://yt2save.com/pornmilo/|https://yt2save.com/de/pornmilo/
pornobae.com,pornobae,missing,,,download-pornobae-videos,/download-pornobae-videos,Pornobae Video Downloader,true,2,3,yt2save.com,yt2save.com|badassdownloader.com,"Pornobae adult video downloader page; emphasize public videos, privacy, HD/MP4 formats, no popups, browser extension CTA, and legal/adult disclaimer.",https://badassdownloader.com/pornobae/|https://yt2save.com/pornobae/|https://yt2save.com/de/pornobae/
pornoeggs.com,pornoeggs,missing,,,download-pornoeggs-videos,/download-pornoeggs-videos,Pornoeggs Video Downloader,true,2,3,yt2save.com,yt2save.com|badassdownloader.com,"Pornoeggs adult video downloader page; emphasize public videos, privacy, HD/MP4 formats, no popups, browser extension CTA, and legal/adult disclaimer.",https://badassdownloader.com/pornoeggs/|https://yt2save.com/pornoeggs/|https://yt2save.com/de/pornoeggs/
pornoreino.com,pornoreino,missing,,,download-pornoreino-videos,/download-pornoreino-videos,Pornoreino Video Downloader,true,2,3,yt2save.com,yt2save.com|badassdownloader.com,"Pornoreino adult video downloader page; emphasize public videos, privacy, HD/MP4 formats, no popups, browser extension CTA, and legal/adult disclaimer.",https://badassdownloader.com/pornoreino/|https://yt2save.com/pornoreino/|https://yt2save.com/de/pornoreino/
pornrewind.com,pornrewind,missing,,,download-pornrewind-videos,/download-pornrewind-videos,Pornrewind Video Downloader,true,2,3,yt2save.com,yt2save.com|badassdownloader.com,"Pornrewind adult video downloader page; emphasize public videos, privacy, HD/MP4 formats, no popups, browser extension CTA, and legal/adult disclaimer.",https://badassdownloader.com/pornrewind/|https://yt2save.com/pornrewind/|https://yt2save.com/de/pornrewind/
porntry.com,porntry,missing,,,download-porntry-videos,/download-porntry-videos,Porntry Video Downloader,true,2,3,yt2save.com,yt2save.com|badassdownloader.com,"Porntry adult video downloader page; emphasize public videos, privacy, HD/MP4 formats, no popups, browser extension CTA, and legal/adult disclaimer.",https://badassdownloader.com/porntry/|https://yt2save.com/porntry/|https://yt2save.com/de/porntry/
trendyporn.com,trendyporn,missing,,,download-trendyporn-videos,/download-trendyporn-videos,Trendyporn Video Downloader,true,2,3,yt2save.com,yt2save.com|badassdownloader.com,"Trendyporn adult video downloader page; emphasize public videos, privacy, HD/MP4 formats, no popups, browser extension CTA, and legal/adult disclaimer.",https://badassdownloader.com/trendyporn/|https://yt2save.com/trendyporn/|https://yt2save.com/de/trendyporn/
veporno.com,veporno,missing,,,download-veporno-videos,/download-veporno-videos,Veporno Video Downloader,true,2,3,yt2save.com,yt2save.com|badassdownloader.com,"Veporno adult video downloader page; emphasize public videos, privacy, HD/MP4 formats, no popups, browser extension CTA, and legal/adult disclaimer.",https://badassdownloader.com/veporno/|https://yt2save.com/veporno/|https://yt2save.com/de/veporno/
veporns.com,veporns,missing,,,download-veporns-videos,/download-veporns-videos,Veporns Video Downloader,true,2,3,yt2save.com,yt2save.com|badassdownloader.com,"Veporns adult video downloader page; emphasize public videos, privacy, HD/MP4 formats, no popups, browser extension CTA, and legal/adult disclaimer.",https://badassdownloader.com/veporns/|https://yt2save.com/veporns/|https://yt2save.com/de/veporns/
veryfreeporn.com,veryfreeporn,missing,,,download-veryfreeporn-videos,/download-veryfreeporn-videos,Veryfreeporn Video Downloader,true,2,3,yt2save.com,yt2save.com|badassdownloader.com,"Veryfreeporn adult video downloader page; emphasize public videos, privacy, HD/MP4 formats, no popups, browser extension CTA, and legal/adult disclaimer.",https://badassdownloader.com/veryfreeporn/|https://yt2save.com/veryfreeporn/|https://yt2save.com/de/veryfreeporn/
xnxx2.com,xnxx2,missing,,,download-xnxx2-videos,/download-xnxx2-videos,Xnxx2 Video Downloader,true,2,3,yt2save.com,yt2save.com|badassdownloader.com,"Xnxx2 adult video downloader page; emphasize public videos, privacy, HD/MP4 formats, no popups, browser extension CTA, and legal/adult disclaimer.",https://badassdownloader.com/xnxx2/|https://yt2save.com/xnxx2/|https://yt2save.com/de/xnxx2/
xnxx3.com,xnxx3,missing,,,download-xnxx3-videos,/download-xnxx3-videos,Xnxx3 Video Downloader,true,2,3,yt2save.com,yt2save.com|badassdownloader.com,"Xnxx3 adult video downloader page; emphasize public videos, privacy, HD/MP4 formats, no popups, browser extension CTA, and legal/adult disclaimer.",https://badassdownloader.com/xnxx3/|https://yt2save.com/xnxx3/|https://yt2save.com/de/xnxx3/
xvideos2.com,xvideos2,missing,,,download-xvideos2-videos,/download-xvideos2-videos,Xvideos2 Video Downloader,true,2,3,yt2save.com,yt2save.com|badassdownloader.com,"Xvideos2 adult video downloader page; emphasize public videos, privacy, HD/MP4 formats, no popups, browser extension CTA, and legal/adult disclaimer.",https://badassdownloader.com/xvideos2/|https://yt2save.com/xvideos2/|https://yt2save.com/de/xvideos2/
xvideos3.com,xvideos3,missing,,,download-xvideos3-videos,/download-xvideos3-videos,Xvideos3 Video Downloader,true,2,3,yt2save.com,yt2save.com|badassdownloader.com,"Xvideos3 adult video downloader page; emphasize public videos, privacy, HD/MP4 formats, no popups, browser extension CTA, and legal/adult disclaimer.",https://badassdownloader.com/xvideos3/|https://yt2save.com/xvideos3/|https://yt2save.com/de/xvideos3/
xvideos4.com,xvideos4,missing,,,download-xvideos4-videos,/download-xvideos4-videos,Xvideos4 Video Downloader,true,2,3,yt2save.com,yt2save.com|badassdownloader.com,"Xvideos4 adult video downloader page; emphasize public videos, privacy, HD/MP4 formats, no popups, browser extension CTA, and legal/adult disclaimer.",https://badassdownloader.com/xvideos4/|https://yt2save.com/xvideos4/|https://yt2save.com/de/xvideos4/
xvideos5.com,xvideos5,missing,,,download-xvideos5-videos,/download-xvideos5-videos,Xvideos5 Video Downloader,true,2,3,yt2save.com,yt2save.com|badassdownloader.com,"Xvideos5 adult video downloader page; emphasize public videos, privacy, HD/MP4 formats, no popups, browser extension CTA, and legal/adult disclaimer.",https://badassdownloader.com/xvideos5/|https://yt2save.com/xvideos5/|https://yt2save.com/de/xvideos5/
videojav.com,videojav,missing,,,download-videojav-videos,/download-videojav-videos,Videojav Video Downloader,true,2,2,badassdownloader.com,badassdownloader.com|yt2save.com,"Videojav adult video downloader page; emphasize public videos, privacy, HD/MP4 formats, no popups, browser extension CTA, and legal/adult disclaimer.",https://badassdownloader.com/videojav/|https://yt2save.com/videojav/
xgroovy.com,xgroovy,missing,,,download-xgroovy-videos,/download-xgroovy-videos,Xgroovy Video Downloader,true,2,2,pastedownload.com,pastedownload.com|pptube.org,"Xgroovy adult video downloader page; emphasize public videos, privacy, HD/MP4 formats, no popups, browser extension CTA, and legal/adult disclaimer.",https://pastedownload.com/xgroovy-video-downloader/|https://pptube.org/video/download-xgroovy-videos/
saveporn.net,saveporn,missing,,,download-saveporn-videos,/download-saveporn-videos,Saveporn Video Downloader,true,1,478,saveporn.net,saveporn.net,"Saveporn adult video downloader page; emphasize public videos, privacy, HD/MP4 formats, no popups, browser extension CTA, and legal/adult disclaimer.",https://www.saveporn.net/|https://www.saveporn.net/last-downloads/|https://www.saveporn.net/categories/|https://www.saveporn.net/pornstars/|https://www.saveporn.net/tags/|https://www.saveporn.net/de/|https://www.saveporn.net/de/letzte-downloads/|https://www.saveporn.net/de/kategorien/
pornsaver.net,pornsaver,missing,,,download-pornsaver-videos,/download-pornsaver-videos,Pornsaver Video Downloader,true,1,73,pornsaver.net,pornsaver.net,"Pornsaver adult video downloader page; emphasize public videos, privacy, HD/MP4 formats, no popups, browser extension CTA, and legal/adult disclaimer.",https://www.pornsaver.net/|https://www.pornsaver.net/last-downloads/|https://www.pornsaver.net/categories/|https://www.pornsaver.net/de/|https://www.pornsaver.net/de/letzte-downloads/|https://www.pornsaver.net/de/kategorien/|https://www.pornsaver.net/zh/|https://www.pornsaver.net/zh/%E6%9C%80%E8%BF%91%E4%B8%8B%E8%BD%BD/
18porn.com,18porn,missing,,,download-18porn-videos,/download-18porn-videos,18porn Video Downloader,true,1,38,tubeninja.net,tubeninja.net,"18porn adult video downloader page; emphasize public videos, privacy, HD/MP4 formats, no popups, browser extension CTA, and legal/adult disclaimer.",http://www.tubeninja.net/how-to-download/18porn|http://www.tubeninja.net/ar/kayfiyat-tahmil/18porn|http://www.tubeninja.net/de/download-anleitung/18porn|http://www.tubeninja.net/es/como-descargar/18porn|http://www.tubeninja.net/fa/how-to-download/18porn|http://www.tubeninja.net/fr/comment-telecharger/18porn|http://www.tubeninja.net/id/bagaimana-cara-mengunduh/18porn|http://www.tubeninja.net/it/come-scaricare/18porn
18teenporno.tv,18teenporno,missing,,,download-18teenporno-videos,/download-18teenporno-videos,18teenporno Video Downloader,true,1,38,tubeninja.net,tubeninja.net,"18teenporno adult video downloader page; emphasize public videos, privacy, HD/MP4 formats, no popups, browser extension CTA, and legal/adult disclaimer.",http://www.tubeninja.net/how-to-download/18teenporno-tv|http://www.tubeninja.net/ar/kayfiyat-tahmil/18teenporno-tv|http://www.tubeninja.net/de/download-anleitung/18teenporno-tv|http://www.tubeninja.net/es/como-descargar/18teenporno-tv|http://www.tubeninja.net/fa/how-to-download/18teenporno-tv|http://www.tubeninja.net/fr/comment-telecharger/18teenporno-tv|http://www.tubeninja.net/id/bagaimana-cara-mengunduh/18teenporno-tv|http://www.tubeninja.net/it/come-scaricare/18teenporno-tv
18youngsex.com,18youngsex,missing,,,download-18youngsex-videos,/download-18youngsex-videos,18youngsex Video Downloader,true,1,38,tubeninja.net,tubeninja.net,"18youngsex adult video downloader page; emphasize public videos, privacy, HD/MP4 formats, no popups, browser extension CTA, and legal/adult disclaimer.",http://www.tubeninja.net/how-to-download/18youngsex|http://www.tubeninja.net/ar/kayfiyat-tahmil/18youngsex|http://www.tubeninja.net/de/download-anleitung/18youngsex|http://www.tubeninja.net/es/como-descargar/18youngsex|http://www.tubeninja.net/fa/how-to-download/18youngsex|http://www.tubeninja.net/fr/comment-telecharger/18youngsex|http://www.tubeninja.net/id/bagaimana-cara-mengunduh/18youngsex|http://www.tubeninja.net/it/come-scaricare/18youngsex
1webcamgirls.com,1webcamgirls,missing,,,download-1webcamgirls-videos,/download-1webcamgirls-videos,1webcamgirls Video Downloader,true,1,38,tubeninja.net,tubeninja.net,"1webcamgirls adult video downloader page; emphasize public videos, privacy, HD/MP4 formats, no popups, browser extension CTA, and legal/adult disclaimer.",http://www.tubeninja.net/how-to-download/1webcamgirls|http://www.tubeninja.net/ar/kayfiyat-tahmil/1webcamgirls|http://www.tubeninja.net/de/download-anleitung/1webcamgirls|http://www.tubeninja.net/es/como-descargar/1webcamgirls|http://www.tubeninja.net/fa/how-to-download/1webcamgirls|http://www.tubeninja.net/fr/comment-telecharger/1webcamgirls|http://www.tubeninja.net/id/bagaimana-cara-mengunduh/1webcamgirls|http://www.tubeninja.net/it/come-scaricare/1webcamgirls
1webcamporn.com,1webcamporn,missing,,,download-1webcamporn-videos,/download-1webcamporn-videos,1webcamporn Video Downloader,true,1,38,tubeninja.net,tubeninja.net,"1webcamporn adult video downloader page; emphasize public videos, privacy, HD/MP4 formats, no popups, browser extension CTA, and legal/adult disclaimer.",http://www.tubeninja.net/how-to-download/1webcamporn|http://www.tubeninja.net/ar/kayfiyat-tahmil/1webcamporn|http://www.tubeninja.net/de/download-anleitung/1webcamporn|http://www.tubeninja.net/es/como-descargar/1webcamporn|http://www.tubeninja.net/fa/how-to-download/1webcamporn|http://www.tubeninja.net/fr/comment-telecharger/1webcamporn|http://www.tubeninja.net/id/bagaimana-cara-mengunduh/1webcamporn|http://www.tubeninja.net/it/come-scaricare/1webcamporn
1xxx-tube.com,1xxx-tube,missing,,,download-1xxx-tube-videos,/download-1xxx-tube-videos,1xxx Tube Video Downloader,true,1,38,tubeninja.net,tubeninja.net,"1xxx Tube adult video downloader page; emphasize public videos, privacy, HD/MP4 formats, no popups, browser extension CTA, and legal/adult disclaimer.",http://www.tubeninja.net/how-to-download/1xxx-tube|http://www.tubeninja.net/ar/kayfiyat-tahmil/1xxx-tube|http://www.tubeninja.net/de/download-anleitung/1xxx-tube|http://www.tubeninja.net/es/como-descargar/1xxx-tube|http://www.tubeninja.net/fa/how-to-download/1xxx-tube|http://www.tubeninja.net/fr/comment-telecharger/1xxx-tube|http://www.tubeninja.net/id/bagaimana-cara-mengunduh/1xxx-tube|http://www.tubeninja.net/it/come-scaricare/1xxx-tube
1xxx.com,1xxx,missing,,,download-1xxx-videos,/download-1xxx-videos,1xxx Video Downloader,true,1,38,tubeninja.net,tubeninja.net,"1xxx adult video downloader page; emphasize public videos, privacy, HD/MP4 formats, no popups, browser extension CTA, and legal/adult disclaimer.",http://www.tubeninja.net/how-to-download/1xxx|http://www.tubeninja.net/ar/kayfiyat-tahmil/1xxx|http://www.tubeninja.net/de/download-anleitung/1xxx|http://www.tubeninja.net/es/como-descargar/1xxx|http://www.tubeninja.net/fa/how-to-download/1xxx|http://www.tubeninja.net/fr/comment-telecharger/1xxx|http://www.tubeninja.net/id/bagaimana-cara-mengunduh/1xxx|http://www.tubeninja.net/it/come-scaricare/1xxx
3dhentaisex.com,3dhentaisex,missing,,,download-3dhentaisex-videos,/download-3dhentaisex-videos,3dhentaisex Video Downloader,true,1,38,tubeninja.net,tubeninja.net,"3dhentaisex adult video downloader page; emphasize public videos, privacy, HD/MP4 formats, no popups, browser extension CTA, and legal/adult disclaimer.",http://www.tubeninja.net/how-to-download/3dhentaisex|http://www.tubeninja.net/ar/kayfiyat-tahmil/3dhentaisex|http://www.tubeninja.net/de/download-anleitung/3dhentaisex|http://www.tubeninja.net/es/como-descargar/3dhentaisex|http://www.tubeninja.net/fa/how-to-download/3dhentaisex|http://www.tubeninja.net/fr/comment-telecharger/3dhentaisex|http://www.tubeninja.net/id/bagaimana-cara-mengunduh/3dhentaisex|http://www.tubeninja.net/it/come-scaricare/3dhentaisex
3dpornreviews.com,3dpornreviews,missing,,,download-3dpornreviews-videos,/download-3dpornreviews-videos,3dpornreviews Video Downloader,true,1,38,tubeninja.net,tubeninja.net,"3dpornreviews adult video downloader page; emphasize public videos, privacy, HD/MP4 formats, no popups, browser extension CTA, and legal/adult disclaimer.",http://www.tubeninja.net/how-to-download/3dpornreviews|http://www.tubeninja.net/ar/kayfiyat-tahmil/3dpornreviews|http://www.tubeninja.net/de/download-anleitung/3dpornreviews|http://www.tubeninja.net/es/como-descargar/3dpornreviews|http://www.tubeninja.net/fa/how-to-download/3dpornreviews|http://www.tubeninja.net/fr/comment-telecharger/3dpornreviews|http://www.tubeninja.net/id/bagaimana-cara-mengunduh/3dpornreviews|http://www.tubeninja.net/it/come-scaricare/3dpornreviews
4porn.com,4porn,missing,,,download-4porn-videos,/download-4porn-videos,4porn Video Downloader,true,1,38,tubeninja.net,tubeninja.net,"4porn adult video downloader page; emphasize public videos, privacy, HD/MP4 formats, no popups, browser extension CTA, and legal/adult disclaimer.",http://www.tubeninja.net/how-to-download/4porn|http://www.tubeninja.net/ar/kayfiyat-tahmil/4porn|http://www.tubeninja.net/de/download-anleitung/4porn|http://www.tubeninja.net/es/como-descargar/4porn|http://www.tubeninja.net/fa/how-to-download/4porn|http://www.tubeninja.net/fr/comment-telecharger/4porn|http://www.tubeninja.net/id/bagaimana-cara-mengunduh/4porn|http://www.tubeninja.net/it/come-scaricare/4porn
6indianporn.com,6indianporn,missing,,,download-6indianporn-videos,/download-6indianporn-videos,6indianporn Video Downloader,true,1,38,tubeninja.net,tubeninja.net,"6indianporn adult video downloader page; emphasize public videos, privacy, HD/MP4 formats, no popups, browser extension CTA, and legal/adult disclaimer.",http://www.tubeninja.net/how-to-download/6indianporn|http://www.tubeninja.net/ar/kayfiyat-tahmil/6indianporn|http://www.tubeninja.net/de/download-anleitung/6indianporn|http://www.tubeninja.net/es/como-descargar/6indianporn|http://www.tubeninja.net/fa/how-to-download/6indianporn|http://www.tubeninja.net/fr/comment-telecharger/6indianporn|http://www.tubeninja.net/id/bagaimana-cara-mengunduh/6indianporn|http://www.tubeninja.net/it/come-scaricare/6indianporn
942porn.com,942porn,missing,,,download-942porn-videos,/download-942porn-videos,942porn Video Downloader,true,1,38,tubeninja.net,tubeninja.net,"942porn adult video downloader page; emphasize public videos, privacy, HD/MP4 formats, no popups, browser extension CTA, and legal/adult disclaimer.",http://www.tubeninja.net/how-to-download/942porn|http://www.tubeninja.net/ar/kayfiyat-tahmil/942porn|http://www.tubeninja.net/de/download-anleitung/942porn|http://www.tubeninja.net/es/como-descargar/942porn|http://www.tubeninja.net/fa/how-to-download/942porn|http://www.tubeninja.net/fr/comment-telecharger/942porn|http://www.tubeninja.net/id/bagaimana-cara-mengunduh/942porn|http://www.tubeninja.net/it/come-scaricare/942porn
aflamsex.com,aflamsex,missing,,,download-aflamsex-videos,/download-aflamsex-videos,Aflamsex Video Downloader,true,1,38,tubeninja.net,tubeninja.net,"Aflamsex adult video downloader page; emphasize public videos, privacy, HD/MP4 formats, no popups, browser extension CTA, and legal/adult disclaimer.",http://www.tubeninja.net/how-to-download/aflamsex-online|http://www.tubeninja.net/ar/kayfiyat-tahmil/aflamsex-online|http://www.tubeninja.net/de/download-anleitung/aflamsex-online|http://www.tubeninja.net/es/como-descargar/aflamsex-online|http://www.tubeninja.net/fa/how-to-download/aflamsex-online|http://www.tubeninja.net/fr/comment-telecharger/aflamsex-online|http://www.tubeninja.net/id/bagaimana-cara-mengunduh/aflamsex-online|http://www.tubeninja.net/it/come-scaricare/aflamsex-online
ahpornogratuit.com,ahpornogratuit,missing,,,download-ahpornogratuit-videos,/download-ahpornogratuit-videos,Ahpornogratuit Video Downloader,true,1,38,tubeninja.net,tubeninja.net,"Ahpornogratuit adult video downloader page; emphasize public videos, privacy, HD/MP4 formats, no popups, browser extension CTA, and legal/adult disclaimer.",http://www.tubeninja.net/how-to-download/ahpornogratuit|http://www.tubeninja.net/ar/kayfiyat-tahmil/ahpornogratuit|http://www.tubeninja.net/de/download-anleitung/ahpornogratuit|http://www.tubeninja.net/es/como-descargar/ahpornogratuit|http://www.tubeninja.net/fa/how-to-download/ahpornogratuit|http://www.tubeninja.net/fr/comment-telecharger/ahpornogratuit|http://www.tubeninja.net/id/bagaimana-cara-mengunduh/ahpornogratuit|http://www.tubeninja.net/it/come-scaricare/ahpornogratuit
airsextube.com,airsextube,missing,,,download-airsextube-videos,/download-airsextube-videos,Airsextube Video Downloader,true,1,38,tubeninja.net,tubeninja.net,"Airsextube adult video downloader page; emphasize public videos, privacy, HD/MP4 formats, no popups, browser extension CTA, and legal/adult disclaimer.",http://www.tubeninja.net/how-to-download/airsextube|http://www.tubeninja.net/ar/kayfiyat-tahmil/airsextube|http://www.tubeninja.net/de/download-anleitung/airsextube|http://www.tubeninja.net/es/como-descargar/airsextube|http://www.tubeninja.net/fa/how-to-download/airsextube|http://www.tubeninja.net/fr/comment-telecharger/airsextube|http://www.tubeninja.net/id/bagaimana-cara-mengunduh/airsextube|http://www.tubeninja.net/it/come-scaricare/airsextube
allmilfvideos.com,allmilfvideos,missing,,,download-allmilfvideos-videos,/download-allmilfvideos-videos,Allmilfvideos Video Downloader,true,1,38,tubeninja.net,tubeninja.net,"Allmilfvideos adult video downloader page; emphasize public videos, privacy, HD/MP4 formats, no popups, browser extension CTA, and legal/adult disclaimer.",http://www.tubeninja.net/how-to-download/allmilfvideos|http://www.tubeninja.net/ar/kayfiyat-tahmil/allmilfvideos|http://www.tubeninja.net/de/download-anleitung/allmilfvideos|http://www.tubeninja.net/es/como-descargar/allmilfvideos|http://www.tubeninja.net/fa/how-to-download/allmilfvideos|http://www.tubeninja.net/fr/comment-telecharger/allmilfvideos|http://www.tubeninja.net/id/bagaimana-cara-mengunduh/allmilfvideos|http://www.tubeninja.net/it/come-scaricare/allmilfvideos
amaporn.com,amaporn,missing,,,download-amaporn-videos,/download-amaporn-videos,Amaporn Video Downloader,true,1,38,tubeninja.net,tubeninja.net,"Amaporn adult video downloader page; emphasize public videos, privacy, HD/MP4 formats, no popups, browser extension CTA, and legal/adult disclaimer.",http://www.tubeninja.net/how-to-download/amaporn|http://www.tubeninja.net/ar/kayfiyat-tahmil/amaporn|http://www.tubeninja.net/de/download-anleitung/amaporn|http://www.tubeninja.net/es/como-descargar/amaporn|http://www.tubeninja.net/fa/how-to-download/amaporn|http://www.tubeninja.net/fr/comment-telecharger/amaporn|http://www.tubeninja.net/id/bagaimana-cara-mengunduh/amaporn|http://www.tubeninja.net/it/come-scaricare/amaporn
amateuretsexe.com,amateuretsexe,missing,,,download-amateuretsexe-videos,/download-amateuretsexe-videos,Amateuretsexe Video Downloader,true,1,38,tubeninja.net,tubeninja.net,"Amateuretsexe adult video downloader page; emphasize public videos, privacy, HD/MP4 formats, no popups, browser extension CTA, and legal/adult disclaimer.",http://www.tubeninja.net/how-to-download/amateuretsexe|http://www.tubeninja.net/ar/kayfiyat-tahmil/amateuretsexe|http://www.tubeninja.net/de/download-anleitung/amateuretsexe|http://www.tubeninja.net/es/como-descargar/amateuretsexe|http://www.tubeninja.net/fa/how-to-download/amateuretsexe|http://www.tubeninja.net/fr/comment-telecharger/amateuretsexe|http://www.tubeninja.net/id/bagaimana-cara-mengunduh/amateuretsexe|http://www.tubeninja.net/it/come-scaricare/amateuretsexe
amateurxvideos.com,amateurxvideos,missing,,,download-amateurxvideos-videos,/download-amateurxvideos-videos,Amateurxvideos Video Downloader,true,1,38,tubeninja.net,tubeninja.net,"Amateurxvideos adult video downloader page; emphasize public videos, privacy, HD/MP4 formats, no popups, browser extension CTA, and legal/adult disclaimer.",http://www.tubeninja.net/how-to-download/amateurxvideos|http://www.tubeninja.net/ar/kayfiyat-tahmil/amateurxvideos|http://www.tubeninja.net/de/download-anleitung/amateurxvideos|http://www.tubeninja.net/es/como-descargar/amateurxvideos|http://www.tubeninja.net/fa/how-to-download/amateurxvideos|http://www.tubeninja.net/fr/comment-telecharger/amateurxvideos|http://www.tubeninja.net/id/bagaimana-cara-mengunduh/amateurxvideos|http://www.tubeninja.net/it/come-scaricare/amateurxvideos
anypornru.com,anypornru,missing,,,download-anypornru-videos,/download-anypornru-videos,Anypornru Video Downloader,true,1,38,tubeninja.net,tubeninja.net,"Anypornru adult video downloader page; emphasize public videos, privacy, HD/MP4 formats, no popups, browser extension CTA, and legal/adult disclaimer.",http://www.tubeninja.net/how-to-download/anypornru|http://www.tubeninja.net/ar/kayfiyat-tahmil/anypornru|http://www.tubeninja.net/de/download-anleitung/anypornru|http://www.tubeninja.net/es/como-descargar/anypornru|http://www.tubeninja.net/fa/how-to-download/anypornru|http://www.tubeninja.net/fr/comment-telecharger/anypornru|http://www.tubeninja.net/id/bagaimana-cara-mengunduh/anypornru|http://www.tubeninja.net/it/come-scaricare/anypornru
apornotube.com,apornotube,missing,,,download-apornotube-videos,/download-apornotube-videos,Apornotube Video Downloader,true,1,38,tubeninja.net,tubeninja.net,"Apornotube adult video downloader page; emphasize public videos, privacy, HD/MP4 formats, no popups, browser extension CTA, and legal/adult disclaimer.",http://www.tubeninja.net/how-to-download/apornotube|http://www.tubeninja.net/ar/kayfiyat-tahmil/apornotube|http://www.tubeninja.net/de/download-anleitung/apornotube|http://www.tubeninja.net/es/como-descargar/apornotube|http://www.tubeninja.net/fa/how-to-download/apornotube|http://www.tubeninja.net/fr/comment-telecharger/apornotube|http://www.tubeninja.net/id/bagaimana-cara-mengunduh/apornotube|http://www.tubeninja.net/it/come-scaricare/apornotube
arabsexi.com,arabsexi,missing,,,download-arabsexi-videos,/download-arabsexi-videos,Arabsexi Video Downloader,true,1,38,tubeninja.net,tubeninja.net,"Arabsexi adult video downloader page; emphasize public videos, privacy, HD/MP4 formats, no popups, browser extension CTA, and legal/adult disclaimer.",http://www.tubeninja.net/how-to-download/arabsexi|http://www.tubeninja.net/ar/kayfiyat-tahmil/arabsexi|http://www.tubeninja.net/de/download-anleitung/arabsexi|http://www.tubeninja.net/es/como-descargar/arabsexi|http://www.tubeninja.net/fa/how-to-download/arabsexi|http://www.tubeninja.net/fr/comment-telecharger/arabsexi|http://www.tubeninja.net/id/bagaimana-cara-mengunduh/arabsexi|http://www.tubeninja.net/it/come-scaricare/arabsexi
arabysexy.com,arabysexy,missing,,,download-arabysexy-videos,/download-arabysexy-videos,Arabysexy Video Downloader,true,1,38,tubeninja.net,tubeninja.net,"Arabysexy adult video downloader page; emphasize public videos, privacy, HD/MP4 formats, no popups, browser extension CTA, and legal/adult disclaimer.",http://www.tubeninja.net/how-to-download/arabysexy|http://www.tubeninja.net/ar/kayfiyat-tahmil/arabysexy|http://www.tubeninja.net/de/download-anleitung/arabysexy|http://www.tubeninja.net/es/como-descargar/arabysexy|http://www.tubeninja.net/fa/how-to-download/arabysexy|http://www.tubeninja.net/fr/comment-telecharger/arabysexy|http://www.tubeninja.net/id/bagaimana-cara-mengunduh/arabysexy|http://www.tubeninja.net/it/come-scaricare/arabysexy
artserotica.com,artserotica,missing,,,download-artserotica-videos,/download-artserotica-videos,Artserotica Video Downloader,true,1,38,tubeninja.net,tubeninja.net,"Artserotica adult video downloader page; emphasize public videos, privacy, HD/MP4 formats, no popups, browser extension CTA, and legal/adult disclaimer.",http://www.tubeninja.net/how-to-download/artserotica|http://www.tubeninja.net/ar/kayfiyat-tahmil/artserotica|http://www.tubeninja.net/de/download-anleitung/artserotica|http://www.tubeninja.net/es/como-descargar/artserotica|http://www.tubeninja.net/fa/how-to-download/artserotica|http://www.tubeninja.net/fr/comment-telecharger/artserotica|http://www.tubeninja.net/id/bagaimana-cara-mengunduh/artserotica|http://www.tubeninja.net/it/come-scaricare/artserotica
asexstories.com,asexstories,missing,,,download-asexstories-videos,/download-asexstories-videos,Asexstories Video Downloader,true,1,38,tubeninja.net,tubeninja.net,"Asexstories adult video downloader page; emphasize public videos, privacy, HD/MP4 formats, no popups, browser extension CTA, and legal/adult disclaimer.",http://www.tubeninja.net/how-to-download/asexstories|http://www.tubeninja.net/ar/kayfiyat-tahmil/asexstories|http://www.tubeninja.net/de/download-anleitung/asexstories|http://www.tubeninja.net/es/como-descargar/asexstories|http://www.tubeninja.net/fa/how-to-download/asexstories|http://www.tubeninja.net/fr/comment-telecharger/asexstories|http://www.tubeninja.net/id/bagaimana-cara-mengunduh/asexstories|http://www.tubeninja.net/it/come-scaricare/asexstories
asian-porns.com,asian-porns,missing,,,download-asian-porns-videos,/download-asian-porns-videos,Asian Porns Video Downloader,true,1,38,tubeninja.net,tubeninja.net,"Asian Porns adult video downloader page; emphasize public videos, privacy, HD/MP4 formats, no popups, browser extension CTA, and legal/adult disclaimer.",http://www.tubeninja.net/how-to-download/asian-porns|http://www.tubeninja.net/ar/kayfiyat-tahmil/asian-porns|http://www.tubeninja.net/de/download-anleitung/asian-porns|http://www.tubeninja.net/es/como-descargar/asian-porns|http://www.tubeninja.net/fa/how-to-download/asian-porns|http://www.tubeninja.net/fr/comment-telecharger/asian-porns|http://www.tubeninja.net/id/bagaimana-cara-mengunduh/asian-porns|http://www.tubeninja.net/it/come-scaricare/asian-porns
asianporndot.com,asianporndot,missing,,,download-asianporndot-videos,/download-asianporndot-videos,Asianporndot Video Downloader,true,1,38,tubeninja.net,tubeninja.net,"Asianporndot adult video downloader page; emphasize public videos, privacy, HD/MP4 formats, no popups, browser extension CTA, and legal/adult disclaimer.",http://www.tubeninja.net/how-to-download/asianporndot|http://www.tubeninja.net/ar/kayfiyat-tahmil/asianporndot|http://www.tubeninja.net/de/download-anleitung/asianporndot|http://www.tubeninja.net/es/como-descargar/asianporndot|http://www.tubeninja.net/fa/how-to-download/asianporndot|http://www.tubeninja.net/fr/comment-telecharger/asianporndot|http://www.tubeninja.net/id/bagaimana-cara-mengunduh/asianporndot|http://www.tubeninja.net/it/come-scaricare/asianporndot
asianpornohub.com,asianpornohub,missing,,,download-asianpornohub-videos,/download-asianpornohub-videos,Asianpornohub Video Downloader,true,1,38,tubeninja.net,tubeninja.net,"Asianpornohub adult video downloader page; emphasize public videos, privacy, HD/MP4 formats, no popups, browser extension CTA, and legal/adult disclaimer.",http://www.tubeninja.net/how-to-download/asianpornohub|http://www.tubeninja.net/ar/kayfiyat-tahmil/asianpornohub|http://www.tubeninja.net/de/download-anleitung/asianpornohub|http://www.tubeninja.net/es/como-descargar/asianpornohub|http://www.tubeninja.net/fa/how-to-download/asianpornohub|http://www.tubeninja.net/fr/comment-telecharger/asianpornohub|http://www.tubeninja.net/id/bagaimana-cara-mengunduh/asianpornohub|http://www.tubeninja.net/it/come-scaricare/asianpornohub
asianxxxtv.com,asianxxxtv,missing,,,download-asianxxxtv-videos,/download-asianxxxtv-videos,Asianxxxtv Video Downloader,true,1,38,tubeninja.net,tubeninja.net,"Asianxxxtv adult video downloader page; emphasize public videos, privacy, HD/MP4 formats, no popups, browser extension CTA, and legal/adult disclaimer.",http://www.tubeninja.net/how-to-download/asianxxxtv|http://www.tubeninja.net/ar/kayfiyat-tahmil/asianxxxtv|http://www.tubeninja.net/de/download-anleitung/asianxxxtv|http://www.tubeninja.net/es/como-descargar/asianxxxtv|http://www.tubeninja.net/fa/how-to-download/asianxxxtv|http://www.tubeninja.net/fr/comment-telecharger/asianxxxtv|http://www.tubeninja.net/id/bagaimana-cara-mengunduh/asianxxxtv|http://www.tubeninja.net/it/come-scaricare/asianxxxtv
beegvideo.com,beegvideo,missing,,,download-beegvideo-videos,/download-beegvideo-videos,Beegvideo Video Downloader,true,1,38,tubeninja.net,tubeninja.net,"Beegvideo adult video downloader page; emphasize public videos, privacy, HD/MP4 formats, no popups, browser extension CTA, and legal/adult disclaimer.",http://www.tubeninja.net/how-to-download/beegvideo|http://www.tubeninja.net/ar/kayfiyat-tahmil/beegvideo|http://www.tubeninja.net/de/download-anleitung/beegvideo|http://www.tubeninja.net/es/como-descargar/beegvideo|http://www.tubeninja.net/fa/how-to-download/beegvideo|http://www.tubeninja.net/fr/comment-telecharger/beegvideo|http://www.tubeninja.net/id/bagaimana-cara-mengunduh/beegvideo|http://www.tubeninja.net/it/come-scaricare/beegvideo
bestonporn.com,bestonporn,missing,,,download-bestonporn-videos,/download-bestonporn-videos,Bestonporn Video Downloader,true,1,38,tubeninja.net,tubeninja.net,"Bestonporn adult video downloader page; emphasize public videos, privacy, HD/MP4 formats, no popups, browser extension CTA, and legal/adult disclaimer.",http://www.tubeninja.net/how-to-download/bestonporn|http://www.tubeninja.net/ar/kayfiyat-tahmil/bestonporn|http://www.tubeninja.net/de/download-anleitung/bestonporn|http://www.tubeninja.net/es/como-descargar/bestonporn|http://www.tubeninja.net/fa/how-to-download/bestonporn|http://www.tubeninja.net/fr/comment-telecharger/bestonporn|http://www.tubeninja.net/id/bagaimana-cara-mengunduh/bestonporn|http://www.tubeninja.net/it/come-scaricare/bestonporn
bg-sex.com,bg-sex,missing,,,download-bg-sex-videos,/download-bg-sex-videos,Bg Sex Video Downloader,true,1,38,tubeninja.net,tubeninja.net,"Bg Sex adult video downloader page; emphasize public videos, privacy, HD/MP4 formats, no popups, browser extension CTA, and legal/adult disclaimer.",http://www.tubeninja.net/how-to-download/bg-sex|http://www.tubeninja.net/ar/kayfiyat-tahmil/bg-sex|http://www.tubeninja.net/de/download-anleitung/bg-sex|http://www.tubeninja.net/es/como-descargar/bg-sex|http://www.tubeninja.net/fa/how-to-download/bg-sex|http://www.tubeninja.net/fr/comment-telecharger/bg-sex|http://www.tubeninja.net/id/bagaimana-cara-mengunduh/bg-sex|http://www.tubeninja.net/it/come-scaricare/bg-sex
bigboobsalert.com,bigboobsalert,missing,,,download-bigboobsalert-videos,/download-bigboobsalert-videos,Bigboobsalert Video Downloader,true,1,38,tubeninja.net,tubeninja.net,"Bigboobsalert adult video downloader page; emphasize public videos, privacy, HD/MP4 formats, no popups, browser extension CTA, and legal/adult disclaimer.",http://www.tubeninja.net/how-to-download/bigboobsalert|http://www.tubeninja.net/ar/kayfiyat-tahmil/bigboobsalert|http://www.tubeninja.net/de/download-anleitung/bigboobsalert|http://www.tubeninja.net/es/como-descargar/bigboobsalert|http://www.tubeninja.net/fa/how-to-download/bigboobsalert|http://www.tubeninja.net/fr/comment-telecharger/bigboobsalert|http://www.tubeninja.net/id/bagaimana-cara-mengunduh/bigboobsalert|http://www.tubeninja.net/it/come-scaricare/bigboobsalert
bigcitysluts.com,bigcitysluts,missing,,,download-bigcitysluts-videos,/download-bigcitysluts-videos,Bigcitysluts Video Downloader,true,1,38,tubeninja.net,tubeninja.net,"Bigcitysluts adult video downloader page; emphasize public videos, privacy, HD/MP4 formats, no popups, browser extension CTA, and legal/adult disclaimer.",http://www.tubeninja.net/how-to-download/bigcitysluts|http://www.tubeninja.net/ar/kayfiyat-tahmil/bigcitysluts|http://www.tubeninja.net/de/download-anleitung/bigcitysluts|http://www.tubeninja.net/es/como-descargar/bigcitysluts|http://www.tubeninja.net/fa/how-to-download/bigcitysluts|http://www.tubeninja.net/fr/comment-telecharger/bigcitysluts|http://www.tubeninja.net/id/bagaimana-cara-mengunduh/bigcitysluts|http://www.tubeninja.net/it/come-scaricare/bigcitysluts
bigcocker.com,bigcocker,missing,,,download-bigcocker-videos,/download-bigcocker-videos,Bigcocker Video Downloader,true,1,38,tubeninja.net,tubeninja.net,"Bigcocker adult video downloader page; emphasize public videos, privacy, HD/MP4 formats, no popups, browser extension CTA, and legal/adult disclaimer.",http://www.tubeninja.net/how-to-download/bigcocker|http://www.tubeninja.net/ar/kayfiyat-tahmil/bigcocker|http://www.tubeninja.net/de/download-anleitung/bigcocker|http://www.tubeninja.net/es/como-descargar/bigcocker|http://www.tubeninja.net/fa/how-to-download/bigcocker|http://www.tubeninja.net/fr/comment-telecharger/bigcocker|http://www.tubeninja.net/id/bagaimana-cara-mengunduh/bigcocker|http://www.tubeninja.net/it/come-scaricare/bigcocker
bigtitsnow.com,bigtitsnow,missing,,,download-bigtitsnow-videos,/download-bigtitsnow-videos,Bigtitsnow Video Downloader,true,1,38,tubeninja.net,tubeninja.net,"Bigtitsnow adult video downloader page; emphasize public videos, privacy, HD/MP4 formats, no popups, browser extension CTA, and legal/adult disclaimer.",http://www.tubeninja.net/how-to-download/bigtitsnow|http://www.tubeninja.net/ar/kayfiyat-tahmil/bigtitsnow|http://www.tubeninja.net/de/download-anleitung/bigtitsnow|http://www.tubeninja.net/es/como-descargar/bigtitsnow|http://www.tubeninja.net/fa/how-to-download/bigtitsnow|http://www.tubeninja.net/fr/comment-telecharger/bigtitsnow|http://www.tubeninja.net/id/bagaimana-cara-mengunduh/bigtitsnow|http://www.tubeninja.net/it/come-scaricare/bigtitsnow
bigtitstube.com,bigtitstube,missing,,,download-bigtitstube-videos,/download-bigtitstube-videos,Bigtitstube Video Downloader,true,1,38,tubeninja.net,tubeninja.net,"Bigtitstube adult video downloader page; emphasize public videos, privacy, HD/MP4 formats, no popups, browser extension CTA, and legal/adult disclaimer.",http://www.tubeninja.net/how-to-download/bigtitstube|http://www.tubeninja.net/ar/kayfiyat-tahmil/bigtitstube|http://www.tubeninja.net/de/download-anleitung/bigtitstube|http://www.tubeninja.net/es/como-descargar/bigtitstube|http://www.tubeninja.net/fa/how-to-download/bigtitstube|http://www.tubeninja.net/fr/comment-telecharger/bigtitstube|http://www.tubeninja.net/id/bagaimana-cara-mengunduh/bigtitstube|http://www.tubeninja.net/it/come-scaricare/bigtitstube
blacksexfinder.com,blacksexfinder,missing,,,download-blacksexfinder-videos,/download-blacksexfinder-videos,Blacksexfinder Video Downloader,true,1,38,tubeninja.net,tubeninja.net,"Blacksexfinder adult video downloader page; emphasize public videos, privacy, HD/MP4 formats, no popups, browser extension CTA, and legal/adult disclaimer.",http://www.tubeninja.net/how-to-download/blacksexfinder|http://www.tubeninja.net/ar/kayfiyat-tahmil/blacksexfinder|http://www.tubeninja.net/de/download-anleitung/blacksexfinder|http://www.tubeninja.net/es/como-descargar/blacksexfinder|http://www.tubeninja.net/fa/how-to-download/blacksexfinder|http://www.tubeninja.net/fr/comment-telecharger/blacksexfinder|http://www.tubeninja.net/id/bagaimana-cara-mengunduh/blacksexfinder|http://www.tubeninja.net/it/come-scaricare/blacksexfinder
blowxxxtube.com,blowxxxtube,missing,,,download-blowxxxtube-videos,/download-blowxxxtube-videos,Blowxxxtube Video Downloader,true,1,38,tubeninja.net,tubeninja.net,"Blowxxxtube adult video downloader page; emphasize public videos, privacy, HD/MP4 formats, no popups, browser extension CTA, and legal/adult disclaimer.",http://www.tubeninja.net/how-to-download/blowxxxtube|http://www.tubeninja.net/ar/kayfiyat-tahmil/blowxxxtube|http://www.tubeninja.net/de/download-anleitung/blowxxxtube|http://www.tubeninja.net/es/como-descargar/blowxxxtube|http://www.tubeninja.net/fa/how-to-download/blowxxxtube|http://www.tubeninja.net/fr/comment-telecharger/blowxxxtube|http://www.tubeninja.net/id/bagaimana-cara-mengunduh/blowxxxtube|http://www.tubeninja.net/it/come-scaricare/blowxxxtube
bonporn.com,bonporn,missing,,,download-bonporn-videos,/download-bonporn-videos,Bonporn Video Downloader,true,1,38,tubeninja.net,tubeninja.net,"Bonporn adult video downloader page; emphasize public videos, privacy, HD/MP4 formats, no popups, browser extension CTA, and legal/adult disclaimer.",http://www.tubeninja.net/how-to-download/bonporn|http://www.tubeninja.net/ar/kayfiyat-tahmil/bonporn|http://www.tubeninja.net/de/download-anleitung/bonporn|http://www.tubeninja.net/es/como-descargar/bonporn|http://www.tubeninja.net/fa/how-to-download/bonporn|http://www.tubeninja.net/fr/comment-telecharger/bonporn|http://www.tubeninja.net/id/bagaimana-cara-mengunduh/bonporn|http://www.tubeninja.net/it/come-scaricare/bonporn
bravoerotica.com,bravoerotica,missing,,,download-bravoerotica-videos,/download-bravoerotica-videos,Bravoerotica Video Downloader,true,1,38,tubeninja.net,tubeninja.net,"Bravoerotica adult video downloader page; emphasize public videos, privacy, HD/MP4 formats, no popups, browser extension CTA, and legal/adult disclaimer.",http://www.tubeninja.net/how-to-download/bravoerotica|http://www.tubeninja.net/ar/kayfiyat-tahmil/bravoerotica|http://www.tubeninja.net/de/download-anleitung/bravoerotica|http://www.tubeninja.net/es/como-descargar/bravoerotica|http://www.tubeninja.net/fa/how-to-download/bravoerotica|http://www.tubeninja.net/fr/comment-telecharger/bravoerotica|http://www.tubeninja.net/id/bagaimana-cara-mengunduh/bravoerotica|http://www.tubeninja.net/it/come-scaricare/bravoerotica
brazzers-hd.com,brazzers-hd,missing,,,download-brazzers-hd-videos,/download-brazzers-hd-videos,Brazzers Hd Video Downloader,true,1,38,tubeninja.net,tubeninja.net,"Brazzers Hd adult video downloader page; emphasize public videos, privacy, HD/MP4 formats, no popups, browser extension CTA, and legal/adult disclaimer.",http://www.tubeninja.net/how-to-download/brazzers-hd|http://www.tubeninja.net/ar/kayfiyat-tahmil/brazzers-hd|http://www.tubeninja.net/de/download-anleitung/brazzers-hd|http://www.tubeninja.net/es/como-descargar/brazzers-hd|http://www.tubeninja.net/fa/how-to-download/brazzers-hd|http://www.tubeninja.net/fr/comment-telecharger/brazzers-hd|http://www.tubeninja.net/id/bagaimana-cara-mengunduh/brazzers-hd|http://www.tubeninja.net/it/come-scaricare/brazzers-hd
bysex.com,bysex,missing,,,download-bysex-videos,/download-bysex-videos,Bysex Video Downloader,true,1,38,tubeninja.net,tubeninja.net,"Bysex adult video downloader page; emphasize public videos, privacy, HD/MP4 formats, no popups, browser extension CTA, and legal/adult disclaimer.",http://www.tubeninja.net/how-to-download/bysex|http://www.tubeninja.net/ar/kayfiyat-tahmil/bysex|http://www.tubeninja.net/de/download-anleitung/bysex|http://www.tubeninja.net/es/como-descargar/bysex|http://www.tubeninja.net/fa/how-to-download/bysex|http://www.tubeninja.net/fr/comment-telecharger/bysex|http://www.tubeninja.net/id/bagaimana-cara-mengunduh/bysex|http://www.tubeninja.net/it/come-scaricare/bysex
cagnaporno.com,cagnaporno,missing,,,download-cagnaporno-videos,/download-cagnaporno-videos,Cagnaporno Video Downloader,true,1,38,tubeninja.net,tubeninja.net,"Cagnaporno adult video downloader page; emphasize public videos, privacy, HD/MP4 formats, no popups, browser extension CTA, and legal/adult disclaimer.",http://www.tubeninja.net/how-to-download/cagnaporno|http://www.tubeninja.net/ar/kayfiyat-tahmil/cagnaporno|http://www.tubeninja.net/de/download-anleitung/cagnaporno|http://www.tubeninja.net/es/como-descargar/cagnaporno|http://www.tubeninja.net/fa/how-to-download/cagnaporno|http://www.tubeninja.net/fr/comment-telecharger/cagnaporno|http://www.tubeninja.net/id/bagaimana-cara-mengunduh/cagnaporno|http://www.tubeninja.net/it/come-scaricare/cagnaporno
camwhorestv.com,camwhorestv,missing,,,download-camwhorestv-videos,/download-camwhorestv-videos,Camwhorestv Video Downloader,true,1,38,tubeninja.net,tubeninja.net,"Camwhorestv adult video downloader page; emphasize public videos, privacy, HD/MP4 formats, no popups, browser extension CTA, and legal/adult disclaimer.",http://www.tubeninja.net/how-to-download/camwhorestv/2|http://www.tubeninja.net/ar/kayfiyat-tahmil/camwhorestv|http://www.tubeninja.net/de/download-anleitung/camwhorestv|http://www.tubeninja.net/es/como-descargar/camwhorestv/1|http://www.tubeninja.net/fa/how-to-download/camwhorestv|http://www.tubeninja.net/fr/comment-telecharger/camwhorestv|http://www.tubeninja.net/id/bagaimana-cara-mengunduh/camwhorestv|http://www.tubeninja.net/it/come-scaricare/camwhorestv
canalporno.com,canalporno,missing,,,download-canalporno-videos,/download-canalporno-videos,Canalporno Video Downloader,true,1,38,tubeninja.net,tubeninja.net,"Canalporno adult video downloader page; emphasize public videos, privacy, HD/MP4 formats, no popups, browser extension CTA, and legal/adult disclaimer.",http://www.tubeninja.net/how-to-download/canalporno|http://www.tubeninja.net/ar/kayfiyat-tahmil/canalporno|http://www.tubeninja.net/de/download-anleitung/canalporno|http://www.tubeninja.net/es/como-descargar/canalporno|http://www.tubeninja.net/fa/how-to-download/canalporno|http://www.tubeninja.net/fr/comment-telecharger/canalporno|http://www.tubeninja.net/id/bagaimana-cara-mengunduh/canalporno|http://www.tubeninja.net/it/come-scaricare/canalporno
chaseporn.com,chaseporn,missing,,,download-chaseporn-videos,/download-chaseporn-videos,Chaseporn Video Downloader,true,1,38,tubeninja.net,tubeninja.net,"Chaseporn adult video downloader page; emphasize public videos, privacy, HD/MP4 formats, no popups, browser extension CTA, and legal/adult disclaimer.",http://www.tubeninja.net/how-to-download/chaseporn|http://www.tubeninja.net/ar/kayfiyat-tahmil/chaseporn|http://www.tubeninja.net/de/download-anleitung/chaseporn|http://www.tubeninja.net/es/como-descargar/chaseporn|http://www.tubeninja.net/fa/how-to-download/chaseporn|http://www.tubeninja.net/fr/comment-telecharger/chaseporn|http://www.tubeninja.net/id/bagaimana-cara-mengunduh/chaseporn|http://www.tubeninja.net/it/come-scaricare/chaseporn
chuporno.com,chuporno,missing,,,download-chuporno-videos,/download-chuporno-videos,Chuporno Video Downloader,true,1,38,tubeninja.net,tubeninja.net,"Chuporno adult video downloader page; emphasize public videos, privacy, HD/MP4 formats, no popups, browser extension CTA, and legal/adult disclaimer.",http://www.tubeninja.net/how-to-download/chuporno|http://www.tubeninja.net/ar/kayfiyat-tahmil/chuporno|http://www.tubeninja.net/de/download-anleitung/chuporno|http://www.tubeninja.net/es/como-descargar/chuporno|http://www.tubeninja.net/fa/how-to-download/chuporno|http://www.tubeninja.net/fr/comment-telecharger/chuporno|http://www.tubeninja.net/id/bagaimana-cara-mengunduh/chuporno|http://www.tubeninja.net/it/come-scaricare/chuporno
cockhero.com,cockhero,missing,,,download-cockhero-videos,/download-cockhero-videos,Cockhero Video Downloader,true,1,38,tubeninja.net,tubeninja.net,"Cockhero adult video downloader page; emphasize public videos, privacy, HD/MP4 formats, no popups, browser extension CTA, and legal/adult disclaimer.",http://www.tubeninja.net/how-to-download/cockhero|http://www.tubeninja.net/ar/kayfiyat-tahmil/cockhero|http://www.tubeninja.net/de/download-anleitung/cockhero|http://www.tubeninja.net/es/como-descargar/cockhero|http://www.tubeninja.net/fa/how-to-download/cockhero|http://www.tubeninja.net/fr/comment-telecharger/cockhero|http://www.tubeninja.net/id/bagaimana-cara-mengunduh/cockhero|http://www.tubeninja.net/it/come-scaricare/cockhero
coldporn.com,coldporn,missing,,,download-coldporn-videos,/download-coldporn-videos,Coldporn Video Downloader,true,1,38,tubeninja.net,tubeninja.net,"Coldporn adult video downloader page; emphasize public videos, privacy, HD/MP4 formats, no popups, browser extension CTA, and legal/adult disclaimer.",http://www.tubeninja.net/how-to-download/coldporn|http://www.tubeninja.net/ar/kayfiyat-tahmil/coldporn|http://www.tubeninja.net/de/download-anleitung/coldporn|http://www.tubeninja.net/es/como-descargar/coldporn|http://www.tubeninja.net/fa/how-to-download/coldporn|http://www.tubeninja.net/fr/comment-telecharger/coldporn|http://www.tubeninja.net/id/bagaimana-cara-mengunduh/coldporn|http://www.tubeninja.net/it/come-scaricare/coldporn
coolxxxsluts.com,coolxxxsluts,missing,,,download-coolxxxsluts-videos,/download-coolxxxsluts-videos,Coolxxxsluts Video Downloader,true,1,38,tubeninja.net,tubeninja.net,"Coolxxxsluts adult video downloader page; emphasize public videos, privacy, HD/MP4 formats, no popups, browser extension CTA, and legal/adult disclaimer.",http://www.tubeninja.net/how-to-download/coolxxxsluts|http://www.tubeninja.net/ar/kayfiyat-tahmil/coolxxxsluts|http://www.tubeninja.net/de/download-anleitung/coolxxxsluts|http://www.tubeninja.net/es/como-descargar/coolxxxsluts|http://www.tubeninja.net/fa/how-to-download/coolxxxsluts|http://www.tubeninja.net/fr/comment-telecharger/coolxxxsluts|http://www.tubeninja.net/id/bagaimana-cara-mengunduh/coolxxxsluts|http://www.tubeninja.net/it/come-scaricare/coolxxxsluts
crazyxxx3dworld.com,crazyxxx3dworld,missing,,,download-crazyxxx3dworld-videos,/download-crazyxxx3dworld-videos,Crazyxxx3dworld Video Downloader,true,1,38,tubeninja.net,tubeninja.net,"Crazyxxx3dworld adult video downloader page; emphasize public videos, privacy, HD/MP4 formats, no popups, browser extension CTA, and legal/adult disclaimer.",http://www.tubeninja.net/how-to-download/crazyxxx3dworld|http://www.tubeninja.net/ar/kayfiyat-tahmil/crazyxxx3dworld|http://www.tubeninja.net/de/download-anleitung/crazyxxx3dworld|http://www.tubeninja.net/es/como-descargar/crazyxxx3dworld|http://www.tubeninja.net/fa/how-to-download/crazyxxx3dworld|http://www.tubeninja.net/fr/comment-telecharger/crazyxxx3dworld|http://www.tubeninja.net/id/bagaimana-cara-mengunduh/crazyxxx3dworld|http://www.tubeninja.net/it/come-scaricare/crazyxxx3dworld
cuantosexo.com,cuantosexo,missing,,,download-cuantosexo-videos,/download-cuantosexo-videos,Cuantosexo Video Downloader,true,1,38,tubeninja.net,tubeninja.net,"Cuantosexo adult video downloader page; emphasize public videos, privacy, HD/MP4 formats, no popups, browser extension CTA, and legal/adult disclaimer.",http://www.tubeninja.net/how-to-download/cuantosexo|http://www.tubeninja.net/ar/kayfiyat-tahmil/cuantosexo|http://www.tubeninja.net/de/download-anleitung/cuantosexo|http://www.tubeninja.net/es/como-descargar/cuantosexo|http://www.tubeninja.net/fa/how-to-download/cuantosexo|http://www.tubeninja.net/fr/comment-telecharger/cuantosexo|http://www.tubeninja.net/id/bagaimana-cara-mengunduh/cuantosexo|http://www.tubeninja.net/it/come-scaricare/cuantosexo
cumbunker.com,cumbunker,missing,,,download-cumbunker-videos,/download-cumbunker-videos,Cumbunker Video Downloader,true,1,38,tubeninja.net,tubeninja.net,"Cumbunker adult video downloader page; emphasize public videos, privacy, HD/MP4 formats, no popups, browser extension CTA, and legal/adult disclaimer.",http://www.tubeninja.net/how-to-download/cumbunker|http://www.tubeninja.net/ar/kayfiyat-tahmil/cumbunker|http://www.tubeninja.net/de/download-anleitung/cumbunker|http://www.tubeninja.net/es/como-descargar/cumbunker|http://www.tubeninja.net/fa/how-to-download/cumbunker|http://www.tubeninja.net/fr/comment-telecharger/cumbunker|http://www.tubeninja.net/id/bagaimana-cara-mengunduh/cumbunker|http://www.tubeninja.net/it/come-scaricare/cumbunker
dailyindiansex.com,dailyindiansex,missing,,,download-dailyindiansex-videos,/download-dailyindiansex-videos,Dailyindiansex Video Downloader,true,1,38,tubeninja.net,tubeninja.net,"Dailyindiansex adult video downloader page; emphasize public videos, privacy, HD/MP4 formats, no popups, browser extension CTA, and legal/adult disclaimer.",http://www.tubeninja.net/how-to-download/dailyindiansex|http://www.tubeninja.net/ar/kayfiyat-tahmil/dailyindiansex|http://www.tubeninja.net/de/download-anleitung/dailyindiansex|http://www.tubeninja.net/es/como-descargar/dailyindiansex|http://www.tubeninja.net/fa/how-to-download/dailyindiansex|http://www.tubeninja.net/fr/comment-telecharger/dailyindiansex|http://www.tubeninja.net/id/bagaimana-cara-mengunduh/dailyindiansex|http://www.tubeninja.net/it/come-scaricare/dailyindiansex
daporn.com,daporn,missing,,,download-daporn-videos,/download-daporn-videos,Daporn Video Downloader,true,1,38,tubeninja.net,tubeninja.net,"Daporn adult video downloader page; emphasize public videos, privacy, HD/MP4 formats, no popups, browser extension CTA, and legal/adult disclaimer.",http://www.tubeninja.net/how-to-download/daporn|http://www.tubeninja.net/ar/kayfiyat-tahmil/daporn|http://www.tubeninja.net/de/download-anleitung/daporn|http://www.tubeninja.net/es/como-descargar/daporn|http://www.tubeninja.net/fa/how-to-download/daporn|http://www.tubeninja.net/fr/comment-telecharger/daporn|http://www.tubeninja.net/id/bagaimana-cara-mengunduh/daporn|http://www.tubeninja.net/it/come-scaricare/daporn
desixnxx.com,desixnxx,missing,,,download-desixnxx-videos,/download-desixnxx-videos,Desixnxx Video Downloader,true,1,38,tubeninja.net,tubeninja.net,"Desixnxx adult video downloader page; emphasize public videos, privacy, HD/MP4 formats, no popups, browser extension CTA, and legal/adult disclaimer.",http://www.tubeninja.net/how-to-download/desixnxx|http://www.tubeninja.net/ar/kayfiyat-tahmil/desixnxx|http://www.tubeninja.net/de/download-anleitung/desixnxx|http://www.tubeninja.net/es/como-descargar/desixnxx|http://www.tubeninja.net/fa/how-to-download/desixnxx|http://www.tubeninja.net/fr/comment-telecharger/desixnxx|http://www.tubeninja.net/id/bagaimana-cara-mengunduh/desixnxx|http://www.tubeninja.net/it/come-scaricare/desixnxx
dickflash.com,dickflash,missing,,,download-dickflash-videos,/download-dickflash-videos,Dickflash Video Downloader,true,1,38,tubeninja.net,tubeninja.net,"Dickflash adult video downloader page; emphasize public videos, privacy, HD/MP4 formats, no popups, browser extension CTA, and legal/adult disclaimer.",http://www.tubeninja.net/how-to-download/dickflash|http://www.tubeninja.net/ar/kayfiyat-tahmil/dickflash|http://www.tubeninja.net/de/download-anleitung/dickflash|http://www.tubeninja.net/es/como-descargar/dickflash|http://www.tubeninja.net/fa/how-to-download/dickflash|http://www.tubeninja.net/fr/comment-telecharger/dickflash|http://www.tubeninja.net/id/bagaimana-cara-mengunduh/dickflash|http://www.tubeninja.net/it/come-scaricare/dickflash
dirtyindianporn.com,dirtyindianporn,missing,,,download-dirtyindianporn-videos,/download-dirtyindianporn-videos,Dirtyindianporn Video Downloader,true,1,38,tubeninja.net,tubeninja.net,"Dirtyindianporn adult video downloader page; emphasize public videos, privacy, HD/MP4 formats, no popups, browser extension CTA, and legal/adult disclaimer.",http://www.tubeninja.net/how-to-download/dirtyindianporn|http://www.tubeninja.net/ar/kayfiyat-tahmil/dirtyindianporn|http://www.tubeninja.net/de/download-anleitung/dirtyindianporn|http://www.tubeninja.net/es/como-descargar/dirtyindianporn|http://www.tubeninja.net/fa/how-to-download/dirtyindianporn|http://www.tubeninja.net/fr/comment-telecharger/dirtyindianporn|http://www.tubeninja.net/id/bagaimana-cara-mengunduh/dirtyindianporn|http://www.tubeninja.net/it/come-scaricare/dirtyindianporn
dobbyporn.com,dobbyporn,missing,,,download-dobbyporn-videos,/download-dobbyporn-videos,Dobbyporn Video Downloader,true,1,38,tubeninja.net,tubeninja.net,"Dobbyporn adult video downloader page; emphasize public videos, privacy, HD/MP4 formats, no popups, browser extension CTA, and legal/adult disclaimer.",http://www.tubeninja.net/how-to-download/dobbyporn|http://www.tubeninja.net/ar/kayfiyat-tahmil/dobbyporn|http://www.tubeninja.net/de/download-anleitung/dobbyporn|http://www.tubeninja.net/es/como-descargar/dobbyporn|http://www.tubeninja.net/fa/how-to-download/dobbyporn|http://www.tubeninja.net/fr/comment-telecharger/dobbyporn|http://www.tubeninja.net/id/bagaimana-cara-mengunduh/dobbyporn|http://www.tubeninja.net/it/come-scaricare/dobbyporn
documentingreality.com,documentingreality,missing,,,download-documentingreality-videos,/download-documentingreality-videos,Documentingreality Video Downloader,true,1,38,tubeninja.net,tubeninja.net,"Documentingreality adult video downloader page; emphasize public videos, privacy, HD/MP4 formats, no popups, browser extension CTA, and legal/adult disclaimer.",http://www.tubeninja.net/how-to-download/documentingreality|http://www.tubeninja.net/ar/kayfiyat-tahmil/documentingreality|http://www.tubeninja.net/de/download-anleitung/documentingreality|http://www.tubeninja.net/es/como-descargar/documentingreality|http://www.tubeninja.net/fa/how-to-download/documentingreality|http://www.tubeninja.net/fr/comment-telecharger/documentingreality|http://www.tubeninja.net/id/bagaimana-cara-mengunduh/documentingreality|http://www.tubeninja.net/it/come-scaricare/documentingreality
donpornogratis.com,donpornogratis,missing,,,download-donpornogratis-videos,/download-donpornogratis-videos,Donpornogratis Video Downloader,true,1,38,tubeninja.net,tubeninja.net,"Donpornogratis adult video downloader page; emphasize public videos, privacy, HD/MP4 formats, no popups, browser extension CTA, and legal/adult disclaimer.",http://www.tubeninja.net/how-to-download/donpornogratis|http://www.tubeninja.net/ar/kayfiyat-tahmil/donpornogratis|http://www.tubeninja.net/de/download-anleitung/donpornogratis|http://www.tubeninja.net/es/como-descargar/donpornogratis|http://www.tubeninja.net/fa/how-to-download/donpornogratis|http://www.tubeninja.net/fr/comment-telecharger/donpornogratis|http://www.tubeninja.net/id/bagaimana-cara-mengunduh/donpornogratis|http://www.tubeninja.net/it/come-scaricare/donpornogratis
dzsexy.com,dzsexy,missing,,,download-dzsexy-videos,/download-dzsexy-videos,Dzsexy Video Downloader,true,1,38,tubeninja.net,tubeninja.net,"Dzsexy adult video downloader page; emphasize public videos, privacy, HD/MP4 formats, no popups, browser extension CTA, and legal/adult disclaimer.",http://www.tubeninja.net/how-to-download/dzsexy|http://www.tubeninja.net/ar/kayfiyat-tahmil/dzsexy|http://www.tubeninja.net/de/download-anleitung/dzsexy|http://www.tubeninja.net/es/como-descargar/dzsexy|http://www.tubeninja.net/fa/how-to-download/dzsexy|http://www.tubeninja.net/fr/comment-telecharger/dzsexy|http://www.tubeninja.net/id/bagaimana-cara-mengunduh/dzsexy|http://www.tubeninja.net/it/come-scaricare/dzsexy
e-jav.com,e-jav,missing,,,download-e-jav-videos,/download-e-jav-videos,E Jav Video Downloader,true,1,38,tubeninja.net,tubeninja.net,"E Jav adult video downloader page; emphasize public videos, privacy, HD/MP4 formats, no popups, browser extension CTA, and legal/adult disclaimer.",http://www.tubeninja.net/how-to-download/e-jav|http://www.tubeninja.net/ar/kayfiyat-tahmil/e-jav|http://www.tubeninja.net/de/download-anleitung/e-jav|http://www.tubeninja.net/es/como-descargar/e-jav|http://www.tubeninja.net/fa/how-to-download/e-jav|http://www.tubeninja.net/fr/comment-telecharger/e-jav|http://www.tubeninja.net/id/bagaimana-cara-mengunduh/e-jav|http://www.tubeninja.net/it/come-scaricare/e-jav
easyhentai.com,easyhentai,missing,,,download-easyhentai-videos,/download-easyhentai-videos,Easyhentai Video Downloader,true,1,38,tubeninja.net,tubeninja.net,"Easyhentai adult video downloader page; emphasize public videos, privacy, HD/MP4 formats, no popups, browser extension CTA, and legal/adult disclaimer.",http://www.tubeninja.net/how-to-download/easyhentai|http://www.tubeninja.net/ar/kayfiyat-tahmil/easyhentai|http://www.tubeninja.net/de/download-anleitung/easyhentai|http://www.tubeninja.net/es/como-descargar/easyhentai|http://www.tubeninja.net/fa/how-to-download/easyhentai|http://www.tubeninja.net/fr/comment-telecharger/easyhentai|http://www.tubeninja.net/id/bagaimana-cara-mengunduh/easyhentai|http://www.tubeninja.net/it/come-scaricare/easyhentai
easyporn.com,easyporn,missing,,,download-easyporn-videos,/download-easyporn-videos,Easyporn Video Downloader,true,1,38,tubeninja.net,tubeninja.net,"Easyporn adult video downloader page; emphasize public videos, privacy, HD/MP4 formats, no popups, browser extension CTA, and legal/adult disclaimer.",http://www.tubeninja.net/how-to-download/easyporn|http://www.tubeninja.net/ar/kayfiyat-tahmil/easyporn|http://www.tubeninja.net/de/download-anleitung/easyporn|http://www.tubeninja.net/es/como-descargar/easyporn|http://www.tubeninja.net/fa/how-to-download/easyporn|http://www.tubeninja.net/fr/comment-telecharger/easyporn|http://www.tubeninja.net/id/bagaimana-cara-mengunduh/easyporn|http://www.tubeninja.net/it/come-scaricare/easyporn
ebonypornfuck.com,ebonypornfuck,missing,,,download-ebonypornfuck-videos,/download-ebonypornfuck-videos,Ebonypornfuck Video Downloader,true,1,38,tubeninja.net,tubeninja.net,"Ebonypornfuck adult video downloader page; emphasize public videos, privacy, HD/MP4 formats, no popups, browser extension CTA, and legal/adult disclaimer.",http://www.tubeninja.net/how-to-download/ebonypornfuck|http://www.tubeninja.net/ar/kayfiyat-tahmil/ebonypornfuck|http://www.tubeninja.net/de/download-anleitung/ebonypornfuck|http://www.tubeninja.net/es/como-descargar/ebonypornfuck|http://www.tubeninja.net/fa/how-to-download/ebonypornfuck|http://www.tubeninja.net/fr/comment-telecharger/ebonypornfuck|http://www.tubeninja.net/id/bagaimana-cara-mengunduh/ebonypornfuck|http://www.tubeninja.net/it/come-scaricare/ebonypornfuck
efappy.com,efappy,missing,,,download-efappy-videos,/download-efappy-videos,Efappy Video Downloader,true,1,38,tubeninja.net,tubeninja.net,"Efappy adult video downloader page; emphasize public videos, privacy, HD/MP4 formats, no popups, browser extension CTA, and legal/adult disclaimer.",http://www.tubeninja.net/how-to-download/efappy|http://www.tubeninja.net/ar/kayfiyat-tahmil/efappy|http://www.tubeninja.net/de/download-anleitung/efappy|http://www.tubeninja.net/es/como-descargar/efappy|http://www.tubeninja.net/fa/how-to-download/efappy|http://www.tubeninja.net/fr/comment-telecharger/efappy|http://www.tubeninja.net/id/bagaimana-cara-mengunduh/efappy|http://www.tubeninja.net/it/come-scaricare/efappy
electxxx.com,electxxx,missing,,,download-electxxx-videos,/download-electxxx-videos,Electxxx Video Downloader,true,1,38,tubeninja.net,tubeninja.net,"Electxxx adult video downloader page; emphasize public videos, privacy, HD/MP4 formats, no popups, browser extension CTA, and legal/adult disclaimer.",http://www.tubeninja.net/how-to-download/electxxx|http://www.tubeninja.net/ar/kayfiyat-tahmil/electxxx|http://www.tubeninja.net/de/download-anleitung/electxxx|http://www.tubeninja.net/es/como-descargar/electxxx|http://www.tubeninja.net/fa/how-to-download/electxxx|http://www.tubeninja.net/fr/comment-telecharger/electxxx|http://www.tubeninja.net/id/bagaimana-cara-mengunduh/electxxx|http://www.tubeninja.net/it/come-scaricare/electxxx
epornhd.com,epornhd,missing,,,download-epornhd-videos,/download-epornhd-videos,Epornhd Video Downloader,true,1,38,tubeninja.net,tubeninja.net,"Epornhd adult video downloader page; emphasize public videos, privacy, HD/MP4 formats, no popups, browser extension CTA, and legal/adult disclaimer.",http://www.tubeninja.net/how-to-download/epornhd|http://www.tubeninja.net/ar/kayfiyat-tahmil/epornhd|http://www.tubeninja.net/de/download-anleitung/epornhd|http://www.tubeninja.net/es/como-descargar/epornhd|http://www.tubeninja.net/fa/how-to-download/epornhd|http://www.tubeninja.net/fr/comment-telecharger/epornhd|http://www.tubeninja.net/id/bagaimana-cara-mengunduh/epornhd|http://www.tubeninja.net/it/come-scaricare/epornhd
eroticbeauties.com,eroticbeauties,missing,,,download-eroticbeauties-videos,/download-eroticbeauties-videos,Eroticbeauties Video Downloader,true,1,38,tubeninja.net,tubeninja.net,"Eroticbeauties adult video downloader page; emphasize public videos, privacy, HD/MP4 formats, no popups, browser extension CTA, and legal/adult disclaimer.",http://www.tubeninja.net/how-to-download/eroticbeauties|http://www.tubeninja.net/ar/kayfiyat-tahmil/eroticbeauties|http://www.tubeninja.net/de/download-anleitung/eroticbeauties|http://www.tubeninja.net/es/como-descargar/eroticbeauties|http://www.tubeninja.net/fa/how-to-download/eroticbeauties|http://www.tubeninja.net/fr/comment-telecharger/eroticbeauties|http://www.tubeninja.net/id/bagaimana-cara-mengunduh/eroticbeauties|http://www.tubeninja.net/it/come-scaricare/eroticbeauties
erotictube.com,erotictube,missing,,,download-erotictube-videos,/download-erotictube-videos,Erotictube Video Downloader,true,1,38,tubeninja.net,tubeninja.net,"Erotictube adult video downloader page; emphasize public videos, privacy, HD/MP4 formats, no popups, browser extension CTA, and legal/adult disclaimer.",http://www.tubeninja.net/how-to-download/erotictube|http://www.tubeninja.net/ar/kayfiyat-tahmil/erotictube|http://www.tubeninja.net/de/download-anleitung/erotictube|http://www.tubeninja.net/es/como-descargar/erotictube|http://www.tubeninja.net/fa/how-to-download/erotictube|http://www.tubeninja.net/fr/comment-telecharger/erotictube|http://www.tubeninja.net/id/bagaimana-cara-mengunduh/erotictube|http://www.tubeninja.net/it/come-scaricare/erotictube
euroteenerotica.com,euroteenerotica,missing,,,download-euroteenerotica-videos,/download-euroteenerotica-videos,Euroteenerotica Video Downloader,true,1,38,tubeninja.net,tubeninja.net,"Euroteenerotica adult video downloader page; emphasize public videos, privacy, HD/MP4 formats, no popups, browser extension CTA, and legal/adult disclaimer.",http://www.tubeninja.net/how-to-download/euroteenerotica|http://www.tubeninja.net/ar/kayfiyat-tahmil/euroteenerotica|http://www.tubeninja.net/de/download-anleitung/euroteenerotica|http://www.tubeninja.net/es/como-descargar/euroteenerotica|http://www.tubeninja.net/fa/how-to-download/euroteenerotica|http://www.tubeninja.net/fr/comment-telecharger/euroteenerotica|http://www.tubeninja.net/id/bagaimana-cara-mengunduh/euroteenerotica|http://www.tubeninja.net/it/come-scaricare/euroteenerotica
facefuckingporn.com,facefuckingporn,missing,,,download-facefuckingporn-videos,/download-facefuckingporn-videos,Facefuckingporn Video Downloader,true,1,38,tubeninja.net,tubeninja.net,"Facefuckingporn adult video downloader page; emphasize public videos, privacy, HD/MP4 formats, no popups, browser extension CTA, and legal/adult disclaimer.",http://www.tubeninja.net/how-to-download/facefuckingporn|http://www.tubeninja.net/ar/kayfiyat-tahmil/facefuckingporn|http://www.tubeninja.net/de/download-anleitung/facefuckingporn|http://www.tubeninja.net/es/como-descargar/facefuckingporn|http://www.tubeninja.net/fa/how-to-download/facefuckingporn|http://www.tubeninja.net/fr/comment-telecharger/facefuckingporn|http://www.tubeninja.net/id/bagaimana-cara-mengunduh/facefuckingporn|http://www.tubeninja.net/it/come-scaricare/facefuckingporn
factporn.com,factporn,missing,,,download-factporn-videos,/download-factporn-videos,Factporn Video Downloader,true,1,38,tubeninja.net,tubeninja.net,"Factporn adult video downloader page; emphasize public videos, privacy, HD/MP4 formats, no popups, browser extension CTA, and legal/adult disclaimer.",http://www.tubeninja.net/how-to-download/factporn|http://www.tubeninja.net/ar/kayfiyat-tahmil/factporn|http://www.tubeninja.net/de/download-anleitung/factporn|http://www.tubeninja.net/es/como-descargar/factporn|http://www.tubeninja.net/fa/how-to-download/factporn|http://www.tubeninja.net/fr/comment-telecharger/factporn|http://www.tubeninja.net/id/bagaimana-cara-mengunduh/factporn|http://www.tubeninja.net/it/come-scaricare/factporn
fakeporn.tv,fakeporn,missing,,,download-fakeporn-videos,/download-fakeporn-videos,Fakeporn Video Downloader,true,1,38,tubeninja.net,tubeninja.net,"Fakeporn adult video downloader page; emphasize public videos, privacy, HD/MP4 formats, no popups, browser extension CTA, and legal/adult disclaimer.",http://www.tubeninja.net/how-to-download/fakeporn-tv|http://www.tubeninja.net/ar/kayfiyat-tahmil/fakeporn-tv|http://www.tubeninja.net/de/download-anleitung/fakeporn-tv|http://www.tubeninja.net/es/como-descargar/fakeporn-tv|http://www.tubeninja.net/fa/how-to-download/fakeporn-tv|http://www.tubeninja.net/fr/comment-telecharger/fakeporn-tv|http://www.tubeninja.net/id/bagaimana-cara-mengunduh/fakeporn-tv|http://www.tubeninja.net/it/come-scaricare/fakeporn-tv
fapbox.com,fapbox,missing,,,download-fapbox-videos,/download-fapbox-videos,Fapbox Video Downloader,true,1,38,tubeninja.net,tubeninja.net,"Fapbox adult video downloader page; emphasize public videos, privacy, HD/MP4 formats, no popups, browser extension CTA, and legal/adult disclaimer.",http://www.tubeninja.net/how-to-download/fapbox|http://www.tubeninja.net/ar/kayfiyat-tahmil/fapbox|http://www.tubeninja.net/de/download-anleitung/fapbox|http://www.tubeninja.net/es/como-descargar/fapbox|http://www.tubeninja.net/fa/how-to-download/fapbox|http://www.tubeninja.net/fr/comment-telecharger/fapbox|http://www.tubeninja.net/id/bagaimana-cara-mengunduh/fapbox|http://www.tubeninja.net/it/come-scaricare/fapbox
fapler.com,fapler,missing,,,download-fapler-videos,/download-fapler-videos,Fapler Video Downloader,true,1,38,tubeninja.net,tubeninja.net,"Fapler adult video downloader page; emphasize public videos, privacy, HD/MP4 formats, no popups, browser extension CTA, and legal/adult disclaimer.",http://www.tubeninja.net/how-to-download/fapler|http://www.tubeninja.net/ar/kayfiyat-tahmil/fapler|http://www.tubeninja.net/de/download-anleitung/fapler|http://www.tubeninja.net/es/como-descargar/fapler|http://www.tubeninja.net/fa/how-to-download/fapler|http://www.tubeninja.net/fr/comment-telecharger/fapler|http://www.tubeninja.net/id/bagaimana-cara-mengunduh/fapler|http://www.tubeninja.net/it/come-scaricare/fapler
fapnado.com,fapnado,missing,,,download-fapnado-videos,/download-fapnado-videos,Fapnado Video Downloader,true,1,38,tubeninja.net,tubeninja.net,"Fapnado adult video downloader page; emphasize public videos, privacy, HD/MP4 formats, no popups, browser extension CTA, and legal/adult disclaimer.",http://www.tubeninja.net/how-to-download/fapnado|http://www.tubeninja.net/ar/kayfiyat-tahmil/fapnado|http://www.tubeninja.net/de/download-anleitung/fapnado|http://www.tubeninja.net/es/como-descargar/fapnado|http://www.tubeninja.net/fa/how-to-download/fapnado|http://www.tubeninja.net/fr/comment-telecharger/fapnado|http://www.tubeninja.net/id/bagaimana-cara-mengunduh/fapnado|http://www.tubeninja.net/it/come-scaricare/fapnado
fapsrc.com,fapsrc,missing,,,download-fapsrc-videos,/download-fapsrc-videos,Fapsrc Video Downloader,true,1,38,tubeninja.net,tubeninja.net,"Fapsrc adult video downloader page; emphasize public videos, privacy, HD/MP4 formats, no popups, browser extension CTA, and legal/adult disclaimer.",http://www.tubeninja.net/how-to-download/fapsrc|http://www.tubeninja.net/ar/kayfiyat-tahmil/fapsrc|http://www.tubeninja.net/de/download-anleitung/fapsrc|http://www.tubeninja.net/es/como-descargar/fapsrc|http://www.tubeninja.net/fa/how-to-download/fapsrc|http://www.tubeninja.net/fr/comment-telecharger/fapsrc|http://www.tubeninja.net/id/bagaimana-cara-mengunduh/fapsrc|http://www.tubeninja.net/it/come-scaricare/fapsrc
fapvid.com,fapvid,missing,,,download-fapvid-videos,/download-fapvid-videos,Fapvid Video Downloader,true,1,38,tubeninja.net,tubeninja.net,"Fapvid adult video downloader page; emphasize public videos, privacy, HD/MP4 formats, no popups, browser extension CTA, and legal/adult disclaimer.",http://www.tubeninja.net/how-to-download/fapvid|http://www.tubeninja.net/ar/kayfiyat-tahmil/fapvid|http://www.tubeninja.net/de/download-anleitung/fapvid|http://www.tubeninja.net/es/como-descargar/fapvid|http://www.tubeninja.net/fa/how-to-download/fapvid|http://www.tubeninja.net/fr/comment-telecharger/fapvid|http://www.tubeninja.net/id/bagaimana-cara-mengunduh/fapvid|http://www.tubeninja.net/it/come-scaricare/fapvid
fapvidhd.com,fapvidhd,missing,,,download-fapvidhd-videos,/download-fapvidhd-videos,Fapvidhd Video Downloader,true,1,38,tubeninja.net,tubeninja.net,"Fapvidhd adult video downloader page; emphasize public videos, privacy, HD/MP4 formats, no popups, browser extension CTA, and legal/adult disclaimer.",http://www.tubeninja.net/how-to-download/fapvidhd|http://www.tubeninja.net/ar/kayfiyat-tahmil/fapvidhd|http://www.tubeninja.net/de/download-anleitung/fapvidhd|http://www.tubeninja.net/es/como-descargar/fapvidhd|http://www.tubeninja.net/fa/how-to-download/fapvidhd|http://www.tubeninja.net/fr/comment-telecharger/fapvidhd|http://www.tubeninja.net/id/bagaimana-cara-mengunduh/fapvidhd|http://www.tubeninja.net/it/come-scaricare/fapvidhd
favefreeporn.com,favefreeporn,missing,,,download-favefreeporn-videos,/download-favefreeporn-videos,Favefreeporn Video Downloader,true,1,38,tubeninja.net,tubeninja.net,"Favefreeporn adult video downloader page; emphasize public videos, privacy, HD/MP4 formats, no popups, browser extension CTA, and legal/adult disclaimer.",http://www.tubeninja.net/how-to-download/favefreeporn|http://www.tubeninja.net/ar/kayfiyat-tahmil/favefreeporn|http://www.tubeninja.net/de/download-anleitung/favefreeporn|http://www.tubeninja.net/es/como-descargar/favefreeporn|http://www.tubeninja.net/fa/how-to-download/favefreeporn|http://www.tubeninja.net/fr/comment-telecharger/favefreeporn|http://www.tubeninja.net/id/bagaimana-cara-mengunduh/favefreeporn|http://www.tubeninja.net/it/come-scaricare/favefreeporn
felizporno.com,felizporno,missing,,,download-felizporno-videos,/download-felizporno-videos,Felizporno Video Downloader,true,1,38,tubeninja.net,tubeninja.net,"Felizporno adult video downloader page; emphasize public videos, privacy, HD/MP4 formats, no popups, browser extension CTA, and legal/adult disclaimer.",http://www.tubeninja.net/how-to-download/felizporno|http://www.tubeninja.net/ar/kayfiyat-tahmil/felizporno|http://www.tubeninja.net/de/download-anleitung/felizporno|http://www.tubeninja.net/es/como-descargar/felizporno|http://www.tubeninja.net/fa/how-to-download/felizporno|http://www.tubeninja.net/fr/comment-telecharger/felizporno|http://www.tubeninja.net/id/bagaimana-cara-mengunduh/felizporno|http://www.tubeninja.net/it/come-scaricare/felizporno
fetishdessert.com,fetishdessert,missing,,,download-fetishdessert-videos,/download-fetishdessert-videos,Fetishdessert Video Downloader,true,1,38,tubeninja.net,tubeninja.net,"Fetishdessert adult video downloader page; emphasize public videos, privacy, HD/MP4 formats, no popups, browser extension CTA, and legal/adult disclaimer.",http://www.tubeninja.net/how-to-download/fetishdessert|http://www.tubeninja.net/ar/kayfiyat-tahmil/fetishdessert|http://www.tubeninja.net/de/download-anleitung/fetishdessert|http://www.tubeninja.net/es/como-descargar/fetishdessert|http://www.tubeninja.net/fa/how-to-download/fetishdessert|http://www.tubeninja.net/fr/comment-telecharger/fetishdessert|http://www.tubeninja.net/id/bagaimana-cara-mengunduh/fetishdessert|http://www.tubeninja.net/it/come-scaricare/fetishdessert
filmyporno.com,filmyporno,missing,,,download-filmyporno-videos,/download-filmyporno-videos,Filmyporno Video Downloader,true,1,38,tubeninja.net,tubeninja.net,"Filmyporno adult video downloader page; emphasize public videos, privacy, HD/MP4 formats, no popups, browser extension CTA, and legal/adult disclaimer.",http://www.tubeninja.net/how-to-download/filmyporno|http://www.tubeninja.net/ar/kayfiyat-tahmil/filmyporno|http://www.tubeninja.net/de/download-anleitung/filmyporno|http://www.tubeninja.net/es/como-descargar/filmyporno|http://www.tubeninja.net/fa/how-to-download/filmyporno|http://www.tubeninja.net/fr/comment-telecharger/filmyporno|http://www.tubeninja.net/id/bagaimana-cara-mengunduh/filmyporno|http://www.tubeninja.net/it/come-scaricare/filmyporno
fpo-xxx.com,fpo-xxx,missing,,,download-fpo-xxx-videos,/download-fpo-xxx-videos,Fpo Xxx Video Downloader,true,1,38,tubeninja.net,tubeninja.net,"Fpo Xxx adult video downloader page; emphasize public videos, privacy, HD/MP4 formats, no popups, browser extension CTA, and legal/adult disclaimer.",http://www.tubeninja.net/how-to-download/fpo-xxx|http://www.tubeninja.net/ar/kayfiyat-tahmil/fpo-xxx|http://www.tubeninja.net/de/download-anleitung/fpo-xxx|http://www.tubeninja.net/es/como-descargar/fpo-xxx|http://www.tubeninja.net/fa/how-to-download/fpo-xxx|http://www.tubeninja.net/fr/comment-telecharger/fpo-xxx|http://www.tubeninja.net/id/bagaimana-cara-mengunduh/fpo-xxx|http://www.tubeninja.net/it/come-scaricare/fpo-xxx
fporno.com,fporno,missing,,,download-fporno-videos,/download-fporno-videos,Fporno Video Downloader,true,1,38,tubeninja.net,tubeninja.net,"Fporno adult video downloader page; emphasize public videos, privacy, HD/MP4 formats, no popups, browser extension CTA, and legal/adult disclaimer.",http://www.tubeninja.net/how-to-download/fporno|http://www.tubeninja.net/ar/kayfiyat-tahmil/fporno|http://www.tubeninja.net/de/download-anleitung/fporno|http://www.tubeninja.net/es/como-descargar/fporno|http://www.tubeninja.net/fa/how-to-download/fporno|http://www.tubeninja.net/fr/comment-telecharger/fporno|http://www.tubeninja.net/id/bagaimana-cara-mengunduh/fporno|http://www.tubeninja.net/it/come-scaricare/fporno
freehardxxx.com,freehardxxx,missing,,,download-freehardxxx-videos,/download-freehardxxx-videos,Freehardxxx Video Downloader,true,1,38,tubeninja.net,tubeninja.net,"Freehardxxx adult video downloader page; emphasize public videos, privacy, HD/MP4 formats, no popups, browser extension CTA, and legal/adult disclaimer.",http://www.tubeninja.net/how-to-download/freehardxxx|http://www.tubeninja.net/ar/kayfiyat-tahmil/freehardxxx|http://www.tubeninja.net/de/download-anleitung/freehardxxx|http://www.tubeninja.net/es/como-descargar/freehardxxx|http://www.tubeninja.net/fa/how-to-download/freehardxxx|http://www.tubeninja.net/fr/comment-telecharger/freehardxxx|http://www.tubeninja.net/id/bagaimana-cara-mengunduh/freehardxxx|http://www.tubeninja.net/it/come-scaricare/freehardxxx
freehqsex.com,freehqsex,missing,,,download-freehqsex-videos,/download-freehqsex-videos,Freehqsex Video Downloader,true,1,38,tubeninja.net,tubeninja.net,"Freehqsex adult video downloader page; emphasize public videos, privacy, HD/MP4 formats, no popups, browser extension CTA, and legal/adult disclaimer.",http://www.tubeninja.net/how-to-download/freehqsex|http://www.tubeninja.net/ar/kayfiyat-tahmil/freehqsex|http://www.tubeninja.net/de/download-anleitung/freehqsex|http://www.tubeninja.net/es/como-descargar/freehqsex|http://www.tubeninja.net/fa/how-to-download/freehqsex|http://www.tubeninja.net/fr/comment-telecharger/freehqsex|http://www.tubeninja.net/id/bagaimana-cara-mengunduh/freehqsex|http://www.tubeninja.net/it/come-scaricare/freehqsex
freeindiansexmovies.com,freeindiansexmovies,missing,,,download-freeindiansexmovies-videos,/download-freeindiansexmovies-videos,Freeindiansexmovies Video Downloader,true,1,38,tubeninja.net,tubeninja.net,"Freeindiansexmovies adult video downloader page; emphasize public videos, privacy, HD/MP4 formats, no popups, browser extension CTA, and legal/adult disclaimer.",http://www.tubeninja.net/how-to-download/freeindiansexmovies|http://www.tubeninja.net/ar/kayfiyat-tahmil/freeindiansexmovies|http://www.tubeninja.net/de/download-anleitung/freeindiansexmovies|http://www.tubeninja.net/es/como-descargar/freeindiansexmovies|http://www.tubeninja.net/fa/how-to-download/freeindiansexmovies|http://www.tubeninja.net/fr/comment-telecharger/freeindiansexmovies|http://www.tubeninja.net/id/bagaimana-cara-mengunduh/freeindiansexmovies|http://www.tubeninja.net/it/come-scaricare/freeindiansexmovies
freemassagesex.com,freemassagesex,missing,,,download-freemassagesex-videos,/download-freemassagesex-videos,Freemassagesex Video Downloader,true,1,38,tubeninja.net,tubeninja.net,"Freemassagesex adult video downloader page; emphasize public videos, privacy, HD/MP4 formats, no popups, browser extension CTA, and legal/adult disclaimer.",http://www.tubeninja.net/how-to-download/freemassagesex|http://www.tubeninja.net/ar/kayfiyat-tahmil/freemassagesex|http://www.tubeninja.net/de/download-anleitung/freemassagesex|http://www.tubeninja.net/es/como-descargar/freemassagesex|http://www.tubeninja.net/fa/how-to-download/freemassagesex|http://www.tubeninja.net/fr/comment-telecharger/freemassagesex|http://www.tubeninja.net/id/bagaimana-cara-mengunduh/freemassagesex|http://www.tubeninja.net/it/come-scaricare/freemassagesex
freepornhq.com,freepornhq,missing,,,download-freepornhq-videos,/download-freepornhq-videos,Freepornhq Video Downloader,true,1,38,tubeninja.net,tubeninja.net,"Freepornhq adult video downloader page; emphasize public videos, privacy, HD/MP4 formats, no popups, browser extension CTA, and legal/adult disclaimer.",http://www.tubeninja.net/how-to-download/freepornhq|http://www.tubeninja.net/ar/kayfiyat-tahmil/freepornhq|http://www.tubeninja.net/de/download-anleitung/freepornhq|http://www.tubeninja.net/es/como-descargar/freepornhq|http://www.tubeninja.net/fa/how-to-download/freepornhq|http://www.tubeninja.net/fr/comment-telecharger/freepornhq|http://www.tubeninja.net/id/bagaimana-cara-mengunduh/freepornhq|http://www.tubeninja.net/it/come-scaricare/freepornhq
freeporno.com,freeporno,missing,,,download-freeporno-videos,/download-freeporno-videos,Freeporno Video Downloader,true,1,38,tubeninja.net,tubeninja.net,"Freeporno adult video downloader page; emphasize public videos, privacy, HD/MP4 formats, no popups, browser extension CTA, and legal/adult disclaimer.",http://www.tubeninja.net/how-to-download/freeporno|http://www.tubeninja.net/ar/kayfiyat-tahmil/freeporno|http://www.tubeninja.net/de/download-anleitung/freeporno|http://www.tubeninja.net/es/como-descargar/freeporno|http://www.tubeninja.net/fa/how-to-download/freeporno|http://www.tubeninja.net/fr/comment-telecharger/freeporno|http://www.tubeninja.net/id/bagaimana-cara-mengunduh/freeporno|http://www.tubeninja.net/it/come-scaricare/freeporno
freepornsite.com,freepornsite,missing,,,download-freepornsite-videos,/download-freepornsite-videos,Freepornsite Video Downloader,true,1,38,tubeninja.net,tubeninja.net,"Freepornsite adult video downloader page; emphasize public videos, privacy, HD/MP4 formats, no popups, browser extension CTA, and legal/adult disclaimer.",http://www.tubeninja.net/how-to-download/freepornsite|http://www.tubeninja.net/ar/kayfiyat-tahmil/freepornsite|http://www.tubeninja.net/de/download-anleitung/freepornsite|http://www.tubeninja.net/es/como-descargar/freepornsite|http://www.tubeninja.net/fa/how-to-download/freepornsite|http://www.tubeninja.net/fr/comment-telecharger/freepornsite|http://www.tubeninja.net/id/bagaimana-cara-mengunduh/freepornsite|http://www.tubeninja.net/it/come-scaricare/freepornsite
freepornvideo.com,freepornvideo,missing,,,download-freepornvideo-videos,/download-freepornvideo-videos,Freepornvideo Video Downloader,true,1,38,tubeninja.net,tubeninja.net,"Freepornvideo adult video downloader page; emphasize public videos, privacy, HD/MP4 formats, no popups, browser extension CTA, and legal/adult disclaimer.",http://www.tubeninja.net/how-to-download/freepornvideo|http://www.tubeninja.net/ar/kayfiyat-tahmil/freepornvideo|http://www.tubeninja.net/de/download-anleitung/freepornvideo|http://www.tubeninja.net/es/como-descargar/freepornvideo|http://www.tubeninja.net/fa/how-to-download/freepornvideo|http://www.tubeninja.net/fr/comment-telecharger/freepornvideo|http://www.tubeninja.net/id/bagaimana-cara-mengunduh/freepornvideo|http://www.tubeninja.net/it/come-scaricare/freepornvideo
freepornx.com,freepornx,missing,,,download-freepornx-videos,/download-freepornx-videos,Freepornx Video Downloader,true,1,38,tubeninja.net,tubeninja.net,"Freepornx adult video downloader page; emphasize public videos, privacy, HD/MP4 formats, no popups, browser extension CTA, and legal/adult disclaimer.",http://www.tubeninja.net/how-to-download/freepornx|http://www.tubeninja.net/ar/kayfiyat-tahmil/freepornx|http://www.tubeninja.net/de/download-anleitung/freepornx|http://www.tubeninja.net/es/como-descargar/freepornx|http://www.tubeninja.net/fa/how-to-download/freepornx|http://www.tubeninja.net/fr/comment-telecharger/freepornx|http://www.tubeninja.net/id/bagaimana-cara-mengunduh/freepornx|http://www.tubeninja.net/it/come-scaricare/freepornx
freeuseporn.com,freeuseporn,missing,,,download-freeuseporn-videos,/download-freeuseporn-videos,Freeuseporn Video Downloader,true,1,38,tubeninja.net,tubeninja.net,"Freeuseporn adult video downloader page; emphasize public videos, privacy, HD/MP4 formats, no popups, browser extension CTA, and legal/adult disclaimer.",http://www.tubeninja.net/how-to-download/freeuseporn|http://www.tubeninja.net/ar/kayfiyat-tahmil/freeuseporn|http://www.tubeninja.net/de/download-anleitung/freeuseporn|http://www.tubeninja.net/es/como-descargar/freeuseporn|http://www.tubeninja.net/fa/how-to-download/freeuseporn|http://www.tubeninja.net/fr/comment-telecharger/freeuseporn|http://www.tubeninja.net/id/bagaimana-cara-mengunduh/freeuseporn|http://www.tubeninja.net/it/come-scaricare/freeuseporn
freexcafe.com,freexcafe,missing,,,download-freexcafe-videos,/download-freexcafe-videos,Freexcafe Video Downloader,true,1,38,tubeninja.net,tubeninja.net,"Freexcafe adult video downloader page; emphasize public videos, privacy, HD/MP4 formats, no popups, browser extension CTA, and legal/adult disclaimer.",http://www.tubeninja.net/how-to-download/freexcafe|http://www.tubeninja.net/ar/kayfiyat-tahmil/freexcafe|http://www.tubeninja.net/de/download-anleitung/freexcafe|http://www.tubeninja.net/es/como-descargar/freexcafe|http://www.tubeninja.net/fa/how-to-download/freexcafe|http://www.tubeninja.net/fr/comment-telecharger/freexcafe|http://www.tubeninja.net/id/bagaimana-cara-mengunduh/freexcafe|http://www.tubeninja.net/it/come-scaricare/freexcafe
freexporn.com,freexporn,missing,,,download-freexporn-videos,/download-freexporn-videos,Freexporn Video Downloader,true,1,38,tubeninja.net,tubeninja.net,"Freexporn adult video downloader page; emphasize public videos, privacy, HD/MP4 formats, no popups, browser extension CTA, and legal/adult disclaimer.",http://www.tubeninja.net/how-to-download/freexporn|http://www.tubeninja.net/ar/kayfiyat-tahmil/freexporn|http://www.tubeninja.net/de/download-anleitung/freexporn|http://www.tubeninja.net/es/como-descargar/freexporn|http://www.tubeninja.net/fa/how-to-download/freexporn|http://www.tubeninja.net/fr/comment-telecharger/freexporn|http://www.tubeninja.net/id/bagaimana-cara-mengunduh/freexporn|http://www.tubeninja.net/it/come-scaricare/freexporn
freundinsex.com,freundinsex,missing,,,download-freundinsex-videos,/download-freundinsex-videos,Freundinsex Video Downloader,true,1,38,tubeninja.net,tubeninja.net,"Freundinsex adult video downloader page; emphasize public videos, privacy, HD/MP4 formats, no popups, browser extension CTA, and legal/adult disclaimer.",http://www.tubeninja.net/how-to-download/freundinsex|http://www.tubeninja.net/ar/kayfiyat-tahmil/freundinsex|http://www.tubeninja.net/de/download-anleitung/freundinsex|http://www.tubeninja.net/es/como-descargar/freundinsex|http://www.tubeninja.net/fa/how-to-download/freundinsex|http://www.tubeninja.net/fr/comment-telecharger/freundinsex|http://www.tubeninja.net/id/bagaimana-cara-mengunduh/freundinsex|http://www.tubeninja.net/it/come-scaricare/freundinsex
ftvmilfs.com,ftvmilfs,missing,,,download-ftvmilfs-videos,/download-ftvmilfs-videos,Ftvmilfs Video Downloader,true,1,38,tubeninja.net,tubeninja.net,"Ftvmilfs adult video downloader page; emphasize public videos, privacy, HD/MP4 formats, no popups, browser extension CTA, and legal/adult disclaimer.",http://www.tubeninja.net/how-to-download/ftvmilfs|http://www.tubeninja.net/ar/kayfiyat-tahmil/ftvmilfs|http://www.tubeninja.net/de/download-anleitung/ftvmilfs|http://www.tubeninja.net/es/como-descargar/ftvmilfs|http://www.tubeninja.net/fa/how-to-download/ftvmilfs|http://www.tubeninja.net/fr/comment-telecharger/ftvmilfs|http://www.tubeninja.net/id/bagaimana-cara-mengunduh/ftvmilfs|http://www.tubeninja.net/it/come-scaricare/ftvmilfs
fullhdxxx.com,fullhdxxx,missing,,,download-fullhdxxx-videos,/download-fullhdxxx-videos,Fullhdxxx Video Downloader,true,1,38,tubeninja.net,tubeninja.net,"Fullhdxxx adult video downloader page; emphasize public videos, privacy, HD/MP4 formats, no popups, browser extension CTA, and legal/adult disclaimer.",http://www.tubeninja.net/how-to-download/fullhdxxx|http://www.tubeninja.net/ar/kayfiyat-tahmil/fullhdxxx|http://www.tubeninja.net/de/download-anleitung/fullhdxxx|http://www.tubeninja.net/es/como-descargar/fullhdxxx|http://www.tubeninja.net/fa/how-to-download/fullhdxxx|http://www.tubeninja.net/fr/comment-telecharger/fullhdxxx|http://www.tubeninja.net/id/bagaimana-cara-mengunduh/fullhdxxx|http://www.tubeninja.net/it/come-scaricare/fullhdxxx
fullvrporn.com,fullvrporn,missing,,,download-fullvrporn-videos,/download-fullvrporn-videos,Fullvrporn Video Downloader,true,1,38,tubeninja.net,tubeninja.net,"Fullvrporn adult video downloader page; emphasize public videos, privacy, HD/MP4 formats, no popups, browser extension CTA, and legal/adult disclaimer.",http://www.tubeninja.net/how-to-download/fullvrporn|http://www.tubeninja.net/ar/kayfiyat-tahmil/fullvrporn|http://www.tubeninja.net/de/download-anleitung/fullvrporn|http://www.tubeninja.net/es/como-descargar/fullvrporn|http://www.tubeninja.net/fa/how-to-download/fullvrporn|http://www.tubeninja.net/fr/comment-telecharger/fullvrporn|http://www.tubeninja.net/id/bagaimana-cara-mengunduh/fullvrporn|http://www.tubeninja.net/it/come-scaricare/fullvrporn
galleries-pornstar.com,galleries-pornstar,missing,,,download-galleries-pornstar-videos,/download-galleries-pornstar-videos,Galleries Pornstar Video Downloader,true,1,38,tubeninja.net,tubeninja.net,"Galleries Pornstar adult video downloader page; emphasize public videos, privacy, HD/MP4 formats, no popups, browser extension CTA, and legal/adult disclaimer.",http://www.tubeninja.net/how-to-download/galleries-pornstar|http://www.tubeninja.net/ar/kayfiyat-tahmil/galleries-pornstar|http://www.tubeninja.net/de/download-anleitung/galleries-pornstar|http://www.tubeninja.net/es/como-descargar/galleries-pornstar|http://www.tubeninja.net/fa/how-to-download/galleries-pornstar|http://www.tubeninja.net/fr/comment-telecharger/galleries-pornstar|http://www.tubeninja.net/id/bagaimana-cara-mengunduh/galleries-pornstar|http://www.tubeninja.net/it/come-scaricare/galleries-pornstar
gateporn.com,gateporn,missing,,,download-gateporn-videos,/download-gateporn-videos,Gateporn Video Downloader,true,1,38,tubeninja.net,tubeninja.net,"Gateporn adult video downloader page; emphasize public videos, privacy, HD/MP4 formats, no popups, browser extension CTA, and legal/adult disclaimer.",http://www.tubeninja.net/how-to-download/gateporn|http://www.tubeninja.net/ar/kayfiyat-tahmil/gateporn|http://www.tubeninja.net/de/download-anleitung/gateporn|http://www.tubeninja.net/es/como-descargar/gateporn|http://www.tubeninja.net/fa/how-to-download/gateporn|http://www.tubeninja.net/fr/comment-telecharger/gateporn|http://www.tubeninja.net/id/bagaimana-cara-mengunduh/gateporn|http://www.tubeninja.net/it/come-scaricare/gateporn
german-porno-deutsch.com,german-porno-deutsch,missing,,,download-german-porno-deutsch-videos,/download-german-porno-deutsch-videos,German Porno Deutsch Video Downloader,true,1,38,tubeninja.net,tubeninja.net,"German Porno Deutsch adult video downloader page; emphasize public videos, privacy, HD/MP4 formats, no popups, browser extension CTA, and legal/adult disclaimer.",http://www.tubeninja.net/how-to-download/german-porno-deutsch|http://www.tubeninja.net/ar/kayfiyat-tahmil/german-porno-deutsch|http://www.tubeninja.net/de/download-anleitung/german-porno-deutsch|http://www.tubeninja.net/es/como-descargar/german-porno-deutsch|http://www.tubeninja.net/fa/how-to-download/german-porno-deutsch|http://www.tubeninja.net/fr/comment-telecharger/german-porno-deutsch|http://www.tubeninja.net/id/bagaimana-cara-mengunduh/german-porno-deutsch|http://www.tubeninja.net/it/come-scaricare/german-porno-deutsch
gigporno.com,gigporno,missing,,,download-gigporno-videos,/download-gigporno-videos,Gigporno Video Downloader,true,1,38,tubeninja.net,tubeninja.net,"Gigporno adult video downloader page; emphasize public videos, privacy, HD/MP4 formats, no popups, browser extension CTA, and legal/adult disclaimer.",http://www.tubeninja.net/how-to-download/gigporno-video|http://www.tubeninja.net/ar/kayfiyat-tahmil/gigporno-video|http://www.tubeninja.net/de/download-anleitung/gigporno-video|http://www.tubeninja.net/es/como-descargar/gigporno-video|http://www.tubeninja.net/fa/how-to-download/gigporno-video|http://www.tubeninja.net/fr/comment-telecharger/gigporno-video|http://www.tubeninja.net/id/bagaimana-cara-mengunduh/gigporno-video|http://www.tubeninja.net/it/come-scaricare/gigporno-video
girlsdoporn.com,girlsdoporn,missing,,,download-girlsdoporn-videos,/download-girlsdoporn-videos,Girlsdoporn Video Downloader,true,1,38,tubeninja.net,tubeninja.net,"Girlsdoporn adult video downloader page; emphasize public videos, privacy, HD/MP4 formats, no popups, browser extension CTA, and legal/adult disclaimer.",http://www.tubeninja.net/how-to-download/girlsdoporn|http://www.tubeninja.net/ar/kayfiyat-tahmil/girlsdoporn|http://www.tubeninja.net/de/download-anleitung/girlsdoporn|http://www.tubeninja.net/es/como-descargar/girlsdoporn|http://www.tubeninja.net/fa/how-to-download/girlsdoporn|http://www.tubeninja.net/fr/comment-telecharger/girlsdoporn|http://www.tubeninja.net/id/bagaimana-cara-mengunduh/girlsdoporn|http://www.tubeninja.net/it/come-scaricare/girlsdoporn
goxxxfuck.com,goxxxfuck,missing,,,download-goxxxfuck-videos,/download-goxxxfuck-videos,Goxxxfuck Video Downloader,true,1,38,tubeninja.net,tubeninja.net,"Goxxxfuck adult video downloader page; emphasize public videos, privacy, HD/MP4 formats, no popups, browser extension CTA, and legal/adult disclaimer.",http://www.tubeninja.net/how-to-download/goxxxfuck/2|http://www.tubeninja.net/ar/kayfiyat-tahmil/goxxxfuck|http://www.tubeninja.net/de/download-anleitung/goxxxfuck|http://www.tubeninja.net/es/como-descargar/goxxxfuck|http://www.tubeninja.net/fa/how-to-download/goxxxfuck|http://www.tubeninja.net/fr/comment-telecharger/goxxxfuck|http://www.tubeninja.net/id/bagaimana-cara-mengunduh/goxxxfuck|http://www.tubeninja.net/it/come-scaricare/goxxxfuck
grouppornotube.com,grouppornotube,missing,,,download-grouppornotube-videos,/download-grouppornotube-videos,Grouppornotube Video Downloader,true,1,38,tubeninja.net,tubeninja.net,"Grouppornotube adult video downloader page; emphasize public videos, privacy, HD/MP4 formats, no popups, browser extension CTA, and legal/adult disclaimer.",http://www.tubeninja.net/how-to-download/grouppornotube|http://www.tubeninja.net/ar/kayfiyat-tahmil/grouppornotube|http://www.tubeninja.net/de/download-anleitung/grouppornotube|http://www.tubeninja.net/es/como-descargar/grouppornotube|http://www.tubeninja.net/fa/how-to-download/grouppornotube|http://www.tubeninja.net/fr/comment-telecharger/grouppornotube|http://www.tubeninja.net/id/bagaimana-cara-mengunduh/grouppornotube|http://www.tubeninja.net/it/come-scaricare/grouppornotube
guarrasdelporno.com,guarrasdelporno,missing,,,download-guarrasdelporno-videos,/download-guarrasdelporno-videos,Guarrasdelporno Video Downloader,true,1,38,tubeninja.net,tubeninja.net,"Guarrasdelporno adult video downloader page; emphasize public videos, privacy, HD/MP4 formats, no popups, browser extension CTA, and legal/adult disclaimer.",http://www.tubeninja.net/how-to-download/guarrasdelporno|http://www.tubeninja.net/ar/kayfiyat-tahmil/guarrasdelporno|http://www.tubeninja.net/de/download-anleitung/guarrasdelporno|http://www.tubeninja.net/es/como-descargar/guarrasdelporno|http://www.tubeninja.net/fa/how-to-download/guarrasdelporno|http://www.tubeninja.net/fr/comment-telecharger/guarrasdelporno|http://www.tubeninja.net/id/bagaimana-cara-mengunduh/guarrasdelporno|http://www.tubeninja.net/it/come-scaricare/guarrasdelporno
gutesex.com,gutesex,missing,,,download-gutesex-videos,/download-gutesex-videos,Gutesex Video Downloader,true,1,38,tubeninja.net,tubeninja.net,"Gutesex adult video downloader page; emphasize public videos, privacy, HD/MP4 formats, no popups, browser extension CTA, and legal/adult disclaimer.",http://www.tubeninja.net/how-to-download/gutesex|http://www.tubeninja.net/ar/kayfiyat-tahmil/gutesex|http://www.tubeninja.net/de/download-anleitung/gutesex|http://www.tubeninja.net/es/como-descargar/gutesex|http://www.tubeninja.net/fa/how-to-download/gutesex|http://www.tubeninja.net/fr/comment-telecharger/gutesex|http://www.tubeninja.net/id/bagaimana-cara-mengunduh/gutesex|http://www.tubeninja.net/it/come-scaricare/gutesex
habibiporn.com,habibiporn,missing,,,download-habibiporn-videos,/download-habibiporn-videos,Habibiporn Video Downloader,true,1,38,tubeninja.net,tubeninja.net,"Habibiporn adult video downloader page; emphasize public videos, privacy, HD/MP4 formats, no popups, browser extension CTA, and legal/adult disclaimer.",http://www.tubeninja.net/how-to-download/habibiporn|http://www.tubeninja.net/ar/kayfiyat-tahmil/habibiporn|http://www.tubeninja.net/de/download-anleitung/habibiporn|http://www.tubeninja.net/es/como-descargar/habibiporn|http://www.tubeninja.net/fa/how-to-download/habibiporn|http://www.tubeninja.net/fr/comment-telecharger/habibiporn|http://www.tubeninja.net/id/bagaimana-cara-mengunduh/habibiporn|http://www.tubeninja.net/it/come-scaricare/habibiporn
hardhotsex.com,hardhotsex,missing,,,download-hardhotsex-videos,/download-hardhotsex-videos,Hardhotsex Video Downloader,true,1,38,tubeninja.net,tubeninja.net,"Hardhotsex adult video downloader page; emphasize public videos, privacy, HD/MP4 formats, no popups, browser extension CTA, and legal/adult disclaimer.",http://www.tubeninja.net/how-to-download/hardhotsex|http://www.tubeninja.net/ar/kayfiyat-tahmil/hardhotsex|http://www.tubeninja.net/de/download-anleitung/hardhotsex|http://www.tubeninja.net/es/como-descargar/hardhotsex|http://www.tubeninja.net/fa/how-to-download/hardhotsex|http://www.tubeninja.net/fr/comment-telecharger/hardhotsex|http://www.tubeninja.net/id/bagaimana-cara-mengunduh/hardhotsex|http://www.tubeninja.net/it/come-scaricare/hardhotsex
hardxxxvids.com,hardxxxvids,missing,,,download-hardxxxvids-videos,/download-hardxxxvids-videos,Hardxxxvids Video Downloader,true,1,38,tubeninja.net,tubeninja.net,"Hardxxxvids adult video downloader page; emphasize public videos, privacy, HD/MP4 formats, no popups, browser extension CTA, and legal/adult disclaimer.",http://www.tubeninja.net/how-to-download/hardxxxvids|http://www.tubeninja.net/ar/kayfiyat-tahmil/hardxxxvids|http://www.tubeninja.net/de/download-anleitung/hardxxxvids|http://www.tubeninja.net/es/como-descargar/hardxxxvids|http://www.tubeninja.net/fa/how-to-download/hardxxxvids|http://www.tubeninja.net/fr/comment-telecharger/hardxxxvids|http://www.tubeninja.net/id/bagaimana-cara-mengunduh/hardxxxvids|http://www.tubeninja.net/it/come-scaricare/hardxxxvids
hd-pornos.com,hd-pornos,missing,,,download-hd-pornos-videos,/download-hd-pornos-videos,Hd Pornos Video Downloader,true,1,38,tubeninja.net,tubeninja.net,"Hd Pornos adult video downloader page; emphasize public videos, privacy, HD/MP4 formats, no popups, browser extension CTA, and legal/adult disclaimer.",http://www.tubeninja.net/how-to-download/hd-pornos|http://www.tubeninja.net/ar/kayfiyat-tahmil/hd-pornos|http://www.tubeninja.net/de/download-anleitung/hd-pornos|http://www.tubeninja.net/es/como-descargar/hd-pornos|http://www.tubeninja.net/fa/how-to-download/hd-pornos|http://www.tubeninja.net/fr/comment-telecharger/hd-pornos|http://www.tubeninja.net/id/bagaimana-cara-mengunduh/hd-pornos|http://www.tubeninja.net/it/come-scaricare/hd-pornos
hd-sexfilme.com,hd-sexfilme,missing,,,download-hd-sexfilme-videos,/download-hd-sexfilme-videos,Hd Sexfilme Video Downloader,true,1,38,tubeninja.net,tubeninja.net,"Hd Sexfilme adult video downloader page; emphasize public videos, privacy, HD/MP4 formats, no popups, browser extension CTA, and legal/adult disclaimer.",http://www.tubeninja.net/how-to-download/hd-sexfilme|http://www.tubeninja.net/ar/kayfiyat-tahmil/hd-sexfilme|http://www.tubeninja.net/de/download-anleitung/hd-sexfilme|http://www.tubeninja.net/es/como-descargar/hd-sexfilme|http://www.tubeninja.net/fa/how-to-download/hd-sexfilme|http://www.tubeninja.net/fr/comment-telecharger/hd-sexfilme|http://www.tubeninja.net/id/bagaimana-cara-mengunduh/hd-sexfilme|http://www.tubeninja.net/it/come-scaricare/hd-sexfilme
hdporn1080.com,hdporn1080,missing,,,download-hdporn1080-videos,/download-hdporn1080-videos,Hdporn1080 Video Downloader,true,1,38,tubeninja.net,tubeninja.net,"Hdporn1080 adult video downloader page; emphasize public videos, privacy, HD/MP4 formats, no popups, browser extension CTA, and legal/adult disclaimer.",http://www.tubeninja.net/how-to-download/hdporn1080|http://www.tubeninja.net/ar/kayfiyat-tahmil/hdporn1080|http://www.tubeninja.net/de/download-anleitung/hdporn1080|http://www.tubeninja.net/es/como-descargar/hdporn1080|http://www.tubeninja.net/fa/how-to-download/hdporn1080|http://www.tubeninja.net/fr/comment-telecharger/hdporn1080|http://www.tubeninja.net/id/bagaimana-cara-mengunduh/hdporn1080|http://www.tubeninja.net/it/come-scaricare/hdporn1080
hdporno.com,hdporno,missing,,,download-hdporno-videos,/download-hdporno-videos,Hdporno Video Downloader,true,1,38,tubeninja.net,tubeninja.net,"Hdporno adult video downloader page; emphasize public videos, privacy, HD/MP4 formats, no popups, browser extension CTA, and legal/adult disclaimer.",http://www.tubeninja.net/how-to-download/hdporno|http://www.tubeninja.net/ar/kayfiyat-tahmil/hdporno|http://www.tubeninja.net/de/download-anleitung/hdporno|http://www.tubeninja.net/es/como-descargar/hdporno|http://www.tubeninja.net/fa/how-to-download/hdporno|http://www.tubeninja.net/fr/comment-telecharger/hdporno|http://www.tubeninja.net/id/bagaimana-cara-mengunduh/hdporno|http://www.tubeninja.net/it/come-scaricare/hdporno
hdpornvideos.me,hdpornvideos,missing,,,download-hdpornvideos-videos,/download-hdpornvideos-videos,Hdpornvideos Video Downloader,true,1,38,tubeninja.net,tubeninja.net,"Hdpornvideos adult video downloader page; emphasize public videos, privacy, HD/MP4 formats, no popups, browser extension CTA, and legal/adult disclaimer.",http://www.tubeninja.net/how-to-download/hdpornvideos-me|http://www.tubeninja.net/ar/kayfiyat-tahmil/hdpornvideos-me|http://www.tubeninja.net/de/download-anleitung/hdpornvideos-me|http://www.tubeninja.net/es/como-descargar/hdpornvideos-me|http://www.tubeninja.net/fa/how-to-download/hdpornvideos-me|http://www.tubeninja.net/fr/comment-telecharger/hdpornvideos-me|http://www.tubeninja.net/id/bagaimana-cara-mengunduh/hdpornvideos-me|http://www.tubeninja.net/it/come-scaricare/hdpornvideos-me
hdsex-xxx.com,hdsex-xxx,missing,,,download-hdsex-xxx-videos,/download-hdsex-xxx-videos,Hdsex Xxx Video Downloader,true,1,38,tubeninja.net,tubeninja.net,"Hdsex Xxx adult video downloader page; emphasize public videos, privacy, HD/MP4 formats, no popups, browser extension CTA, and legal/adult disclaimer.",http://www.tubeninja.net/how-to-download/hdsex-xxx|http://www.tubeninja.net/ar/kayfiyat-tahmil/hdsex-xxx|http://www.tubeninja.net/de/download-anleitung/hdsex-xxx|http://www.tubeninja.net/es/como-descargar/hdsex-xxx|http://www.tubeninja.net/fa/how-to-download/hdsex-xxx|http://www.tubeninja.net/fr/comment-telecharger/hdsex-xxx|http://www.tubeninja.net/id/bagaimana-cara-mengunduh/hdsex-xxx|http://www.tubeninja.net/it/come-scaricare/hdsex-xxx
hdsexworld.com,hdsexworld,missing,,,download-hdsexworld-videos,/download-hdsexworld-videos,Hdsexworld Video Downloader,true,1,38,tubeninja.net,tubeninja.net,"Hdsexworld adult video downloader page; emphasize public videos, privacy, HD/MP4 formats, no popups, browser extension CTA, and legal/adult disclaimer.",http://www.tubeninja.net/how-to-download/hdsexworld|http://www.tubeninja.net/ar/kayfiyat-tahmil/hdsexworld|http://www.tubeninja.net/de/download-anleitung/hdsexworld|http://www.tubeninja.net/es/como-descargar/hdsexworld|http://www.tubeninja.net/fa/how-to-download/hdsexworld|http://www.tubeninja.net/fr/comment-telecharger/hdsexworld|http://www.tubeninja.net/id/bagaimana-cara-mengunduh/hdsexworld|http://www.tubeninja.net/it/come-scaricare/hdsexworld
hdteensexvideos.com,hdteensexvideos,missing,,,download-hdteensexvideos-videos,/download-hdteensexvideos-videos,Hdteensexvideos Video Downloader,true,1,38,tubeninja.net,tubeninja.net,"Hdteensexvideos adult video downloader page; emphasize public videos, privacy, HD/MP4 formats, no popups, browser extension CTA, and legal/adult disclaimer.",http://www.tubeninja.net/how-to-download/hdteensexvideos|http://www.tubeninja.net/ar/kayfiyat-tahmil/hdteensexvideos|http://www.tubeninja.net/de/download-anleitung/hdteensexvideos|http://www.tubeninja.net/es/como-descargar/hdteensexvideos|http://www.tubeninja.net/fa/how-to-download/hdteensexvideos|http://www.tubeninja.net/fr/comment-telecharger/hdteensexvideos|http://www.tubeninja.net/id/bagaimana-cara-mengunduh/hdteensexvideos|http://www.tubeninja.net/it/come-scaricare/hdteensexvideos
hentaicloud.com,hentaicloud,missing,,,download-hentaicloud-videos,/download-hentaicloud-videos,Hentaicloud Video Downloader,true,1,38,tubeninja.net,tubeninja.net,"Hentaicloud adult video downloader page; emphasize public videos, privacy, HD/MP4 formats, no popups, browser extension CTA, and legal/adult disclaimer.",http://www.tubeninja.net/how-to-download/hentaicloud|http://www.tubeninja.net/ar/kayfiyat-tahmil/hentaicloud|http://www.tubeninja.net/de/download-anleitung/hentaicloud|http://www.tubeninja.net/es/como-descargar/hentaicloud|http://www.tubeninja.net/fa/how-to-download/hentaicloud|http://www.tubeninja.net/fr/comment-telecharger/hentaicloud|http://www.tubeninja.net/id/bagaimana-cara-mengunduh/hentaicloud|http://www.tubeninja.net/it/come-scaricare/hentaicloud
hentaiplus.com,hentaiplus,missing,,,download-hentaiplus-videos,/download-hentaiplus-videos,Hentaiplus Video Downloader,true,1,38,tubeninja.net,tubeninja.net,"Hentaiplus adult video downloader page; emphasize public videos, privacy, HD/MP4 formats, no popups, browser extension CTA, and legal/adult disclaimer.",http://www.tubeninja.net/how-to-download/hentaiplus|http://www.tubeninja.net/ar/kayfiyat-tahmil/hentaiplus|http://www.tubeninja.net/de/download-anleitung/hentaiplus|http://www.tubeninja.net/es/como-descargar/hentaiplus|http://www.tubeninja.net/fa/how-to-download/hentaiplus|http://www.tubeninja.net/fr/comment-telecharger/hentaiplus|http://www.tubeninja.net/id/bagaimana-cara-mengunduh/hentaiplus|http://www.tubeninja.net/it/come-scaricare/hentaiplus
hentaipros.com,hentaipros,missing,,,download-hentaipros-videos,/download-hentaipros-videos,Hentaipros Video Downloader,true,1,38,tubeninja.net,tubeninja.net,"Hentaipros adult video downloader page; emphasize public videos, privacy, HD/MP4 formats, no popups, browser extension CTA, and legal/adult disclaimer.",http://www.tubeninja.net/how-to-download/hentaipros|http://www.tubeninja.net/ar/kayfiyat-tahmil/hentaipros|http://www.tubeninja.net/de/download-anleitung/hentaipros|http://www.tubeninja.net/es/como-descargar/hentaipros|http://www.tubeninja.net/fa/how-to-download/hentaipros|http://www.tubeninja.net/fr/comment-telecharger/hentaipros|http://www.tubeninja.net/id/bagaimana-cara-mengunduh/hentaipros|http://www.tubeninja.net/it/come-scaricare/hentaipros
hentaitube.com,hentaitube,missing,,,download-hentaitube-videos,/download-hentaitube-videos,Hentaitube Video Downloader,true,1,38,tubeninja.net,tubeninja.net,"Hentaitube adult video downloader page; emphasize public videos, privacy, HD/MP4 formats, no popups, browser extension CTA, and legal/adult disclaimer.",http://www.tubeninja.net/how-to-download/hentaitube-video|http://www.tubeninja.net/ar/kayfiyat-tahmil/hentaitube-video|http://www.tubeninja.net/de/download-anleitung/hentaitube-video|http://www.tubeninja.net/es/como-descargar/hentaitube-video|http://www.tubeninja.net/fa/how-to-download/hentaitube-video|http://www.tubeninja.net/fr/comment-telecharger/hentaitube-video|http://www.tubeninja.net/id/bagaimana-cara-mengunduh/hentaitube-video|http://www.tubeninja.net/it/come-scaricare/hentaitube-video
hentaivideoworld.com,hentaivideoworld,missing,,,download-hentaivideoworld-videos,/download-hentaivideoworld-videos,Hentaivideoworld Video Downloader,true,1,38,tubeninja.net,tubeninja.net,"Hentaivideoworld adult video downloader page; emphasize public videos, privacy, HD/MP4 formats, no popups, browser extension CTA, and legal/adult disclaimer.",http://www.tubeninja.net/how-to-download/hentaivideoworld|http://www.tubeninja.net/ar/kayfiyat-tahmil/hentaivideoworld|http://www.tubeninja.net/de/download-anleitung/hentaivideoworld|http://www.tubeninja.net/es/como-descargar/hentaivideoworld|http://www.tubeninja.net/fa/how-to-download/hentaivideoworld|http://www.tubeninja.net/fr/comment-telecharger/hentaivideoworld|http://www.tubeninja.net/id/bagaimana-cara-mengunduh/hentaivideoworld|http://www.tubeninja.net/it/come-scaricare/hentaivideoworld
homeindiansex.com,homeindiansex,missing,,,download-homeindiansex-videos,/download-homeindiansex-videos,Homeindiansex Video Downloader,true,1,38,tubeninja.net,tubeninja.net,"Homeindiansex adult video downloader page; emphasize public videos, privacy, HD/MP4 formats, no popups, browser extension CTA, and legal/adult disclaimer.",http://www.tubeninja.net/how-to-download/homeindiansex|http://www.tubeninja.net/ar/kayfiyat-tahmil/homeindiansex|http://www.tubeninja.net/de/download-anleitung/homeindiansex|http://www.tubeninja.net/es/como-descargar/homeindiansex|http://www.tubeninja.net/fa/how-to-download/homeindiansex|http://www.tubeninja.net/fr/comment-telecharger/homeindiansex|http://www.tubeninja.net/id/bagaimana-cara-mengunduh/homeindiansex|http://www.tubeninja.net/it/come-scaricare/homeindiansex
homeporno.com,homeporno,missing,,,download-homeporno-videos,/download-homeporno-videos,Homeporno Video Downloader,true,1,38,tubeninja.net,tubeninja.net,"Homeporno adult video downloader page; emphasize public videos, privacy, HD/MP4 formats, no popups, browser extension CTA, and legal/adult disclaimer.",http://www.tubeninja.net/how-to-download/homeporno|http://www.tubeninja.net/ar/kayfiyat-tahmil/homeporno|http://www.tubeninja.net/de/download-anleitung/homeporno|http://www.tubeninja.net/es/como-descargar/homeporno|http://www.tubeninja.net/fa/how-to-download/homeporno|http://www.tubeninja.net/fr/comment-telecharger/homeporno|http://www.tubeninja.net/id/bagaimana-cara-mengunduh/homeporno|http://www.tubeninja.net/it/come-scaricare/homeporno
hometubeporn.com,hometubeporn,missing,,,download-hometubeporn-videos,/download-hometubeporn-videos,Hometubeporn Video Downloader,true,1,38,tubeninja.net,tubeninja.net,"Hometubeporn adult video downloader page; emphasize public videos, privacy, HD/MP4 formats, no popups, browser extension CTA, and legal/adult disclaimer.",http://www.tubeninja.net/how-to-download/hometubeporn/1|http://www.tubeninja.net/ar/kayfiyat-tahmil/hometubeporn|http://www.tubeninja.net/de/download-anleitung/hometubeporn/1|http://www.tubeninja.net/es/como-descargar/hometubeporn/1|http://www.tubeninja.net/fa/how-to-download/hometubeporn/1|http://www.tubeninja.net/fr/comment-telecharger/hometubeporn|http://www.tubeninja.net/id/bagaimana-cara-mengunduh/hometubeporn|http://www.tubeninja.net/it/come-scaricare/hometubeporn
hornyanalsex.com,hornyanalsex,missing,,,download-hornyanalsex-videos,/download-hornyanalsex-videos,Hornyanalsex Video Downloader,true,1,38,tubeninja.net,tubeninja.net,"Hornyanalsex adult video downloader page; emphasize public videos, privacy, HD/MP4 formats, no popups, browser extension CTA, and legal/adult disclaimer.",http://www.tubeninja.net/how-to-download/hornyanalsex|http://www.tubeninja.net/ar/kayfiyat-tahmil/hornyanalsex|http://www.tubeninja.net/de/download-anleitung/hornyanalsex|http://www.tubeninja.net/es/como-descargar/hornyanalsex|http://www.tubeninja.net/fa/how-to-download/hornyanalsex|http://www.tubeninja.net/fr/comment-telecharger/hornyanalsex|http://www.tubeninja.net/id/bagaimana-cara-mengunduh/hornyanalsex|http://www.tubeninja.net/it/come-scaricare/hornyanalsex
hotcumporn.com,hotcumporn,missing,,,download-hotcumporn-videos,/download-hotcumporn-videos,Hotcumporn Video Downloader,true,1,38,tubeninja.net,tubeninja.net,"Hotcumporn adult video downloader page; emphasize public videos, privacy, HD/MP4 formats, no popups, browser extension CTA, and legal/adult disclaimer.",http://www.tubeninja.net/how-to-download/hotcumporn|http://www.tubeninja.net/ar/kayfiyat-tahmil/hotcumporn|http://www.tubeninja.net/de/download-anleitung/hotcumporn|http://www.tubeninja.net/es/como-descargar/hotcumporn|http://www.tubeninja.net/fa/how-to-download/hotcumporn|http://www.tubeninja.net/fr/comment-telecharger/hotcumporn|http://www.tubeninja.net/id/bagaimana-cara-mengunduh/hotcumporn|http://www.tubeninja.net/it/come-scaricare/hotcumporn
hqbdsm.com,hqbdsm,missing,,,download-hqbdsm-videos,/download-hqbdsm-videos,Hqbdsm Video Downloader,true,1,38,tubeninja.net,tubeninja.net,"Hqbdsm adult video downloader page; emphasize public videos, privacy, HD/MP4 formats, no popups, browser extension CTA, and legal/adult disclaimer.",http://www.tubeninja.net/how-to-download/hqbdsm|http://www.tubeninja.net/ar/kayfiyat-tahmil/hqbdsm|http://www.tubeninja.net/de/download-anleitung/hqbdsm|http://www.tubeninja.net/es/como-descargar/hqbdsm|http://www.tubeninja.net/fa/how-to-download/hqbdsm|http://www.tubeninja.net/fr/comment-telecharger/hqbdsm|http://www.tubeninja.net/id/bagaimana-cara-mengunduh/hqbdsm|http://www.tubeninja.net/it/come-scaricare/hqbdsm
hqbigboobs.com,hqbigboobs,missing,,,download-hqbigboobs-videos,/download-hqbigboobs-videos,Hqbigboobs Video Downloader,true,1,38,tubeninja.net,tubeninja.net,"Hqbigboobs adult video downloader page; emphasize public videos, privacy, HD/MP4 formats, no popups, browser extension CTA, and legal/adult disclaimer.",http://www.tubeninja.net/how-to-download/hqbigboobs|http://www.tubeninja.net/ar/kayfiyat-tahmil/hqbigboobs|http://www.tubeninja.net/de/download-anleitung/hqbigboobs|http://www.tubeninja.net/es/como-descargar/hqbigboobs|http://www.tubeninja.net/fa/how-to-download/hqbigboobs|http://www.tubeninja.net/fr/comment-telecharger/hqbigboobs|http://www.tubeninja.net/id/bagaimana-cara-mengunduh/hqbigboobs|http://www.tubeninja.net/it/come-scaricare/hqbigboobs
hqpornstream.com,hqpornstream,missing,,,download-hqpornstream-videos,/download-hqpornstream-videos,Hqpornstream Video Downloader,true,1,38,tubeninja.net,tubeninja.net,"Hqpornstream adult video downloader page; emphasize public videos, privacy, HD/MP4 formats, no popups, browser extension CTA, and legal/adult disclaimer.",http://www.tubeninja.net/how-to-download/hqpornstream|http://www.tubeninja.net/ar/kayfiyat-tahmil/hqpornstream|http://www.tubeninja.net/de/download-anleitung/hqpornstream|http://www.tubeninja.net/es/como-descargar/hqpornstream|http://www.tubeninja.net/fa/how-to-download/hqpornstream|http://www.tubeninja.net/fr/comment-telecharger/hqpornstream|http://www.tubeninja.net/id/bagaimana-cara-mengunduh/hqpornstream|http://www.tubeninja.net/it/come-scaricare/hqpornstream
hqxxxmovies.com,hqxxxmovies,missing,,,download-hqxxxmovies-videos,/download-hqxxxmovies-videos,Hqxxxmovies Video Downloader,true,1,38,tubeninja.net,tubeninja.net,"Hqxxxmovies adult video downloader page; emphasize public videos, privacy, HD/MP4 formats, no popups, browser extension CTA, and legal/adult disclaimer.",http://www.tubeninja.net/how-to-download/hqxxxmovies|http://www.tubeninja.net/ar/kayfiyat-tahmil/hqxxxmovies|http://www.tubeninja.net/de/download-anleitung/hqxxxmovies|http://www.tubeninja.net/es/como-descargar/hqxxxmovies|http://www.tubeninja.net/fa/how-to-download/hqxxxmovies|http://www.tubeninja.net/fr/comment-telecharger/hqxxxmovies|http://www.tubeninja.net/id/bagaimana-cara-mengunduh/hqxxxmovies|http://www.tubeninja.net/it/come-scaricare/hqxxxmovies
hsex.com,hsex,missing,,,download-hsex-videos,/download-hsex-videos,Hsex Video Downloader,true,1,38,tubeninja.net,tubeninja.net,"Hsex adult video downloader page; emphasize public videos, privacy, HD/MP4 formats, no popups, browser extension CTA, and legal/adult disclaimer.",http://www.tubeninja.net/how-to-download/hsex|http://www.tubeninja.net/ar/kayfiyat-tahmil/hsex|http://www.tubeninja.net/de/download-anleitung/hsex|http://www.tubeninja.net/es/como-descargar/hsex|http://www.tubeninja.net/fa/how-to-download/hsex|http://www.tubeninja.net/fr/comment-telecharger/hsex|http://www.tubeninja.net/id/bagaimana-cara-mengunduh/hsex|http://www.tubeninja.net/it/come-scaricare/hsex
imilfs.com,imilfs,missing,,,download-imilfs-videos,/download-imilfs-videos,Imilfs Video Downloader,true,1,38,tubeninja.net,tubeninja.net,"Imilfs adult video downloader page; emphasize public videos, privacy, HD/MP4 formats, no popups, browser extension CTA, and legal/adult disclaimer.",http://www.tubeninja.net/how-to-download/imilfs|http://www.tubeninja.net/ar/kayfiyat-tahmil/imilfs|http://www.tubeninja.net/de/download-anleitung/imilfs|http://www.tubeninja.net/es/como-descargar/imilfs|http://www.tubeninja.net/fa/how-to-download/imilfs|http://www.tubeninja.net/fr/comment-telecharger/imilfs|http://www.tubeninja.net/id/bagaimana-cara-mengunduh/imilfs|http://www.tubeninja.net/it/come-scaricare/imilfs
indianporncave.com,indianporncave,missing,,,download-indianporncave-videos,/download-indianporncave-videos,Indianporncave Video Downloader,true,1,38,tubeninja.net,tubeninja.net,"Indianporncave adult video downloader page; emphasize public videos, privacy, HD/MP4 formats, no popups, browser extension CTA, and legal/adult disclaimer.",http://www.tubeninja.net/how-to-download/indianporncave|http://www.tubeninja.net/ar/kayfiyat-tahmil/indianporncave|http://www.tubeninja.net/de/download-anleitung/indianporncave|http://www.tubeninja.net/es/como-descargar/indianporncave|http://www.tubeninja.net/fa/how-to-download/indianporncave|http://www.tubeninja.net/fr/comment-telecharger/indianporncave|http://www.tubeninja.net/id/bagaimana-cara-mengunduh/indianporncave|http://www.tubeninja.net/it/come-scaricare/indianporncave
insexicated.com,insexicated,missing,,,download-insexicated-videos,/download-insexicated-videos,Insexicated Video Downloader,true,1,38,tubeninja.net,tubeninja.net,"Insexicated adult video downloader page; emphasize public videos, privacy, HD/MP4 formats, no popups, browser extension CTA, and legal/adult disclaimer.",http://www.tubeninja.net/how-to-download/insexicated|http://www.tubeninja.net/ar/kayfiyat-tahmil/insexicated|http://www.tubeninja.net/de/download-anleitung/insexicated|http://www.tubeninja.net/es/como-descargar/insexicated|http://www.tubeninja.net/fa/how-to-download/insexicated|http://www.tubeninja.net/fr/comment-telecharger/insexicated|http://www.tubeninja.net/id/bagaimana-cara-mengunduh/insexicated|http://www.tubeninja.net/it/come-scaricare/insexicated
iporner.com,iporner,missing,,,download-iporner-videos,/download-iporner-videos,Iporner Video Downloader,true,1,38,tubeninja.net,tubeninja.net,"Iporner adult video downloader page; emphasize public videos, privacy, HD/MP4 formats, no popups, browser extension CTA, and legal/adult disclaimer.",http://www.tubeninja.net/how-to-download/iporner|http://www.tubeninja.net/ar/kayfiyat-tahmil/iporner|http://www.tubeninja.net/de/download-anleitung/iporner|http://www.tubeninja.net/es/como-descargar/iporner|http://www.tubeninja.net/fa/how-to-download/iporner|http://www.tubeninja.net/fr/comment-telecharger/iporner|http://www.tubeninja.net/id/bagaimana-cara-mengunduh/iporner|http://www.tubeninja.net/it/come-scaricare/iporner
ipornovideos.com,ipornovideos,missing,,,download-ipornovideos-videos,/download-ipornovideos-videos,Ipornovideos Video Downloader,true,1,38,tubeninja.net,tubeninja.net,"Ipornovideos adult video downloader page; emphasize public videos, privacy, HD/MP4 formats, no popups, browser extension CTA, and legal/adult disclaimer.",http://www.tubeninja.net/how-to-download/ipornovideos|http://www.tubeninja.net/ar/kayfiyat-tahmil/ipornovideos|http://www.tubeninja.net/de/download-anleitung/ipornovideos|http://www.tubeninja.net/es/como-descargar/ipornovideos|http://www.tubeninja.net/fa/how-to-download/ipornovideos|http://www.tubeninja.net/fr/comment-telecharger/ipornovideos|http://www.tubeninja.net/id/bagaimana-cara-mengunduh/ipornovideos|http://www.tubeninja.net/it/come-scaricare/ipornovideos
japanporn.com,japanporn,missing,,,download-japanporn-videos,/download-japanporn-videos,Japanporn Video Downloader,true,1,38,tubeninja.net,tubeninja.net,"Japanporn adult video downloader page; emphasize public videos, privacy, HD/MP4 formats, no popups, browser extension CTA, and legal/adult disclaimer.",http://www.tubeninja.net/how-to-download/japanporn|http://www.tubeninja.net/ar/kayfiyat-tahmil/japanporn|http://www.tubeninja.net/de/download-anleitung/japanporn|http://www.tubeninja.net/es/como-descargar/japanporn|http://www.tubeninja.net/fa/how-to-download/japanporn|http://www.tubeninja.net/fr/comment-telecharger/japanporn|http://www.tubeninja.net/id/bagaimana-cara-mengunduh/japanporn|http://www.tubeninja.net/it/come-scaricare/japanporn
jav321.com,jav321,missing,,,download-jav321-videos,/download-jav321-videos,Jav321 Video Downloader,true,1,38,tubeninja.net,tubeninja.net,"Jav321 adult video downloader page; emphasize public videos, privacy, HD/MP4 formats, no popups, browser extension CTA, and legal/adult disclaimer.",http://www.tubeninja.net/how-to-download/jav321|http://www.tubeninja.net/ar/kayfiyat-tahmil/jav321|http://www.tubeninja.net/de/download-anleitung/jav321|http://www.tubeninja.net/es/como-descargar/jav321|http://www.tubeninja.net/fa/how-to-download/jav321|http://www.tubeninja.net/fr/comment-telecharger/jav321|http://www.tubeninja.net/id/bagaimana-cara-mengunduh/jav321|http://www.tubeninja.net/it/come-scaricare/jav321
javbraze.com,javbraze,missing,,,download-javbraze-videos,/download-javbraze-videos,Javbraze Video Downloader,true,1,38,tubeninja.net,tubeninja.net,"Javbraze adult video downloader page; emphasize public videos, privacy, HD/MP4 formats, no popups, browser extension CTA, and legal/adult disclaimer.",http://www.tubeninja.net/how-to-download/javbraze|http://www.tubeninja.net/ar/kayfiyat-tahmil/javbraze|http://www.tubeninja.net/de/download-anleitung/javbraze|http://www.tubeninja.net/es/como-descargar/javbraze|http://www.tubeninja.net/fa/how-to-download/javbraze|http://www.tubeninja.net/fr/comment-telecharger/javbraze|http://www.tubeninja.net/id/bagaimana-cara-mengunduh/javbraze|http://www.tubeninja.net/it/come-scaricare/javbraze
javcab.com,javcab,missing,,,download-javcab-videos,/download-javcab-videos,Javcab Video Downloader,true,1,38,tubeninja.net,tubeninja.net,"Javcab adult video downloader page; emphasize public videos, privacy, HD/MP4 formats, no popups, browser extension CTA, and legal/adult disclaimer.",http://www.tubeninja.net/how-to-download/javcab|http://www.tubeninja.net/ar/kayfiyat-tahmil/javcab|http://www.tubeninja.net/de/download-anleitung/javcab|http://www.tubeninja.net/es/como-descargar/javcab|http://www.tubeninja.net/fa/how-to-download/javcab|http://www.tubeninja.net/fr/comment-telecharger/javcab|http://www.tubeninja.net/id/bagaimana-cara-mengunduh/javcab|http://www.tubeninja.net/it/come-scaricare/javcab
javhdasia.com,javhdasia,missing,,,download-javhdasia-videos,/download-javhdasia-videos,Javhdasia Video Downloader,true,1,38,tubeninja.net,tubeninja.net,"Javhdasia adult video downloader page; emphasize public videos, privacy, HD/MP4 formats, no popups, browser extension CTA, and legal/adult disclaimer.",http://www.tubeninja.net/how-to-download/javhdasia|http://www.tubeninja.net/ar/kayfiyat-tahmil/javhdasia|http://www.tubeninja.net/de/download-anleitung/javhdasia|http://www.tubeninja.net/es/como-descargar/javhdasia|http://www.tubeninja.net/fa/how-to-download/javhdasia|http://www.tubeninja.net/fr/comment-telecharger/javhdasia|http://www.tubeninja.net/id/bagaimana-cara-mengunduh/javhdasia|http://www.tubeninja.net/it/come-scaricare/javhdasia
javmovie.com,javmovie,missing,,,download-javmovie-videos,/download-javmovie-videos,Javmovie Video Downloader,true,1,38,tubeninja.net,tubeninja.net,"Javmovie adult video downloader page; emphasize public videos, privacy, HD/MP4 formats, no popups, browser extension CTA, and legal/adult disclaimer.",http://www.tubeninja.net/how-to-download/javmovie|http://www.tubeninja.net/ar/kayfiyat-tahmil/javmovie|http://www.tubeninja.net/de/download-anleitung/javmovie|http://www.tubeninja.net/es/como-descargar/javmovie|http://www.tubeninja.net/fa/how-to-download/javmovie|http://www.tubeninja.net/fr/comment-telecharger/javmovie|http://www.tubeninja.net/id/bagaimana-cara-mengunduh/javmovie|http://www.tubeninja.net/it/come-scaricare/javmovie
jerkporn.com,jerkporn,missing,,,download-jerkporn-videos,/download-jerkporn-videos,Jerkporn Video Downloader,true,1,38,tubeninja.net,tubeninja.net,"Jerkporn adult video downloader page; emphasize public videos, privacy, HD/MP4 formats, no popups, browser extension CTA, and legal/adult disclaimer.",http://www.tubeninja.net/how-to-download/jerkporn|http://www.tubeninja.net/ar/kayfiyat-tahmil/jerkporn|http://www.tubeninja.net/de/download-anleitung/jerkporn|http://www.tubeninja.net/es/como-descargar/jerkporn|http://www.tubeninja.net/fa/how-to-download/jerkporn|http://www.tubeninja.net/fr/comment-telecharger/jerkporn|http://www.tubeninja.net/id/bagaimana-cara-mengunduh/jerkporn|http://www.tubeninja.net/it/come-scaricare/jerkporn
jokersextube.com,jokersextube,missing,,,download-jokersextube-videos,/download-jokersextube-videos,Jokersextube Video Downloader,true,1,38,tubeninja.net,tubeninja.net,"Jokersextube adult video downloader page; emphasize public videos, privacy, HD/MP4 formats, no popups, browser extension CTA, and legal/adult disclaimer.",http://www.tubeninja.net/how-to-download/jokersextube|http://www.tubeninja.net/ar/kayfiyat-tahmil/jokersextube|http://www.tubeninja.net/de/download-anleitung/jokersextube|http://www.tubeninja.net/es/como-descargar/jokersextube|http://www.tubeninja.net/fa/how-to-download/jokersextube|http://www.tubeninja.net/fr/comment-telecharger/jokersextube|http://www.tubeninja.net/id/bagaimana-cara-mengunduh/jokersextube|http://www.tubeninja.net/it/come-scaricare/jokersextube
justporno.es,justporno,missing,,,download-justporno-videos,/download-justporno-videos,Justporno Video Downloader,true,1,38,tubeninja.net,tubeninja.net,"Justporno adult video downloader page; emphasize public videos, privacy, HD/MP4 formats, no popups, browser extension CTA, and legal/adult disclaimer.",http://www.tubeninja.net/how-to-download/justporno-es|http://www.tubeninja.net/ar/kayfiyat-tahmil/justporno-es|http://www.tubeninja.net/de/download-anleitung/justporno-es|http://www.tubeninja.net/es/como-descargar/justporno-es|http://www.tubeninja.net/fa/how-to-download/justporno-es|http://www.tubeninja.net/fr/comment-telecharger/justporno-es|http://www.tubeninja.net/id/bagaimana-cara-mengunduh/justporno-es|http://www.tubeninja.net/it/come-scaricare/justporno-es
kalporn.com,kalporn,missing,,,download-kalporn-videos,/download-kalporn-videos,Kalporn Video Downloader,true,1,38,tubeninja.net,tubeninja.net,"Kalporn adult video downloader page; emphasize public videos, privacy, HD/MP4 formats, no popups, browser extension CTA, and legal/adult disclaimer.",http://www.tubeninja.net/how-to-download/kalporn|http://www.tubeninja.net/ar/kayfiyat-tahmil/kalporn|http://www.tubeninja.net/de/download-anleitung/kalporn|http://www.tubeninja.net/es/como-descargar/kalporn|http://www.tubeninja.net/fa/how-to-download/kalporn|http://www.tubeninja.net/fr/comment-telecharger/kalporn|http://www.tubeninja.net/id/bagaimana-cara-mengunduh/kalporn|http://www.tubeninja.net/it/come-scaricare/kalporn
katorsex.com,katorsex,missing,,,download-katorsex-videos,/download-katorsex-videos,Katorsex Video Downloader,true,1,38,tubeninja.net,tubeninja.net,"Katorsex adult video downloader page; emphasize public videos, privacy, HD/MP4 formats, no popups, browser extension CTA, and legal/adult disclaimer.",http://www.tubeninja.net/how-to-download/katorsex|http://www.tubeninja.net/ar/kayfiyat-tahmil/katorsex|http://www.tubeninja.net/de/download-anleitung/katorsex|http://www.tubeninja.net/es/como-descargar/katorsex|http://www.tubeninja.net/fa/how-to-download/katorsex|http://www.tubeninja.net/fr/comment-telecharger/katorsex|http://www.tubeninja.net/id/bagaimana-cara-mengunduh/katorsex|http://www.tubeninja.net/it/come-scaricare/katorsex
kingsizexxx.com,kingsizexxx,missing,,,download-kingsizexxx-videos,/download-kingsizexxx-videos,Kingsizexxx Video Downloader,true,1,38,tubeninja.net,tubeninja.net,"Kingsizexxx adult video downloader page; emphasize public videos, privacy, HD/MP4 formats, no popups, browser extension CTA, and legal/adult disclaimer.",http://www.tubeninja.net/how-to-download/kingsizexxx|http://www.tubeninja.net/ar/kayfiyat-tahmil/kingsizexxx|http://www.tubeninja.net/de/download-anleitung/kingsizexxx|http://www.tubeninja.net/es/como-descargar/kingsizexxx|http://www.tubeninja.net/fa/how-to-download/kingsizexxx|http://www.tubeninja.net/fr/comment-telecharger/kingsizexxx|http://www.tubeninja.net/id/bagaimana-cara-mengunduh/kingsizexxx|http://www.tubeninja.net/it/come-scaricare/kingsizexxx
kisspornmovies.com,kisspornmovies,missing,,,download-kisspornmovies-videos,/download-kisspornmovies-videos,Kisspornmovies Video Downloader,true,1,38,tubeninja.net,tubeninja.net,"Kisspornmovies adult video downloader page; emphasize public videos, privacy, HD/MP4 formats, no popups, browser extension CTA, and legal/adult disclaimer.",http://www.tubeninja.net/how-to-download/kisspornmovies/7|http://www.tubeninja.net/ar/kayfiyat-tahmil/kisspornmovies|http://www.tubeninja.net/de/download-anleitung/kisspornmovies|http://www.tubeninja.net/es/como-descargar/kisspornmovies|http://www.tubeninja.net/fa/how-to-download/kisspornmovies|http://www.tubeninja.net/fr/comment-telecharger/kisspornmovies|http://www.tubeninja.net/id/bagaimana-cara-mengunduh/kisspornmovies|http://www.tubeninja.net/it/come-scaricare/kisspornmovies
lafranceporno.com,lafranceporno,missing,,,download-lafranceporno-videos,/download-lafranceporno-videos,Lafranceporno Video Downloader,true,1,38,tubeninja.net,tubeninja.net,"Lafranceporno adult video downloader page; emphasize public videos, privacy, HD/MP4 formats, no popups, browser extension CTA, and legal/adult disclaimer.",http://www.tubeninja.net/how-to-download/lafranceporno|http://www.tubeninja.net/ar/kayfiyat-tahmil/lafranceporno|http://www.tubeninja.net/de/download-anleitung/lafranceporno|http://www.tubeninja.net/es/como-descargar/lafranceporno|http://www.tubeninja.net/fa/how-to-download/lafranceporno|http://www.tubeninja.net/fr/comment-telecharger/lafranceporno|http://www.tubeninja.net/id/bagaimana-cara-mengunduh/lafranceporno|http://www.tubeninja.net/it/come-scaricare/lafranceporno
largepornfilms.com,largepornfilms,missing,,,download-largepornfilms-videos,/download-largepornfilms-videos,Largepornfilms Video Downloader,true,1,38,tubeninja.net,tubeninja.net,"Largepornfilms adult video downloader page; emphasize public videos, privacy, HD/MP4 formats, no popups, browser extension CTA, and legal/adult disclaimer.",http://www.tubeninja.net/how-to-download/largepornfilms|http://www.tubeninja.net/ar/kayfiyat-tahmil/largepornfilms|http://www.tubeninja.net/de/download-anleitung/largepornfilms|http://www.tubeninja.net/es/como-descargar/largepornfilms|http://www.tubeninja.net/fa/how-to-download/largepornfilms|http://www.tubeninja.net/fr/comment-telecharger/largepornfilms|http://www.tubeninja.net/id/bagaimana-cara-mengunduh/largepornfilms|http://www.tubeninja.net/it/come-scaricare/largepornfilms
lightxxxtube.com,lightxxxtube,missing,,,download-lightxxxtube-videos,/download-lightxxxtube-videos,Lightxxxtube Video Downloader,true,1,38,tubeninja.net,tubeninja.net,"Lightxxxtube adult video downloader page; emphasize public videos, privacy, HD/MP4 formats, no popups, browser extension CTA, and legal/adult disclaimer.",http://www.tubeninja.net/how-to-download/lightxxxtube|http://www.tubeninja.net/ar/kayfiyat-tahmil/lightxxxtube|http://www.tubeninja.net/de/download-anleitung/lightxxxtube|http://www.tubeninja.net/es/como-descargar/lightxxxtube|http://www.tubeninja.net/fa/how-to-download/lightxxxtube|http://www.tubeninja.net/fr/comment-telecharger/lightxxxtube|http://www.tubeninja.net/id/bagaimana-cara-mengunduh/lightxxxtube|http://www.tubeninja.net/it/come-scaricare/lightxxxtube
literotica.com,literotica,missing,,,download-literotica-videos,/download-literotica-videos,Literotica Video Downloader,true,1,38,tubeninja.net,tubeninja.net,"Literotica adult video downloader page; emphasize public videos, privacy, HD/MP4 formats, no popups, browser extension CTA, and legal/adult disclaimer.",http://www.tubeninja.net/how-to-download/literotica|http://www.tubeninja.net/ar/kayfiyat-tahmil/literotica|http://www.tubeninja.net/de/download-anleitung/literotica|http://www.tubeninja.net/es/como-descargar/literotica|http://www.tubeninja.net/fa/how-to-download/literotica|http://www.tubeninja.net/fr/comment-telecharger/literotica|http://www.tubeninja.net/id/bagaimana-cara-mengunduh/literotica|http://www.tubeninja.net/it/come-scaricare/literotica
madnessporn.com,madnessporn,missing,,,download-madnessporn-videos,/download-madnessporn-videos,Madnessporn Video Downloader,true,1,38,tubeninja.net,tubeninja.net,"Madnessporn adult video downloader page; emphasize public videos, privacy, HD/MP4 formats, no popups, browser extension CTA, and legal/adult disclaimer.",http://www.tubeninja.net/how-to-download/madnessporn|http://www.tubeninja.net/ar/kayfiyat-tahmil/madnessporn|http://www.tubeninja.net/de/download-anleitung/madnessporn|http://www.tubeninja.net/es/como-descargar/madnessporn|http://www.tubeninja.net/fa/how-to-download/madnessporn|http://www.tubeninja.net/fr/comment-telecharger/madnessporn|http://www.tubeninja.net/id/bagaimana-cara-mengunduh/madnessporn|http://www.tubeninja.net/it/come-scaricare/madnessporn
maisexo.com,maisexo,missing,,,download-maisexo-videos,/download-maisexo-videos,Maisexo Video Downloader,true,1,38,tubeninja.net,tubeninja.net,"Maisexo adult video downloader page; emphasize public videos, privacy, HD/MP4 formats, no popups, browser extension CTA, and legal/adult disclaimer.",http://www.tubeninja.net/how-to-download/maisexo|http://www.tubeninja.net/ar/kayfiyat-tahmil/maisexo|http://www.tubeninja.net/de/download-anleitung/maisexo|http://www.tubeninja.net/es/como-descargar/maisexo|http://www.tubeninja.net/fa/how-to-download/maisexo|http://www.tubeninja.net/fr/comment-telecharger/maisexo|http://www.tubeninja.net/id/bagaimana-cara-mengunduh/maisexo|http://www.tubeninja.net/it/come-scaricare/maisexo
manytubeporn.com,manytubeporn,missing,,,download-manytubeporn-videos,/download-manytubeporn-videos,Manytubeporn Video Downloader,true,1,38,tubeninja.net,tubeninja.net,"Manytubeporn adult video downloader page; emphasize public videos, privacy, HD/MP4 formats, no popups, browser extension CTA, and legal/adult disclaimer.",http://www.tubeninja.net/how-to-download/manytubeporn|http://www.tubeninja.net/ar/kayfiyat-tahmil/manytubeporn|http://www.tubeninja.net/de/download-anleitung/manytubeporn|http://www.tubeninja.net/es/como-descargar/manytubeporn|http://www.tubeninja.net/fa/how-to-download/manytubeporn|http://www.tubeninja.net/fr/comment-telecharger/manytubeporn|http://www.tubeninja.net/id/bagaimana-cara-mengunduh/manytubeporn|http://www.tubeninja.net/it/come-scaricare/manytubeporn
matureporn.com,matureporn,missing,,,download-matureporn-videos,/download-matureporn-videos,Matureporn Video Downloader,true,1,38,tubeninja.net,tubeninja.net,"Matureporn adult video downloader page; emphasize public videos, privacy, HD/MP4 formats, no popups, browser extension CTA, and legal/adult disclaimer.",http://www.tubeninja.net/how-to-download/matureporn|http://www.tubeninja.net/ar/kayfiyat-tahmil/matureporn|http://www.tubeninja.net/de/download-anleitung/matureporn|http://www.tubeninja.net/es/como-descargar/matureporn|http://www.tubeninja.net/fa/how-to-download/matureporn|http://www.tubeninja.net/fr/comment-telecharger/matureporn|http://www.tubeninja.net/id/bagaimana-cara-mengunduh/matureporn|http://www.tubeninja.net/it/come-scaricare/matureporn
megahdporno.com,megahdporno,missing,,,download-megahdporno-videos,/download-megahdporno-videos,Megahdporno Video Downloader,true,1,38,tubeninja.net,tubeninja.net,"Megahdporno adult video downloader page; emphasize public videos, privacy, HD/MP4 formats, no popups, browser extension CTA, and legal/adult disclaimer.",http://www.tubeninja.net/how-to-download/megahdporno|http://www.tubeninja.net/ar/kayfiyat-tahmil/megahdporno|http://www.tubeninja.net/de/download-anleitung/megahdporno|http://www.tubeninja.net/es/como-descargar/megahdporno|http://www.tubeninja.net/fa/how-to-download/megahdporno|http://www.tubeninja.net/fr/comment-telecharger/megahdporno|http://www.tubeninja.net/id/bagaimana-cara-mengunduh/megahdporno|http://www.tubeninja.net/it/come-scaricare/megahdporno
megaporntuber.com,megaporntuber,missing,,,download-megaporntuber-videos,/download-megaporntuber-videos,Megaporntuber Video Downloader,true,1,38,tubeninja.net,tubeninja.net,"Megaporntuber adult video downloader page; emphasize public videos, privacy, HD/MP4 formats, no popups, browser extension CTA, and legal/adult disclaimer.",http://www.tubeninja.net/how-to-download/megaporntuber|http://www.tubeninja.net/ar/kayfiyat-tahmil/megaporntuber|http://www.tubeninja.net/de/download-anleitung/megaporntuber|http://www.tubeninja.net/es/como-descargar/megaporntuber|http://www.tubeninja.net/fa/how-to-download/megaporntuber|http://www.tubeninja.net/fr/comment-telecharger/megaporntuber|http://www.tubeninja.net/id/bagaimana-cara-mengunduh/megaporntuber|http://www.tubeninja.net/it/come-scaricare/megaporntuber
metart.com,metart,missing,,,download-metart-videos,/download-metart-videos,Metart Video Downloader,true,1,38,tubeninja.net,tubeninja.net,"Metart adult video downloader page; emphasize public videos, privacy, HD/MP4 formats, no popups, browser extension CTA, and legal/adult disclaimer.",http://www.tubeninja.net/how-to-download/metart|http://www.tubeninja.net/ar/kayfiyat-tahmil/metart|http://www.tubeninja.net/de/download-anleitung/metart|http://www.tubeninja.net/es/como-descargar/metart|http://www.tubeninja.net/fa/how-to-download/metart|http://www.tubeninja.net/fr/comment-telecharger/metart|http://www.tubeninja.net/id/bagaimana-cara-mengunduh/metart|http://www.tubeninja.net/it/come-scaricare/metart
milfmovs.com,milfmovs,missing,,,download-milfmovs-videos,/download-milfmovs-videos,Milfmovs Video Downloader,true,1,38,tubeninja.net,tubeninja.net,"Milfmovs adult video downloader page; emphasize public videos, privacy, HD/MP4 formats, no popups, browser extension CTA, and legal/adult disclaimer.",http://www.tubeninja.net/how-to-download/milfmovs|http://www.tubeninja.net/ar/kayfiyat-tahmil/milfmovs|http://www.tubeninja.net/de/download-anleitung/milfmovs|http://www.tubeninja.net/es/como-descargar/milfmovs|http://www.tubeninja.net/fa/how-to-download/milfmovs|http://www.tubeninja.net/fr/comment-telecharger/milfmovs|http://www.tubeninja.net/id/bagaimana-cara-mengunduh/milfmovs|http://www.tubeninja.net/it/come-scaricare/milfmovs
modelsxxxtube.com,modelsxxxtube,missing,,,download-modelsxxxtube-videos,/download-modelsxxxtube-videos,Modelsxxxtube Video Downloader,true,1,38,tubeninja.net,tubeninja.net,"Modelsxxxtube adult video downloader page; emphasize public videos, privacy, HD/MP4 formats, no popups, browser extension CTA, and legal/adult disclaimer.",http://www.tubeninja.net/how-to-download/modelsxxxtube|http://www.tubeninja.net/ar/kayfiyat-tahmil/modelsxxxtube|http://www.tubeninja.net/de/download-anleitung/modelsxxxtube|http://www.tubeninja.net/es/como-descargar/modelsxxxtube|http://www.tubeninja.net/fa/how-to-download/modelsxxxtube|http://www.tubeninja.net/fr/comment-telecharger/modelsxxxtube|http://www.tubeninja.net/id/bagaimana-cara-mengunduh/modelsxxxtube|http://www.tubeninja.net/it/come-scaricare/modelsxxxtube
modporntube.com,modporntube,missing,,,download-modporntube-videos,/download-modporntube-videos,Modporntube Video Downloader,true,1,38,tubeninja.net,tubeninja.net,"Modporntube adult video downloader page; emphasize public videos, privacy, HD/MP4 formats, no popups, browser extension CTA, and legal/adult disclaimer.",http://www.tubeninja.net/how-to-download/modporntube/2|http://www.tubeninja.net/ar/kayfiyat-tahmil/modporntube|http://www.tubeninja.net/de/download-anleitung/modporntube|http://www.tubeninja.net/es/como-descargar/modporntube|http://www.tubeninja.net/fa/how-to-download/modporntube|http://www.tubeninja.net/fr/comment-telecharger/modporntube|http://www.tubeninja.net/id/bagaimana-cara-mengunduh/modporntube|http://www.tubeninja.net/it/come-scaricare/modporntube
momsex.com,momsex,missing,,,download-momsex-videos,/download-momsex-videos,Momsex Video Downloader,true,1,38,tubeninja.net,tubeninja.net,"Momsex adult video downloader page; emphasize public videos, privacy, HD/MP4 formats, no popups, browser extension CTA, and legal/adult disclaimer.",http://www.tubeninja.net/how-to-download/momsex|http://www.tubeninja.net/ar/kayfiyat-tahmil/momsex|http://www.tubeninja.net/de/download-anleitung/momsex|http://www.tubeninja.net/es/como-descargar/momsex|http://www.tubeninja.net/fa/how-to-download/momsex|http://www.tubeninja.net/fr/comment-telecharger/momsex|http://www.tubeninja.net/id/bagaimana-cara-mengunduh/momsex|http://www.tubeninja.net/it/come-scaricare/momsex
momsfightforcock.com,momsfightforcock,missing,,,download-momsfightforcock-videos,/download-momsfightforcock-videos,Momsfightforcock Video Downloader,true,1,38,tubeninja.net,tubeninja.net,"Momsfightforcock adult video downloader page; emphasize public videos, privacy, HD/MP4 formats, no popups, browser extension CTA, and legal/adult disclaimer.",http://www.tubeninja.net/how-to-download/momsfightforcock|http://www.tubeninja.net/ar/kayfiyat-tahmil/momsfightforcock|http://www.tubeninja.net/de/download-anleitung/momsfightforcock|http://www.tubeninja.net/es/como-descargar/momsfightforcock|http://www.tubeninja.net/fa/how-to-download/momsfightforcock|http://www.tubeninja.net/fr/comment-telecharger/momsfightforcock|http://www.tubeninja.net/id/bagaimana-cara-mengunduh/momsfightforcock|http://www.tubeninja.net/it/come-scaricare/momsfightforcock
momsteachsex.com,momsteachsex,missing,,,download-momsteachsex-videos,/download-momsteachsex-videos,Momsteachsex Video Downloader,true,1,38,tubeninja.net,tubeninja.net,"Momsteachsex adult video downloader page; emphasize public videos, privacy, HD/MP4 formats, no popups, browser extension CTA, and legal/adult disclaimer.",http://www.tubeninja.net/how-to-download/momsteachsex|http://www.tubeninja.net/ar/kayfiyat-tahmil/momsteachsex|http://www.tubeninja.net/de/download-anleitung/momsteachsex|http://www.tubeninja.net/es/como-descargar/momsteachsex|http://www.tubeninja.net/fa/how-to-download/momsteachsex|http://www.tubeninja.net/fr/comment-telecharger/momsteachsex|http://www.tubeninja.net/id/bagaimana-cara-mengunduh/momsteachsex|http://www.tubeninja.net/it/come-scaricare/momsteachsex
monpornofrancais.com,monpornofrancais,missing,,,download-monpornofrancais-videos,/download-monpornofrancais-videos,Monpornofrancais Video Downloader,true,1,38,tubeninja.net,tubeninja.net,"Monpornofrancais adult video downloader page; emphasize public videos, privacy, HD/MP4 formats, no popups, browser extension CTA, and legal/adult disclaimer.",http://www.tubeninja.net/how-to-download/monpornofrancais|http://www.tubeninja.net/ar/kayfiyat-tahmil/monpornofrancais|http://www.tubeninja.net/de/download-anleitung/monpornofrancais|http://www.tubeninja.net/es/como-descargar/monpornofrancais|http://www.tubeninja.net/fa/how-to-download/monpornofrancais|http://www.tubeninja.net/fr/comment-telecharger/monpornofrancais|http://www.tubeninja.net/id/bagaimana-cara-mengunduh/monpornofrancais|http://www.tubeninja.net/it/come-scaricare/monpornofrancais
multporn.com,multporn,missing,,,download-multporn-videos,/download-multporn-videos,Multporn Video Downloader,true,1,38,tubeninja.net,tubeninja.net,"Multporn adult video downloader page; emphasize public videos, privacy, HD/MP4 formats, no popups, browser extension CTA, and legal/adult disclaimer.",http://www.tubeninja.net/how-to-download/multporn|http://www.tubeninja.net/ar/kayfiyat-tahmil/multporn|http://www.tubeninja.net/de/download-anleitung/multporn|http://www.tubeninja.net/es/como-descargar/multporn|http://www.tubeninja.net/fa/how-to-download/multporn|http://www.tubeninja.net/fr/comment-telecharger/multporn|http://www.tubeninja.net/id/bagaimana-cara-mengunduh/multporn|http://www.tubeninja.net/it/come-scaricare/multporn
mybeegsex.com,mybeegsex,missing,,,download-mybeegsex-videos,/download-mybeegsex-videos,Mybeegsex Video Downloader,true,1,38,tubeninja.net,tubeninja.net,"Mybeegsex adult video downloader page; emphasize public videos, privacy, HD/MP4 formats, no popups, browser extension CTA, and legal/adult disclaimer.",http://www.tubeninja.net/how-to-download/mybeegsex|http://www.tubeninja.net/ar/kayfiyat-tahmil/mybeegsex|http://www.tubeninja.net/de/download-anleitung/mybeegsex|http://www.tubeninja.net/es/como-descargar/mybeegsex|http://www.tubeninja.net/fa/how-to-download/mybeegsex|http://www.tubeninja.net/fr/comment-telecharger/mybeegsex|http://www.tubeninja.net/id/bagaimana-cara-mengunduh/mybeegsex|http://www.tubeninja.net/it/come-scaricare/mybeegsex
myindianporn.com,myindianporn,missing,,,download-myindianporn-videos,/download-myindianporn-videos,Myindianporn Video Downloader,true,1,38,tubeninja.net,tubeninja.net,"Myindianporn adult video downloader page; emphasize public videos, privacy, HD/MP4 formats, no popups, browser extension CTA, and legal/adult disclaimer.",http://www.tubeninja.net/how-to-download/myindianporn|http://www.tubeninja.net/ar/kayfiyat-tahmil/myindianporn|http://www.tubeninja.net/de/download-anleitung/myindianporn|http://www.tubeninja.net/es/como-descargar/myindianporn|http://www.tubeninja.net/fa/how-to-download/myindianporn|http://www.tubeninja.net/fr/comment-telecharger/myindianporn|http://www.tubeninja.net/id/bagaimana-cara-mengunduh/myindianporn|http://www.tubeninja.net/it/come-scaricare/myindianporn
mzansixxx.com,mzansixxx,missing,,,download-mzansixxx-videos,/download-mzansixxx-videos,Mzansixxx Video Downloader,true,1,38,tubeninja.net,tubeninja.net,"Mzansixxx adult video downloader page; emphasize public videos, privacy, HD/MP4 formats, no popups, browser extension CTA, and legal/adult disclaimer.",http://www.tubeninja.net/how-to-download/mzansixxx|http://www.tubeninja.net/ar/kayfiyat-tahmil/mzansixxx|http://www.tubeninja.net/de/download-anleitung/mzansixxx|http://www.tubeninja.net/es/como-descargar/mzansixxx|http://www.tubeninja.net/fa/how-to-download/mzansixxx|http://www.tubeninja.net/fr/comment-telecharger/mzansixxx|http://www.tubeninja.net/id/bagaimana-cara-mengunduh/mzansixxx|http://www.tubeninja.net/it/come-scaricare/mzansixxx
namethatporn.com,namethatporn,missing,,,download-namethatporn-videos,/download-namethatporn-videos,Namethatporn Video Downloader,true,1,38,tubeninja.net,tubeninja.net,"Namethatporn adult video downloader page; emphasize public videos, privacy, HD/MP4 formats, no popups, browser extension CTA, and legal/adult disclaimer.",http://www.tubeninja.net/how-to-download/namethatporn|http://www.tubeninja.net/ar/kayfiyat-tahmil/namethatporn|http://www.tubeninja.net/de/download-anleitung/namethatporn|http://www.tubeninja.net/es/como-descargar/namethatporn|http://www.tubeninja.net/fa/how-to-download/namethatporn|http://www.tubeninja.net/fr/comment-telecharger/namethatporn|http://www.tubeninja.net/id/bagaimana-cara-mengunduh/namethatporn|http://www.tubeninja.net/it/come-scaricare/namethatporn
nineteenporn.com,nineteenporn,missing,,,download-nineteenporn-videos,/download-nineteenporn-videos,Nineteenporn Video Downloader,true,1,38,tubeninja.net,tubeninja.net,"Nineteenporn adult video downloader page; emphasize public videos, privacy, HD/MP4 formats, no popups, browser extension CTA, and legal/adult disclaimer.",http://www.tubeninja.net/how-to-download/nineteenporn|http://www.tubeninja.net/ar/kayfiyat-tahmil/nineteenporn|http://www.tubeninja.net/de/download-anleitung/nineteenporn|http://www.tubeninja.net/es/como-descargar/nineteenporn|http://www.tubeninja.net/fa/how-to-download/nineteenporn|http://www.tubeninja.net/fr/comment-telecharger/nineteenporn|http://www.tubeninja.net/id/bagaimana-cara-mengunduh/nineteenporn|http://www.tubeninja.net/it/come-scaricare/nineteenporn
nude-gals.com,nude-gals,missing,,,download-nude-gals-videos,/download-nude-gals-videos,Nude Gals Video Downloader,true,1,38,tubeninja.net,tubeninja.net,"Nude Gals adult video downloader page; emphasize public videos, privacy, HD/MP4 formats, no popups, browser extension CTA, and legal/adult disclaimer.",http://www.tubeninja.net/how-to-download/nude-gals|http://www.tubeninja.net/ar/kayfiyat-tahmil/nude-gals|http://www.tubeninja.net/de/download-anleitung/nude-gals|http://www.tubeninja.net/es/como-descargar/nude-gals|http://www.tubeninja.net/fa/how-to-download/nude-gals|http://www.tubeninja.net/fr/comment-telecharger/nude-gals|http://www.tubeninja.net/id/bagaimana-cara-mengunduh/nude-gals|http://www.tubeninja.net/it/come-scaricare/nude-gals
nude-muse.com,nude-muse,missing,,,download-nude-muse-videos,/download-nude-muse-videos,Nude Muse Video Downloader,true,1,38,tubeninja.net,tubeninja.net,"Nude Muse adult video downloader page; emphasize public videos, privacy, HD/MP4 formats, no popups, browser extension CTA, and legal/adult disclaimer.",http://www.tubeninja.net/how-to-download/nude-muse|http://www.tubeninja.net/ar/kayfiyat-tahmil/nude-muse|http://www.tubeninja.net/de/download-anleitung/nude-muse|http://www.tubeninja.net/es/como-descargar/nude-muse|http://www.tubeninja.net/fa/how-to-download/nude-muse|http://www.tubeninja.net/fr/comment-telecharger/nude-muse|http://www.tubeninja.net/id/bagaimana-cara-mengunduh/nude-muse|http://www.tubeninja.net/it/come-scaricare/nude-muse
nudebeachpussy.com,nudebeachpussy,missing,,,download-nudebeachpussy-videos,/download-nudebeachpussy-videos,Nudebeachpussy Video Downloader,true,1,38,tubeninja.net,tubeninja.net,"Nudebeachpussy adult video downloader page; emphasize public videos, privacy, HD/MP4 formats, no popups, browser extension CTA, and legal/adult disclaimer.",http://www.tubeninja.net/how-to-download/nudebeachpussy|http://www.tubeninja.net/ar/kayfiyat-tahmil/nudebeachpussy|http://www.tubeninja.net/de/download-anleitung/nudebeachpussy|http://www.tubeninja.net/es/como-descargar/nudebeachpussy|http://www.tubeninja.net/fa/how-to-download/nudebeachpussy|http://www.tubeninja.net/fr/comment-telecharger/nudebeachpussy|http://www.tubeninja.net/id/bagaimana-cara-mengunduh/nudebeachpussy|http://www.tubeninja.net/it/come-scaricare/nudebeachpussy
nudeflix.com,nudeflix,missing,,,download-nudeflix-videos,/download-nudeflix-videos,Nudeflix Video Downloader,true,1,38,tubeninja.net,tubeninja.net,"Nudeflix adult video downloader page; emphasize public videos, privacy, HD/MP4 formats, no popups, browser extension CTA, and legal/adult disclaimer.",http://www.tubeninja.net/how-to-download/nudeflix|http://www.tubeninja.net/ar/kayfiyat-tahmil/nudeflix|http://www.tubeninja.net/de/download-anleitung/nudeflix|http://www.tubeninja.net/es/como-descargar/nudeflix|http://www.tubeninja.net/fa/how-to-download/nudeflix|http://www.tubeninja.net/fr/comment-telecharger/nudeflix|http://www.tubeninja.net/id/bagaimana-cara-mengunduh/nudeflix|http://www.tubeninja.net/it/come-scaricare/nudeflix
nudez.com,nudez,missing,,,download-nudez-videos,/download-nudez-videos,Nudez Video Downloader,true,1,38,tubeninja.net,tubeninja.net,"Nudez adult video downloader page; emphasize public videos, privacy, HD/MP4 formats, no popups, browser extension CTA, and legal/adult disclaimer.",http://www.tubeninja.net/how-to-download/nudez|http://www.tubeninja.net/ar/kayfiyat-tahmil/nudez|http://www.tubeninja.net/de/download-anleitung/nudez|http://www.tubeninja.net/es/como-descargar/nudez|http://www.tubeninja.net/fa/how-to-download/nudez|http://www.tubeninja.net/fr/comment-telecharger/nudez|http://www.tubeninja.net/id/bagaimana-cara-mengunduh/nudez|http://www.tubeninja.net/it/come-scaricare/nudez
nurxxx.com,nurxxx,missing,,,download-nurxxx-videos,/download-nurxxx-videos,Nurxxx Video Downloader,true,1,38,tubeninja.net,tubeninja.net,"Nurxxx adult video downloader page; emphasize public videos, privacy, HD/MP4 formats, no popups, browser extension CTA, and legal/adult disclaimer.",http://www.tubeninja.net/how-to-download/nurxxx|http://www.tubeninja.net/ar/kayfiyat-tahmil/nurxxx|http://www.tubeninja.net/de/download-anleitung/nurxxx|http://www.tubeninja.net/es/como-descargar/nurxxx|http://www.tubeninja.net/fa/how-to-download/nurxxx|http://www.tubeninja.net/fr/comment-telecharger/nurxxx|http://www.tubeninja.net/id/bagaimana-cara-mengunduh/nurxxx|http://www.tubeninja.net/it/come-scaricare/nurxxx
ohpornovideo.com,ohpornovideo,missing,,,download-ohpornovideo-videos,/download-ohpornovideo-videos,Ohpornovideo Video Downloader,true,1,38,tubeninja.net,tubeninja.net,"Ohpornovideo adult video downloader page; emphasize public videos, privacy, HD/MP4 formats, no popups, browser extension CTA, and legal/adult disclaimer.",http://www.tubeninja.net/how-to-download/ohpornovideo|http://www.tubeninja.net/ar/kayfiyat-tahmil/ohpornovideo|http://www.tubeninja.net/de/download-anleitung/ohpornovideo|http://www.tubeninja.net/es/como-descargar/ohpornovideo|http://www.tubeninja.net/fa/how-to-download/ohpornovideo|http://www.tubeninja.net/fr/comment-telecharger/ohpornovideo|http://www.tubeninja.net/id/bagaimana-cara-mengunduh/ohpornovideo|http://www.tubeninja.net/it/come-scaricare/ohpornovideo
ohsexfilm.com,ohsexfilm,missing,,,download-ohsexfilm-videos,/download-ohsexfilm-videos,Ohsexfilm Video Downloader,true,1,38,tubeninja.net,tubeninja.net,"Ohsexfilm adult video downloader page; emphasize public videos, privacy, HD/MP4 formats, no popups, browser extension CTA, and legal/adult disclaimer.",http://www.tubeninja.net/how-to-download/ohsexfilm|http://www.tubeninja.net/ar/kayfiyat-tahmil/ohsexfilm|http://www.tubeninja.net/de/download-anleitung/ohsexfilm|http://www.tubeninja.net/es/como-descargar/ohsexfilm|http://www.tubeninja.net/fa/how-to-download/ohsexfilm|http://www.tubeninja.net/fr/comment-telecharger/ohsexfilm|http://www.tubeninja.net/id/bagaimana-cara-mengunduh/ohsexfilm|http://www.tubeninja.net/it/come-scaricare/ohsexfilm
ohsexotube.com,ohsexotube,missing,,,download-ohsexotube-videos,/download-ohsexotube-videos,Ohsexotube Video Downloader,true,1,38,tubeninja.net,tubeninja.net,"Ohsexotube adult video downloader page; emphasize public videos, privacy, HD/MP4 formats, no popups, browser extension CTA, and legal/adult disclaimer.",http://www.tubeninja.net/how-to-download/ohsexotube|http://www.tubeninja.net/ar/kayfiyat-tahmil/ohsexotube|http://www.tubeninja.net/de/download-anleitung/ohsexotube|http://www.tubeninja.net/es/como-descargar/ohsexotube|http://www.tubeninja.net/fa/how-to-download/ohsexotube|http://www.tubeninja.net/fr/comment-telecharger/ohsexotube|http://www.tubeninja.net/id/bagaimana-cara-mengunduh/ohsexotube|http://www.tubeninja.net/it/come-scaricare/ohsexotube
ok-sex.com,ok-sex,missing,,,download-ok-sex-videos,/download-ok-sex-videos,Ok Sex Video Downloader,true,1,38,tubeninja.net,tubeninja.net,"Ok Sex adult video downloader page; emphasize public videos, privacy, HD/MP4 formats, no popups, browser extension CTA, and legal/adult disclaimer.",http://www.tubeninja.net/how-to-download/ok-sex|http://www.tubeninja.net/ar/kayfiyat-tahmil/ok-sex|http://www.tubeninja.net/de/download-anleitung/ok-sex|http://www.tubeninja.net/es/como-descargar/ok-sex|http://www.tubeninja.net/fa/how-to-download/ok-sex|http://www.tubeninja.net/fr/comment-telecharger/ok-sex|http://www.tubeninja.net/id/bagaimana-cara-mengunduh/ok-sex|http://www.tubeninja.net/it/come-scaricare/ok-sex
ooo-sex.com,ooo-sex,missing,,,download-ooo-sex-videos,/download-ooo-sex-videos,Ooo Sex Video Downloader,true,1,38,tubeninja.net,tubeninja.net,"Ooo Sex adult video downloader page; emphasize public videos, privacy, HD/MP4 formats, no popups, browser extension CTA, and legal/adult disclaimer.",http://www.tubeninja.net/how-to-download/ooo-sex|http://www.tubeninja.net/ar/kayfiyat-tahmil/ooo-sex|http://www.tubeninja.net/de/download-anleitung/ooo-sex|http://www.tubeninja.net/es/como-descargar/ooo-sex|http://www.tubeninja.net/fa/how-to-download/ooo-sex|http://www.tubeninja.net/fr/comment-telecharger/ooo-sex|http://www.tubeninja.net/id/bagaimana-cara-mengunduh/ooo-sex|http://www.tubeninja.net/it/come-scaricare/ooo-sex
ooporn.com,ooporn,missing,,,download-ooporn-videos,/download-ooporn-videos,Ooporn Video Downloader,true,1,38,tubeninja.net,tubeninja.net,"Ooporn adult video downloader page; emphasize public videos, privacy, HD/MP4 formats, no popups, browser extension CTA, and legal/adult disclaimer.",http://www.tubeninja.net/how-to-download/ooporn|http://www.tubeninja.net/ar/kayfiyat-tahmil/ooporn|http://www.tubeninja.net/de/download-anleitung/ooporn|http://www.tubeninja.net/es/como-descargar/ooporn|http://www.tubeninja.net/fa/how-to-download/ooporn|http://www.tubeninja.net/fr/comment-telecharger/ooporn|http://www.tubeninja.net/id/bagaimana-cara-mengunduh/ooporn|http://www.tubeninja.net/it/come-scaricare/ooporn
orgyxxxhub.com,orgyxxxhub,missing,,,download-orgyxxxhub-videos,/download-orgyxxxhub-videos,Orgyxxxhub Video Downloader,true,1,38,tubeninja.net,tubeninja.net,"Orgyxxxhub adult video downloader page; emphasize public videos, privacy, HD/MP4 formats, no popups, browser extension CTA, and legal/adult disclaimer.",http://www.tubeninja.net/how-to-download/orgyxxxhub|http://www.tubeninja.net/ar/kayfiyat-tahmil/orgyxxxhub|http://www.tubeninja.net/de/download-anleitung/orgyxxxhub|http://www.tubeninja.net/es/como-descargar/orgyxxxhub|http://www.tubeninja.net/fa/how-to-download/orgyxxxhub|http://www.tubeninja.net/fr/comment-telecharger/orgyxxxhub|http://www.tubeninja.net/id/bagaimana-cara-mengunduh/orgyxxxhub|http://www.tubeninja.net/it/come-scaricare/orgyxxxhub
paristubeporn.com,paristubeporn,missing,,,download-paristubeporn-videos,/download-paristubeporn-videos,Paristubeporn Video Downloader,true,1,38,tubeninja.net,tubeninja.net,"Paristubeporn adult video downloader page; emphasize public videos, privacy, HD/MP4 formats, no popups, browser extension CTA, and legal/adult disclaimer.",http://www.tubeninja.net/how-to-download/paristubeporn|http://www.tubeninja.net/ar/kayfiyat-tahmil/paristubeporn|http://www.tubeninja.net/de/download-anleitung/paristubeporn|http://www.tubeninja.net/es/como-descargar/paristubeporn|http://www.tubeninja.net/fa/how-to-download/paristubeporn|http://www.tubeninja.net/fr/comment-telecharger/paristubeporn|http://www.tubeninja.net/id/bagaimana-cara-mengunduh/paristubeporn|http://www.tubeninja.net/it/come-scaricare/paristubeporn
parodyxxx.com,parodyxxx,missing,,,download-parodyxxx-videos,/download-parodyxxx-videos,Parodyxxx Video Downloader,true,1,38,tubeninja.net,tubeninja.net,"Parodyxxx adult video downloader page; emphasize public videos, privacy, HD/MP4 formats, no popups, browser extension CTA, and legal/adult disclaimer.",http://www.tubeninja.net/how-to-download/parodyxxx|http://www.tubeninja.net/ar/kayfiyat-tahmil/parodyxxx|http://www.tubeninja.net/de/download-anleitung/parodyxxx|http://www.tubeninja.net/es/como-descargar/parodyxxx|http://www.tubeninja.net/fa/how-to-download/parodyxxx|http://www.tubeninja.net/fr/comment-telecharger/parodyxxx|http://www.tubeninja.net/id/bagaimana-cara-mengunduh/parodyxxx|http://www.tubeninja.net/it/come-scaricare/parodyxxx
petitehdporn.com,petitehdporn,missing,,,download-petitehdporn-videos,/download-petitehdporn-videos,Petitehdporn Video Downloader,true,1,38,tubeninja.net,tubeninja.net,"Petitehdporn adult video downloader page; emphasize public videos, privacy, HD/MP4 formats, no popups, browser extension CTA, and legal/adult disclaimer.",http://www.tubeninja.net/how-to-download/petitehdporn|http://www.tubeninja.net/ar/kayfiyat-tahmil/petitehdporn|http://www.tubeninja.net/de/download-anleitung/petitehdporn|http://www.tubeninja.net/es/como-descargar/petitehdporn|http://www.tubeninja.net/fa/how-to-download/petitehdporn|http://www.tubeninja.net/fr/comment-telecharger/petitehdporn|http://www.tubeninja.net/id/bagaimana-cara-mengunduh/petitehdporn|http://www.tubeninja.net/it/come-scaricare/petitehdporn
phimsexnhanh.com,phimsexnhanh,missing,,,download-phimsexnhanh-videos,/download-phimsexnhanh-videos,Phimsexnhanh Video Downloader,true,1,38,tubeninja.net,tubeninja.net,"Phimsexnhanh adult video downloader page; emphasize public videos, privacy, HD/MP4 formats, no popups, browser extension CTA, and legal/adult disclaimer.",http://www.tubeninja.net/how-to-download/phimsexnhanh|http://www.tubeninja.net/ar/kayfiyat-tahmil/phimsexnhanh|http://www.tubeninja.net/de/download-anleitung/phimsexnhanh|http://www.tubeninja.net/es/como-descargar/phimsexnhanh|http://www.tubeninja.net/fa/how-to-download/phimsexnhanh|http://www.tubeninja.net/fr/comment-telecharger/phimsexnhanh|http://www.tubeninja.net/id/bagaimana-cara-mengunduh/phimsexnhanh|http://www.tubeninja.net/it/come-scaricare/phimsexnhanh
polarpornhd.com,polarpornhd,missing,,,download-polarpornhd-videos,/download-polarpornhd-videos,Polarpornhd Video Downloader,true,1,38,tubeninja.net,tubeninja.net,"Polarpornhd adult video downloader page; emphasize public videos, privacy, HD/MP4 formats, no popups, browser extension CTA, and legal/adult disclaimer.",http://www.tubeninja.net/how-to-download/polarpornhd|http://www.tubeninja.net/ar/kayfiyat-tahmil/polarpornhd|http://www.tubeninja.net/de/download-anleitung/polarpornhd|http://www.tubeninja.net/es/como-descargar/polarpornhd|http://www.tubeninja.net/fa/how-to-download/polarpornhd|http://www.tubeninja.net/fr/comment-telecharger/polarpornhd|http://www.tubeninja.net/id/bagaimana-cara-mengunduh/polarpornhd|http://www.tubeninja.net/it/come-scaricare/polarpornhd
porn0sex.com,porn0sex,missing,,,download-porn0sex-videos,/download-porn0sex-videos,Porn0sex Video Downloader,true,1,38,tubeninja.net,tubeninja.net,"Porn0sex adult video downloader page; emphasize public videos, privacy, HD/MP4 formats, no popups, browser extension CTA, and legal/adult disclaimer.",http://www.tubeninja.net/how-to-download/porn0sex|http://www.tubeninja.net/ar/kayfiyat-tahmil/porn0sex|http://www.tubeninja.net/de/download-anleitung/porn0sex|http://www.tubeninja.net/es/como-descargar/porn0sex|http://www.tubeninja.net/fa/how-to-download/porn0sex|http://www.tubeninja.net/fr/comment-telecharger/porn0sex|http://www.tubeninja.net/id/bagaimana-cara-mengunduh/porn0sex|http://www.tubeninja.net/it/come-scaricare/porn0sex
porn18sex.com,porn18sex,missing,,,download-porn18sex-videos,/download-porn18sex-videos,Porn18sex Video Downloader,true,1,38,tubeninja.net,tubeninja.net,"Porn18sex adult video downloader page; emphasize public videos, privacy, HD/MP4 formats, no popups, browser extension CTA, and legal/adult disclaimer.",http://www.tubeninja.net/how-to-download/porn18sex|http://www.tubeninja.net/ar/kayfiyat-tahmil/porn18sex|http://www.tubeninja.net/de/download-anleitung/porn18sex|http://www.tubeninja.net/es/como-descargar/porn18sex|http://www.tubeninja.net/fa/how-to-download/porn18sex|http://www.tubeninja.net/fr/comment-telecharger/porn18sex|http://www.tubeninja.net/id/bagaimana-cara-mengunduh/porn18sex|http://www.tubeninja.net/it/come-scaricare/porn18sex
porn2018.com,porn2018,missing,,,download-porn2018-videos,/download-porn2018-videos,Porn2018 Video Downloader,true,1,38,tubeninja.net,tubeninja.net,"Porn2018 adult video downloader page; emphasize public videos, privacy, HD/MP4 formats, no popups, browser extension CTA, and legal/adult disclaimer.",http://www.tubeninja.net/how-to-download/porn2018|http://www.tubeninja.net/ar/kayfiyat-tahmil/porn2018|http://www.tubeninja.net/de/download-anleitung/porn2018|http://www.tubeninja.net/es/como-descargar/porn2018|http://www.tubeninja.net/fa/how-to-download/porn2018|http://www.tubeninja.net/fr/comment-telecharger/porn2018|http://www.tubeninja.net/id/bagaimana-cara-mengunduh/porn2018|http://www.tubeninja.net/it/come-scaricare/porn2018
pornalized.com,pornalized,missing,,,download-pornalized-videos,/download-pornalized-videos,Pornalized Video Downloader,true,1,38,tubeninja.net,tubeninja.net,"Pornalized adult video downloader page; emphasize public videos, privacy, HD/MP4 formats, no popups, browser extension CTA, and legal/adult disclaimer.",http://www.tubeninja.net/how-to-download/pornalized|http://www.tubeninja.net/ar/kayfiyat-tahmil/pornalized|http://www.tubeninja.net/de/download-anleitung/pornalized|http://www.tubeninja.net/es/como-descargar/pornalized|http://www.tubeninja.net/fa/how-to-download/pornalized|http://www.tubeninja.net/fr/comment-telecharger/pornalized|http://www.tubeninja.net/id/bagaimana-cara-mengunduh/pornalized|http://www.tubeninja.net/it/come-scaricare/pornalized
pornblade.com,pornblade,missing,,,download-pornblade-videos,/download-pornblade-videos,Pornblade Video Downloader,true,1,38,tubeninja.net,tubeninja.net,"Pornblade adult video downloader page; emphasize public videos, privacy, HD/MP4 formats, no popups, browser extension CTA, and legal/adult disclaimer.",http://www.tubeninja.net/how-to-download/pornblade|http://www.tubeninja.net/ar/kayfiyat-tahmil/pornblade|http://www.tubeninja.net/de/download-anleitung/pornblade|http://www.tubeninja.net/es/como-descargar/pornblade|http://www.tubeninja.net/fa/how-to-download/pornblade|http://www.tubeninja.net/fr/comment-telecharger/pornblade|http://www.tubeninja.net/id/bagaimana-cara-mengunduh/pornblade|http://www.tubeninja.net/it/come-scaricare/pornblade
pornbozz.com,pornbozz,missing,,,download-pornbozz-videos,/download-pornbozz-videos,Pornbozz Video Downloader,true,1,38,tubeninja.net,tubeninja.net,"Pornbozz adult video downloader page; emphasize public videos, privacy, HD/MP4 formats, no popups, browser extension CTA, and legal/adult disclaimer.",http://www.tubeninja.net/how-to-download/pornbozz|http://www.tubeninja.net/ar/kayfiyat-tahmil/pornbozz|http://www.tubeninja.net/de/download-anleitung/pornbozz|http://www.tubeninja.net/es/como-descargar/pornbozz|http://www.tubeninja.net/fa/how-to-download/pornbozz|http://www.tubeninja.net/fr/comment-telecharger/pornbozz|http://www.tubeninja.net/id/bagaimana-cara-mengunduh/pornbozz|http://www.tubeninja.net/it/come-scaricare/pornbozz
pornbridge.com,pornbridge,missing,,,download-pornbridge-videos,/download-pornbridge-videos,Pornbridge Video Downloader,true,1,38,tubeninja.net,tubeninja.net,"Pornbridge adult video downloader page; emphasize public videos, privacy, HD/MP4 formats, no popups, browser extension CTA, and legal/adult disclaimer.",http://www.tubeninja.net/how-to-download/pornbridge|http://www.tubeninja.net/ar/kayfiyat-tahmil/pornbridge|http://www.tubeninja.net/de/download-anleitung/pornbridge|http://www.tubeninja.net/es/como-descargar/pornbridge|http://www.tubeninja.net/fa/how-to-download/pornbridge|http://www.tubeninja.net/fr/comment-telecharger/pornbridge|http://www.tubeninja.net/id/bagaimana-cara-mengunduh/pornbridge|http://www.tubeninja.net/it/come-scaricare/pornbridge
porncache.com,porncache,missing,,,download-porncache-videos,/download-porncache-videos,Porncache Video Downloader,true,1,38,tubeninja.net,tubeninja.net,"Porncache adult video downloader page; emphasize public videos, privacy, HD/MP4 formats, no popups, browser extension CTA, and legal/adult disclaimer.",http://www.tubeninja.net/how-to-download/porncache|http://www.tubeninja.net/ar/kayfiyat-tahmil/porncache|http://www.tubeninja.net/de/download-anleitung/porncache|http://www.tubeninja.net/es/como-descargar/porncache|http://www.tubeninja.net/fa/how-to-download/porncache|http://www.tubeninja.net/fr/comment-telecharger/porncache|http://www.tubeninja.net/id/bagaimana-cara-mengunduh/porncache|http://www.tubeninja.net/it/come-scaricare/porncache
porndex.com,porndex,missing,,,download-porndex-videos,/download-porndex-videos,Porndex Video Downloader,true,1,38,tubeninja.net,tubeninja.net,"Porndex adult video downloader page; emphasize public videos, privacy, HD/MP4 formats, no popups, browser extension CTA, and legal/adult disclaimer.",http://www.tubeninja.net/how-to-download/porndex|http://www.tubeninja.net/ar/kayfiyat-tahmil/porndex|http://www.tubeninja.net/de/download-anleitung/porndex|http://www.tubeninja.net/es/como-descargar/porndex|http://www.tubeninja.net/fa/how-to-download/porndex|http://www.tubeninja.net/fr/comment-telecharger/porndex|http://www.tubeninja.net/id/bagaimana-cara-mengunduh/porndex|http://www.tubeninja.net/it/come-scaricare/porndex
porndoepremium.com,porndoepremium,missing,,,download-porndoepremium-videos,/download-porndoepremium-videos,Porndoepremium Video Downloader,true,1,38,tubeninja.net,tubeninja.net,"Porndoepremium adult video downloader page; emphasize public videos, privacy, HD/MP4 formats, no popups, browser extension CTA, and legal/adult disclaimer.",http://www.tubeninja.net/how-to-download/porndoepremium|http://www.tubeninja.net/ar/kayfiyat-tahmil/porndoepremium|http://www.tubeninja.net/de/download-anleitung/porndoepremium|http://www.tubeninja.net/es/como-descargar/porndoepremium|http://www.tubeninja.net/fa/how-to-download/porndoepremium|http://www.tubeninja.net/fr/comment-telecharger/porndoepremium|http://www.tubeninja.net/id/bagaimana-cara-mengunduh/porndoepremium|http://www.tubeninja.net/it/come-scaricare/porndoepremium
porndoo.com,porndoo,missing,,,download-porndoo-videos,/download-porndoo-videos,Porndoo Video Downloader,true,1,38,tubeninja.net,tubeninja.net,"Porndoo adult video downloader page; emphasize public videos, privacy, HD/MP4 formats, no popups, browser extension CTA, and legal/adult disclaimer.",http://www.tubeninja.net/how-to-download/porndoo|http://www.tubeninja.net/ar/kayfiyat-tahmil/porndoo|http://www.tubeninja.net/de/download-anleitung/porndoo|http://www.tubeninja.net/es/como-descargar/porndoo|http://www.tubeninja.net/fa/how-to-download/porndoo|http://www.tubeninja.net/fr/comment-telecharger/porndoo|http://www.tubeninja.net/id/bagaimana-cara-mengunduh/porndoo|http://www.tubeninja.net/it/come-scaricare/porndoo
porndrake.com,porndrake,missing,,,download-porndrake-videos,/download-porndrake-videos,Porndrake Video Downloader,true,1,38,tubeninja.net,tubeninja.net,"Porndrake adult video downloader page; emphasize public videos, privacy, HD/MP4 formats, no popups, browser extension CTA, and legal/adult disclaimer.",http://www.tubeninja.net/how-to-download/porndrake|http://www.tubeninja.net/ar/kayfiyat-tahmil/porndrake|http://www.tubeninja.net/de/download-anleitung/porndrake|http://www.tubeninja.net/es/como-descargar/porndrake|http://www.tubeninja.net/fa/how-to-download/porndrake|http://www.tubeninja.net/fr/comment-telecharger/porndrake|http://www.tubeninja.net/id/bagaimana-cara-mengunduh/porndrake|http://www.tubeninja.net/it/come-scaricare/porndrake
porndreamer.com,porndreamer,missing,,,download-porndreamer-videos,/download-porndreamer-videos,Porndreamer Video Downloader,true,1,38,tubeninja.net,tubeninja.net,"Porndreamer adult video downloader page; emphasize public videos, privacy, HD/MP4 formats, no popups, browser extension CTA, and legal/adult disclaimer.",http://www.tubeninja.net/how-to-download/porndreamer|http://www.tubeninja.net/ar/kayfiyat-tahmil/porndreamer|http://www.tubeninja.net/de/download-anleitung/porndreamer|http://www.tubeninja.net/es/como-descargar/porndreamer|http://www.tubeninja.net/fa/how-to-download/porndreamer|http://www.tubeninja.net/fr/comment-telecharger/porndreamer|http://www.tubeninja.net/id/bagaimana-cara-mengunduh/porndreamer|http://www.tubeninja.net/it/come-scaricare/porndreamer
pornego.com,pornego,missing,,,download-pornego-videos,/download-pornego-videos,Pornego Video Downloader,true,1,38,tubeninja.net,tubeninja.net,"Pornego adult video downloader page; emphasize public videos, privacy, HD/MP4 formats, no popups, browser extension CTA, and legal/adult disclaimer.",http://www.tubeninja.net/how-to-download/pornego|http://www.tubeninja.net/ar/kayfiyat-tahmil/pornego|http://www.tubeninja.net/de/download-anleitung/pornego|http://www.tubeninja.net/es/como-descargar/pornego|http://www.tubeninja.net/fa/how-to-download/pornego|http://www.tubeninja.net/fr/comment-telecharger/pornego|http://www.tubeninja.net/id/bagaimana-cara-mengunduh/pornego|http://www.tubeninja.net/it/come-scaricare/pornego
pornexpanse.com,pornexpanse,missing,,,download-pornexpanse-videos,/download-pornexpanse-videos,Pornexpanse Video Downloader,true,1,38,tubeninja.net,tubeninja.net,"Pornexpanse adult video downloader page; emphasize public videos, privacy, HD/MP4 formats, no popups, browser extension CTA, and legal/adult disclaimer.",http://www.tubeninja.net/how-to-download/pornexpanse|http://www.tubeninja.net/ar/kayfiyat-tahmil/pornexpanse|http://www.tubeninja.net/de/download-anleitung/pornexpanse|http://www.tubeninja.net/es/como-descargar/pornexpanse|http://www.tubeninja.net/fa/how-to-download/pornexpanse|http://www.tubeninja.net/fr/comment-telecharger/pornexpanse|http://www.tubeninja.net/id/bagaimana-cara-mengunduh/pornexpanse|http://www.tubeninja.net/it/come-scaricare/pornexpanse
pornfay.com,pornfay,missing,,,download-pornfay-videos,/download-pornfay-videos,Pornfay Video Downloader,true,1,38,tubeninja.net,tubeninja.net,"Pornfay adult video downloader page; emphasize public videos, privacy, HD/MP4 formats, no popups, browser extension CTA, and legal/adult disclaimer.",http://www.tubeninja.net/how-to-download/pornfay|http://www.tubeninja.net/ar/kayfiyat-tahmil/pornfay|http://www.tubeninja.net/de/download-anleitung/pornfay|http://www.tubeninja.net/es/como-descargar/pornfay|http://www.tubeninja.net/fa/how-to-download/pornfay|http://www.tubeninja.net/fr/comment-telecharger/pornfay|http://www.tubeninja.net/id/bagaimana-cara-mengunduh/pornfay|http://www.tubeninja.net/it/come-scaricare/pornfay
porngirlserotica.com,porngirlserotica,missing,,,download-porngirlserotica-videos,/download-porngirlserotica-videos,Porngirlserotica Video Downloader,true,1,38,tubeninja.net,tubeninja.net,"Porngirlserotica adult video downloader page; emphasize public videos, privacy, HD/MP4 formats, no popups, browser extension CTA, and legal/adult disclaimer.",http://www.tubeninja.net/how-to-download/porngirlserotica|http://www.tubeninja.net/ar/kayfiyat-tahmil/porngirlserotica|http://www.tubeninja.net/de/download-anleitung/porngirlserotica|http://www.tubeninja.net/es/como-descargar/porngirlserotica|http://www.tubeninja.net/fa/how-to-download/porngirlserotica|http://www.tubeninja.net/fr/comment-telecharger/porngirlserotica|http://www.tubeninja.net/id/bagaimana-cara-mengunduh/porngirlserotica|http://www.tubeninja.net/it/come-scaricare/porngirlserotica
porngstube.com,porngstube,missing,,,download-porngstube-videos,/download-porngstube-videos,Porngstube Video Downloader,true,1,38,tubeninja.net,tubeninja.net,"Porngstube adult video downloader page; emphasize public videos, privacy, HD/MP4 formats, no popups, browser extension CTA, and legal/adult disclaimer.",http://www.tubeninja.net/how-to-download/porngstube|http://www.tubeninja.net/ar/kayfiyat-tahmil/porngstube|http://www.tubeninja.net/de/download-anleitung/porngstube|http://www.tubeninja.net/es/como-descargar/porngstube|http://www.tubeninja.net/fa/how-to-download/porngstube|http://www.tubeninja.net/fr/comment-telecharger/porngstube|http://www.tubeninja.net/id/bagaimana-cara-mengunduh/porngstube|http://www.tubeninja.net/it/come-scaricare/porngstube
pornhere.com,pornhere,missing,,,download-pornhere-videos,/download-pornhere-videos,Pornhere Video Downloader,true,1,38,tubeninja.net,tubeninja.net,"Pornhere adult video downloader page; emphasize public videos, privacy, HD/MP4 formats, no popups, browser extension CTA, and legal/adult disclaimer.",http://www.tubeninja.net/how-to-download/pornhere|http://www.tubeninja.net/ar/kayfiyat-tahmil/pornhere|http://www.tubeninja.net/de/download-anleitung/pornhere|http://www.tubeninja.net/es/como-descargar/pornhere|http://www.tubeninja.net/fa/how-to-download/pornhere|http://www.tubeninja.net/fr/comment-telecharger/pornhere|http://www.tubeninja.net/id/bagaimana-cara-mengunduh/pornhere|http://www.tubeninja.net/it/come-scaricare/pornhere
pornhost.com,pornhost,missing,,,download-pornhost-videos,/download-pornhost-videos,Pornhost Video Downloader,true,1,38,tubeninja.net,tubeninja.net,"Pornhost adult video downloader page; emphasize public videos, privacy, HD/MP4 formats, no popups, browser extension CTA, and legal/adult disclaimer.",http://www.tubeninja.net/how-to-download/pornhost|http://www.tubeninja.net/ar/kayfiyat-tahmil/pornhost|http://www.tubeninja.net/de/download-anleitung/pornhost|http://www.tubeninja.net/es/como-descargar/pornhost|http://www.tubeninja.net/fa/how-to-download/pornhost|http://www.tubeninja.net/fr/comment-telecharger/pornhost|http://www.tubeninja.net/id/bagaimana-cara-mengunduh/pornhost|http://www.tubeninja.net/it/come-scaricare/pornhost
pornhubdeutsch.com,pornhubdeutsch,missing,,,download-pornhubdeutsch-videos,/download-pornhubdeutsch-videos,Pornhubdeutsch Video Downloader,true,1,38,tubeninja.net,tubeninja.net,"Pornhubdeutsch adult video downloader page; emphasize public videos, privacy, HD/MP4 formats, no popups, browser extension CTA, and legal/adult disclaimer.",http://www.tubeninja.net/how-to-download/pornhubdeutsch|http://www.tubeninja.net/ar/kayfiyat-tahmil/pornhubdeutsch|http://www.tubeninja.net/de/download-anleitung/pornhubdeutsch|http://www.tubeninja.net/es/como-descargar/pornhubdeutsch|http://www.tubeninja.net/fa/how-to-download/pornhubdeutsch|http://www.tubeninja.net/fr/comment-telecharger/pornhubdeutsch|http://www.tubeninja.net/id/bagaimana-cara-mengunduh/pornhubdeutsch|http://www.tubeninja.net/it/come-scaricare/pornhubdeutsch
pornissimo.com,pornissimo,missing,,,download-pornissimo-videos,/download-pornissimo-videos,Pornissimo Video Downloader,true,1,38,tubeninja.net,tubeninja.net,"Pornissimo adult video downloader page; emphasize public videos, privacy, HD/MP4 formats, no popups, browser extension CTA, and legal/adult disclaimer.",http://www.tubeninja.net/how-to-download/pornissimo|http://www.tubeninja.net/ar/kayfiyat-tahmil/pornissimo|http://www.tubeninja.net/de/download-anleitung/pornissimo|http://www.tubeninja.net/es/como-descargar/pornissimo|http://www.tubeninja.net/fa/how-to-download/pornissimo|http://www.tubeninja.net/fr/comment-telecharger/pornissimo|http://www.tubeninja.net/id/bagaimana-cara-mengunduh/pornissimo|http://www.tubeninja.net/it/come-scaricare/pornissimo
pornmaturetube.com,pornmaturetube,missing,,,download-pornmaturetube-videos,/download-pornmaturetube-videos,Pornmaturetube Video Downloader,true,1,38,tubeninja.net,tubeninja.net,"Pornmaturetube adult video downloader page; emphasize public videos, privacy, HD/MP4 formats, no popups, browser extension CTA, and legal/adult disclaimer.",http://www.tubeninja.net/how-to-download/pornmaturetube|http://www.tubeninja.net/ar/kayfiyat-tahmil/pornmaturetube|http://www.tubeninja.net/de/download-anleitung/pornmaturetube|http://www.tubeninja.net/es/como-descargar/pornmaturetube|http://www.tubeninja.net/fa/how-to-download/pornmaturetube|http://www.tubeninja.net/fr/comment-telecharger/pornmaturetube|http://www.tubeninja.net/id/bagaimana-cara-mengunduh/pornmaturetube|http://www.tubeninja.net/it/come-scaricare/pornmaturetube
pornme.com,pornme,missing,,,download-pornme-videos,/download-pornme-videos,Pornme Video Downloader,true,1,38,tubeninja.net,tubeninja.net,"Pornme adult video downloader page; emphasize public videos, privacy, HD/MP4 formats, no popups, browser extension CTA, and legal/adult disclaimer.",http://www.tubeninja.net/how-to-download/pornme/2|http://www.tubeninja.net/ar/kayfiyat-tahmil/pornme|http://www.tubeninja.net/de/download-anleitung/pornme|http://www.tubeninja.net/es/como-descargar/pornme|http://www.tubeninja.net/fa/how-to-download/pornme|http://www.tubeninja.net/fr/comment-telecharger/pornme|http://www.tubeninja.net/id/bagaimana-cara-mengunduh/pornme|http://www.tubeninja.net/it/come-scaricare/pornme
pornmegaload.com,pornmegaload,missing,,,download-pornmegaload-videos,/download-pornmegaload-videos,Pornmegaload Video Downloader,true,1,38,tubeninja.net,tubeninja.net,"Pornmegaload adult video downloader page; emphasize public videos, privacy, HD/MP4 formats, no popups, browser extension CTA, and legal/adult disclaimer.",http://www.tubeninja.net/how-to-download/pornmegaload/1|http://www.tubeninja.net/ar/kayfiyat-tahmil/pornmegaload|http://www.tubeninja.net/de/download-anleitung/pornmegaload|http://www.tubeninja.net/es/como-descargar/pornmegaload|http://www.tubeninja.net/fa/how-to-download/pornmegaload|http://www.tubeninja.net/fr/comment-telecharger/pornmegaload|http://www.tubeninja.net/id/bagaimana-cara-mengunduh/pornmegaload|http://www.tubeninja.net/it/come-scaricare/pornmegaload
pornmobo.com,pornmobo,missing,,,download-pornmobo-videos,/download-pornmobo-videos,Pornmobo Video Downloader,true,1,38,tubeninja.net,tubeninja.net,"Pornmobo adult video downloader page; emphasize public videos, privacy, HD/MP4 formats, no popups, browser extension CTA, and legal/adult disclaimer.",http://www.tubeninja.net/how-to-download/pornmobo|http://www.tubeninja.net/ar/kayfiyat-tahmil/pornmobo|http://www.tubeninja.net/de/download-anleitung/pornmobo|http://www.tubeninja.net/es/como-descargar/pornmobo|http://www.tubeninja.net/fa/how-to-download/pornmobo|http://www.tubeninja.net/fr/comment-telecharger/pornmobo|http://www.tubeninja.net/id/bagaimana-cara-mengunduh/pornmobo|http://www.tubeninja.net/it/come-scaricare/pornmobo
pornmyporn.com,pornmyporn,missing,,,download-pornmyporn-videos,/download-pornmyporn-videos,Pornmyporn Video Downloader,true,1,38,tubeninja.net,tubeninja.net,"Pornmyporn adult video downloader page; emphasize public videos, privacy, HD/MP4 formats, no popups, browser extension CTA, and legal/adult disclaimer.",http://www.tubeninja.net/how-to-download/pornmyporn|http://www.tubeninja.net/ar/kayfiyat-tahmil/pornmyporn|http://www.tubeninja.net/de/download-anleitung/pornmyporn|http://www.tubeninja.net/es/como-descargar/pornmyporn|http://www.tubeninja.net/fa/how-to-download/pornmyporn|http://www.tubeninja.net/fr/comment-telecharger/pornmyporn|http://www.tubeninja.net/id/bagaimana-cara-mengunduh/pornmyporn|http://www.tubeninja.net/it/come-scaricare/pornmyporn
porno-himmel.com,porno-himmel,missing,,,download-porno-himmel-videos,/download-porno-himmel-videos,Porno Himmel Video Downloader,true,1,38,tubeninja.net,tubeninja.net,"Porno Himmel adult video downloader page; emphasize public videos, privacy, HD/MP4 formats, no popups, browser extension CTA, and legal/adult disclaimer.",http://www.tubeninja.net/how-to-download/porno-himmel|http://www.tubeninja.net/ar/kayfiyat-tahmil/porno-himmel|http://www.tubeninja.net/de/download-anleitung/porno-himmel|http://www.tubeninja.net/es/como-descargar/porno-himmel|http://www.tubeninja.net/fa/how-to-download/porno-himmel|http://www.tubeninja.net/fr/comment-telecharger/porno-himmel|http://www.tubeninja.net/id/bagaimana-cara-mengunduh/porno-himmel|http://www.tubeninja.net/it/come-scaricare/porno-himmel
porno1.com,porno1,missing,,,download-porno1-videos,/download-porno1-videos,Porno1 Video Downloader,true,1,38,tubeninja.net,tubeninja.net,"Porno1 adult video downloader page; emphasize public videos, privacy, HD/MP4 formats, no popups, browser extension CTA, and legal/adult disclaimer.",http://www.tubeninja.net/how-to-download/porno1|http://www.tubeninja.net/ar/kayfiyat-tahmil/porno1|http://www.tubeninja.net/de/download-anleitung/porno1|http://www.tubeninja.net/es/como-descargar/porno1|http://www.tubeninja.net/fa/how-to-download/porno1|http://www.tubeninja.net/fr/comment-telecharger/porno1|http://www.tubeninja.net/id/bagaimana-cara-mengunduh/porno1|http://www.tubeninja.net/it/come-scaricare/porno1
porno720hd.com,porno720hd,missing,,,download-porno720hd-videos,/download-porno720hd-videos,Porno720hd Video Downloader,true,1,38,tubeninja.net,tubeninja.net,"Porno720hd adult video downloader page; emphasize public videos, privacy, HD/MP4 formats, no popups, browser extension CTA, and legal/adult disclaimer.",http://www.tubeninja.net/how-to-download/porno720hd|http://www.tubeninja.net/ar/kayfiyat-tahmil/porno720hd|http://www.tubeninja.net/de/download-anleitung/porno720hd|http://www.tubeninja.net/es/como-descargar/porno720hd|http://www.tubeninja.net/fa/how-to-download/porno720hd|http://www.tubeninja.net/fr/comment-telecharger/porno720hd|http://www.tubeninja.net/id/bagaimana-cara-mengunduh/porno720hd|http://www.tubeninja.net/it/come-scaricare/porno720hd
pornoaid.com,pornoaid,missing,,,download-pornoaid-videos,/download-pornoaid-videos,Pornoaid Video Downloader,true,1,38,tubeninja.net,tubeninja.net,"Pornoaid adult video downloader page; emphasize public videos, privacy, HD/MP4 formats, no popups, browser extension CTA, and legal/adult disclaimer.",http://www.tubeninja.net/how-to-download/pornoaid|http://www.tubeninja.net/ar/kayfiyat-tahmil/pornoaid|http://www.tubeninja.net/de/download-anleitung/pornoaid|http://www.tubeninja.net/es/como-descargar/pornoaid|http://www.tubeninja.net/fa/how-to-download/pornoaid|http://www.tubeninja.net/fr/comment-telecharger/pornoaid|http://www.tubeninja.net/id/bagaimana-cara-mengunduh/pornoaid|http://www.tubeninja.net/it/come-scaricare/pornoaid
pornoamador.com,pornoamador,missing,,,download-pornoamador-videos,/download-pornoamador-videos,Pornoamador Video Downloader,true,1,38,tubeninja.net,tubeninja.net,"Pornoamador adult video downloader page; emphasize public videos, privacy, HD/MP4 formats, no popups, browser extension CTA, and legal/adult disclaimer.",http://www.tubeninja.net/how-to-download/pornoamador|http://www.tubeninja.net/ar/kayfiyat-tahmil/pornoamador|http://www.tubeninja.net/de/download-anleitung/pornoamador|http://www.tubeninja.net/es/como-descargar/pornoamador|http://www.tubeninja.net/fa/how-to-download/pornoamador|http://www.tubeninja.net/fr/comment-telecharger/pornoamador|http://www.tubeninja.net/id/bagaimana-cara-mengunduh/pornoamador|http://www.tubeninja.net/it/come-scaricare/pornoamador
pornoamatoriale.com,pornoamatoriale,missing,,,download-pornoamatoriale-videos,/download-pornoamatoriale-videos,Pornoamatoriale Video Downloader,true,1,38,tubeninja.net,tubeninja.net,"Pornoamatoriale adult video downloader page; emphasize public videos, privacy, HD/MP4 formats, no popups, browser extension CTA, and legal/adult disclaimer.",http://www.tubeninja.net/how-to-download/pornoamatoriale|http://www.tubeninja.net/ar/kayfiyat-tahmil/pornoamatoriale|http://www.tubeninja.net/de/download-anleitung/pornoamatoriale|http://www.tubeninja.net/es/como-descargar/pornoamatoriale|http://www.tubeninja.net/fa/how-to-download/pornoamatoriale|http://www.tubeninja.net/fr/comment-telecharger/pornoamatoriale|http://www.tubeninja.net/id/bagaimana-cara-mengunduh/pornoamatoriale|http://www.tubeninja.net/it/come-scaricare/pornoamatoriale
pornobande.fr,pornobande,missing,,,download-pornobande-videos,/download-pornobande-videos,Pornobande Video Downloader,true,1,38,tubeninja.net,tubeninja.net,"Pornobande adult video downloader page; emphasize public videos, privacy, HD/MP4 formats, no popups, browser extension CTA, and legal/adult disclaimer.",http://www.tubeninja.net/how-to-download/pornobande-fr|http://www.tubeninja.net/ar/kayfiyat-tahmil/pornobande-fr|http://www.tubeninja.net/de/download-anleitung/pornobande-fr|http://www.tubeninja.net/es/como-descargar/pornobande-fr|http://www.tubeninja.net/fa/how-to-download/pornobande-fr|http://www.tubeninja.net/fr/comment-telecharger/pornobande-fr|http://www.tubeninja.net/id/bagaimana-cara-mengunduh/pornobande-fr|http://www.tubeninja.net/it/come-scaricare/pornobande-fr
pornobrasileiro.com,pornobrasileiro,missing,,,download-pornobrasileiro-videos,/download-pornobrasileiro-videos,Pornobrasileiro Video Downloader,true,1,38,tubeninja.net,tubeninja.net,"Pornobrasileiro adult video downloader page; emphasize public videos, privacy, HD/MP4 formats, no popups, browser extension CTA, and legal/adult disclaimer.",http://www.tubeninja.net/how-to-download/pornobrasileiro|http://www.tubeninja.net/ar/kayfiyat-tahmil/pornobrasileiro|http://www.tubeninja.net/de/download-anleitung/pornobrasileiro|http://www.tubeninja.net/es/como-descargar/pornobrasileiro|http://www.tubeninja.net/fa/how-to-download/pornobrasileiro|http://www.tubeninja.net/fr/comment-telecharger/pornobrasileiro|http://www.tubeninja.net/id/bagaimana-cara-mengunduh/pornobrasileiro|http://www.tubeninja.net/it/come-scaricare/pornobrasileiro
pornobuceta.com,pornobuceta,missing,,,download-pornobuceta-videos,/download-pornobuceta-videos,Pornobuceta Video Downloader,true,1,38,tubeninja.net,tubeninja.net,"Pornobuceta adult video downloader page; emphasize public videos, privacy, HD/MP4 formats, no popups, browser extension CTA, and legal/adult disclaimer.",http://www.tubeninja.net/how-to-download/pornobuceta|http://www.tubeninja.net/ar/kayfiyat-tahmil/pornobuceta|http://www.tubeninja.net/de/download-anleitung/pornobuceta|http://www.tubeninja.net/es/como-descargar/pornobuceta|http://www.tubeninja.net/fa/how-to-download/pornobuceta|http://www.tubeninja.net/fr/comment-telecharger/pornobuceta|http://www.tubeninja.net/id/bagaimana-cara-mengunduh/pornobuceta|http://www.tubeninja.net/it/come-scaricare/pornobuceta
pornocactus.com,pornocactus,missing,,,download-pornocactus-videos,/download-pornocactus-videos,Pornocactus Video Downloader,true,1,38,tubeninja.net,tubeninja.net,"Pornocactus adult video downloader page; emphasize public videos, privacy, HD/MP4 formats, no popups, browser extension CTA, and legal/adult disclaimer.",http://www.tubeninja.net/how-to-download/pornocactus|http://www.tubeninja.net/ar/kayfiyat-tahmil/pornocactus|http://www.tubeninja.net/de/download-anleitung/pornocactus|http://www.tubeninja.net/es/como-descargar/pornocactus|http://www.tubeninja.net/fa/how-to-download/pornocactus|http://www.tubeninja.net/fr/comment-telecharger/pornocactus|http://www.tubeninja.net/id/bagaimana-cara-mengunduh/pornocactus|http://www.tubeninja.net/it/come-scaricare/pornocactus
pornocarioca.com,pornocarioca,missing,,,download-pornocarioca-videos,/download-pornocarioca-videos,Pornocarioca Video Downloader,true,1,38,tubeninja.net,tubeninja.net,"Pornocarioca adult video downloader page; emphasize public videos, privacy, HD/MP4 formats, no popups, browser extension CTA, and legal/adult disclaimer.",http://www.tubeninja.net/how-to-download/pornocarioca|http://www.tubeninja.net/ar/kayfiyat-tahmil/pornocarioca|http://www.tubeninja.net/de/download-anleitung/pornocarioca|http://www.tubeninja.net/es/como-descargar/pornocarioca|http://www.tubeninja.net/fa/how-to-download/pornocarioca|http://www.tubeninja.net/fr/comment-telecharger/pornocarioca|http://www.tubeninja.net/id/bagaimana-cara-mengunduh/pornocarioca|http://www.tubeninja.net/it/come-scaricare/pornocarioca
pornodama.com,pornodama,missing,,,download-pornodama-videos,/download-pornodama-videos,Pornodama Video Downloader,true,1,38,tubeninja.net,tubeninja.net,"Pornodama adult video downloader page; emphasize public videos, privacy, HD/MP4 formats, no popups, browser extension CTA, and legal/adult disclaimer.",http://www.tubeninja.net/how-to-download/pornodama|http://www.tubeninja.net/ar/kayfiyat-tahmil/pornodama|http://www.tubeninja.net/de/download-anleitung/pornodama|http://www.tubeninja.net/es/como-descargar/pornodama|http://www.tubeninja.net/fa/how-to-download/pornodama|http://www.tubeninja.net/fr/comment-telecharger/pornodama|http://www.tubeninja.net/id/bagaimana-cara-mengunduh/pornodama|http://www.tubeninja.net/it/come-scaricare/pornodama
pornodingue.com,pornodingue,missing,,,download-pornodingue-videos,/download-pornodingue-videos,Pornodingue Video Downloader,true,1,38,tubeninja.net,tubeninja.net,"Pornodingue adult video downloader page; emphasize public videos, privacy, HD/MP4 formats, no popups, browser extension CTA, and legal/adult disclaimer.",http://www.tubeninja.net/how-to-download/pornodingue|http://www.tubeninja.net/ar/kayfiyat-tahmil/pornodingue|http://www.tubeninja.net/de/download-anleitung/pornodingue|http://www.tubeninja.net/es/como-descargar/pornodingue|http://www.tubeninja.net/fa/how-to-download/pornodingue|http://www.tubeninja.net/fr/comment-telecharger/pornodingue|http://www.tubeninja.net/id/bagaimana-cara-mengunduh/pornodingue|http://www.tubeninja.net/it/come-scaricare/pornodingue
pornodoido.com,pornodoido,missing,,,download-pornodoido-videos,/download-pornodoido-videos,Pornodoido Video Downloader,true,1,38,tubeninja.net,tubeninja.net,"Pornodoido adult video downloader page; emphasize public videos, privacy, HD/MP4 formats, no popups, browser extension CTA, and legal/adult disclaimer.",http://www.tubeninja.net/how-to-download/pornodoido|http://www.tubeninja.net/ar/kayfiyat-tahmil/pornodoido|http://www.tubeninja.net/de/download-anleitung/pornodoido|http://www.tubeninja.net/es/como-descargar/pornodoido|http://www.tubeninja.net/fa/how-to-download/pornodoido|http://www.tubeninja.net/fr/comment-telecharger/pornodoido|http://www.tubeninja.net/id/bagaimana-cara-mengunduh/pornodoido|http://www.tubeninja.net/it/come-scaricare/pornodoido
pornodrome.com,pornodrome,missing,,,download-pornodrome-videos,/download-pornodrome-videos,Pornodrome Video Downloader,true,1,38,tubeninja.net,tubeninja.net,"Pornodrome adult video downloader page; emphasize public videos, privacy, HD/MP4 formats, no popups, browser extension CTA, and legal/adult disclaimer.",http://www.tubeninja.net/how-to-download/pornodrome|http://www.tubeninja.net/ar/kayfiyat-tahmil/pornodrome|http://www.tubeninja.net/de/download-anleitung/pornodrome|http://www.tubeninja.net/es/como-descargar/pornodrome|http://www.tubeninja.net/fa/how-to-download/pornodrome|http://www.tubeninja.net/fr/comment-telecharger/pornodrome|http://www.tubeninja.net/id/bagaimana-cara-mengunduh/pornodrome|http://www.tubeninja.net/it/come-scaricare/pornodrome
pornoente.com,pornoente,missing,,,download-pornoente-videos,/download-pornoente-videos,Pornoente Video Downloader,true,1,38,tubeninja.net,tubeninja.net,"Pornoente adult video downloader page; emphasize public videos, privacy, HD/MP4 formats, no popups, browser extension CTA, and legal/adult disclaimer.",http://www.tubeninja.net/how-to-download/pornoente|http://www.tubeninja.net/ar/kayfiyat-tahmil/pornoente|http://www.tubeninja.net/de/download-anleitung/pornoente|http://www.tubeninja.net/es/como-descargar/pornoente|http://www.tubeninja.net/fa/how-to-download/pornoente|http://www.tubeninja.net/fr/comment-telecharger/pornoente|http://www.tubeninja.net/id/bagaimana-cara-mengunduh/pornoente|http://www.tubeninja.net/it/come-scaricare/pornoente
pornoente.tv,pornoente,missing,,,download-pornoente-videos,/download-pornoente-videos,Pornoente Video Downloader,true,1,38,tubeninja.net,tubeninja.net,"Pornoente adult video downloader page; emphasize public videos, privacy, HD/MP4 formats, no popups, browser extension CTA, and legal/adult disclaimer.",http://www.tubeninja.net/how-to-download/pornoente-tv|http://www.tubeninja.net/ar/kayfiyat-tahmil/pornoente-tv|http://www.tubeninja.net/de/download-anleitung/pornoente-tv|http://www.tubeninja.net/es/como-descargar/pornoente-tv|http://www.tubeninja.net/fa/how-to-download/pornoente-tv|http://www.tubeninja.net/fr/comment-telecharger/pornoente-tv|http://www.tubeninja.net/id/bagaimana-cara-mengunduh/pornoente-tv|http://www.tubeninja.net/it/come-scaricare/pornoente-tv
pornogratisdiario.com,pornogratisdiario,missing,,,download-pornogratisdiario-videos,/download-pornogratisdiario-videos,Pornogratisdiario Video Downloader,true,1,38,tubeninja.net,tubeninja.net,"Pornogratisdiario adult video downloader page; emphasize public videos, privacy, HD/MP4 formats, no popups, browser extension CTA, and legal/adult disclaimer.",http://www.tubeninja.net/how-to-download/pornogratisdiario|http://www.tubeninja.net/ar/kayfiyat-tahmil/pornogratisdiario|http://www.tubeninja.net/de/download-anleitung/pornogratisdiario|http://www.tubeninja.net/es/como-descargar/pornogratisdiario|http://www.tubeninja.net/fa/how-to-download/pornogratisdiario|http://www.tubeninja.net/fr/comment-telecharger/pornogratisdiario|http://www.tubeninja.net/id/bagaimana-cara-mengunduh/pornogratisdiario|http://www.tubeninja.net/it/come-scaricare/pornogratisdiario
pornogrib.com,pornogrib,missing,,,download-pornogrib-videos,/download-pornogrib-videos,Pornogrib Video Downloader,true,1,38,tubeninja.net,tubeninja.net,"Pornogrib adult video downloader page; emphasize public videos, privacy, HD/MP4 formats, no popups, browser extension CTA, and legal/adult disclaimer.",http://www.tubeninja.net/how-to-download/pornogrib|http://www.tubeninja.net/ar/kayfiyat-tahmil/pornogrib|http://www.tubeninja.net/de/download-anleitung/pornogrib|http://www.tubeninja.net/es/como-descargar/pornogrib|http://www.tubeninja.net/fa/how-to-download/pornogrib|http://www.tubeninja.net/fr/comment-telecharger/pornogrib|http://www.tubeninja.net/id/bagaimana-cara-mengunduh/pornogrib|http://www.tubeninja.net/it/come-scaricare/pornogrib
pornohammer.com,pornohammer,missing,,,download-pornohammer-videos,/download-pornohammer-videos,Pornohammer Video Downloader,true,1,38,tubeninja.net,tubeninja.net,"Pornohammer adult video downloader page; emphasize public videos, privacy, HD/MP4 formats, no popups, browser extension CTA, and legal/adult disclaimer.",http://www.tubeninja.net/how-to-download/pornohammer|http://www.tubeninja.net/ar/kayfiyat-tahmil/pornohammer|http://www.tubeninja.net/de/download-anleitung/pornohammer|http://www.tubeninja.net/es/como-descargar/pornohammer|http://www.tubeninja.net/fa/how-to-download/pornohammer|http://www.tubeninja.net/fr/comment-telecharger/pornohammer|http://www.tubeninja.net/id/bagaimana-cara-mengunduh/pornohammer|http://www.tubeninja.net/it/come-scaricare/pornohammer
pornohirsch.com,pornohirsch,missing,,,download-pornohirsch-videos,/download-pornohirsch-videos,Pornohirsch Video Downloader,true,1,38,tubeninja.net,tubeninja.net,"Pornohirsch adult video downloader page; emphasize public videos, privacy, HD/MP4 formats, no popups, browser extension CTA, and legal/adult disclaimer.",http://www.tubeninja.net/how-to-download/pornohirsch|http://www.tubeninja.net/ar/kayfiyat-tahmil/pornohirsch|http://www.tubeninja.net/de/download-anleitung/pornohirsch|http://www.tubeninja.net/es/como-descargar/pornohirsch|http://www.tubeninja.net/fa/how-to-download/pornohirsch|http://www.tubeninja.net/fr/comment-telecharger/pornohirsch|http://www.tubeninja.net/id/bagaimana-cara-mengunduh/pornohirsch|http://www.tubeninja.net/it/come-scaricare/pornohirsch
pornohub.com,pornohub,missing,,,download-pornohub-videos,/download-pornohub-videos,Pornohub Video Downloader,true,1,38,tubeninja.net,tubeninja.net,"Pornohub adult video downloader page; emphasize public videos, privacy, HD/MP4 formats, no popups, browser extension CTA, and legal/adult disclaimer.",http://www.tubeninja.net/how-to-download/pornohub|http://www.tubeninja.net/ar/kayfiyat-tahmil/pornohub|http://www.tubeninja.net/de/download-anleitung/pornohub|http://www.tubeninja.net/es/como-descargar/pornohub|http://www.tubeninja.net/fa/how-to-download/pornohub|http://www.tubeninja.net/fr/comment-telecharger/pornohub|http://www.tubeninja.net/id/bagaimana-cara-mengunduh/pornohub|http://www.tubeninja.net/it/come-scaricare/pornohub
pornoid.com,pornoid,missing,,,download-pornoid-videos,/download-pornoid-videos,Pornoid Video Downloader,true,1,38,tubeninja.net,tubeninja.net,"Pornoid adult video downloader page; emphasize public videos, privacy, HD/MP4 formats, no popups, browser extension CTA, and legal/adult disclaimer.",http://www.tubeninja.net/how-to-download/pornoid|http://www.tubeninja.net/ar/kayfiyat-tahmil/pornoid|http://www.tubeninja.net/de/download-anleitung/pornoid|http://www.tubeninja.net/es/como-descargar/pornoid|http://www.tubeninja.net/fa/how-to-download/pornoid|http://www.tubeninja.net/fr/comment-telecharger/pornoid|http://www.tubeninja.net/id/bagaimana-cara-mengunduh/pornoid|http://www.tubeninja.net/it/come-scaricare/pornoid
pornoklinge.com,pornoklinge,missing,,,download-pornoklinge-videos,/download-pornoklinge-videos,Pornoklinge Video Downloader,true,1,38,tubeninja.net,tubeninja.net,"Pornoklinge adult video downloader page; emphasize public videos, privacy, HD/MP4 formats, no popups, browser extension CTA, and legal/adult disclaimer.",http://www.tubeninja.net/how-to-download/pornoklinge|http://www.tubeninja.net/ar/kayfiyat-tahmil/pornoklinge|http://www.tubeninja.net/de/download-anleitung/pornoklinge|http://www.tubeninja.net/es/como-descargar/pornoklinge|http://www.tubeninja.net/fa/how-to-download/pornoklinge|http://www.tubeninja.net/fr/comment-telecharger/pornoklinge|http://www.tubeninja.net/id/bagaimana-cara-mengunduh/pornoklinge|http://www.tubeninja.net/it/come-scaricare/pornoklinge
pornoko.com,pornoko,missing,,,download-pornoko-videos,/download-pornoko-videos,Pornoko Video Downloader,true,1,38,tubeninja.net,tubeninja.net,"Pornoko adult video downloader page; emphasize public videos, privacy, HD/MP4 formats, no popups, browser extension CTA, and legal/adult disclaimer.",http://www.tubeninja.net/how-to-download/pornoko|http://www.tubeninja.net/ar/kayfiyat-tahmil/pornoko|http://www.tubeninja.net/de/download-anleitung/pornoko|http://www.tubeninja.net/es/como-descargar/pornoko|http://www.tubeninja.net/fa/how-to-download/pornoko|http://www.tubeninja.net/fr/comment-telecharger/pornoko|http://www.tubeninja.net/id/bagaimana-cara-mengunduh/pornoko|http://www.tubeninja.net/it/come-scaricare/pornoko
pornolomka.com,pornolomka,missing,,,download-pornolomka-videos,/download-pornolomka-videos,Pornolomka Video Downloader,true,1,38,tubeninja.net,tubeninja.net,"Pornolomka adult video downloader page; emphasize public videos, privacy, HD/MP4 formats, no popups, browser extension CTA, and legal/adult disclaimer.",http://www.tubeninja.net/how-to-download/pornolomka|http://www.tubeninja.net/ar/kayfiyat-tahmil/pornolomka|http://www.tubeninja.net/de/download-anleitung/pornolomka|http://www.tubeninja.net/es/como-descargar/pornolomka|http://www.tubeninja.net/fa/how-to-download/pornolomka|http://www.tubeninja.net/fr/comment-telecharger/pornolomka|http://www.tubeninja.net/id/bagaimana-cara-mengunduh/pornolomka|http://www.tubeninja.net/it/come-scaricare/pornolomka
pornomerci.com,pornomerci,missing,,,download-pornomerci-videos,/download-pornomerci-videos,Pornomerci Video Downloader,true,1,38,tubeninja.net,tubeninja.net,"Pornomerci adult video downloader page; emphasize public videos, privacy, HD/MP4 formats, no popups, browser extension CTA, and legal/adult disclaimer.",http://www.tubeninja.net/how-to-download/pornomerci|http://www.tubeninja.net/ar/kayfiyat-tahmil/pornomerci|http://www.tubeninja.net/de/download-anleitung/pornomerci|http://www.tubeninja.net/es/como-descargar/pornomerci|http://www.tubeninja.net/fa/how-to-download/pornomerci|http://www.tubeninja.net/fr/comment-telecharger/pornomerci|http://www.tubeninja.net/id/bagaimana-cara-mengunduh/pornomerci|http://www.tubeninja.net/it/come-scaricare/pornomerci
pornomovies.com,pornomovies,missing,,,download-pornomovies-videos,/download-pornomovies-videos,Pornomovies Video Downloader,true,1,38,tubeninja.net,tubeninja.net,"Pornomovies adult video downloader page; emphasize public videos, privacy, HD/MP4 formats, no popups, browser extension CTA, and legal/adult disclaimer.",http://www.tubeninja.net/how-to-download/pornomovies|http://www.tubeninja.net/ar/kayfiyat-tahmil/pornomovies|http://www.tubeninja.net/de/download-anleitung/pornomovies|http://www.tubeninja.net/es/como-descargar/pornomovies|http://www.tubeninja.net/fa/how-to-download/pornomovies|http://www.tubeninja.net/fr/comment-telecharger/pornomovies|http://www.tubeninja.net/id/bagaimana-cara-mengunduh/pornomovies|http://www.tubeninja.net/it/come-scaricare/pornomovies
pornona.com,pornona,missing,,,download-pornona-videos,/download-pornona-videos,Pornona Video Downloader,true,1,38,tubeninja.net,tubeninja.net,"Pornona adult video downloader page; emphasize public videos, privacy, HD/MP4 formats, no popups, browser extension CTA, and legal/adult disclaimer.",http://www.tubeninja.net/how-to-download/pornona|http://www.tubeninja.net/ar/kayfiyat-tahmil/pornona|http://www.tubeninja.net/de/download-anleitung/pornona|http://www.tubeninja.net/es/como-descargar/pornona|http://www.tubeninja.net/fa/how-to-download/pornona|http://www.tubeninja.net/fr/comment-telecharger/pornona|http://www.tubeninja.net/id/bagaimana-cara-mengunduh/pornona|http://www.tubeninja.net/it/come-scaricare/pornona
pornopizza.com,pornopizza,missing,,,download-pornopizza-videos,/download-pornopizza-videos,Pornopizza Video Downloader,true,1,38,tubeninja.net,tubeninja.net,"Pornopizza adult video downloader page; emphasize public videos, privacy, HD/MP4 formats, no popups, browser extension CTA, and legal/adult disclaimer.",http://www.tubeninja.net/how-to-download/pornopizza|http://www.tubeninja.net/ar/kayfiyat-tahmil/pornopizza|http://www.tubeninja.net/de/download-anleitung/pornopizza|http://www.tubeninja.net/es/como-descargar/pornopizza|http://www.tubeninja.net/fa/how-to-download/pornopizza|http://www.tubeninja.net/fr/comment-telecharger/pornopizza|http://www.tubeninja.net/id/bagaimana-cara-mengunduh/pornopizza|http://www.tubeninja.net/it/come-scaricare/pornopizza
pornorazzo.com,pornorazzo,missing,,,download-pornorazzo-videos,/download-pornorazzo-videos,Pornorazzo Video Downloader,true,1,38,tubeninja.net,tubeninja.net,"Pornorazzo adult video downloader page; emphasize public videos, privacy, HD/MP4 formats, no popups, browser extension CTA, and legal/adult disclaimer.",http://www.tubeninja.net/how-to-download/pornorazzo|http://www.tubeninja.net/ar/kayfiyat-tahmil/pornorazzo|http://www.tubeninja.net/de/download-anleitung/pornorazzo|http://www.tubeninja.net/es/como-descargar/pornorazzo|http://www.tubeninja.net/fa/how-to-download/pornorazzo|http://www.tubeninja.net/fr/comment-telecharger/pornorazzo|http://www.tubeninja.net/id/bagaimana-cara-mengunduh/pornorazzo|http://www.tubeninja.net/it/come-scaricare/pornorazzo
pornorio.com,pornorio,missing,,,download-pornorio-videos,/download-pornorio-videos,Pornorio Video Downloader,true,1,38,tubeninja.net,tubeninja.net,"Pornorio adult video downloader page; emphasize public videos, privacy, HD/MP4 formats, no popups, browser extension CTA, and legal/adult disclaimer.",http://www.tubeninja.net/how-to-download/pornorio|http://www.tubeninja.net/ar/kayfiyat-tahmil/pornorio|http://www.tubeninja.net/de/download-anleitung/pornorio|http://www.tubeninja.net/es/como-descargar/pornorio|http://www.tubeninja.net/fa/how-to-download/pornorio|http://www.tubeninja.net/fr/comment-telecharger/pornorio|http://www.tubeninja.net/id/bagaimana-cara-mengunduh/pornorio|http://www.tubeninja.net/it/come-scaricare/pornorio
pornorus.com,pornorus,missing,,,download-pornorus-videos,/download-pornorus-videos,Pornorus Video Downloader,true,1,38,tubeninja.net,tubeninja.net,"Pornorus adult video downloader page; emphasize public videos, privacy, HD/MP4 formats, no popups, browser extension CTA, and legal/adult disclaimer.",http://www.tubeninja.net/how-to-download/pornorus|http://www.tubeninja.net/ar/kayfiyat-tahmil/pornorus|http://www.tubeninja.net/de/download-anleitung/pornorus|http://www.tubeninja.net/es/como-descargar/pornorus|http://www.tubeninja.net/fa/how-to-download/pornorus|http://www.tubeninja.net/fr/comment-telecharger/pornorus|http://www.tubeninja.net/id/bagaimana-cara-mengunduh/pornorus|http://www.tubeninja.net/it/come-scaricare/pornorus
pornoserver.com,pornoserver,missing,,,download-pornoserver-videos,/download-pornoserver-videos,Pornoserver Video Downloader,true,1,38,tubeninja.net,tubeninja.net,"Pornoserver adult video downloader page; emphasize public videos, privacy, HD/MP4 formats, no popups, browser extension CTA, and legal/adult disclaimer.",http://www.tubeninja.net/how-to-download/pornoserver|http://www.tubeninja.net/ar/kayfiyat-tahmil/pornoserver|http://www.tubeninja.net/de/download-anleitung/pornoserver|http://www.tubeninja.net/es/como-descargar/pornoserver|http://www.tubeninja.net/fa/how-to-download/pornoserver|http://www.tubeninja.net/fr/comment-telecharger/pornoserver|http://www.tubeninja.net/id/bagaimana-cara-mengunduh/pornoserver|http://www.tubeninja.net/it/come-scaricare/pornoserver
pornostate.com,pornostate,missing,,,download-pornostate-videos,/download-pornostate-videos,Pornostate Video Downloader,true,1,38,tubeninja.net,tubeninja.net,"Pornostate adult video downloader page; emphasize public videos, privacy, HD/MP4 formats, no popups, browser extension CTA, and legal/adult disclaimer.",http://www.tubeninja.net/how-to-download/pornostate|http://www.tubeninja.net/ar/kayfiyat-tahmil/pornostate|http://www.tubeninja.net/de/download-anleitung/pornostate|http://www.tubeninja.net/es/como-descargar/pornostate|http://www.tubeninja.net/fa/how-to-download/pornostate|http://www.tubeninja.net/fr/comment-telecharger/pornostate|http://www.tubeninja.net/id/bagaimana-cara-mengunduh/pornostate|http://www.tubeninja.net/it/come-scaricare/pornostate
pornotom.com,pornotom,missing,,,download-pornotom-videos,/download-pornotom-videos,Pornotom Video Downloader,true,1,38,tubeninja.net,tubeninja.net,"Pornotom adult video downloader page; emphasize public videos, privacy, HD/MP4 formats, no popups, browser extension CTA, and legal/adult disclaimer.",http://www.tubeninja.net/how-to-download/pornotom|http://www.tubeninja.net/ar/kayfiyat-tahmil/pornotom|http://www.tubeninja.net/de/download-anleitung/pornotom|http://www.tubeninja.net/es/como-descargar/pornotom|http://www.tubeninja.net/fa/how-to-download/pornotom|http://www.tubeninja.net/fr/comment-telecharger/pornotom|http://www.tubeninja.net/id/bagaimana-cara-mengunduh/pornotom|http://www.tubeninja.net/it/come-scaricare/pornotom
pornoxyu.com,pornoxyu,missing,,,download-pornoxyu-videos,/download-pornoxyu-videos,Pornoxyu Video Downloader,true,1,38,tubeninja.net,tubeninja.net,"Pornoxyu adult video downloader page; emphasize public videos, privacy, HD/MP4 formats, no popups, browser extension CTA, and legal/adult disclaimer.",http://www.tubeninja.net/how-to-download/pornoxyu|http://www.tubeninja.net/ar/kayfiyat-tahmil/pornoxyu|http://www.tubeninja.net/de/download-anleitung/pornoxyu|http://www.tubeninja.net/es/como-descargar/pornoxyu|http://www.tubeninja.net/fa/how-to-download/pornoxyu|http://www.tubeninja.net/fr/comment-telecharger/pornoxyu|http://www.tubeninja.net/id/bagaimana-cara-mengunduh/pornoxyu|http://www.tubeninja.net/it/come-scaricare/pornoxyu
pornozak.com,pornozak,missing,,,download-pornozak-videos,/download-pornozak-videos,Pornozak Video Downloader,true,1,38,tubeninja.net,tubeninja.net,"Pornozak adult video downloader page; emphasize public videos, privacy, HD/MP4 formats, no popups, browser extension CTA, and legal/adult disclaimer.",http://www.tubeninja.net/how-to-download/pornozak|http://www.tubeninja.net/ar/kayfiyat-tahmil/pornozak|http://www.tubeninja.net/de/download-anleitung/pornozak|http://www.tubeninja.net/es/como-descargar/pornozak|http://www.tubeninja.net/fa/how-to-download/pornozak|http://www.tubeninja.net/fr/comment-telecharger/pornozak|http://www.tubeninja.net/id/bagaimana-cara-mengunduh/pornozak|http://www.tubeninja.net/it/come-scaricare/pornozak
pornozinhos.com,pornozinhos,missing,,,download-pornozinhos-videos,/download-pornozinhos-videos,Pornozinhos Video Downloader,true,1,38,tubeninja.net,tubeninja.net,"Pornozinhos adult video downloader page; emphasize public videos, privacy, HD/MP4 formats, no popups, browser extension CTA, and legal/adult disclaimer.",http://www.tubeninja.net/how-to-download/pornozinhos|http://www.tubeninja.net/ar/kayfiyat-tahmil/pornozinhos|http://www.tubeninja.net/de/download-anleitung/pornozinhos|http://www.tubeninja.net/es/como-descargar/pornozinhos|http://www.tubeninja.net/fa/how-to-download/pornozinhos|http://www.tubeninja.net/fr/comment-telecharger/pornozinhos|http://www.tubeninja.net/id/bagaimana-cara-mengunduh/pornozinhos|http://www.tubeninja.net/it/come-scaricare/pornozinhos
pornozona.com,pornozona,missing,,,download-pornozona-videos,/download-pornozona-videos,Pornozona Video Downloader,true,1,38,tubeninja.net,tubeninja.net,"Pornozona adult video downloader page; emphasize public videos, privacy, HD/MP4 formats, no popups, browser extension CTA, and legal/adult disclaimer.",http://www.tubeninja.net/how-to-download/pornozona|http://www.tubeninja.net/ar/kayfiyat-tahmil/pornozona|http://www.tubeninja.net/de/download-anleitung/pornozona|http://www.tubeninja.net/es/como-descargar/pornozona|http://www.tubeninja.net/fa/how-to-download/pornozona|http://www.tubeninja.net/fr/comment-telecharger/pornozona|http://www.tubeninja.net/id/bagaimana-cara-mengunduh/pornozona|http://www.tubeninja.net/it/come-scaricare/pornozona
pornpause.com,pornpause,missing,,,download-pornpause-videos,/download-pornpause-videos,Pornpause Video Downloader,true,1,38,tubeninja.net,tubeninja.net,"Pornpause adult video downloader page; emphasize public videos, privacy, HD/MP4 formats, no popups, browser extension CTA, and legal/adult disclaimer.",http://www.tubeninja.net/how-to-download/pornpause|http://www.tubeninja.net/ar/kayfiyat-tahmil/pornpause|http://www.tubeninja.net/de/download-anleitung/pornpause|http://www.tubeninja.net/es/como-descargar/pornpause|http://www.tubeninja.net/fa/how-to-download/pornpause|http://www.tubeninja.net/fr/comment-telecharger/pornpause|http://www.tubeninja.net/id/bagaimana-cara-mengunduh/pornpause|http://www.tubeninja.net/it/come-scaricare/pornpause
pornpoly.com,pornpoly,missing,,,download-pornpoly-videos,/download-pornpoly-videos,Pornpoly Video Downloader,true,1,38,tubeninja.net,tubeninja.net,"Pornpoly adult video downloader page; emphasize public videos, privacy, HD/MP4 formats, no popups, browser extension CTA, and legal/adult disclaimer.",http://www.tubeninja.net/how-to-download/pornpoly|http://www.tubeninja.net/ar/kayfiyat-tahmil/pornpoly|http://www.tubeninja.net/de/download-anleitung/pornpoly|http://www.tubeninja.net/es/como-descargar/pornpoly|http://www.tubeninja.net/fa/how-to-download/pornpoly|http://www.tubeninja.net/fr/comment-telecharger/pornpoly|http://www.tubeninja.net/id/bagaimana-cara-mengunduh/pornpoly|http://www.tubeninja.net/it/come-scaricare/pornpoly
pornpros.com,pornpros,missing,,,download-pornpros-videos,/download-pornpros-videos,Pornpros Video Downloader,true,1,38,tubeninja.net,tubeninja.net,"Pornpros adult video downloader page; emphasize public videos, privacy, HD/MP4 formats, no popups, browser extension CTA, and legal/adult disclaimer.",http://www.tubeninja.net/how-to-download/pornpros|http://www.tubeninja.net/ar/kayfiyat-tahmil/pornpros|http://www.tubeninja.net/de/download-anleitung/pornpros|http://www.tubeninja.net/es/como-descargar/pornpros|http://www.tubeninja.net/fa/how-to-download/pornpros|http://www.tubeninja.net/fr/comment-telecharger/pornpros|http://www.tubeninja.net/id/bagaimana-cara-mengunduh/pornpros|http://www.tubeninja.net/it/come-scaricare/pornpros
pornslurp.com,pornslurp,missing,,,download-pornslurp-videos,/download-pornslurp-videos,Pornslurp Video Downloader,true,1,38,tubeninja.net,tubeninja.net,"Pornslurp adult video downloader page; emphasize public videos, privacy, HD/MP4 formats, no popups, browser extension CTA, and legal/adult disclaimer.",http://www.tubeninja.net/how-to-download/pornslurp|http://www.tubeninja.net/ar/kayfiyat-tahmil/pornslurp|http://www.tubeninja.net/de/download-anleitung/pornslurp|http://www.tubeninja.net/es/como-descargar/pornslurp|http://www.tubeninja.net/fa/how-to-download/pornslurp|http://www.tubeninja.net/fr/comment-telecharger/pornslurp|http://www.tubeninja.net/id/bagaimana-cara-mengunduh/pornslurp|http://www.tubeninja.net/it/come-scaricare/pornslurp
pornsos.com,pornsos,missing,,,download-pornsos-videos,/download-pornsos-videos,Pornsos Video Downloader,true,1,38,tubeninja.net,tubeninja.net,"Pornsos adult video downloader page; emphasize public videos, privacy, HD/MP4 formats, no popups, browser extension CTA, and legal/adult disclaimer.",http://www.tubeninja.net/how-to-download/pornsos|http://www.tubeninja.net/ar/kayfiyat-tahmil/pornsos|http://www.tubeninja.net/de/download-anleitung/pornsos|http://www.tubeninja.net/es/como-descargar/pornsos|http://www.tubeninja.net/fa/how-to-download/pornsos|http://www.tubeninja.net/fr/comment-telecharger/pornsos|http://www.tubeninja.net/id/bagaimana-cara-mengunduh/pornsos|http://www.tubeninja.net/it/come-scaricare/pornsos
pornspark.com,pornspark,missing,,,download-pornspark-videos,/download-pornspark-videos,Pornspark Video Downloader,true,1,38,tubeninja.net,tubeninja.net,"Pornspark adult video downloader page; emphasize public videos, privacy, HD/MP4 formats, no popups, browser extension CTA, and legal/adult disclaimer.",http://www.tubeninja.net/how-to-download/pornspark|http://www.tubeninja.net/ar/kayfiyat-tahmil/pornspark|http://www.tubeninja.net/de/download-anleitung/pornspark|http://www.tubeninja.net/es/como-descargar/pornspark|http://www.tubeninja.net/fa/how-to-download/pornspark|http://www.tubeninja.net/fr/comment-telecharger/pornspark|http://www.tubeninja.net/id/bagaimana-cara-mengunduh/pornspark|http://www.tubeninja.net/it/come-scaricare/pornspark
pornup.com,pornup,missing,,,download-pornup-videos,/download-pornup-videos,Pornup Video Downloader,true,1,38,tubeninja.net,tubeninja.net,"Pornup adult video downloader page; emphasize public videos, privacy, HD/MP4 formats, no popups, browser extension CTA, and legal/adult disclaimer.",http://www.tubeninja.net/how-to-download/pornup|http://www.tubeninja.net/ar/kayfiyat-tahmil/pornup|http://www.tubeninja.net/de/download-anleitung/pornup|http://www.tubeninja.net/es/como-descargar/pornup|http://www.tubeninja.net/fa/how-to-download/pornup|http://www.tubeninja.net/fr/comment-telecharger/pornup|http://www.tubeninja.net/id/bagaimana-cara-mengunduh/pornup|http://www.tubeninja.net/it/come-scaricare/pornup
pornvee.com,pornvee,missing,,,download-pornvee-videos,/download-pornvee-videos,Pornvee Video Downloader,true,1,38,tubeninja.net,tubeninja.net,"Pornvee adult video downloader page; emphasize public videos, privacy, HD/MP4 formats, no popups, browser extension CTA, and legal/adult disclaimer.",http://www.tubeninja.net/how-to-download/pornvee|http://www.tubeninja.net/ar/kayfiyat-tahmil/pornvee|http://www.tubeninja.net/de/download-anleitung/pornvee|http://www.tubeninja.net/es/como-descargar/pornvee|http://www.tubeninja.net/fa/how-to-download/pornvee|http://www.tubeninja.net/fr/comment-telecharger/pornvee|http://www.tubeninja.net/id/bagaimana-cara-mengunduh/pornvee|http://www.tubeninja.net/it/come-scaricare/pornvee
pornvideosk.com,pornvideosk,missing,,,download-pornvideosk-videos,/download-pornvideosk-videos,Pornvideosk Video Downloader,true,1,38,tubeninja.net,tubeninja.net,"Pornvideosk adult video downloader page; emphasize public videos, privacy, HD/MP4 formats, no popups, browser extension CTA, and legal/adult disclaimer.",http://www.tubeninja.net/how-to-download/pornvideosk|http://www.tubeninja.net/ar/kayfiyat-tahmil/pornvideosk|http://www.tubeninja.net/de/download-anleitung/pornvideosk|http://www.tubeninja.net/es/como-descargar/pornvideosk|http://www.tubeninja.net/fa/how-to-download/pornvideosk|http://www.tubeninja.net/fr/comment-telecharger/pornvideosk|http://www.tubeninja.net/id/bagaimana-cara-mengunduh/pornvideosk|http://www.tubeninja.net/it/come-scaricare/pornvideosk
pornvidsonly.com,pornvidsonly,missing,,,download-pornvidsonly-videos,/download-pornvidsonly-videos,Pornvidsonly Video Downloader,true,1,38,tubeninja.net,tubeninja.net,"Pornvidsonly adult video downloader page; emphasize public videos, privacy, HD/MP4 formats, no popups, browser extension CTA, and legal/adult disclaimer.",http://www.tubeninja.net/how-to-download/pornvidsonly|http://www.tubeninja.net/ar/kayfiyat-tahmil/pornvidsonly|http://www.tubeninja.net/de/download-anleitung/pornvidsonly|http://www.tubeninja.net/es/como-descargar/pornvidsonly|http://www.tubeninja.net/fa/how-to-download/pornvidsonly|http://www.tubeninja.net/fr/comment-telecharger/pornvidsonly|http://www.tubeninja.net/id/bagaimana-cara-mengunduh/pornvidsonly|http://www.tubeninja.net/it/come-scaricare/pornvidsonly
pornwatchers.com,pornwatchers,missing,,,download-pornwatchers-videos,/download-pornwatchers-videos,Pornwatchers Video Downloader,true,1,38,tubeninja.net,tubeninja.net,"Pornwatchers adult video downloader page; emphasize public videos, privacy, HD/MP4 formats, no popups, browser extension CTA, and legal/adult disclaimer.",http://www.tubeninja.net/how-to-download/pornwatchers|http://www.tubeninja.net/ar/kayfiyat-tahmil/pornwatchers|http://www.tubeninja.net/de/download-anleitung/pornwatchers|http://www.tubeninja.net/es/como-descargar/pornwatchers|http://www.tubeninja.net/fa/how-to-download/pornwatchers|http://www.tubeninja.net/fr/comment-telecharger/pornwatchers|http://www.tubeninja.net/id/bagaimana-cara-mengunduh/pornwatchers|http://www.tubeninja.net/it/come-scaricare/pornwatchers
pornway.com,pornway,missing,,,download-pornway-videos,/download-pornway-videos,Pornway Video Downloader,true,1,38,tubeninja.net,tubeninja.net,"Pornway adult video downloader page; emphasize public videos, privacy, HD/MP4 formats, no popups, browser extension CTA, and legal/adult disclaimer.",http://www.tubeninja.net/how-to-download/pornway|http://www.tubeninja.net/ar/kayfiyat-tahmil/pornway|http://www.tubeninja.net/de/download-anleitung/pornway|http://www.tubeninja.net/es/como-descargar/pornway|http://www.tubeninja.net/fa/how-to-download/pornway|http://www.tubeninja.net/fr/comment-telecharger/pornway|http://www.tubeninja.net/id/bagaimana-cara-mengunduh/pornway|http://www.tubeninja.net/it/come-scaricare/pornway
pornwonk.com,pornwonk,missing,,,download-pornwonk-videos,/download-pornwonk-videos,Pornwonk Video Downloader,true,1,38,tubeninja.net,tubeninja.net,"Pornwonk adult video downloader page; emphasize public videos, privacy, HD/MP4 formats, no popups, browser extension CTA, and legal/adult disclaimer.",http://www.tubeninja.net/how-to-download/pornwonk|http://www.tubeninja.net/ar/kayfiyat-tahmil/pornwonk|http://www.tubeninja.net/de/download-anleitung/pornwonk|http://www.tubeninja.net/es/como-descargar/pornwonk|http://www.tubeninja.net/fa/how-to-download/pornwonk|http://www.tubeninja.net/fr/comment-telecharger/pornwonk|http://www.tubeninja.net/id/bagaimana-cara-mengunduh/pornwonk|http://www.tubeninja.net/it/come-scaricare/pornwonk
pornworms.com,pornworms,missing,,,download-pornworms-videos,/download-pornworms-videos,Pornworms Video Downloader,true,1,38,tubeninja.net,tubeninja.net,"Pornworms adult video downloader page; emphasize public videos, privacy, HD/MP4 formats, no popups, browser extension CTA, and legal/adult disclaimer.",http://www.tubeninja.net/how-to-download/pornworms|http://www.tubeninja.net/ar/kayfiyat-tahmil/pornworms|http://www.tubeninja.net/de/download-anleitung/pornworms|http://www.tubeninja.net/es/como-descargar/pornworms|http://www.tubeninja.net/fa/how-to-download/pornworms|http://www.tubeninja.net/fr/comment-telecharger/pornworms|http://www.tubeninja.net/id/bagaimana-cara-mengunduh/pornworms|http://www.tubeninja.net/it/come-scaricare/pornworms
pornxxxxtube.net,pornxxxxtube,missing,,,download-pornxxxxtube-videos,/download-pornxxxxtube-videos,Pornxxxxtube Video Downloader,true,1,38,tubeninja.net,tubeninja.net,"Pornxxxxtube adult video downloader page; emphasize public videos, privacy, HD/MP4 formats, no popups, browser extension CTA, and legal/adult disclaimer.",http://www.tubeninja.net/how-to-download/pornxxxxtube-net|http://www.tubeninja.net/ar/kayfiyat-tahmil/pornxxxxtube-net|http://www.tubeninja.net/de/download-anleitung/pornxxxxtube-net|http://www.tubeninja.net/es/como-descargar/pornxxxxtube-net|http://www.tubeninja.net/fa/how-to-download/pornxxxxtube-net|http://www.tubeninja.net/fr/comment-telecharger/pornxxxxtube-net|http://www.tubeninja.net/id/bagaimana-cara-mengunduh/pornxxxxtube-net|http://www.tubeninja.net/it/come-scaricare/pornxxxxtube-net
preggoporn.com,preggoporn,missing,,,download-preggoporn-videos,/download-preggoporn-videos,Preggoporn Video Downloader,true,1,38,tubeninja.net,tubeninja.net,"Preggoporn adult video downloader page; emphasize public videos, privacy, HD/MP4 formats, no popups, browser extension CTA, and legal/adult disclaimer.",http://www.tubeninja.net/how-to-download/preggoporn|http://www.tubeninja.net/ar/kayfiyat-tahmil/preggoporn|http://www.tubeninja.net/de/download-anleitung/preggoporn|http://www.tubeninja.net/es/como-descargar/preggoporn|http://www.tubeninja.net/fa/how-to-download/preggoporn|http://www.tubeninja.net/fr/comment-telecharger/preggoporn|http://www.tubeninja.net/id/bagaimana-cara-mengunduh/preggoporn|http://www.tubeninja.net/it/come-scaricare/preggoporn
premiumhentai.com,premiumhentai,missing,,,download-premiumhentai-videos,/download-premiumhentai-videos,Premiumhentai Video Downloader,true,1,38,tubeninja.net,tubeninja.net,"Premiumhentai adult video downloader page; emphasize public videos, privacy, HD/MP4 formats, no popups, browser extension CTA, and legal/adult disclaimer.",http://www.tubeninja.net/how-to-download/premiumhentai|http://www.tubeninja.net/ar/kayfiyat-tahmil/premiumhentai|http://www.tubeninja.net/de/download-anleitung/premiumhentai|http://www.tubeninja.net/es/como-descargar/premiumhentai|http://www.tubeninja.net/fa/how-to-download/premiumhentai|http://www.tubeninja.net/fr/comment-telecharger/premiumhentai|http://www.tubeninja.net/id/bagaimana-cara-mengunduh/premiumhentai|http://www.tubeninja.net/it/come-scaricare/premiumhentai
prettytubeporn.com,prettytubeporn,missing,,,download-prettytubeporn-videos,/download-prettytubeporn-videos,Prettytubeporn Video Downloader,true,1,38,tubeninja.net,tubeninja.net,"Prettytubeporn adult video downloader page; emphasize public videos, privacy, HD/MP4 formats, no popups, browser extension CTA, and legal/adult disclaimer.",http://www.tubeninja.net/how-to-download/prettytubeporn|http://www.tubeninja.net/ar/kayfiyat-tahmil/prettytubeporn|http://www.tubeninja.net/de/download-anleitung/prettytubeporn|http://www.tubeninja.net/es/como-descargar/prettytubeporn|http://www.tubeninja.net/fa/how-to-download/prettytubeporn|http://www.tubeninja.net/fr/comment-telecharger/prettytubeporn|http://www.tubeninja.net/id/bagaimana-cara-mengunduh/prettytubeporn|http://www.tubeninja.net/it/come-scaricare/prettytubeporn
prostoporno.com,prostoporno,missing,,,download-prostoporno-videos,/download-prostoporno-videos,Prostoporno Video Downloader,true,1,38,tubeninja.net,tubeninja.net,"Prostoporno adult video downloader page; emphasize public videos, privacy, HD/MP4 formats, no popups, browser extension CTA, and legal/adult disclaimer.",http://www.tubeninja.net/how-to-download/prostoporno|http://www.tubeninja.net/ar/kayfiyat-tahmil/prostoporno|http://www.tubeninja.net/de/download-anleitung/prostoporno|http://www.tubeninja.net/es/como-descargar/prostoporno|http://www.tubeninja.net/fa/how-to-download/prostoporno|http://www.tubeninja.net/fr/comment-telecharger/prostoporno|http://www.tubeninja.net/id/bagaimana-cara-mengunduh/prostoporno|http://www.tubeninja.net/it/come-scaricare/prostoporno
prostoporno.net,prostoporno,missing,,,download-prostoporno-videos,/download-prostoporno-videos,Prostoporno Video Downloader,true,1,38,tubeninja.net,tubeninja.net,"Prostoporno adult video downloader page; emphasize public videos, privacy, HD/MP4 formats, no popups, browser extension CTA, and legal/adult disclaimer.",http://www.tubeninja.net/how-to-download/prostoporno-net|http://www.tubeninja.net/ar/kayfiyat-tahmil/prostoporno-net|http://www.tubeninja.net/de/download-anleitung/prostoporno-net|http://www.tubeninja.net/es/como-descargar/prostoporno-net|http://www.tubeninja.net/fa/how-to-download/prostoporno-net|http://www.tubeninja.net/fr/comment-telecharger/prostoporno-net|http://www.tubeninja.net/id/bagaimana-cara-mengunduh/prostoporno-net|http://www.tubeninja.net/it/come-scaricare/prostoporno-net
raznoeporno.com,raznoeporno,missing,,,download-raznoeporno-videos,/download-raznoeporno-videos,Raznoeporno Video Downloader,true,1,38,tubeninja.net,tubeninja.net,"Raznoeporno adult video downloader page; emphasize public videos, privacy, HD/MP4 formats, no popups, browser extension CTA, and legal/adult disclaimer.",http://www.tubeninja.net/how-to-download/raznoeporno|http://www.tubeninja.net/ar/kayfiyat-tahmil/raznoeporno|http://www.tubeninja.net/de/download-anleitung/raznoeporno|http://www.tubeninja.net/es/como-descargar/raznoeporno|http://www.tubeninja.net/fa/how-to-download/raznoeporno|http://www.tubeninja.net/fr/comment-telecharger/raznoeporno|http://www.tubeninja.net/id/bagaimana-cara-mengunduh/raznoeporno|http://www.tubeninja.net/it/come-scaricare/raznoeporno
realfreeblackporn.com,realfreeblackporn,missing,,,download-realfreeblackporn-videos,/download-realfreeblackporn-videos,Realfreeblackporn Video Downloader,true,1,38,tubeninja.net,tubeninja.net,"Realfreeblackporn adult video downloader page; emphasize public videos, privacy, HD/MP4 formats, no popups, browser extension CTA, and legal/adult disclaimer.",http://www.tubeninja.net/how-to-download/realfreeblackporn|http://www.tubeninja.net/ar/kayfiyat-tahmil/realfreeblackporn|http://www.tubeninja.net/de/download-anleitung/realfreeblackporn|http://www.tubeninja.net/es/como-descargar/realfreeblackporn|http://www.tubeninja.net/fa/how-to-download/realfreeblackporn|http://www.tubeninja.net/fr/comment-telecharger/realfreeblackporn|http://www.tubeninja.net/id/bagaimana-cara-mengunduh/realfreeblackporn|http://www.tubeninja.net/it/come-scaricare/realfreeblackporn
realthaisluts.com,realthaisluts,missing,,,download-realthaisluts-videos,/download-realthaisluts-videos,Realthaisluts Video Downloader,true,1,38,tubeninja.net,tubeninja.net,"Realthaisluts adult video downloader page; emphasize public videos, privacy, HD/MP4 formats, no popups, browser extension CTA, and legal/adult disclaimer.",http://www.tubeninja.net/how-to-download/realthaisluts|http://www.tubeninja.net/ar/kayfiyat-tahmil/realthaisluts|http://www.tubeninja.net/de/download-anleitung/realthaisluts|http://www.tubeninja.net/es/como-descargar/realthaisluts|http://www.tubeninja.net/fa/how-to-download/realthaisluts|http://www.tubeninja.net/fr/comment-telecharger/realthaisluts|http://www.tubeninja.net/id/bagaimana-cara-mengunduh/realthaisluts|http://www.tubeninja.net/it/come-scaricare/realthaisluts
redporno.com,redporno,missing,,,download-redporno-videos,/download-redporno-videos,Redporno Video Downloader,true,1,38,tubeninja.net,tubeninja.net,"Redporno adult video downloader page; emphasize public videos, privacy, HD/MP4 formats, no popups, browser extension CTA, and legal/adult disclaimer.",http://www.tubeninja.net/how-to-download/redporno|http://www.tubeninja.net/ar/kayfiyat-tahmil/redporno|http://www.tubeninja.net/de/download-anleitung/redporno|http://www.tubeninja.net/es/como-descargar/redporno|http://www.tubeninja.net/fa/how-to-download/redporno|http://www.tubeninja.net/fr/comment-telecharger/redporno|http://www.tubeninja.net/id/bagaimana-cara-mengunduh/redporno|http://www.tubeninja.net/it/come-scaricare/redporno
redtubes.com,redtubes,missing,,,download-redtubes-videos,/download-redtubes-videos,Redtubes Video Downloader,true,1,38,tubeninja.net,tubeninja.net,"Redtubes adult video downloader page; emphasize public videos, privacy, HD/MP4 formats, no popups, browser extension CTA, and legal/adult disclaimer.",http://www.tubeninja.net/how-to-download/redtubes|http://www.tubeninja.net/ar/kayfiyat-tahmil/redtubes|http://www.tubeninja.net/de/download-anleitung/redtubes|http://www.tubeninja.net/es/como-descargar/redtubes|http://www.tubeninja.net/fa/how-to-download/redtubes|http://www.tubeninja.net/fr/comment-telecharger/redtubes|http://www.tubeninja.net/id/bagaimana-cara-mengunduh/redtubes|http://www.tubeninja.net/it/come-scaricare/redtubes
reference-sexe.com,reference-sexe,missing,,,download-reference-sexe-videos,/download-reference-sexe-videos,Reference Sexe Video Downloader,true,1,38,tubeninja.net,tubeninja.net,"Reference Sexe adult video downloader page; emphasize public videos, privacy, HD/MP4 formats, no popups, browser extension CTA, and legal/adult disclaimer.",http://www.tubeninja.net/how-to-download/reference-sexe|http://www.tubeninja.net/ar/kayfiyat-tahmil/reference-sexe|http://www.tubeninja.net/de/download-anleitung/reference-sexe|http://www.tubeninja.net/es/como-descargar/reference-sexe|http://www.tubeninja.net/fa/how-to-download/reference-sexe|http://www.tubeninja.net/fr/comment-telecharger/reference-sexe|http://www.tubeninja.net/id/bagaimana-cara-mengunduh/reference-sexe|http://www.tubeninja.net/it/come-scaricare/reference-sexe
roadsexe.com,roadsexe,missing,,,download-roadsexe-videos,/download-roadsexe-videos,Roadsexe Video Downloader,true,1,38,tubeninja.net,tubeninja.net,"Roadsexe adult video downloader page; emphasize public videos, privacy, HD/MP4 formats, no popups, browser extension CTA, and legal/adult disclaimer.",http://www.tubeninja.net/how-to-download/roadsexe|http://www.tubeninja.net/ar/kayfiyat-tahmil/roadsexe|http://www.tubeninja.net/de/download-anleitung/roadsexe|http://www.tubeninja.net/es/como-descargar/roadsexe|http://www.tubeninja.net/fa/how-to-download/roadsexe|http://www.tubeninja.net/fr/comment-telecharger/roadsexe|http://www.tubeninja.net/id/bagaimana-cara-mengunduh/roadsexe|http://www.tubeninja.net/it/come-scaricare/roadsexe
roughindiansex.com,roughindiansex,missing,,,download-roughindiansex-videos,/download-roughindiansex-videos,Roughindiansex Video Downloader,true,1,38,tubeninja.net,tubeninja.net,"Roughindiansex adult video downloader page; emphasize public videos, privacy, HD/MP4 formats, no popups, browser extension CTA, and legal/adult disclaimer.",http://www.tubeninja.net/how-to-download/roughindiansex|http://www.tubeninja.net/ar/kayfiyat-tahmil/roughindiansex|http://www.tubeninja.net/de/download-anleitung/roughindiansex|http://www.tubeninja.net/es/como-descargar/roughindiansex|http://www.tubeninja.net/fa/how-to-download/roughindiansex|http://www.tubeninja.net/fr/comment-telecharger/roughindiansex|http://www.tubeninja.net/id/bagaimana-cara-mengunduh/roughindiansex|http://www.tubeninja.net/it/come-scaricare/roughindiansex
round-big-tits.com,round-big-tits,missing,,,download-round-big-tits-videos,/download-round-big-tits-videos,Round Big Tits Video Downloader,true,1,38,tubeninja.net,tubeninja.net,"Round Big Tits adult video downloader page; emphasize public videos, privacy, HD/MP4 formats, no popups, browser extension CTA, and legal/adult disclaimer.",http://www.tubeninja.net/how-to-download/round-big-tits|http://www.tubeninja.net/ar/kayfiyat-tahmil/round-big-tits|http://www.tubeninja.net/de/download-anleitung/round-big-tits|http://www.tubeninja.net/es/como-descargar/round-big-tits|http://www.tubeninja.net/fa/how-to-download/round-big-tits|http://www.tubeninja.net/fr/comment-telecharger/round-big-tits|http://www.tubeninja.net/id/bagaimana-cara-mengunduh/round-big-tits|http://www.tubeninja.net/it/come-scaricare/round-big-tits
rule34hentai.com,rule34hentai,missing,,,download-rule34hentai-videos,/download-rule34hentai-videos,Rule34hentai Video Downloader,true,1,38,tubeninja.net,tubeninja.net,"Rule34hentai adult video downloader page; emphasize public videos, privacy, HD/MP4 formats, no popups, browser extension CTA, and legal/adult disclaimer.",http://www.tubeninja.net/how-to-download/rule34hentai|http://www.tubeninja.net/ar/kayfiyat-tahmil/rule34hentai|http://www.tubeninja.net/de/download-anleitung/rule34hentai|http://www.tubeninja.net/es/como-descargar/rule34hentai|http://www.tubeninja.net/fa/how-to-download/rule34hentai|http://www.tubeninja.net/fr/comment-telecharger/rule34hentai|http://www.tubeninja.net/id/bagaimana-cara-mengunduh/rule34hentai|http://www.tubeninja.net/it/come-scaricare/rule34hentai
rupornotube.com,rupornotube,missing,,,download-rupornotube-videos,/download-rupornotube-videos,Rupornotube Video Downloader,true,1,38,tubeninja.net,tubeninja.net,"Rupornotube adult video downloader page; emphasize public videos, privacy, HD/MP4 formats, no popups, browser extension CTA, and legal/adult disclaimer.",http://www.tubeninja.net/how-to-download/rupornotube|http://www.tubeninja.net/ar/kayfiyat-tahmil/rupornotube|http://www.tubeninja.net/de/download-anleitung/rupornotube|http://www.tubeninja.net/es/como-descargar/rupornotube|http://www.tubeninja.net/fa/how-to-download/rupornotube|http://www.tubeninja.net/fr/comment-telecharger/rupornotube|http://www.tubeninja.net/id/bagaimana-cara-mengunduh/rupornotube|http://www.tubeninja.net/it/come-scaricare/rupornotube
scatporn-tube.com,scatporn-tube,missing,,,download-scatporn-tube-videos,/download-scatporn-tube-videos,Scatporn Tube Video Downloader,true,1,38,tubeninja.net,tubeninja.net,"Scatporn Tube adult video downloader page; emphasize public videos, privacy, HD/MP4 formats, no popups, browser extension CTA, and legal/adult disclaimer.",http://www.tubeninja.net/how-to-download/scatporn-tube|http://www.tubeninja.net/ar/kayfiyat-tahmil/scatporn-tube|http://www.tubeninja.net/de/download-anleitung/scatporn-tube|http://www.tubeninja.net/es/como-descargar/scatporn-tube|http://www.tubeninja.net/fa/how-to-download/scatporn-tube|http://www.tubeninja.net/fr/comment-telecharger/scatporn-tube|http://www.tubeninja.net/id/bagaimana-cara-mengunduh/scatporn-tube|http://www.tubeninja.net/it/come-scaricare/scatporn-tube
scatxxxporntube.com,scatxxxporntube,missing,,,download-scatxxxporntube-videos,/download-scatxxxporntube-videos,Scatxxxporntube Video Downloader,true,1,38,tubeninja.net,tubeninja.net,"Scatxxxporntube adult video downloader page; emphasize public videos, privacy, HD/MP4 formats, no popups, browser extension CTA, and legal/adult disclaimer.",http://www.tubeninja.net/how-to-download/scatxxxporntube|http://www.tubeninja.net/ar/kayfiyat-tahmil/scatxxxporntube|http://www.tubeninja.net/de/download-anleitung/scatxxxporntube|http://www.tubeninja.net/es/como-descargar/scatxxxporntube|http://www.tubeninja.net/fa/how-to-download/scatxxxporntube|http://www.tubeninja.net/fr/comment-telecharger/scatxxxporntube|http://www.tubeninja.net/id/bagaimana-cara-mengunduh/scatxxxporntube|http://www.tubeninja.net/it/come-scaricare/scatxxxporntube
seemyporn.com,seemyporn,missing,,,download-seemyporn-videos,/download-seemyporn-videos,Seemyporn Video Downloader,true,1,38,tubeninja.net,tubeninja.net,"Seemyporn adult video downloader page; emphasize public videos, privacy, HD/MP4 formats, no popups, browser extension CTA, and legal/adult disclaimer.",http://www.tubeninja.net/how-to-download/seemyporn|http://www.tubeninja.net/ar/kayfiyat-tahmil/seemyporn|http://www.tubeninja.net/de/download-anleitung/seemyporn|http://www.tubeninja.net/es/como-descargar/seemyporn|http://www.tubeninja.net/fa/how-to-download/seemyporn|http://www.tubeninja.net/fr/comment-telecharger/seemyporn|http://www.tubeninja.net/id/bagaimana-cara-mengunduh/seemyporn|http://www.tubeninja.net/it/come-scaricare/seemyporn
sex-dot.com,sex-dot,missing,,,download-sex-dot-videos,/download-sex-dot-videos,Sex Dot Video Downloader,true,1,38,tubeninja.net,tubeninja.net,"Sex Dot adult video downloader page; emphasize public videos, privacy, HD/MP4 formats, no popups, browser extension CTA, and legal/adult disclaimer.",http://www.tubeninja.net/how-to-download/sex-dot-com|http://www.tubeninja.net/ar/kayfiyat-tahmil/sex-dot-com|http://www.tubeninja.net/de/download-anleitung/sex-dot-com|http://www.tubeninja.net/es/como-descargar/sex-dot-com|http://www.tubeninja.net/fa/how-to-download/sex-dot-com|http://www.tubeninja.net/fr/comment-telecharger/sex-dot-com|http://www.tubeninja.net/id/bagaimana-cara-mengunduh/sex-dot-com|http://www.tubeninja.net/it/come-scaricare/sex-dot-com
sex-kadr.com,sex-kadr,missing,,,download-sex-kadr-videos,/download-sex-kadr-videos,Sex Kadr Video Downloader,true,1,38,tubeninja.net,tubeninja.net,"Sex Kadr adult video downloader page; emphasize public videos, privacy, HD/MP4 formats, no popups, browser extension CTA, and legal/adult disclaimer.",http://www.tubeninja.net/how-to-download/sex-kadr|http://www.tubeninja.net/ar/kayfiyat-tahmil/sex-kadr|http://www.tubeninja.net/de/download-anleitung/sex-kadr|http://www.tubeninja.net/es/como-descargar/sex-kadr|http://www.tubeninja.net/fa/how-to-download/sex-kadr|http://www.tubeninja.net/fr/comment-telecharger/sex-kadr|http://www.tubeninja.net/id/bagaimana-cara-mengunduh/sex-kadr|http://www.tubeninja.net/it/come-scaricare/sex-kadr
sex3.com,sex3,missing,,,download-sex3-videos,/download-sex3-videos,Sex3 Video Downloader,true,1,38,tubeninja.net,tubeninja.net,"Sex3 adult video downloader page; emphasize public videos, privacy, HD/MP4 formats, no popups, browser extension CTA, and legal/adult disclaimer.",http://www.tubeninja.net/how-to-download/sex3|http://www.tubeninja.net/ar/kayfiyat-tahmil/sex3|http://www.tubeninja.net/de/download-anleitung/sex3|http://www.tubeninja.net/es/como-descargar/sex3|http://www.tubeninja.net/fa/how-to-download/sex3|http://www.tubeninja.net/fr/comment-telecharger/sex3|http://www.tubeninja.net/id/bagaimana-cara-mengunduh/sex3|http://www.tubeninja.net/it/come-scaricare/sex3
sexart.com,sexart,missing,,,download-sexart-videos,/download-sexart-videos,Sexart Video Downloader,true,1,38,tubeninja.net,tubeninja.net,"Sexart adult video downloader page; emphasize public videos, privacy, HD/MP4 formats, no popups, browser extension CTA, and legal/adult disclaimer.",http://www.tubeninja.net/how-to-download/sexart|http://www.tubeninja.net/ar/kayfiyat-tahmil/sexart|http://www.tubeninja.net/de/download-anleitung/sexart|http://www.tubeninja.net/es/como-descargar/sexart|http://www.tubeninja.net/fa/how-to-download/sexart|http://www.tubeninja.net/fr/comment-telecharger/sexart|http://www.tubeninja.net/id/bagaimana-cara-mengunduh/sexart|http://www.tubeninja.net/it/come-scaricare/sexart
sexboomcams.com,sexboomcams,missing,,,download-sexboomcams-videos,/download-sexboomcams-videos,Sexboomcams Video Downloader,true,1,38,tubeninja.net,tubeninja.net,"Sexboomcams adult video downloader page; emphasize public videos, privacy, HD/MP4 formats, no popups, browser extension CTA, and legal/adult disclaimer.",http://www.tubeninja.net/how-to-download/sexboomcams|http://www.tubeninja.net/ar/kayfiyat-tahmil/sexboomcams|http://www.tubeninja.net/de/download-anleitung/sexboomcams|http://www.tubeninja.net/es/como-descargar/sexboomcams|http://www.tubeninja.net/fa/how-to-download/sexboomcams|http://www.tubeninja.net/fr/comment-telecharger/sexboomcams|http://www.tubeninja.net/id/bagaimana-cara-mengunduh/sexboomcams|http://www.tubeninja.net/it/come-scaricare/sexboomcams
sexcord.com,sexcord,missing,,,download-sexcord-videos,/download-sexcord-videos,Sexcord Video Downloader,true,1,38,tubeninja.net,tubeninja.net,"Sexcord adult video downloader page; emphasize public videos, privacy, HD/MP4 formats, no popups, browser extension CTA, and legal/adult disclaimer.",http://www.tubeninja.net/how-to-download/sexcord|http://www.tubeninja.net/ar/kayfiyat-tahmil/sexcord|http://www.tubeninja.net/de/download-anleitung/sexcord|http://www.tubeninja.net/es/como-descargar/sexcord|http://www.tubeninja.net/fa/how-to-download/sexcord|http://www.tubeninja.net/fr/comment-telecharger/sexcord|http://www.tubeninja.net/id/bagaimana-cara-mengunduh/sexcord|http://www.tubeninja.net/it/come-scaricare/sexcord
sexetag.com,sexetag,missing,,,download-sexetag-videos,/download-sexetag-videos,Sexetag Video Downloader,true,1,38,tubeninja.net,tubeninja.net,"Sexetag adult video downloader page; emphasize public videos, privacy, HD/MP4 formats, no popups, browser extension CTA, and legal/adult disclaimer.",http://www.tubeninja.net/how-to-download/sexetag|http://www.tubeninja.net/ar/kayfiyat-tahmil/sexetag|http://www.tubeninja.net/de/download-anleitung/sexetag|http://www.tubeninja.net/es/como-descargar/sexetag|http://www.tubeninja.net/fa/how-to-download/sexetag|http://www.tubeninja.net/fr/comment-telecharger/sexetag|http://www.tubeninja.net/id/bagaimana-cara-mengunduh/sexetag|http://www.tubeninja.net/it/come-scaricare/sexetag
sexfilmed.com,sexfilmed,missing,,,download-sexfilmed-videos,/download-sexfilmed-videos,Sexfilmed Video Downloader,true,1,38,tubeninja.net,tubeninja.net,"Sexfilmed adult video downloader page; emphasize public videos, privacy, HD/MP4 formats, no popups, browser extension CTA, and legal/adult disclaimer.",http://www.tubeninja.net/how-to-download/sexfilmed|http://www.tubeninja.net/ar/kayfiyat-tahmil/sexfilmed|http://www.tubeninja.net/de/download-anleitung/sexfilmed|http://www.tubeninja.net/es/como-descargar/sexfilmed|http://www.tubeninja.net/fa/how-to-download/sexfilmed|http://www.tubeninja.net/fr/comment-telecharger/sexfilmed|http://www.tubeninja.net/id/bagaimana-cara-mengunduh/sexfilmed|http://www.tubeninja.net/it/come-scaricare/sexfilmed
sexlew.com,sexlew,missing,,,download-sexlew-videos,/download-sexlew-videos,Sexlew Video Downloader,true,1,38,tubeninja.net,tubeninja.net,"Sexlew adult video downloader page; emphasize public videos, privacy, HD/MP4 formats, no popups, browser extension CTA, and legal/adult disclaimer.",http://www.tubeninja.net/how-to-download/sexlew|http://www.tubeninja.net/ar/kayfiyat-tahmil/sexlew|http://www.tubeninja.net/de/download-anleitung/sexlew|http://www.tubeninja.net/es/como-descargar/sexlew|http://www.tubeninja.net/fa/how-to-download/sexlew|http://www.tubeninja.net/fr/comment-telecharger/sexlew|http://www.tubeninja.net/id/bagaimana-cara-mengunduh/sexlew|http://www.tubeninja.net/it/come-scaricare/sexlew
sexmom.com,sexmom,missing,,,download-sexmom-videos,/download-sexmom-videos,Sexmom Video Downloader,true,1,38,tubeninja.net,tubeninja.net,"Sexmom adult video downloader page; emphasize public videos, privacy, HD/MP4 formats, no popups, browser extension CTA, and legal/adult disclaimer.",http://www.tubeninja.net/how-to-download/sexmom|http://www.tubeninja.net/ar/kayfiyat-tahmil/sexmom|http://www.tubeninja.net/de/download-anleitung/sexmom|http://www.tubeninja.net/es/como-descargar/sexmom|http://www.tubeninja.net/fa/how-to-download/sexmom|http://www.tubeninja.net/fr/comment-telecharger/sexmom|http://www.tubeninja.net/id/bagaimana-cara-mengunduh/sexmom|http://www.tubeninja.net/it/come-scaricare/sexmom
sexmotors.com,sexmotors,missing,,,download-sexmotors-videos,/download-sexmotors-videos,Sexmotors Video Downloader,true,1,38,tubeninja.net,tubeninja.net,"Sexmotors adult video downloader page; emphasize public videos, privacy, HD/MP4 formats, no popups, browser extension CTA, and legal/adult disclaimer.",http://www.tubeninja.net/how-to-download/sexmotors|http://www.tubeninja.net/ar/kayfiyat-tahmil/sexmotors|http://www.tubeninja.net/de/download-anleitung/sexmotors|http://www.tubeninja.net/es/como-descargar/sexmotors|http://www.tubeninja.net/fa/how-to-download/sexmotors|http://www.tubeninja.net/fr/comment-telecharger/sexmotors|http://www.tubeninja.net/id/bagaimana-cara-mengunduh/sexmotors|http://www.tubeninja.net/it/come-scaricare/sexmotors
sexo123.com,sexo123,missing,,,download-sexo123-videos,/download-sexo123-videos,Sexo123 Video Downloader,true,1,38,tubeninja.net,tubeninja.net,"Sexo123 adult video downloader page; emphasize public videos, privacy, HD/MP4 formats, no popups, browser extension CTA, and legal/adult disclaimer.",http://www.tubeninja.net/how-to-download/sexo123|http://www.tubeninja.net/ar/kayfiyat-tahmil/sexo123|http://www.tubeninja.net/de/download-anleitung/sexo123|http://www.tubeninja.net/es/como-descargar/sexo123|http://www.tubeninja.net/fa/how-to-download/sexo123|http://www.tubeninja.net/fr/comment-telecharger/sexo123|http://www.tubeninja.net/id/bagaimana-cara-mengunduh/sexo123|http://www.tubeninja.net/it/come-scaricare/sexo123
sexobelo.com,sexobelo,missing,,,download-sexobelo-videos,/download-sexobelo-videos,Sexobelo Video Downloader,true,1,38,tubeninja.net,tubeninja.net,"Sexobelo adult video downloader page; emphasize public videos, privacy, HD/MP4 formats, no popups, browser extension CTA, and legal/adult disclaimer.",http://www.tubeninja.net/how-to-download/sexobelo|http://www.tubeninja.net/ar/kayfiyat-tahmil/sexobelo|http://www.tubeninja.net/de/download-anleitung/sexobelo|http://www.tubeninja.net/es/como-descargar/sexobelo|http://www.tubeninja.net/fa/how-to-download/sexobelo|http://www.tubeninja.net/fr/comment-telecharger/sexobelo|http://www.tubeninja.net/id/bagaimana-cara-mengunduh/sexobelo|http://www.tubeninja.net/it/come-scaricare/sexobelo
sexogolic.com,sexogolic,missing,,,download-sexogolic-videos,/download-sexogolic-videos,Sexogolic Video Downloader,true,1,38,tubeninja.net,tubeninja.net,"Sexogolic adult video downloader page; emphasize public videos, privacy, HD/MP4 formats, no popups, browser extension CTA, and legal/adult disclaimer.",http://www.tubeninja.net/how-to-download/sexogolic|http://www.tubeninja.net/ar/kayfiyat-tahmil/sexogolic|http://www.tubeninja.net/de/download-anleitung/sexogolic|http://www.tubeninja.net/es/como-descargar/sexogolic|http://www.tubeninja.net/fa/how-to-download/sexogolic|http://www.tubeninja.net/fr/comment-telecharger/sexogolic|http://www.tubeninja.net/id/bagaimana-cara-mengunduh/sexogolic|http://www.tubeninja.net/it/come-scaricare/sexogolic
sexoporno.com,sexoporno,missing,,,download-sexoporno-videos,/download-sexoporno-videos,Sexoporno Video Downloader,true,1,38,tubeninja.net,tubeninja.net,"Sexoporno adult video downloader page; emphasize public videos, privacy, HD/MP4 formats, no popups, browser extension CTA, and legal/adult disclaimer.",http://www.tubeninja.net/how-to-download/sexoporno|http://www.tubeninja.net/ar/kayfiyat-tahmil/sexoporno|http://www.tubeninja.net/de/download-anleitung/sexoporno|http://www.tubeninja.net/es/como-descargar/sexoporno|http://www.tubeninja.net/fa/how-to-download/sexoporno|http://www.tubeninja.net/fr/comment-telecharger/sexoporno|http://www.tubeninja.net/id/bagaimana-cara-mengunduh/sexoporno|http://www.tubeninja.net/it/come-scaricare/sexoporno
sexoquente.com,sexoquente,missing,,,download-sexoquente-videos,/download-sexoquente-videos,Sexoquente Video Downloader,true,1,38,tubeninja.net,tubeninja.net,"Sexoquente adult video downloader page; emphasize public videos, privacy, HD/MP4 formats, no popups, browser extension CTA, and legal/adult disclaimer.",http://www.tubeninja.net/how-to-download/sexoquente|http://www.tubeninja.net/ar/kayfiyat-tahmil/sexoquente|http://www.tubeninja.net/de/download-anleitung/sexoquente|http://www.tubeninja.net/es/como-descargar/sexoquente|http://www.tubeninja.net/fa/how-to-download/sexoquente|http://www.tubeninja.net/fr/comment-telecharger/sexoquente|http://www.tubeninja.net/id/bagaimana-cara-mengunduh/sexoquente|http://www.tubeninja.net/it/come-scaricare/sexoquente
sexpip.com,sexpip,missing,,,download-sexpip-videos,/download-sexpip-videos,Sexpip Video Downloader,true,1,38,tubeninja.net,tubeninja.net,"Sexpip adult video downloader page; emphasize public videos, privacy, HD/MP4 formats, no popups, browser extension CTA, and legal/adult disclaimer.",http://www.tubeninja.net/how-to-download/sexpip|http://www.tubeninja.net/ar/kayfiyat-tahmil/sexpip|http://www.tubeninja.net/de/download-anleitung/sexpip|http://www.tubeninja.net/es/como-descargar/sexpip|http://www.tubeninja.net/fa/how-to-download/sexpip|http://www.tubeninja.net/fr/comment-telecharger/sexpip|http://www.tubeninja.net/id/bagaimana-cara-mengunduh/sexpip|http://www.tubeninja.net/it/come-scaricare/sexpip
sexpornasian.com,sexpornasian,missing,,,download-sexpornasian-videos,/download-sexpornasian-videos,Sexpornasian Video Downloader,true,1,38,tubeninja.net,tubeninja.net,"Sexpornasian adult video downloader page; emphasize public videos, privacy, HD/MP4 formats, no popups, browser extension CTA, and legal/adult disclaimer.",http://www.tubeninja.net/how-to-download/sexpornasian|http://www.tubeninja.net/ar/kayfiyat-tahmil/sexpornasian|http://www.tubeninja.net/de/download-anleitung/sexpornasian|http://www.tubeninja.net/es/como-descargar/sexpornasian|http://www.tubeninja.net/fa/how-to-download/sexpornasian|http://www.tubeninja.net/fr/comment-telecharger/sexpornasian|http://www.tubeninja.net/id/bagaimana-cara-mengunduh/sexpornasian|http://www.tubeninja.net/it/come-scaricare/sexpornasian
sexpower.com,sexpower,missing,,,download-sexpower-videos,/download-sexpower-videos,Sexpower Video Downloader,true,1,38,tubeninja.net,tubeninja.net,"Sexpower adult video downloader page; emphasize public videos, privacy, HD/MP4 formats, no popups, browser extension CTA, and legal/adult disclaimer.",http://www.tubeninja.net/how-to-download/sexpower|http://www.tubeninja.net/ar/kayfiyat-tahmil/sexpower|http://www.tubeninja.net/de/download-anleitung/sexpower|http://www.tubeninja.net/es/como-descargar/sexpower|http://www.tubeninja.net/fa/how-to-download/sexpower|http://www.tubeninja.net/fr/comment-telecharger/sexpower|http://www.tubeninja.net/id/bagaimana-cara-mengunduh/sexpower|http://www.tubeninja.net/it/come-scaricare/sexpower
sexrussia.tv,sexrussia,missing,,,download-sexrussia-videos,/download-sexrussia-videos,Sexrussia Video Downloader,true,1,38,tubeninja.net,tubeninja.net,"Sexrussia adult video downloader page; emphasize public videos, privacy, HD/MP4 formats, no popups, browser extension CTA, and legal/adult disclaimer.",http://www.tubeninja.net/how-to-download/sexrussia-tv|http://www.tubeninja.net/ar/kayfiyat-tahmil/sexrussia-tv|http://www.tubeninja.net/de/download-anleitung/sexrussia-tv|http://www.tubeninja.net/es/como-descargar/sexrussia-tv|http://www.tubeninja.net/fa/how-to-download/sexrussia-tv|http://www.tubeninja.net/fr/comment-telecharger/sexrussia-tv|http://www.tubeninja.net/id/bagaimana-cara-mengunduh/sexrussia-tv|http://www.tubeninja.net/it/come-scaricare/sexrussia-tv
sexsaoy.com,sexsaoy,missing,,,download-sexsaoy-videos,/download-sexsaoy-videos,Sexsaoy Video Downloader,true,1,38,tubeninja.net,tubeninja.net,"Sexsaoy adult video downloader page; emphasize public videos, privacy, HD/MP4 formats, no popups, browser extension CTA, and legal/adult disclaimer.",http://www.tubeninja.net/how-to-download/sexsaoy|http://www.tubeninja.net/ar/kayfiyat-tahmil/sexsaoy|http://www.tubeninja.net/de/download-anleitung/sexsaoy|http://www.tubeninja.net/es/como-descargar/sexsaoy|http://www.tubeninja.net/fa/how-to-download/sexsaoy|http://www.tubeninja.net/fr/comment-telecharger/sexsaoy|http://www.tubeninja.net/id/bagaimana-cara-mengunduh/sexsaoy|http://www.tubeninja.net/it/come-scaricare/sexsaoy
sexteachermom.com,sexteachermom,missing,,,download-sexteachermom-videos,/download-sexteachermom-videos,Sexteachermom Video Downloader,true,1,38,tubeninja.net,tubeninja.net,"Sexteachermom adult video downloader page; emphasize public videos, privacy, HD/MP4 formats, no popups, browser extension CTA, and legal/adult disclaimer.",http://www.tubeninja.net/how-to-download/sexteachermom|http://www.tubeninja.net/ar/kayfiyat-tahmil/sexteachermom|http://www.tubeninja.net/de/download-anleitung/sexteachermom|http://www.tubeninja.net/es/como-descargar/sexteachermom|http://www.tubeninja.net/fa/how-to-download/sexteachermom|http://www.tubeninja.net/fr/comment-telecharger/sexteachermom|http://www.tubeninja.net/id/bagaimana-cara-mengunduh/sexteachermom|http://www.tubeninja.net/it/come-scaricare/sexteachermom
sextubedot.com,sextubedot,missing,,,download-sextubedot-videos,/download-sextubedot-videos,Sextubedot Video Downloader,true,1,38,tubeninja.net,tubeninja.net,"Sextubedot adult video downloader page; emphasize public videos, privacy, HD/MP4 formats, no popups, browser extension CTA, and legal/adult disclaimer.",http://www.tubeninja.net/how-to-download/sextubedot|http://www.tubeninja.net/ar/kayfiyat-tahmil/sextubedot|http://www.tubeninja.net/de/download-anleitung/sextubedot|http://www.tubeninja.net/es/como-descargar/sextubedot|http://www.tubeninja.net/fa/how-to-download/sextubedot|http://www.tubeninja.net/fr/comment-telecharger/sextubedot|http://www.tubeninja.net/id/bagaimana-cara-mengunduh/sextubedot|http://www.tubeninja.net/it/come-scaricare/sextubedot
sexuhot.com,sexuhot,missing,,,download-sexuhot-videos,/download-sexuhot-videos,Sexuhot Video Downloader,true,1,38,tubeninja.net,tubeninja.net,"Sexuhot adult video downloader page; emphasize public videos, privacy, HD/MP4 formats, no popups, browser extension CTA, and legal/adult disclaimer.",http://www.tubeninja.net/how-to-download/sexuhot|http://www.tubeninja.net/ar/kayfiyat-tahmil/sexuhot|http://www.tubeninja.net/de/download-anleitung/sexuhot|http://www.tubeninja.net/es/como-descargar/sexuhot|http://www.tubeninja.net/fa/how-to-download/sexuhot|http://www.tubeninja.net/fr/comment-telecharger/sexuhot|http://www.tubeninja.net/id/bagaimana-cara-mengunduh/sexuhot|http://www.tubeninja.net/it/come-scaricare/sexuhot
sexwebgirls.com,sexwebgirls,missing,,,download-sexwebgirls-videos,/download-sexwebgirls-videos,Sexwebgirls Video Downloader,true,1,38,tubeninja.net,tubeninja.net,"Sexwebgirls adult video downloader page; emphasize public videos, privacy, HD/MP4 formats, no popups, browser extension CTA, and legal/adult disclaimer.",http://www.tubeninja.net/how-to-download/sexwebgirls|http://www.tubeninja.net/ar/kayfiyat-tahmil/sexwebgirls|http://www.tubeninja.net/de/download-anleitung/sexwebgirls|http://www.tubeninja.net/es/como-descargar/sexwebgirls|http://www.tubeninja.net/fa/how-to-download/sexwebgirls|http://www.tubeninja.net/fr/comment-telecharger/sexwebgirls|http://www.tubeninja.net/id/bagaimana-cara-mengunduh/sexwebgirls|http://www.tubeninja.net/it/come-scaricare/sexwebgirls
sexwebvideo.com,sexwebvideo,missing,,,download-sexwebvideo-videos,/download-sexwebvideo-videos,Sexwebvideo Video Downloader,true,1,38,tubeninja.net,tubeninja.net,"Sexwebvideo adult video downloader page; emphasize public videos, privacy, HD/MP4 formats, no popups, browser extension CTA, and legal/adult disclaimer.",http://www.tubeninja.net/how-to-download/sexwebvideo|http://www.tubeninja.net/ar/kayfiyat-tahmil/sexwebvideo|http://www.tubeninja.net/de/download-anleitung/sexwebvideo|http://www.tubeninja.net/es/como-descargar/sexwebvideo|http://www.tubeninja.net/fa/how-to-download/sexwebvideo|http://www.tubeninja.net/fr/comment-telecharger/sexwebvideo|http://www.tubeninja.net/id/bagaimana-cara-mengunduh/sexwebvideo|http://www.tubeninja.net/it/come-scaricare/sexwebvideo
sexxxx.me,sexxxx,missing,,,download-sexxxx-videos,/download-sexxxx-videos,Sexxxx Video Downloader,true,1,38,tubeninja.net,tubeninja.net,"Sexxxx adult video downloader page; emphasize public videos, privacy, HD/MP4 formats, no popups, browser extension CTA, and legal/adult disclaimer.",http://www.tubeninja.net/how-to-download/sexxxx-me|http://www.tubeninja.net/ar/kayfiyat-tahmil/sexxxx-me|http://www.tubeninja.net/de/download-anleitung/sexxxx-me|http://www.tubeninja.net/es/como-descargar/sexxxx-me|http://www.tubeninja.net/fa/how-to-download/sexxxx-me|http://www.tubeninja.net/fr/comment-telecharger/sexxxx-me|http://www.tubeninja.net/id/bagaimana-cara-mengunduh/sexxxx-me|http://www.tubeninja.net/it/come-scaricare/sexxxx-me
sexy-streaming.com,sexy-streaming,missing,,,download-sexy-streaming-videos,/download-sexy-streaming-videos,Sexy Streaming Video Downloader,true,1,38,tubeninja.net,tubeninja.net,"Sexy Streaming adult video downloader page; emphasize public videos, privacy, HD/MP4 formats, no popups, browser extension CTA, and legal/adult disclaimer.",http://www.tubeninja.net/how-to-download/sexy-streaming|http://www.tubeninja.net/ar/kayfiyat-tahmil/sexy-streaming|http://www.tubeninja.net/de/download-anleitung/sexy-streaming|http://www.tubeninja.net/es/como-descargar/sexy-streaming|http://www.tubeninja.net/fa/how-to-download/sexy-streaming|http://www.tubeninja.net/fr/comment-telecharger/sexy-streaming|http://www.tubeninja.net/id/bagaimana-cara-mengunduh/sexy-streaming|http://www.tubeninja.net/it/come-scaricare/sexy-streaming
sexy-youtubers.com,sexy-youtubers,missing,,,download-sexy-youtubers-videos,/download-sexy-youtubers-videos,Sexy Youtubers Video Downloader,true,1,38,tubeninja.net,tubeninja.net,"Sexy Youtubers adult video downloader page; emphasize public videos, privacy, HD/MP4 formats, no popups, browser extension CTA, and legal/adult disclaimer.",http://www.tubeninja.net/how-to-download/sexy-youtubers|http://www.tubeninja.net/ar/kayfiyat-tahmil/sexy-youtubers|http://www.tubeninja.net/de/download-anleitung/sexy-youtubers|http://www.tubeninja.net/es/como-descargar/sexy-youtubers|http://www.tubeninja.net/fa/how-to-download/sexy-youtubers|http://www.tubeninja.net/fr/comment-telecharger/sexy-youtubers|http://www.tubeninja.net/id/bagaimana-cara-mengunduh/sexy-youtubers|http://www.tubeninja.net/it/come-scaricare/sexy-youtubers
sexy18tube.com,sexy18tube,missing,,,download-sexy18tube-videos,/download-sexy18tube-videos,Sexy18tube Video Downloader,true,1,38,tubeninja.net,tubeninja.net,"Sexy18tube adult video downloader page; emphasize public videos, privacy, HD/MP4 formats, no popups, browser extension CTA, and legal/adult disclaimer.",http://www.tubeninja.net/how-to-download/sexy18tube|http://www.tubeninja.net/ar/kayfiyat-tahmil/sexy18tube|http://www.tubeninja.net/de/download-anleitung/sexy18tube|http://www.tubeninja.net/es/como-descargar/sexy18tube|http://www.tubeninja.net/fa/how-to-download/sexy18tube|http://www.tubeninja.net/fr/comment-telecharger/sexy18tube|http://www.tubeninja.net/id/bagaimana-cara-mengunduh/sexy18tube|http://www.tubeninja.net/it/come-scaricare/sexy18tube
sexyandfunny.com,sexyandfunny,missing,,,download-sexyandfunny-videos,/download-sexyandfunny-videos,Sexyandfunny Video Downloader,true,1,38,tubeninja.net,tubeninja.net,"Sexyandfunny adult video downloader page; emphasize public videos, privacy, HD/MP4 formats, no popups, browser extension CTA, and legal/adult disclaimer.",http://www.tubeninja.net/how-to-download/sexyandfunny|http://www.tubeninja.net/ar/kayfiyat-tahmil/sexyandfunny|http://www.tubeninja.net/de/download-anleitung/sexyandfunny|http://www.tubeninja.net/es/como-descargar/sexyandfunny|http://www.tubeninja.net/fa/how-to-download/sexyandfunny|http://www.tubeninja.net/fr/comment-telecharger/sexyandfunny|http://www.tubeninja.net/id/bagaimana-cara-mengunduh/sexyandfunny|http://www.tubeninja.net/it/come-scaricare/sexyandfunny
sexybolt.com,sexybolt,missing,,,download-sexybolt-videos,/download-sexybolt-videos,Sexybolt Video Downloader,true,1,38,tubeninja.net,tubeninja.net,"Sexybolt adult video downloader page; emphasize public videos, privacy, HD/MP4 formats, no popups, browser extension CTA, and legal/adult disclaimer.",http://www.tubeninja.net/how-to-download/sexybolt|http://www.tubeninja.net/ar/kayfiyat-tahmil/sexybolt|http://www.tubeninja.net/de/download-anleitung/sexybolt|http://www.tubeninja.net/es/como-descargar/sexybolt|http://www.tubeninja.net/fa/how-to-download/sexybolt|http://www.tubeninja.net/fr/comment-telecharger/sexybolt|http://www.tubeninja.net/id/bagaimana-cara-mengunduh/sexybolt|http://www.tubeninja.net/it/come-scaricare/sexybolt
sexykittenporn.com,sexykittenporn,missing,,,download-sexykittenporn-videos,/download-sexykittenporn-videos,Sexykittenporn Video Downloader,true,1,38,tubeninja.net,tubeninja.net,"Sexykittenporn adult video downloader page; emphasize public videos, privacy, HD/MP4 formats, no popups, browser extension CTA, and legal/adult disclaimer.",http://www.tubeninja.net/how-to-download/sexykittenporn|http://www.tubeninja.net/ar/kayfiyat-tahmil/sexykittenporn|http://www.tubeninja.net/de/download-anleitung/sexykittenporn|http://www.tubeninja.net/es/como-descargar/sexykittenporn|http://www.tubeninja.net/fa/how-to-download/sexykittenporn|http://www.tubeninja.net/fr/comment-telecharger/sexykittenporn|http://www.tubeninja.net/id/bagaimana-cara-mengunduh/sexykittenporn|http://www.tubeninja.net/it/come-scaricare/sexykittenporn
sirenxxxcash.com,sirenxxxcash,missing,,,download-sirenxxxcash-videos,/download-sirenxxxcash-videos,Sirenxxxcash Video Downloader,true,1,38,tubeninja.net,tubeninja.net,"Sirenxxxcash adult video downloader page; emphasize public videos, privacy, HD/MP4 formats, no popups, browser extension CTA, and legal/adult disclaimer.",http://www.tubeninja.net/how-to-download/sirenxxxcash|http://www.tubeninja.net/ar/kayfiyat-tahmil/sirenxxxcash|http://www.tubeninja.net/de/download-anleitung/sirenxxxcash|http://www.tubeninja.net/es/como-descargar/sirenxxxcash|http://www.tubeninja.net/fa/how-to-download/sirenxxxcash|http://www.tubeninja.net/fr/comment-telecharger/sirenxxxcash|http://www.tubeninja.net/id/bagaimana-cara-mengunduh/sirenxxxcash|http://www.tubeninja.net/it/come-scaricare/sirenxxxcash
skeetporntube.com,skeetporntube,missing,,,download-skeetporntube-videos,/download-skeetporntube-videos,Skeetporntube Video Downloader,true,1,38,tubeninja.net,tubeninja.net,"Skeetporntube adult video downloader page; emphasize public videos, privacy, HD/MP4 formats, no popups, browser extension CTA, and legal/adult disclaimer.",http://www.tubeninja.net/how-to-download/skeetporntube|http://www.tubeninja.net/ar/kayfiyat-tahmil/skeetporntube|http://www.tubeninja.net/de/download-anleitung/skeetporntube|http://www.tubeninja.net/es/como-descargar/skeetporntube|http://www.tubeninja.net/fa/how-to-download/skeetporntube|http://www.tubeninja.net/fr/comment-telecharger/skeetporntube|http://www.tubeninja.net/id/bagaimana-cara-mengunduh/skeetporntube|http://www.tubeninja.net/it/come-scaricare/skeetporntube
slutroulette.com,slutroulette,missing,,,download-slutroulette-videos,/download-slutroulette-videos,Slutroulette Video Downloader,true,1,38,tubeninja.net,tubeninja.net,"Slutroulette adult video downloader page; emphasize public videos, privacy, HD/MP4 formats, no popups, browser extension CTA, and legal/adult disclaimer.",http://www.tubeninja.net/how-to-download/slutroulette|http://www.tubeninja.net/ar/kayfiyat-tahmil/slutroulette|http://www.tubeninja.net/de/download-anleitung/slutroulette|http://www.tubeninja.net/es/como-descargar/slutroulette|http://www.tubeninja.net/fa/how-to-download/slutroulette|http://www.tubeninja.net/fr/comment-telecharger/slutroulette|http://www.tubeninja.net/id/bagaimana-cara-mengunduh/slutroulette|http://www.tubeninja.net/it/come-scaricare/slutroulette
streamhentaimovies.com,streamhentaimovies,missing,,,download-streamhentaimovies-videos,/download-streamhentaimovies-videos,Streamhentaimovies Video Downloader,true,1,38,tubeninja.net,tubeninja.net,"Streamhentaimovies adult video downloader page; emphasize public videos, privacy, HD/MP4 formats, no popups, browser extension CTA, and legal/adult disclaimer.",http://www.tubeninja.net/how-to-download/streamhentaimovies|http://www.tubeninja.net/ar/kayfiyat-tahmil/streamhentaimovies|http://www.tubeninja.net/de/download-anleitung/streamhentaimovies|http://www.tubeninja.net/es/como-descargar/streamhentaimovies|http://www.tubeninja.net/fa/how-to-download/streamhentaimovies|http://www.tubeninja.net/fr/comment-telecharger/streamhentaimovies|http://www.tubeninja.net/id/bagaimana-cara-mengunduh/streamhentaimovies|http://www.tubeninja.net/it/come-scaricare/streamhentaimovies
streamsex.com,streamsex,missing,,,download-streamsex-videos,/download-streamsex-videos,Streamsex Video Downloader,true,1,38,tubeninja.net,tubeninja.net,"Streamsex adult video downloader page; emphasize public videos, privacy, HD/MP4 formats, no popups, browser extension CTA, and legal/adult disclaimer.",http://www.tubeninja.net/how-to-download/streamsex|http://www.tubeninja.net/ar/kayfiyat-tahmil/streamsex|http://www.tubeninja.net/de/download-anleitung/streamsex|http://www.tubeninja.net/es/como-descargar/streamsex|http://www.tubeninja.net/fa/how-to-download/streamsex|http://www.tubeninja.net/fr/comment-telecharger/streamsex|http://www.tubeninja.net/id/bagaimana-cara-mengunduh/streamsex|http://www.tubeninja.net/it/come-scaricare/streamsex
superhqporn.com,superhqporn,missing,,,download-superhqporn-videos,/download-superhqporn-videos,Superhqporn Video Downloader,true,1,38,tubeninja.net,tubeninja.net,"Superhqporn adult video downloader page; emphasize public videos, privacy, HD/MP4 formats, no popups, browser extension CTA, and legal/adult disclaimer.",http://www.tubeninja.net/how-to-download/superhqporn|http://www.tubeninja.net/ar/kayfiyat-tahmil/superhqporn|http://www.tubeninja.net/de/download-anleitung/superhqporn|http://www.tubeninja.net/es/como-descargar/superhqporn|http://www.tubeninja.net/fa/how-to-download/superhqporn|http://www.tubeninja.net/fr/comment-telecharger/superhqporn|http://www.tubeninja.net/id/bagaimana-cara-mengunduh/superhqporn|http://www.tubeninja.net/it/come-scaricare/superhqporn
tableterotica.com,tableterotica,missing,,,download-tableterotica-videos,/download-tableterotica-videos,Tableterotica Video Downloader,true,1,38,tubeninja.net,tubeninja.net,"Tableterotica adult video downloader page; emphasize public videos, privacy, HD/MP4 formats, no popups, browser extension CTA, and legal/adult disclaimer.",http://www.tubeninja.net/how-to-download/tableterotica|http://www.tubeninja.net/ar/kayfiyat-tahmil/tableterotica|http://www.tubeninja.net/de/download-anleitung/tableterotica|http://www.tubeninja.net/es/como-descargar/tableterotica|http://www.tubeninja.net/fa/how-to-download/tableterotica|http://www.tubeninja.net/fr/comment-telecharger/tableterotica|http://www.tubeninja.net/id/bagaimana-cara-mengunduh/tableterotica|http://www.tubeninja.net/it/come-scaricare/tableterotica
teamskeetfans.com,teamskeetfans,missing,,,download-teamskeetfans-videos,/download-teamskeetfans-videos,Teamskeetfans Video Downloader,true,1,38,tubeninja.net,tubeninja.net,"Teamskeetfans adult video downloader page; emphasize public videos, privacy, HD/MP4 formats, no popups, browser extension CTA, and legal/adult disclaimer.",http://www.tubeninja.net/how-to-download/teamskeetfans|http://www.tubeninja.net/ar/kayfiyat-tahmil/teamskeetfans|http://www.tubeninja.net/de/download-anleitung/teamskeetfans|http://www.tubeninja.net/es/como-descargar/teamskeetfans|http://www.tubeninja.net/fa/how-to-download/teamskeetfans|http://www.tubeninja.net/fr/comment-telecharger/teamskeetfans|http://www.tubeninja.net/id/bagaimana-cara-mengunduh/teamskeetfans|http://www.tubeninja.net/it/come-scaricare/teamskeetfans
teenextube.com,teenextube,missing,,,download-teenextube-videos,/download-teenextube-videos,Teenextube Video Downloader,true,1,38,tubeninja.net,tubeninja.net,"Teenextube adult video downloader page; emphasize public videos, privacy, HD/MP4 formats, no popups, browser extension CTA, and legal/adult disclaimer.",http://www.tubeninja.net/how-to-download/teenextube|http://www.tubeninja.net/ar/kayfiyat-tahmil/teenextube|http://www.tubeninja.net/de/download-anleitung/teenextube|http://www.tubeninja.net/es/como-descargar/teenextube|http://www.tubeninja.net/fa/how-to-download/teenextube|http://www.tubeninja.net/fr/comment-telecharger/teenextube|http://www.tubeninja.net/id/bagaimana-cara-mengunduh/teenextube|http://www.tubeninja.net/it/come-scaricare/teenextube
teenporntube.com,teenporntube,missing,,,download-teenporntube-videos,/download-teenporntube-videos,Teenporntube Video Downloader,true,1,38,tubeninja.net,tubeninja.net,"Teenporntube adult video downloader page; emphasize public videos, privacy, HD/MP4 formats, no popups, browser extension CTA, and legal/adult disclaimer.",http://www.tubeninja.net/how-to-download/teenporntube|http://www.tubeninja.net/ar/kayfiyat-tahmil/teenporntube|http://www.tubeninja.net/de/download-anleitung/teenporntube|http://www.tubeninja.net/es/como-descargar/teenporntube|http://www.tubeninja.net/fa/how-to-download/teenporntube|http://www.tubeninja.net/fr/comment-telecharger/teenporntube|http://www.tubeninja.net/id/bagaimana-cara-mengunduh/teenporntube|http://www.tubeninja.net/it/come-scaricare/teenporntube
teenpornvideo.com,teenpornvideo,missing,,,download-teenpornvideo-videos,/download-teenpornvideo-videos,Teenpornvideo Video Downloader,true,1,38,tubeninja.net,tubeninja.net,"Teenpornvideo adult video downloader page; emphasize public videos, privacy, HD/MP4 formats, no popups, browser extension CTA, and legal/adult disclaimer.",http://www.tubeninja.net/how-to-download/teenpornvideo|http://www.tubeninja.net/ar/kayfiyat-tahmil/teenpornvideo|http://www.tubeninja.net/de/download-anleitung/teenpornvideo|http://www.tubeninja.net/es/como-descargar/teenpornvideo|http://www.tubeninja.net/fa/how-to-download/teenpornvideo|http://www.tubeninja.net/fr/comment-telecharger/teenpornvideo|http://www.tubeninja.net/id/bagaimana-cara-mengunduh/teenpornvideo|http://www.tubeninja.net/it/come-scaricare/teenpornvideo
teensexmovs.com,teensexmovs,missing,,,download-teensexmovs-videos,/download-teensexmovs-videos,Teensexmovs Video Downloader,true,1,38,tubeninja.net,tubeninja.net,"Teensexmovs adult video downloader page; emphasize public videos, privacy, HD/MP4 formats, no popups, browser extension CTA, and legal/adult disclaimer.",http://www.tubeninja.net/how-to-download/teensexmovs|http://www.tubeninja.net/ar/kayfiyat-tahmil/teensexmovs|http://www.tubeninja.net/de/download-anleitung/teensexmovs|http://www.tubeninja.net/es/como-descargar/teensexmovs|http://www.tubeninja.net/fa/how-to-download/teensexmovs|http://www.tubeninja.net/fr/comment-telecharger/teensexmovs|http://www.tubeninja.net/id/bagaimana-cara-mengunduh/teensexmovs|http://www.tubeninja.net/it/come-scaricare/teensexmovs
teenxxxhub.com,teenxxxhub,missing,,,download-teenxxxhub-videos,/download-teenxxxhub-videos,Teenxxxhub Video Downloader,true,1,38,tubeninja.net,tubeninja.net,"Teenxxxhub adult video downloader page; emphasize public videos, privacy, HD/MP4 formats, no popups, browser extension CTA, and legal/adult disclaimer.",http://www.tubeninja.net/how-to-download/teenxxxhub|http://www.tubeninja.net/ar/kayfiyat-tahmil/teenxxxhub|http://www.tubeninja.net/de/download-anleitung/teenxxxhub|http://www.tubeninja.net/es/como-descargar/teenxxxhub|http://www.tubeninja.net/fa/how-to-download/teenxxxhub|http://www.tubeninja.net/fr/comment-telecharger/teenxxxhub|http://www.tubeninja.net/id/bagaimana-cara-mengunduh/teenxxxhub|http://www.tubeninja.net/it/come-scaricare/teenxxxhub
thecartoonporntube.com,thecartoonporntube,missing,,,download-thecartoonporntube-videos,/download-thecartoonporntube-videos,Thecartoonporntube Video Downloader,true,1,38,tubeninja.net,tubeninja.net,"Thecartoonporntube adult video downloader page; emphasize public videos, privacy, HD/MP4 formats, no popups, browser extension CTA, and legal/adult disclaimer.",http://www.tubeninja.net/how-to-download/thecartoonporntube|http://www.tubeninja.net/ar/kayfiyat-tahmil/thecartoonporntube|http://www.tubeninja.net/de/download-anleitung/thecartoonporntube|http://www.tubeninja.net/es/como-descargar/thecartoonporntube|http://www.tubeninja.net/fa/how-to-download/thecartoonporntube|http://www.tubeninja.net/fr/comment-telecharger/thecartoonporntube|http://www.tubeninja.net/id/bagaimana-cara-mengunduh/thecartoonporntube|http://www.tubeninja.net/it/come-scaricare/thecartoonporntube
thefappening.com,thefappening,missing,,,download-thefappening-videos,/download-thefappening-videos,Thefappening Video Downloader,true,1,38,tubeninja.net,tubeninja.net,"Thefappening adult video downloader page; emphasize public videos, privacy, HD/MP4 formats, no popups, browser extension CTA, and legal/adult disclaimer.",http://www.tubeninja.net/how-to-download/thefappening|http://www.tubeninja.net/ar/kayfiyat-tahmil/thefappening|http://www.tubeninja.net/de/download-anleitung/thefappening|http://www.tubeninja.net/es/como-descargar/thefappening|http://www.tubeninja.net/fa/how-to-download/thefappening|http://www.tubeninja.net/fr/comment-telecharger/thefappening|http://www.tubeninja.net/id/bagaimana-cara-mengunduh/thefappening|http://www.tubeninja.net/it/come-scaricare/thefappening
thehentaiworld.com,thehentaiworld,missing,,,download-thehentaiworld-videos,/download-thehentaiworld-videos,Thehentaiworld Video Downloader,true,1,38,tubeninja.net,tubeninja.net,"Thehentaiworld adult video downloader page; emphasize public videos, privacy, HD/MP4 formats, no popups, browser extension CTA, and legal/adult disclaimer.",http://www.tubeninja.net/how-to-download/thehentaiworld|http://www.tubeninja.net/ar/kayfiyat-tahmil/thehentaiworld|http://www.tubeninja.net/de/download-anleitung/thehentaiworld|http://www.tubeninja.net/es/como-descargar/thehentaiworld|http://www.tubeninja.net/fa/how-to-download/thehentaiworld|http://www.tubeninja.net/fr/comment-telecharger/thehentaiworld|http://www.tubeninja.net/id/bagaimana-cara-mengunduh/thehentaiworld|http://www.tubeninja.net/it/come-scaricare/thehentaiworld
thelifeerotic.com,thelifeerotic,missing,,,download-thelifeerotic-videos,/download-thelifeerotic-videos,Thelifeerotic Video Downloader,true,1,38,tubeninja.net,tubeninja.net,"Thelifeerotic adult video downloader page; emphasize public videos, privacy, HD/MP4 formats, no popups, browser extension CTA, and legal/adult disclaimer.",http://www.tubeninja.net/how-to-download/thelifeerotic|http://www.tubeninja.net/ar/kayfiyat-tahmil/thelifeerotic|http://www.tubeninja.net/de/download-anleitung/thelifeerotic|http://www.tubeninja.net/es/como-descargar/thelifeerotic|http://www.tubeninja.net/fa/how-to-download/thelifeerotic|http://www.tubeninja.net/fr/comment-telecharger/thelifeerotic|http://www.tubeninja.net/id/bagaimana-cara-mengunduh/thelifeerotic|http://www.tubeninja.net/it/come-scaricare/thelifeerotic
thotsextapes.com,thotsextapes,missing,,,download-thotsextapes-videos,/download-thotsextapes-videos,Thotsextapes Video Downloader,true,1,38,tubeninja.net,tubeninja.net,"Thotsextapes adult video downloader page; emphasize public videos, privacy, HD/MP4 formats, no popups, browser extension CTA, and legal/adult disclaimer.",http://www.tubeninja.net/how-to-download/thotsextapes|http://www.tubeninja.net/ar/kayfiyat-tahmil/thotsextapes|http://www.tubeninja.net/de/download-anleitung/thotsextapes|http://www.tubeninja.net/es/como-descargar/thotsextapes|http://www.tubeninja.net/fa/how-to-download/thotsextapes|http://www.tubeninja.net/fr/comment-telecharger/thotsextapes|http://www.tubeninja.net/id/bagaimana-cara-mengunduh/thotsextapes|http://www.tubeninja.net/it/come-scaricare/thotsextapes
tinydicktube.com,tinydicktube,missing,,,download-tinydicktube-videos,/download-tinydicktube-videos,Tinydicktube Video Downloader,true,1,38,tubeninja.net,tubeninja.net,"Tinydicktube adult video downloader page; emphasize public videos, privacy, HD/MP4 formats, no popups, browser extension CTA, and legal/adult disclaimer.",http://www.tubeninja.net/how-to-download/tinydicktube|http://www.tubeninja.net/ar/kayfiyat-tahmil/tinydicktube|http://www.tubeninja.net/de/download-anleitung/tinydicktube|http://www.tubeninja.net/es/como-descargar/tinydicktube|http://www.tubeninja.net/fa/how-to-download/tinydicktube|http://www.tubeninja.net/fr/comment-telecharger/tinydicktube|http://www.tubeninja.net/id/bagaimana-cara-mengunduh/tinydicktube|http://www.tubeninja.net/it/come-scaricare/tinydicktube
titshits.com,titshits,missing,,,download-titshits-videos,/download-titshits-videos,Titshits Video Downloader,true,1,38,tubeninja.net,tubeninja.net,"Titshits adult video downloader page; emphasize public videos, privacy, HD/MP4 formats, no popups, browser extension CTA, and legal/adult disclaimer.",http://www.tubeninja.net/how-to-download/titshits|http://www.tubeninja.net/ar/kayfiyat-tahmil/titshits|http://www.tubeninja.net/de/download-anleitung/titshits|http://www.tubeninja.net/es/como-descargar/titshits|http://www.tubeninja.net/fa/how-to-download/titshits|http://www.tubeninja.net/fr/comment-telecharger/titshits|http://www.tubeninja.net/id/bagaimana-cara-mengunduh/titshits|http://www.tubeninja.net/it/come-scaricare/titshits
tourporno.com,tourporno,missing,,,download-tourporno-videos,/download-tourporno-videos,Tourporno Video Downloader,true,1,38,tubeninja.net,tubeninja.net,"Tourporno adult video downloader page; emphasize public videos, privacy, HD/MP4 formats, no popups, browser extension CTA, and legal/adult disclaimer.",http://www.tubeninja.net/how-to-download/tourporno|http://www.tubeninja.net/ar/kayfiyat-tahmil/tourporno|http://www.tubeninja.net/de/download-anleitung/tourporno|http://www.tubeninja.net/es/como-descargar/tourporno|http://www.tubeninja.net/fa/how-to-download/tourporno|http://www.tubeninja.net/fr/comment-telecharger/tourporno|http://www.tubeninja.net/id/bagaimana-cara-mengunduh/tourporno|http://www.tubeninja.net/it/come-scaricare/tourporno
trixhentai.com,trixhentai,missing,,,download-trixhentai-videos,/download-trixhentai-videos,Trixhentai Video Downloader,true,1,38,tubeninja.net,tubeninja.net,"Trixhentai adult video downloader page; emphasize public videos, privacy, HD/MP4 formats, no popups, browser extension CTA, and legal/adult disclaimer.",http://www.tubeninja.net/how-to-download/trixhentai|http://www.tubeninja.net/ar/kayfiyat-tahmil/trixhentai|http://www.tubeninja.net/de/download-anleitung/trixhentai|http://www.tubeninja.net/es/como-descargar/trixhentai|http://www.tubeninja.net/fa/how-to-download/trixhentai|http://www.tubeninja.net/fr/comment-telecharger/trixhentai|http://www.tubeninja.net/id/bagaimana-cara-mengunduh/trixhentai|http://www.tubeninja.net/it/come-scaricare/trixhentai
tube4cum.com,tube4cum,missing,,,download-tube4cum-videos,/download-tube4cum-videos,Tube4cum Video Downloader,true,1,38,tubeninja.net,tubeninja.net,"Tube4cum adult video downloader page; emphasize public videos, privacy, HD/MP4 formats, no popups, browser extension CTA, and legal/adult disclaimer.",http://www.tubeninja.net/how-to-download/tube4cum|http://www.tubeninja.net/ar/kayfiyat-tahmil/tube4cum|http://www.tubeninja.net/de/download-anleitung/tube4cum|http://www.tubeninja.net/es/como-descargar/tube4cum|http://www.tubeninja.net/fa/how-to-download/tube4cum|http://www.tubeninja.net/fr/comment-telecharger/tube4cum|http://www.tubeninja.net/id/bagaimana-cara-mengunduh/tube4cum|http://www.tubeninja.net/it/come-scaricare/tube4cum
tubehqxxx.com,tubehqxxx,missing,,,download-tubehqxxx-videos,/download-tubehqxxx-videos,Tubehqxxx Video Downloader,true,1,38,tubeninja.net,tubeninja.net,"Tubehqxxx adult video downloader page; emphasize public videos, privacy, HD/MP4 formats, no popups, browser extension CTA, and legal/adult disclaimer.",http://www.tubeninja.net/how-to-download/tubehqxxx|http://www.tubeninja.net/ar/kayfiyat-tahmil/tubehqxxx|http://www.tubeninja.net/de/download-anleitung/tubehqxxx|http://www.tubeninja.net/es/como-descargar/tubehqxxx|http://www.tubeninja.net/fa/how-to-download/tubehqxxx|http://www.tubeninja.net/fr/comment-telecharger/tubehqxxx|http://www.tubeninja.net/id/bagaimana-cara-mengunduh/tubehqxxx|http://www.tubeninja.net/it/come-scaricare/tubehqxxx
tubemilfxxx.com,tubemilfxxx,missing,,,download-tubemilfxxx-videos,/download-tubemilfxxx-videos,Tubemilfxxx Video Downloader,true,1,38,tubeninja.net,tubeninja.net,"Tubemilfxxx adult video downloader page; emphasize public videos, privacy, HD/MP4 formats, no popups, browser extension CTA, and legal/adult disclaimer.",http://www.tubeninja.net/how-to-download/tubemilfxxx|http://www.tubeninja.net/ar/kayfiyat-tahmil/tubemilfxxx|http://www.tubeninja.net/de/download-anleitung/tubemilfxxx|http://www.tubeninja.net/es/como-descargar/tubemilfxxx|http://www.tubeninja.net/fa/how-to-download/tubemilfxxx|http://www.tubeninja.net/fr/comment-telecharger/tubemilfxxx|http://www.tubeninja.net/id/bagaimana-cara-mengunduh/tubemilfxxx|http://www.tubeninja.net/it/come-scaricare/tubemilfxxx
tubepornasian.com,tubepornasian,missing,,,download-tubepornasian-videos,/download-tubepornasian-videos,Tubepornasian Video Downloader,true,1,38,tubeninja.net,tubeninja.net,"Tubepornasian adult video downloader page; emphasize public videos, privacy, HD/MP4 formats, no popups, browser extension CTA, and legal/adult disclaimer.",http://www.tubeninja.net/how-to-download/tubepornasian|http://www.tubeninja.net/ar/kayfiyat-tahmil/tubepornasian|http://www.tubeninja.net/de/download-anleitung/tubepornasian|http://www.tubeninja.net/es/como-descargar/tubepornasian|http://www.tubeninja.net/fa/how-to-download/tubepornasian|http://www.tubeninja.net/fr/comment-telecharger/tubepornasian|http://www.tubeninja.net/id/bagaimana-cara-mengunduh/tubepornasian|http://www.tubeninja.net/it/come-scaricare/tubepornasian
tubepornup.com,tubepornup,missing,,,download-tubepornup-videos,/download-tubepornup-videos,Tubepornup Video Downloader,true,1,38,tubeninja.net,tubeninja.net,"Tubepornup adult video downloader page; emphasize public videos, privacy, HD/MP4 formats, no popups, browser extension CTA, and legal/adult disclaimer.",http://www.tubeninja.net/how-to-download/tubepornup|http://www.tubeninja.net/ar/kayfiyat-tahmil/tubepornup|http://www.tubeninja.net/de/download-anleitung/tubepornup|http://www.tubeninja.net/es/como-descargar/tubepornup|http://www.tubeninja.net/fa/how-to-download/tubepornup|http://www.tubeninja.net/fr/comment-telecharger/tubepornup|http://www.tubeninja.net/id/bagaimana-cara-mengunduh/tubepornup|http://www.tubeninja.net/it/come-scaricare/tubepornup
tubesex.com,tubesex,missing,,,download-tubesex-videos,/download-tubesex-videos,Tubesex Video Downloader,true,1,38,tubeninja.net,tubeninja.net,"Tubesex adult video downloader page; emphasize public videos, privacy, HD/MP4 formats, no popups, browser extension CTA, and legal/adult disclaimer.",http://www.tubeninja.net/how-to-download/tubesex|http://www.tubeninja.net/ar/kayfiyat-tahmil/tubesex|http://www.tubeninja.net/de/download-anleitung/tubesex|http://www.tubeninja.net/es/como-descargar/tubesex|http://www.tubeninja.net/fa/how-to-download/tubesex|http://www.tubeninja.net/fr/comment-telecharger/tubesex|http://www.tubeninja.net/id/bagaimana-cara-mengunduh/tubesex|http://www.tubeninja.net/it/come-scaricare/tubesex
tubevintageporn.com,tubevintageporn,missing,,,download-tubevintageporn-videos,/download-tubevintageporn-videos,Tubevintageporn Video Downloader,true,1,38,tubeninja.net,tubeninja.net,"Tubevintageporn adult video downloader page; emphasize public videos, privacy, HD/MP4 formats, no popups, browser extension CTA, and legal/adult disclaimer.",http://www.tubeninja.net/how-to-download/tubevintageporn|http://www.tubeninja.net/ar/kayfiyat-tahmil/tubevintageporn|http://www.tubeninja.net/de/download-anleitung/tubevintageporn|http://www.tubeninja.net/es/como-descargar/tubevintageporn|http://www.tubeninja.net/fa/how-to-download/tubevintageporn|http://www.tubeninja.net/fr/comment-telecharger/tubevintageporn|http://www.tubeninja.net/id/bagaimana-cara-mengunduh/tubevintageporn|http://www.tubeninja.net/it/come-scaricare/tubevintageporn
tubexxxx.com,tubexxxx,missing,,,download-tubexxxx-videos,/download-tubexxxx-videos,Tubexxxx Video Downloader,true,1,38,tubeninja.net,tubeninja.net,"Tubexxxx adult video downloader page; emphasize public videos, privacy, HD/MP4 formats, no popups, browser extension CTA, and legal/adult disclaimer.",http://www.tubeninja.net/how-to-download/tubexxxx|http://www.tubeninja.net/ar/kayfiyat-tahmil/tubexxxx|http://www.tubeninja.net/de/download-anleitung/tubexxxx|http://www.tubeninja.net/es/como-descargar/tubexxxx|http://www.tubeninja.net/fa/how-to-download/tubexxxx|http://www.tubeninja.net/fr/comment-telecharger/tubexxxx|http://www.tubeninja.net/id/bagaimana-cara-mengunduh/tubexxxx|http://www.tubeninja.net/it/come-scaricare/tubexxxx
tubezporn.com,tubezporn,missing,,,download-tubezporn-videos,/download-tubezporn-videos,Tubezporn Video Downloader,true,1,38,tubeninja.net,tubeninja.net,"Tubezporn adult video downloader page; emphasize public videos, privacy, HD/MP4 formats, no popups, browser extension CTA, and legal/adult disclaimer.",http://www.tubeninja.net/how-to-download/tubezporn|http://www.tubeninja.net/ar/kayfiyat-tahmil/tubezporn|http://www.tubeninja.net/de/download-anleitung/tubezporn|http://www.tubeninja.net/es/como-descargar/tubezporn|http://www.tubeninja.net/fa/how-to-download/tubezporn|http://www.tubeninja.net/fr/comment-telecharger/tubezporn|http://www.tubeninja.net/id/bagaimana-cara-mengunduh/tubezporn|http://www.tubeninja.net/it/come-scaricare/tubezporn
tumblrpornvideos.com,tumblrpornvideos,missing,,,download-tumblrpornvideos-videos,/download-tumblrpornvideos-videos,Tumblrpornvideos Video Downloader,true,1,38,tubeninja.net,tubeninja.net,"Tumblrpornvideos adult video downloader page; emphasize public videos, privacy, HD/MP4 formats, no popups, browser extension CTA, and legal/adult disclaimer.",http://www.tubeninja.net/how-to-download/tumblrpornvideos|http://www.tubeninja.net/ar/kayfiyat-tahmil/tumblrpornvideos|http://www.tubeninja.net/de/download-anleitung/tumblrpornvideos|http://www.tubeninja.net/es/como-descargar/tumblrpornvideos|http://www.tubeninja.net/fa/how-to-download/tumblrpornvideos|http://www.tubeninja.net/fr/comment-telecharger/tumblrpornvideos|http://www.tubeninja.net/id/bagaimana-cara-mengunduh/tumblrpornvideos|http://www.tubeninja.net/it/come-scaricare/tumblrpornvideos
twilightsex.com,twilightsex,missing,,,download-twilightsex-videos,/download-twilightsex-videos,Twilightsex Video Downloader,true,1,38,tubeninja.net,tubeninja.net,"Twilightsex adult video downloader page; emphasize public videos, privacy, HD/MP4 formats, no popups, browser extension CTA, and legal/adult disclaimer.",http://www.tubeninja.net/how-to-download/twilightsex|http://www.tubeninja.net/ar/kayfiyat-tahmil/twilightsex|http://www.tubeninja.net/de/download-anleitung/twilightsex|http://www.tubeninja.net/es/como-descargar/twilightsex|http://www.tubeninja.net/fa/how-to-download/twilightsex|http://www.tubeninja.net/fr/comment-telecharger/twilightsex|http://www.tubeninja.net/id/bagaimana-cara-mengunduh/twilightsex|http://www.tubeninja.net/it/come-scaricare/twilightsex
twistystubes.com,twistystubes,missing,,,download-twistystubes-videos,/download-twistystubes-videos,Twistystubes Video Downloader,true,1,38,tubeninja.net,tubeninja.net,"Twistystubes adult video downloader page; emphasize public videos, privacy, HD/MP4 formats, no popups, browser extension CTA, and legal/adult disclaimer.",http://www.tubeninja.net/how-to-download/twistystubes|http://www.tubeninja.net/ar/kayfiyat-tahmil/twistystubes|http://www.tubeninja.net/de/download-anleitung/twistystubes|http://www.tubeninja.net/es/como-descargar/twistystubes|http://www.tubeninja.net/fa/how-to-download/twistystubes|http://www.tubeninja.net/fr/comment-telecharger/twistystubes|http://www.tubeninja.net/id/bagaimana-cara-mengunduh/twistystubes|http://www.tubeninja.net/it/come-scaricare/twistystubes
ultrateenporn.com,ultrateenporn,missing,,,download-ultrateenporn-videos,/download-ultrateenporn-videos,Ultrateenporn Video Downloader,true,1,38,tubeninja.net,tubeninja.net,"Ultrateenporn adult video downloader page; emphasize public videos, privacy, HD/MP4 formats, no popups, browser extension CTA, and legal/adult disclaimer.",http://www.tubeninja.net/how-to-download/ultrateenporn|http://www.tubeninja.net/ar/kayfiyat-tahmil/ultrateenporn|http://www.tubeninja.net/de/download-anleitung/ultrateenporn|http://www.tubeninja.net/es/como-descargar/ultrateenporn|http://www.tubeninja.net/fa/how-to-download/ultrateenporn|http://www.tubeninja.net/fr/comment-telecharger/ultrateenporn|http://www.tubeninja.net/id/bagaimana-cara-mengunduh/ultrateenporn|http://www.tubeninja.net/it/come-scaricare/ultrateenporn
videopornogratuit.com,videopornogratuit,missing,,,download-videopornogratuit-videos,/download-videopornogratuit-videos,Videopornogratuit Video Downloader,true,1,38,tubeninja.net,tubeninja.net,"Videopornogratuit adult video downloader page; emphasize public videos, privacy, HD/MP4 formats, no popups, browser extension CTA, and legal/adult disclaimer.",http://www.tubeninja.net/how-to-download/videopornogratuit|http://www.tubeninja.net/ar/kayfiyat-tahmil/videopornogratuit|http://www.tubeninja.net/de/download-anleitung/videopornogratuit|http://www.tubeninja.net/es/como-descargar/videopornogratuit|http://www.tubeninja.net/fa/how-to-download/videopornogratuit|http://www.tubeninja.net/fr/comment-telecharger/videopornogratuit|http://www.tubeninja.net/id/bagaimana-cara-mengunduh/videopornogratuit|http://www.tubeninja.net/it/come-scaricare/videopornogratuit
videopornoitaliano.com,videopornoitaliano,missing,,,download-videopornoitaliano-videos,/download-videopornoitaliano-videos,Videopornoitaliano Video Downloader,true,1,38,tubeninja.net,tubeninja.net,"Videopornoitaliano adult video downloader page; emphasize public videos, privacy, HD/MP4 formats, no popups, browser extension CTA, and legal/adult disclaimer.",http://www.tubeninja.net/how-to-download/videopornoitaliano|http://www.tubeninja.net/ar/kayfiyat-tahmil/videopornoitaliano|http://www.tubeninja.net/de/download-anleitung/videopornoitaliano|http://www.tubeninja.net/es/como-descargar/videopornoitaliano|http://www.tubeninja.net/fa/how-to-download/videopornoitaliano|http://www.tubeninja.net/fr/comment-telecharger/videopornoitaliano|http://www.tubeninja.net/id/bagaimana-cara-mengunduh/videopornoitaliano|http://www.tubeninja.net/it/come-scaricare/videopornoitaliano
videospornosos.com,videospornosos,missing,,,download-videospornosos-videos,/download-videospornosos-videos,Videospornosos Video Downloader,true,1,38,tubeninja.net,tubeninja.net,"Videospornosos adult video downloader page; emphasize public videos, privacy, HD/MP4 formats, no popups, browser extension CTA, and legal/adult disclaimer.",http://www.tubeninja.net/how-to-download/videospornosos|http://www.tubeninja.net/ar/kayfiyat-tahmil/videospornosos|http://www.tubeninja.net/de/download-anleitung/videospornosos|http://www.tubeninja.net/es/como-descargar/videospornosos|http://www.tubeninja.net/fa/how-to-download/videospornosos|http://www.tubeninja.net/fr/comment-telecharger/videospornosos|http://www.tubeninja.net/id/bagaimana-cara-mengunduh/videospornosos|http://www.tubeninja.net/it/come-scaricare/videospornosos
videosxxxputas.com,videosxxxputas,missing,,,download-videosxxxputas-videos,/download-videosxxxputas-videos,Videosxxxputas Video Downloader,true,1,38,tubeninja.net,tubeninja.net,"Videosxxxputas adult video downloader page; emphasize public videos, privacy, HD/MP4 formats, no popups, browser extension CTA, and legal/adult disclaimer.",http://www.tubeninja.net/how-to-download/videosxxxputas|http://www.tubeninja.net/ar/kayfiyat-tahmil/videosxxxputas|http://www.tubeninja.net/de/download-anleitung/videosxxxputas|http://www.tubeninja.net/es/como-descargar/videosxxxputas|http://www.tubeninja.net/fa/how-to-download/videosxxxputas|http://www.tubeninja.net/fr/comment-telecharger/videosxxxputas|http://www.tubeninja.net/id/bagaimana-cara-mengunduh/videosxxxputas|http://www.tubeninja.net/it/come-scaricare/videosxxxputas
viewdesisex.com,viewdesisex,missing,,,download-viewdesisex-videos,/download-viewdesisex-videos,Viewdesisex Video Downloader,true,1,38,tubeninja.net,tubeninja.net,"Viewdesisex adult video downloader page; emphasize public videos, privacy, HD/MP4 formats, no popups, browser extension CTA, and legal/adult disclaimer.",http://www.tubeninja.net/how-to-download/viewdesisex|http://www.tubeninja.net/ar/kayfiyat-tahmil/viewdesisex|http://www.tubeninja.net/de/download-anleitung/viewdesisex|http://www.tubeninja.net/es/como-descargar/viewdesisex|http://www.tubeninja.net/fa/how-to-download/viewdesisex|http://www.tubeninja.net/fr/comment-telecharger/viewdesisex|http://www.tubeninja.net/id/bagaimana-cara-mengunduh/viewdesisex|http://www.tubeninja.net/it/come-scaricare/viewdesisex
vive-le-porno.com,vive-le-porno,missing,,,download-vive-le-porno-videos,/download-vive-le-porno-videos,Vive Le Porno Video Downloader,true,1,38,tubeninja.net,tubeninja.net,"Vive Le Porno adult video downloader page; emphasize public videos, privacy, HD/MP4 formats, no popups, browser extension CTA, and legal/adult disclaimer.",http://www.tubeninja.net/how-to-download/vive-le-porno/3|http://www.tubeninja.net/ar/kayfiyat-tahmil/vive-le-porno|http://www.tubeninja.net/de/download-anleitung/vive-le-porno|http://www.tubeninja.net/es/como-descargar/vive-le-porno|http://www.tubeninja.net/fa/how-to-download/vive-le-porno|http://www.tubeninja.net/fr/comment-telecharger/vive-le-porno|http://www.tubeninja.net/id/bagaimana-cara-mengunduh/vive-le-porno|http://www.tubeninja.net/it/come-scaricare/vive-le-porno
vkusporno.com,vkusporno,missing,,,download-vkusporno-videos,/download-vkusporno-videos,Vkusporno Video Downloader,true,1,38,tubeninja.net,tubeninja.net,"Vkusporno adult video downloader page; emphasize public videos, privacy, HD/MP4 formats, no popups, browser extension CTA, and legal/adult disclaimer.",http://www.tubeninja.net/how-to-download/vkusporno|http://www.tubeninja.net/ar/kayfiyat-tahmil/vkusporno|http://www.tubeninja.net/de/download-anleitung/vkusporno|http://www.tubeninja.net/es/como-descargar/vkusporno|http://www.tubeninja.net/fa/how-to-download/vkusporno|http://www.tubeninja.net/fr/comment-telecharger/vkusporno|http://www.tubeninja.net/id/bagaimana-cara-mengunduh/vkusporno|http://www.tubeninja.net/it/come-scaricare/vkusporno
vporno.tv,vporno,missing,,,download-vporno-videos,/download-vporno-videos,Vporno Video Downloader,true,1,38,tubeninja.net,tubeninja.net,"Vporno adult video downloader page; emphasize public videos, privacy, HD/MP4 formats, no popups, browser extension CTA, and legal/adult disclaimer.",http://www.tubeninja.net/how-to-download/vporno-tv|http://www.tubeninja.net/ar/kayfiyat-tahmil/vporno-tv|http://www.tubeninja.net/de/download-anleitung/vporno-tv|http://www.tubeninja.net/es/como-descargar/vporno-tv|http://www.tubeninja.net/fa/how-to-download/vporno-tv|http://www.tubeninja.net/fr/comment-telecharger/vporno-tv|http://www.tubeninja.net/id/bagaimana-cara-mengunduh/vporno-tv|http://www.tubeninja.net/it/come-scaricare/vporno-tv
vrporn.com,vrporn,missing,,,download-vrporn-videos,/download-vrporn-videos,Vrporn Video Downloader,true,1,38,tubeninja.net,tubeninja.net,"Vrporn adult video downloader page; emphasize public videos, privacy, HD/MP4 formats, no popups, browser extension CTA, and legal/adult disclaimer.",http://www.tubeninja.net/how-to-download/vrporn|http://www.tubeninja.net/ar/kayfiyat-tahmil/vrporn|http://www.tubeninja.net/de/download-anleitung/vrporn|http://www.tubeninja.net/es/como-descargar/vrporn|http://www.tubeninja.net/fa/how-to-download/vrporn|http://www.tubeninja.net/fr/comment-telecharger/vrporn|http://www.tubeninja.net/id/bagaimana-cara-mengunduh/vrporn|http://www.tubeninja.net/it/come-scaricare/vrporn
wannafreeporn.com,wannafreeporn,missing,,,download-wannafreeporn-videos,/download-wannafreeporn-videos,Wannafreeporn Video Downloader,true,1,38,tubeninja.net,tubeninja.net,"Wannafreeporn adult video downloader page; emphasize public videos, privacy, HD/MP4 formats, no popups, browser extension CTA, and legal/adult disclaimer.",http://www.tubeninja.net/how-to-download/wannafreeporn|http://www.tubeninja.net/ar/kayfiyat-tahmil/wannafreeporn|http://www.tubeninja.net/de/download-anleitung/wannafreeporn|http://www.tubeninja.net/es/como-descargar/wannafreeporn|http://www.tubeninja.net/fa/how-to-download/wannafreeporn|http://www.tubeninja.net/fr/comment-telecharger/wannafreeporn|http://www.tubeninja.net/id/bagaimana-cara-mengunduh/wannafreeporn|http://www.tubeninja.net/it/come-scaricare/wannafreeporn
watchhentai.com,watchhentai,missing,,,download-watchhentai-videos,/download-watchhentai-videos,Watchhentai Video Downloader,true,1,38,tubeninja.net,tubeninja.net,"Watchhentai adult video downloader page; emphasize public videos, privacy, HD/MP4 formats, no popups, browser extension CTA, and legal/adult disclaimer.",http://www.tubeninja.net/how-to-download/watchhentai/1|http://www.tubeninja.net/ar/kayfiyat-tahmil/watchhentai/1|http://www.tubeninja.net/de/download-anleitung/watchhentai/1|http://www.tubeninja.net/es/como-descargar/watchhentai/1|http://www.tubeninja.net/fa/how-to-download/watchhentai/1|http://www.tubeninja.net/fr/comment-telecharger/watchhentai/1|http://www.tubeninja.net/id/bagaimana-cara-mengunduh/watchhentai/1|http://www.tubeninja.net/it/come-scaricare/watchhentai/1
whitexxxtube.com,whitexxxtube,missing,,,download-whitexxxtube-videos,/download-whitexxxtube-videos,Whitexxxtube Video Downloader,true,1,38,tubeninja.net,tubeninja.net,"Whitexxxtube adult video downloader page; emphasize public videos, privacy, HD/MP4 formats, no popups, browser extension CTA, and legal/adult disclaimer.",http://www.tubeninja.net/how-to-download/whitexxxtube|http://www.tubeninja.net/ar/kayfiyat-tahmil/whitexxxtube|http://www.tubeninja.net/de/download-anleitung/whitexxxtube|http://www.tubeninja.net/es/como-descargar/whitexxxtube|http://www.tubeninja.net/fa/how-to-download/whitexxxtube|http://www.tubeninja.net/fr/comment-telecharger/whitexxxtube|http://www.tubeninja.net/id/bagaimana-cara-mengunduh/whitexxxtube|http://www.tubeninja.net/it/come-scaricare/whitexxxtube
xlxxporntube.com,xlxxporntube,missing,,,download-xlxxporntube-videos,/download-xlxxporntube-videos,Xlxxporntube Video Downloader,true,1,38,tubeninja.net,tubeninja.net,"Xlxxporntube adult video downloader page; emphasize public videos, privacy, HD/MP4 formats, no popups, browser extension CTA, and legal/adult disclaimer.",http://www.tubeninja.net/how-to-download/xlxxporntube|http://www.tubeninja.net/ar/kayfiyat-tahmil/xlxxporntube|http://www.tubeninja.net/de/download-anleitung/xlxxporntube|http://www.tubeninja.net/es/como-descargar/xlxxporntube|http://www.tubeninja.net/fa/how-to-download/xlxxporntube|http://www.tubeninja.net/fr/comment-telecharger/xlxxporntube|http://www.tubeninja.net/id/bagaimana-cara-mengunduh/xlxxporntube|http://www.tubeninja.net/it/come-scaricare/xlxxporntube
xmilfporn.com,xmilfporn,missing,,,download-xmilfporn-videos,/download-xmilfporn-videos,Xmilfporn Video Downloader,true,1,38,tubeninja.net,tubeninja.net,"Xmilfporn adult video downloader page; emphasize public videos, privacy, HD/MP4 formats, no popups, browser extension CTA, and legal/adult disclaimer.",http://www.tubeninja.net/how-to-download/xmilfporn|http://www.tubeninja.net/ar/kayfiyat-tahmil/xmilfporn|http://www.tubeninja.net/de/download-anleitung/xmilfporn|http://www.tubeninja.net/es/como-descargar/xmilfporn|http://www.tubeninja.net/fa/how-to-download/xmilfporn|http://www.tubeninja.net/fr/comment-telecharger/xmilfporn|http://www.tubeninja.net/id/bagaimana-cara-mengunduh/xmilfporn|http://www.tubeninja.net/it/come-scaricare/xmilfporn
xnxx13.com,xnxx13,missing,,,download-xnxx13-videos,/download-xnxx13-videos,Xnxx13 Video Downloader,true,1,38,tubeninja.net,tubeninja.net,"Xnxx13 adult video downloader page; emphasize public videos, privacy, HD/MP4 formats, no popups, browser extension CTA, and legal/adult disclaimer.",http://www.tubeninja.net/how-to-download/xnxx13|http://www.tubeninja.net/ar/kayfiyat-tahmil/xnxx13|http://www.tubeninja.net/de/download-anleitung/xnxx13|http://www.tubeninja.net/es/como-descargar/xnxx13|http://www.tubeninja.net/fa/how-to-download/xnxx13|http://www.tubeninja.net/fr/comment-telecharger/xnxx13|http://www.tubeninja.net/id/bagaimana-cara-mengunduh/xnxx13|http://www.tubeninja.net/it/come-scaricare/xnxx13
xnxxmovies.com,xnxxmovies,missing,,,download-xnxxmovies-videos,/download-xnxxmovies-videos,Xnxxmovies Video Downloader,true,1,38,tubeninja.net,tubeninja.net,"Xnxxmovies adult video downloader page; emphasize public videos, privacy, HD/MP4 formats, no popups, browser extension CTA, and legal/adult disclaimer.",http://www.tubeninja.net/how-to-download/xnxxmovies|http://www.tubeninja.net/ar/kayfiyat-tahmil/xnxxmovies|http://www.tubeninja.net/de/download-anleitung/xnxxmovies|http://www.tubeninja.net/es/como-descargar/xnxxmovies|http://www.tubeninja.net/fa/how-to-download/xnxxmovies|http://www.tubeninja.net/fr/comment-telecharger/xnxxmovies|http://www.tubeninja.net/id/bagaimana-cara-mengunduh/xnxxmovies|http://www.tubeninja.net/it/come-scaricare/xnxxmovies
xpornotubes.com,xpornotubes,missing,,,download-xpornotubes-videos,/download-xpornotubes-videos,Xpornotubes Video Downloader,true,1,38,tubeninja.net,tubeninja.net,"Xpornotubes adult video downloader page; emphasize public videos, privacy, HD/MP4 formats, no popups, browser extension CTA, and legal/adult disclaimer.",http://www.tubeninja.net/how-to-download/xpornotubes|http://www.tubeninja.net/ar/kayfiyat-tahmil/xpornotubes|http://www.tubeninja.net/de/download-anleitung/xpornotubes|http://www.tubeninja.net/es/como-descargar/xpornotubes|http://www.tubeninja.net/fa/how-to-download/xpornotubes|http://www.tubeninja.net/fr/comment-telecharger/xpornotubes|http://www.tubeninja.net/id/bagaimana-cara-mengunduh/xpornotubes|http://www.tubeninja.net/it/come-scaricare/xpornotubes
xtube6.com,xtube6,missing,,,download-xtube6-videos,/download-xtube6-videos,Xtube6 Video Downloader,true,1,38,tubeninja.net,tubeninja.net,"Xtube6 adult video downloader page; emphasize public videos, privacy, HD/MP4 formats, no popups, browser extension CTA, and legal/adult disclaimer.",http://www.tubeninja.net/how-to-download/xtube6|http://www.tubeninja.net/ar/kayfiyat-tahmil/xtube6|http://www.tubeninja.net/de/download-anleitung/xtube6|http://www.tubeninja.net/es/como-descargar/xtube6|http://www.tubeninja.net/fa/how-to-download/xtube6|http://www.tubeninja.net/fr/comment-telecharger/xtube6|http://www.tubeninja.net/id/bagaimana-cara-mengunduh/xtube6|http://www.tubeninja.net/it/come-scaricare/xtube6
xvideospornograficos.com,xvideospornograficos,missing,,,download-xvideospornograficos-videos,/download-xvideospornograficos-videos,Xvideospornograficos Video Downloader,true,1,38,tubeninja.net,tubeninja.net,"Xvideospornograficos adult video downloader page; emphasize public videos, privacy, HD/MP4 formats, no popups, browser extension CTA, and legal/adult disclaimer.",http://www.tubeninja.net/how-to-download/xvideospornograficos|http://www.tubeninja.net/ar/kayfiyat-tahmil/xvideospornograficos|http://www.tubeninja.net/de/download-anleitung/xvideospornograficos|http://www.tubeninja.net/es/como-descargar/xvideospornograficos|http://www.tubeninja.net/fa/how-to-download/xvideospornograficos|http://www.tubeninja.net/fr/comment-telecharger/xvideospornograficos|http://www.tubeninja.net/id/bagaimana-cara-mengunduh/xvideospornograficos|http://www.tubeninja.net/it/come-scaricare/xvideospornograficos
xxx-my.com,xxx-my,missing,,,download-xxx-my-videos,/download-xxx-my-videos,Xxx My Video Downloader,true,1,38,tubeninja.net,tubeninja.net,"Xxx My adult video downloader page; emphasize public videos, privacy, HD/MP4 formats, no popups, browser extension CTA, and legal/adult disclaimer.",http://www.tubeninja.net/how-to-download/xxx-my|http://www.tubeninja.net/ar/kayfiyat-tahmil/xxx-my|http://www.tubeninja.net/de/download-anleitung/xxx-my|http://www.tubeninja.net/es/como-descargar/xxx-my|http://www.tubeninja.net/fa/how-to-download/xxx-my|http://www.tubeninja.net/fr/comment-telecharger/xxx-my|http://www.tubeninja.net/id/bagaimana-cara-mengunduh/xxx-my|http://www.tubeninja.net/it/come-scaricare/xxx-my
xxx3tube.com,xxx3tube,missing,,,download-xxx3tube-videos,/download-xxx3tube-videos,Xxx3tube Video Downloader,true,1,38,tubeninja.net,tubeninja.net,"Xxx3tube adult video downloader page; emphasize public videos, privacy, HD/MP4 formats, no popups, browser extension CTA, and legal/adult disclaimer.",http://www.tubeninja.net/how-to-download/xxx3tube|http://www.tubeninja.net/ar/kayfiyat-tahmil/xxx3tube|http://www.tubeninja.net/de/download-anleitung/xxx3tube|http://www.tubeninja.net/es/como-descargar/xxx3tube|http://www.tubeninja.net/fa/how-to-download/xxx3tube|http://www.tubeninja.net/fr/comment-telecharger/xxx3tube|http://www.tubeninja.net/id/bagaimana-cara-mengunduh/xxx3tube|http://www.tubeninja.net/it/come-scaricare/xxx3tube
xxxaporn.com,xxxaporn,missing,,,download-xxxaporn-videos,/download-xxxaporn-videos,Xxxaporn Video Downloader,true,1,38,tubeninja.net,tubeninja.net,"Xxxaporn adult video downloader page; emphasize public videos, privacy, HD/MP4 formats, no popups, browser extension CTA, and legal/adult disclaimer.",http://www.tubeninja.net/how-to-download/xxxaporn|http://www.tubeninja.net/ar/kayfiyat-tahmil/xxxaporn|http://www.tubeninja.net/de/download-anleitung/xxxaporn|http://www.tubeninja.net/es/como-descargar/xxxaporn|http://www.tubeninja.net/fa/how-to-download/xxxaporn|http://www.tubeninja.net/fr/comment-telecharger/xxxaporn|http://www.tubeninja.net/id/bagaimana-cara-mengunduh/xxxaporn|http://www.tubeninja.net/it/come-scaricare/xxxaporn
xxxdessert.com,xxxdessert,missing,,,download-xxxdessert-videos,/download-xxxdessert-videos,Xxxdessert Video Downloader,true,1,38,tubeninja.net,tubeninja.net,"Xxxdessert adult video downloader page; emphasize public videos, privacy, HD/MP4 formats, no popups, browser extension CTA, and legal/adult disclaimer.",http://www.tubeninja.net/how-to-download/xxxdessert|http://www.tubeninja.net/ar/kayfiyat-tahmil/xxxdessert|http://www.tubeninja.net/de/download-anleitung/xxxdessert|http://www.tubeninja.net/es/como-descargar/xxxdessert|http://www.tubeninja.net/fa/how-to-download/xxxdessert|http://www.tubeninja.net/fr/comment-telecharger/xxxdessert|http://www.tubeninja.net/id/bagaimana-cara-mengunduh/xxxdessert|http://www.tubeninja.net/it/come-scaricare/xxxdessert
xxxfuckporn.com,xxxfuckporn,missing,,,download-xxxfuckporn-videos,/download-xxxfuckporn-videos,Xxxfuckporn Video Downloader,true,1,38,tubeninja.net,tubeninja.net,"Xxxfuckporn adult video downloader page; emphasize public videos, privacy, HD/MP4 formats, no popups, browser extension CTA, and legal/adult disclaimer.",http://www.tubeninja.net/how-to-download/xxxfuckporn|http://www.tubeninja.net/ar/kayfiyat-tahmil/xxxfuckporn|http://www.tubeninja.net/de/download-anleitung/xxxfuckporn|http://www.tubeninja.net/es/como-descargar/xxxfuckporn|http://www.tubeninja.net/fa/how-to-download/xxxfuckporn|http://www.tubeninja.net/fr/comment-telecharger/xxxfuckporn|http://www.tubeninja.net/id/bagaimana-cara-mengunduh/xxxfuckporn|http://www.tubeninja.net/it/come-scaricare/xxxfuckporn
xxxhare.com,xxxhare,missing,,,download-xxxhare-videos,/download-xxxhare-videos,Xxxhare Video Downloader,true,1,38,tubeninja.net,tubeninja.net,"Xxxhare adult video downloader page; emphasize public videos, privacy, HD/MP4 formats, no popups, browser extension CTA, and legal/adult disclaimer.",http://www.tubeninja.net/how-to-download/xxxhare|http://www.tubeninja.net/ar/kayfiyat-tahmil/xxxhare|http://www.tubeninja.net/de/download-anleitung/xxxhare|http://www.tubeninja.net/es/como-descargar/xxxhare|http://www.tubeninja.net/fa/how-to-download/xxxhare|http://www.tubeninja.net/fr/comment-telecharger/xxxhare|http://www.tubeninja.net/id/bagaimana-cara-mengunduh/xxxhare|http://www.tubeninja.net/it/come-scaricare/xxxhare
xxxhdd.com,xxxhdd,missing,,,download-xxxhdd-videos,/download-xxxhdd-videos,Xxxhdd Video Downloader,true,1,38,tubeninja.net,tubeninja.net,"Xxxhdd adult video downloader page; emphasize public videos, privacy, HD/MP4 formats, no popups, browser extension CTA, and legal/adult disclaimer.",http://www.tubeninja.net/how-to-download/xxxhdd|http://www.tubeninja.net/ar/kayfiyat-tahmil/xxxhdd|http://www.tubeninja.net/de/download-anleitung/xxxhdd|http://www.tubeninja.net/es/como-descargar/xxxhdd|http://www.tubeninja.net/fa/how-to-download/xxxhdd|http://www.tubeninja.net/fr/comment-telecharger/xxxhdd|http://www.tubeninja.net/id/bagaimana-cara-mengunduh/xxxhdd|http://www.tubeninja.net/it/come-scaricare/xxxhdd
xxxity.com,xxxity,missing,,,download-xxxity-videos,/download-xxxity-videos,Xxxity Video Downloader,true,1,38,tubeninja.net,tubeninja.net,"Xxxity adult video downloader page; emphasize public videos, privacy, HD/MP4 formats, no popups, browser extension CTA, and legal/adult disclaimer.",http://www.tubeninja.net/how-to-download/xxxity|http://www.tubeninja.net/ar/kayfiyat-tahmil/xxxity|http://www.tubeninja.net/de/download-anleitung/xxxity|http://www.tubeninja.net/es/como-descargar/xxxity|http://www.tubeninja.net/fa/how-to-download/xxxity|http://www.tubeninja.net/fr/comment-telecharger/xxxity|http://www.tubeninja.net/id/bagaimana-cara-mengunduh/xxxity|http://www.tubeninja.net/it/come-scaricare/xxxity
xxxkingtube.com,xxxkingtube,missing,,,download-xxxkingtube-videos,/download-xxxkingtube-videos,Xxxkingtube Video Downloader,true,1,38,tubeninja.net,tubeninja.net,"Xxxkingtube adult video downloader page; emphasize public videos, privacy, HD/MP4 formats, no popups, browser extension CTA, and legal/adult disclaimer.",http://www.tubeninja.net/how-to-download/xxxkingtube|http://www.tubeninja.net/ar/kayfiyat-tahmil/xxxkingtube|http://www.tubeninja.net/de/download-anleitung/xxxkingtube|http://www.tubeninja.net/es/como-descargar/xxxkingtube|http://www.tubeninja.net/fa/how-to-download/xxxkingtube|http://www.tubeninja.net/fr/comment-telecharger/xxxkingtube|http://www.tubeninja.net/id/bagaimana-cara-mengunduh/xxxkingtube|http://www.tubeninja.net/it/come-scaricare/xxxkingtube
xxxkinky.com,xxxkinky,missing,,,download-xxxkinky-videos,/download-xxxkinky-videos,Xxxkinky Video Downloader,true,1,38,tubeninja.net,tubeninja.net,"Xxxkinky adult video downloader page; emphasize public videos, privacy, HD/MP4 formats, no popups, browser extension CTA, and legal/adult disclaimer.",http://www.tubeninja.net/how-to-download/xxxkinky|http://www.tubeninja.net/ar/kayfiyat-tahmil/xxxkinky|http://www.tubeninja.net/de/download-anleitung/xxxkinky|http://www.tubeninja.net/es/como-descargar/xxxkinky|http://www.tubeninja.net/fa/how-to-download/xxxkinky|http://www.tubeninja.net/fr/comment-telecharger/xxxkinky|http://www.tubeninja.net/id/bagaimana-cara-mengunduh/xxxkinky|http://www.tubeninja.net/it/come-scaricare/xxxkinky
xxxmassagerooms.com,xxxmassagerooms,missing,,,download-xxxmassagerooms-videos,/download-xxxmassagerooms-videos,Xxxmassagerooms Video Downloader,true,1,38,tubeninja.net,tubeninja.net,"Xxxmassagerooms adult video downloader page; emphasize public videos, privacy, HD/MP4 formats, no popups, browser extension CTA, and legal/adult disclaimer.",http://www.tubeninja.net/how-to-download/xxxmassagerooms|http://www.tubeninja.net/ar/kayfiyat-tahmil/xxxmassagerooms|http://www.tubeninja.net/de/download-anleitung/xxxmassagerooms|http://www.tubeninja.net/es/como-descargar/xxxmassagerooms|http://www.tubeninja.net/fa/how-to-download/xxxmassagerooms|http://www.tubeninja.net/fr/comment-telecharger/xxxmassagerooms|http://www.tubeninja.net/id/bagaimana-cara-mengunduh/xxxmassagerooms|http://www.tubeninja.net/it/come-scaricare/xxxmassagerooms
xxxmillion.com,xxxmillion,missing,,,download-xxxmillion-videos,/download-xxxmillion-videos,Xxxmillion Video Downloader,true,1,38,tubeninja.net,tubeninja.net,"Xxxmillion adult video downloader page; emphasize public videos, privacy, HD/MP4 formats, no popups, browser extension CTA, and legal/adult disclaimer.",http://www.tubeninja.net/how-to-download/xxxmillion|http://www.tubeninja.net/ar/kayfiyat-tahmil/xxxmillion|http://www.tubeninja.net/de/download-anleitung/xxxmillion|http://www.tubeninja.net/es/como-descargar/xxxmillion|http://www.tubeninja.net/fa/how-to-download/xxxmillion|http://www.tubeninja.net/fr/comment-telecharger/xxxmillion|http://www.tubeninja.net/id/bagaimana-cara-mengunduh/xxxmillion|http://www.tubeninja.net/it/come-scaricare/xxxmillion
xxxmirror.com,xxxmirror,missing,,,download-xxxmirror-videos,/download-xxxmirror-videos,Xxxmirror Video Downloader,true,1,38,tubeninja.net,tubeninja.net,"Xxxmirror adult video downloader page; emphasize public videos, privacy, HD/MP4 formats, no popups, browser extension CTA, and legal/adult disclaimer.",http://www.tubeninja.net/how-to-download/xxxmirror|http://www.tubeninja.net/ar/kayfiyat-tahmil/xxxmirror|http://www.tubeninja.net/de/download-anleitung/xxxmirror|http://www.tubeninja.net/es/como-descargar/xxxmirror|http://www.tubeninja.net/fa/how-to-download/xxxmirror|http://www.tubeninja.net/fr/comment-telecharger/xxxmirror|http://www.tubeninja.net/id/bagaimana-cara-mengunduh/xxxmirror|http://www.tubeninja.net/it/come-scaricare/xxxmirror
xxxmomtube.com,xxxmomtube,missing,,,download-xxxmomtube-videos,/download-xxxmomtube-videos,Xxxmomtube Video Downloader,true,1,38,tubeninja.net,tubeninja.net,"Xxxmomtube adult video downloader page; emphasize public videos, privacy, HD/MP4 formats, no popups, browser extension CTA, and legal/adult disclaimer.",http://www.tubeninja.net/how-to-download/xxxmomtube|http://www.tubeninja.net/ar/kayfiyat-tahmil/xxxmomtube|http://www.tubeninja.net/de/download-anleitung/xxxmomtube|http://www.tubeninja.net/es/como-descargar/xxxmomtube|http://www.tubeninja.net/fa/how-to-download/xxxmomtube|http://www.tubeninja.net/fr/comment-telecharger/xxxmomtube|http://www.tubeninja.net/id/bagaimana-cara-mengunduh/xxxmomtube|http://www.tubeninja.net/it/come-scaricare/xxxmomtube
xxxpornotuber.com,xxxpornotuber,missing,,,download-xxxpornotuber-videos,/download-xxxpornotuber-videos,Xxxpornotuber Video Downloader,true,1,38,tubeninja.net,tubeninja.net,"Xxxpornotuber adult video downloader page; emphasize public videos, privacy, HD/MP4 formats, no popups, browser extension CTA, and legal/adult disclaimer.",http://www.tubeninja.net/how-to-download/xxxpornotuber|http://www.tubeninja.net/ar/kayfiyat-tahmil/xxxpornotuber|http://www.tubeninja.net/de/download-anleitung/xxxpornotuber|http://www.tubeninja.net/es/como-descargar/xxxpornotuber|http://www.tubeninja.net/fa/how-to-download/xxxpornotuber|http://www.tubeninja.net/fr/comment-telecharger/xxxpornotuber|http://www.tubeninja.net/id/bagaimana-cara-mengunduh/xxxpornotuber|http://www.tubeninja.net/it/come-scaricare/xxxpornotuber
xxxretroxxx.com,xxxretroxxx,missing,,,download-xxxretroxxx-videos,/download-xxxretroxxx-videos,Xxxretroxxx Video Downloader,true,1,38,tubeninja.net,tubeninja.net,"Xxxretroxxx adult video downloader page; emphasize public videos, privacy, HD/MP4 formats, no popups, browser extension CTA, and legal/adult disclaimer.",http://www.tubeninja.net/how-to-download/xxxretroxxx|http://www.tubeninja.net/ar/kayfiyat-tahmil/xxxretroxxx|http://www.tubeninja.net/de/download-anleitung/xxxretroxxx|http://www.tubeninja.net/es/como-descargar/xxxretroxxx|http://www.tubeninja.net/fa/how-to-download/xxxretroxxx|http://www.tubeninja.net/fr/comment-telecharger/xxxretroxxx|http://www.tubeninja.net/id/bagaimana-cara-mengunduh/xxxretroxxx|http://www.tubeninja.net/it/come-scaricare/xxxretroxxx
xxxtubelove.com,xxxtubelove,missing,,,download-xxxtubelove-videos,/download-xxxtubelove-videos,Xxxtubelove Video Downloader,true,1,38,tubeninja.net,tubeninja.net,"Xxxtubelove adult video downloader page; emphasize public videos, privacy, HD/MP4 formats, no popups, browser extension CTA, and legal/adult disclaimer.",http://www.tubeninja.net/how-to-download/xxxtubelove|http://www.tubeninja.net/ar/kayfiyat-tahmil/xxxtubelove|http://www.tubeninja.net/de/download-anleitung/xxxtubelove|http://www.tubeninja.net/es/como-descargar/xxxtubelove|http://www.tubeninja.net/fa/how-to-download/xxxtubelove|http://www.tubeninja.net/fr/comment-telecharger/xxxtubelove|http://www.tubeninja.net/id/bagaimana-cara-mengunduh/xxxtubelove|http://www.tubeninja.net/it/come-scaricare/xxxtubelove
xxxtubenote.com,xxxtubenote,missing,,,download-xxxtubenote-videos,/download-xxxtubenote-videos,Xxxtubenote Video Downloader,true,1,38,tubeninja.net,tubeninja.net,"Xxxtubenote adult video downloader page; emphasize public videos, privacy, HD/MP4 formats, no popups, browser extension CTA, and legal/adult disclaimer.",http://www.tubeninja.net/how-to-download/xxxtubenote|http://www.tubeninja.net/ar/kayfiyat-tahmil/xxxtubenote|http://www.tubeninja.net/de/download-anleitung/xxxtubenote|http://www.tubeninja.net/es/como-descargar/xxxtubenote|http://www.tubeninja.net/fa/how-to-download/xxxtubenote|http://www.tubeninja.net/fr/comment-telecharger/xxxtubenote|http://www.tubeninja.net/id/bagaimana-cara-mengunduh/xxxtubenote|http://www.tubeninja.net/it/come-scaricare/xxxtubenote
xxxtubeset.com,xxxtubeset,missing,,,download-xxxtubeset-videos,/download-xxxtubeset-videos,Xxxtubeset Video Downloader,true,1,38,tubeninja.net,tubeninja.net,"Xxxtubeset adult video downloader page; emphasize public videos, privacy, HD/MP4 formats, no popups, browser extension CTA, and legal/adult disclaimer.",http://www.tubeninja.net/how-to-download/xxxtubeset|http://www.tubeninja.net/ar/kayfiyat-tahmil/xxxtubeset|http://www.tubeninja.net/de/download-anleitung/xxxtubeset|http://www.tubeninja.net/es/como-descargar/xxxtubeset|http://www.tubeninja.net/fa/how-to-download/xxxtubeset|http://www.tubeninja.net/fr/comment-telecharger/xxxtubeset|http://www.tubeninja.net/id/bagaimana-cara-mengunduh/xxxtubeset|http://www.tubeninja.net/it/come-scaricare/xxxtubeset
xxxtubestack.com,xxxtubestack,missing,,,download-xxxtubestack-videos,/download-xxxtubestack-videos,Xxxtubestack Video Downloader,true,1,38,tubeninja.net,tubeninja.net,"Xxxtubestack adult video downloader page; emphasize public videos, privacy, HD/MP4 formats, no popups, browser extension CTA, and legal/adult disclaimer.",http://www.tubeninja.net/how-to-download/xxxtubestack|http://www.tubeninja.net/ar/kayfiyat-tahmil/xxxtubestack|http://www.tubeninja.net/de/download-anleitung/xxxtubestack|http://www.tubeninja.net/es/como-descargar/xxxtubestack|http://www.tubeninja.net/fa/how-to-download/xxxtubestack|http://www.tubeninja.net/fr/comment-telecharger/xxxtubestack|http://www.tubeninja.net/id/bagaimana-cara-mengunduh/xxxtubestack|http://www.tubeninja.net/it/come-scaricare/xxxtubestack
xxxvideor.com,xxxvideor,missing,,,download-xxxvideor-videos,/download-xxxvideor-videos,Xxxvideor Video Downloader,true,1,38,tubeninja.net,tubeninja.net,"Xxxvideor adult video downloader page; emphasize public videos, privacy, HD/MP4 formats, no popups, browser extension CTA, and legal/adult disclaimer.",http://www.tubeninja.net/how-to-download/xxxvideor|http://www.tubeninja.net/ar/kayfiyat-tahmil/xxxvideor|http://www.tubeninja.net/de/download-anleitung/xxxvideor|http://www.tubeninja.net/es/como-descargar/xxxvideor|http://www.tubeninja.net/fa/how-to-download/xxxvideor|http://www.tubeninja.net/fr/comment-telecharger/xxxvideor|http://www.tubeninja.net/id/bagaimana-cara-mengunduh/xxxvideor|http://www.tubeninja.net/it/come-scaricare/xxxvideor
xxxxclips.com,xxxxclips,missing,,,download-xxxxclips-videos,/download-xxxxclips-videos,Xxxxclips Video Downloader,true,1,38,tubeninja.net,tubeninja.net,"Xxxxclips adult video downloader page; emphasize public videos, privacy, HD/MP4 formats, no popups, browser extension CTA, and legal/adult disclaimer.",http://www.tubeninja.net/how-to-download/xxxxclips|http://www.tubeninja.net/ar/kayfiyat-tahmil/xxxxclips|http://www.tubeninja.net/de/download-anleitung/xxxxclips|http://www.tubeninja.net/es/como-descargar/xxxxclips|http://www.tubeninja.net/fa/how-to-download/xxxxclips|http://www.tubeninja.net/fr/comment-telecharger/xxxxclips|http://www.tubeninja.net/id/bagaimana-cara-mengunduh/xxxxclips|http://www.tubeninja.net/it/come-scaricare/xxxxclips
xxxxmatures.com,xxxxmatures,missing,,,download-xxxxmatures-videos,/download-xxxxmatures-videos,Xxxxmatures Video Downloader,true,1,38,tubeninja.net,tubeninja.net,"Xxxxmatures adult video downloader page; emphasize public videos, privacy, HD/MP4 formats, no popups, browser extension CTA, and legal/adult disclaimer.",http://www.tubeninja.net/how-to-download/xxxxmatures|http://www.tubeninja.net/ar/kayfiyat-tahmil/xxxxmatures|http://www.tubeninja.net/de/download-anleitung/xxxxmatures|http://www.tubeninja.net/es/como-descargar/xxxxmatures|http://www.tubeninja.net/fa/how-to-download/xxxxmatures|http://www.tubeninja.net/fr/comment-telecharger/xxxxmatures|http://www.tubeninja.net/id/bagaimana-cara-mengunduh/xxxxmatures|http://www.tubeninja.net/it/come-scaricare/xxxxmatures
yaporn.com,yaporn,missing,,,download-yaporn-videos,/download-yaporn-videos,Yaporn Video Downloader,true,1,38,tubeninja.net,tubeninja.net,"Yaporn adult video downloader page; emphasize public videos, privacy, HD/MP4 formats, no popups, browser extension CTA, and legal/adult disclaimer.",http://www.tubeninja.net/how-to-download/yaporn|http://www.tubeninja.net/ar/kayfiyat-tahmil/yaporn|http://www.tubeninja.net/de/download-anleitung/yaporn|http://www.tubeninja.net/es/como-descargar/yaporn|http://www.tubeninja.net/fa/how-to-download/yaporn|http://www.tubeninja.net/fr/comment-telecharger/yaporn|http://www.tubeninja.net/id/bagaimana-cara-mengunduh/yaporn|http://www.tubeninja.net/it/come-scaricare/yaporn
youngamateursporn.com,youngamateursporn,missing,,,download-youngamateursporn-videos,/download-youngamateursporn-videos,Youngamateursporn Video Downloader,true,1,38,tubeninja.net,tubeninja.net,"Youngamateursporn adult video downloader page; emphasize public videos, privacy, HD/MP4 formats, no popups, browser extension CTA, and legal/adult disclaimer.",http://www.tubeninja.net/how-to-download/youngamateursporn|http://www.tubeninja.net/ar/kayfiyat-tahmil/youngamateursporn|http://www.tubeninja.net/de/download-anleitung/youngamateursporn|http://www.tubeninja.net/es/como-descargar/youngamateursporn|http://www.tubeninja.net/fa/how-to-download/youngamateursporn|http://www.tubeninja.net/fr/comment-telecharger/youngamateursporn|http://www.tubeninja.net/id/bagaimana-cara-mengunduh/youngamateursporn|http://www.tubeninja.net/it/come-scaricare/youngamateursporn
youngpornhd.com,youngpornhd,missing,,,download-youngpornhd-videos,/download-youngpornhd-videos,Youngpornhd Video Downloader,true,1,38,tubeninja.net,tubeninja.net,"Youngpornhd adult video downloader page; emphasize public videos, privacy, HD/MP4 formats, no popups, browser extension CTA, and legal/adult disclaimer.",http://www.tubeninja.net/how-to-download/youngpornhd|http://www.tubeninja.net/ar/kayfiyat-tahmil/youngpornhd|http://www.tubeninja.net/de/download-anleitung/youngpornhd|http://www.tubeninja.net/es/como-descargar/youngpornhd|http://www.tubeninja.net/fa/how-to-download/youngpornhd|http://www.tubeninja.net/fr/comment-telecharger/youngpornhd|http://www.tubeninja.net/id/bagaimana-cara-mengunduh/youngpornhd|http://www.tubeninja.net/it/come-scaricare/youngpornhd
youngporntubes.com,youngporntubes,missing,,,download-youngporntubes-videos,/download-youngporntubes-videos,Youngporntubes Video Downloader,true,1,38,tubeninja.net,tubeninja.net,"Youngporntubes adult video downloader page; emphasize public videos, privacy, HD/MP4 formats, no popups, browser extension CTA, and legal/adult disclaimer.",http://www.tubeninja.net/how-to-download/youngporntubes|http://www.tubeninja.net/ar/kayfiyat-tahmil/youngporntubes|http://www.tubeninja.net/de/download-anleitung/youngporntubes|http://www.tubeninja.net/es/como-descargar/youngporntubes|http://www.tubeninja.net/fa/how-to-download/youngporntubes|http://www.tubeninja.net/fr/comment-telecharger/youngporntubes|http://www.tubeninja.net/id/bagaimana-cara-mengunduh/youngporntubes|http://www.tubeninja.net/it/come-scaricare/youngporntubes
youngsex.com,youngsex,missing,,,download-youngsex-videos,/download-youngsex-videos,Youngsex Video Downloader,true,1,38,tubeninja.net,tubeninja.net,"Youngsex adult video downloader page; emphasize public videos, privacy, HD/MP4 formats, no popups, browser extension CTA, and legal/adult disclaimer.",http://www.tubeninja.net/how-to-download/youngsex|http://www.tubeninja.net/ar/kayfiyat-tahmil/youngsex|http://www.tubeninja.net/de/download-anleitung/youngsex|http://www.tubeninja.net/es/como-descargar/youngsex|http://www.tubeninja.net/fa/how-to-download/youngsex|http://www.tubeninja.net/fr/comment-telecharger/youngsex|http://www.tubeninja.net/id/bagaimana-cara-mengunduh/youngsex|http://www.tubeninja.net/it/come-scaricare/youngsex
youngsextube.com,youngsextube,missing,,,download-youngsextube-videos,/download-youngsextube-videos,Youngsextube Video Downloader,true,1,38,tubeninja.net,tubeninja.net,"Youngsextube adult video downloader page; emphasize public videos, privacy, HD/MP4 formats, no popups, browser extension CTA, and legal/adult disclaimer.",http://www.tubeninja.net/how-to-download/youngsextube|http://www.tubeninja.net/ar/kayfiyat-tahmil/youngsextube|http://www.tubeninja.net/de/download-anleitung/youngsextube|http://www.tubeninja.net/es/como-descargar/youngsextube|http://www.tubeninja.net/fa/how-to-download/youngsextube|http://www.tubeninja.net/fr/comment-telecharger/youngsextube|http://www.tubeninja.net/id/bagaimana-cara-mengunduh/youngsextube|http://www.tubeninja.net/it/come-scaricare/youngsextube
youngteenpornvideos.com,youngteenpornvideos,missing,,,download-youngteenpornvideos-videos,/download-youngteenpornvideos-videos,Youngteenpornvideos Video Downloader,true,1,38,tubeninja.net,tubeninja.net,"Youngteenpornvideos adult video downloader page; emphasize public videos, privacy, HD/MP4 formats, no popups, browser extension CTA, and legal/adult disclaimer.",http://www.tubeninja.net/how-to-download/youngteenpornvideos|http://www.tubeninja.net/ar/kayfiyat-tahmil/youngteenpornvideos|http://www.tubeninja.net/de/download-anleitung/youngteenpornvideos|http://www.tubeninja.net/es/como-descargar/youngteenpornvideos|http://www.tubeninja.net/fa/how-to-download/youngteenpornvideos|http://www.tubeninja.net/fr/comment-telecharger/youngteenpornvideos|http://www.tubeninja.net/id/bagaimana-cara-mengunduh/youngteenpornvideos|http://www.tubeninja.net/it/come-scaricare/youngteenpornvideos
youpornhd.com,youpornhd,missing,,,download-youpornhd-videos,/download-youpornhd-videos,Youpornhd Video Downloader,true,1,38,tubeninja.net,tubeninja.net,"Youpornhd adult video downloader page; emphasize public videos, privacy, HD/MP4 formats, no popups, browser extension CTA, and legal/adult disclaimer.",http://www.tubeninja.net/how-to-download/youpornhd|http://www.tubeninja.net/ar/kayfiyat-tahmil/youpornhd|http://www.tubeninja.net/de/download-anleitung/youpornhd|http://www.tubeninja.net/es/como-descargar/youpornhd|http://www.tubeninja.net/fa/how-to-download/youpornhd|http://www.tubeninja.net/fr/comment-telecharger/youpornhd|http://www.tubeninja.net/id/bagaimana-cara-mengunduh/youpornhd|http://www.tubeninja.net/it/come-scaricare/youpornhd
youpornru.com,youpornru,missing,,,download-youpornru-videos,/download-youpornru-videos,Youpornru Video Downloader,true,1,38,tubeninja.net,tubeninja.net,"Youpornru adult video downloader page; emphasize public videos, privacy, HD/MP4 formats, no popups, browser extension CTA, and legal/adult disclaimer.",http://www.tubeninja.net/how-to-download/youpornru|http://www.tubeninja.net/ar/kayfiyat-tahmil/youpornru|http://www.tubeninja.net/de/download-anleitung/youpornru|http://www.tubeninja.net/es/como-descargar/youpornru|http://www.tubeninja.net/fa/how-to-download/youpornru|http://www.tubeninja.net/fr/comment-telecharger/youpornru|http://www.tubeninja.net/id/bagaimana-cara-mengunduh/youpornru|http://www.tubeninja.net/it/come-scaricare/youpornru
youramateurporn.com,youramateurporn,missing,,,download-youramateurporn-videos,/download-youramateurporn-videos,Youramateurporn Video Downloader,true,1,38,tubeninja.net,tubeninja.net,"Youramateurporn adult video downloader page; emphasize public videos, privacy, HD/MP4 formats, no popups, browser extension CTA, and legal/adult disclaimer.",http://www.tubeninja.net/how-to-download/youramateurporn|http://www.tubeninja.net/ar/kayfiyat-tahmil/youramateurporn|http://www.tubeninja.net/de/download-anleitung/youramateurporn|http://www.tubeninja.net/es/como-descargar/youramateurporn|http://www.tubeninja.net/fa/how-to-download/youramateurporn|http://www.tubeninja.net/fr/comment-telecharger/youramateurporn|http://www.tubeninja.net/id/bagaimana-cara-mengunduh/youramateurporn|http://www.tubeninja.net/it/come-scaricare/youramateurporn
yourporno.com,yourporno,missing,,,download-yourporno-videos,/download-yourporno-videos,Yourporno Video Downloader,true,1,38,tubeninja.net,tubeninja.net,"Yourporno adult video downloader page; emphasize public videos, privacy, HD/MP4 formats, no popups, browser extension CTA, and legal/adult disclaimer.",http://www.tubeninja.net/how-to-download/yourporno|http://www.tubeninja.net/ar/kayfiyat-tahmil/yourporno|http://www.tubeninja.net/de/download-anleitung/yourporno|http://www.tubeninja.net/es/como-descargar/yourporno|http://www.tubeninja.net/fa/how-to-download/yourporno|http://www.tubeninja.net/fr/comment-telecharger/yourporno|http://www.tubeninja.net/id/bagaimana-cara-mengunduh/yourporno|http://www.tubeninja.net/it/come-scaricare/yourporno
yourteenporn.com,yourteenporn,missing,,,download-yourteenporn-videos,/download-yourteenporn-videos,Yourteenporn Video Downloader,true,1,38,tubeninja.net,tubeninja.net,"Yourteenporn adult video downloader page; emphasize public videos, privacy, HD/MP4 formats, no popups, browser extension CTA, and legal/adult disclaimer.",http://www.tubeninja.net/how-to-download/yourteenporn|http://www.tubeninja.net/ar/kayfiyat-tahmil/yourteenporn|http://www.tubeninja.net/de/download-anleitung/yourteenporn|http://www.tubeninja.net/es/como-descargar/yourteenporn|http://www.tubeninja.net/fa/how-to-download/yourteenporn|http://www.tubeninja.net/fr/comment-telecharger/yourteenporn|http://www.tubeninja.net/id/bagaimana-cara-mengunduh/yourteenporn|http://www.tubeninja.net/it/come-scaricare/yourteenporn
youvideoporno.com,youvideoporno,missing,,,download-youvideoporno-videos,/download-youvideoporno-videos,Youvideoporno Video Downloader,true,1,38,tubeninja.net,tubeninja.net,"Youvideoporno adult video downloader page; emphasize public videos, privacy, HD/MP4 formats, no popups, browser extension CTA, and legal/adult disclaimer.",http://www.tubeninja.net/how-to-download/youvideoporno|http://www.tubeninja.net/ar/kayfiyat-tahmil/youvideoporno|http://www.tubeninja.net/de/download-anleitung/youvideoporno|http://www.tubeninja.net/es/como-descargar/youvideoporno|http://www.tubeninja.net/fa/how-to-download/youvideoporno|http://www.tubeninja.net/fr/comment-telecharger/youvideoporno|http://www.tubeninja.net/id/bagaimana-cara-mengunduh/youvideoporno|http://www.tubeninja.net/it/come-scaricare/youvideoporno
ashemaletv.com,ashemaletv,missing,,,download-ashemaletv-videos,/download-ashemaletv-videos,Ashemaletv Video Downloader,true,1,36,tubeninja.net,tubeninja.net,"Ashemaletv adult video downloader page; emphasize public videos, privacy, HD/MP4 formats, no popups, browser extension CTA, and legal/adult disclaimer.",http://www.tubeninja.net/how-to-download/ashemaletv|http://www.tubeninja.net/ar/kayfiyat-tahmil/ashemaletv|http://www.tubeninja.net/de/download-anleitung/ashemaletv|http://www.tubeninja.net/es/como-descargar/ashemaletv|http://www.tubeninja.net/fa/how-to-download/ashemaletv|http://www.tubeninja.net/fr/comment-telecharger/ashemaletv|http://www.tubeninja.net/id/bagaimana-cara-mengunduh/ashemaletv|http://www.tubeninja.net/it/come-scaricare/ashemaletv
boysbigcock.com,boysbigcock,missing,,,download-boysbigcock-videos,/download-boysbigcock-videos,Boysbigcock Video Downloader,true,1,36,tubeninja.net,tubeninja.net,"Boysbigcock adult video downloader page; emphasize public videos, privacy, HD/MP4 formats, no popups, browser extension CTA, and legal/adult disclaimer.",http://www.tubeninja.net/how-to-download/boysbigcock|http://www.tubeninja.net/ar/kayfiyat-tahmil/boysbigcock|http://www.tubeninja.net/de/download-anleitung/boysbigcock|http://www.tubeninja.net/es/como-descargar/boysbigcock|http://www.tubeninja.net/fa/how-to-download/boysbigcock|http://www.tubeninja.net/fr/comment-telecharger/boysbigcock|http://www.tubeninja.net/id/bagaimana-cara-mengunduh/boysbigcock|http://www.tubeninja.net/it/come-scaricare/boysbigcock
chickswithdicks.com,chickswithdicks,missing,,,download-chickswithdicks-videos,/download-chickswithdicks-videos,Chickswithdicks Video Downloader,true,1,36,tubeninja.net,tubeninja.net,"Chickswithdicks adult video downloader page; emphasize public videos, privacy, HD/MP4 formats, no popups, browser extension CTA, and legal/adult disclaimer.",http://www.tubeninja.net/how-to-download/chickswithdicks|http://www.tubeninja.net/ar/kayfiyat-tahmil/chickswithdicks|http://www.tubeninja.net/de/download-anleitung/chickswithdicks|http://www.tubeninja.net/es/como-descargar/chickswithdicks|http://www.tubeninja.net/fa/how-to-download/chickswithdicks|http://www.tubeninja.net/fr/comment-telecharger/chickswithdicks|http://www.tubeninja.net/id/bagaimana-cara-mengunduh/chickswithdicks|http://www.tubeninja.net/it/come-scaricare/chickswithdicks
cockyboys.com,cockyboys,missing,,,download-cockyboys-videos,/download-cockyboys-videos,Cockyboys Video Downloader,true,1,36,tubeninja.net,tubeninja.net,"Cockyboys adult video downloader page; emphasize public videos, privacy, HD/MP4 formats, no popups, browser extension CTA, and legal/adult disclaimer.",http://www.tubeninja.net/how-to-download/cockyboys|http://www.tubeninja.net/ar/kayfiyat-tahmil/cockyboys|http://www.tubeninja.net/de/download-anleitung/cockyboys|http://www.tubeninja.net/es/como-descargar/cockyboys|http://www.tubeninja.net/fa/how-to-download/cockyboys|http://www.tubeninja.net/fr/comment-telecharger/cockyboys|http://www.tubeninja.net/id/bagaimana-cara-mengunduh/cockyboys|http://www.tubeninja.net/it/come-scaricare/cockyboys
daddybearsex.com,daddybearsex,missing,,,download-daddybearsex-videos,/download-daddybearsex-videos,Daddybearsex Video Downloader,true,1,36,tubeninja.net,tubeninja.net,"Daddybearsex adult video downloader page; emphasize public videos, privacy, HD/MP4 formats, no popups, browser extension CTA, and legal/adult disclaimer.",http://www.tubeninja.net/how-to-download/daddybearsex|http://www.tubeninja.net/ar/kayfiyat-tahmil/daddybearsex|http://www.tubeninja.net/de/download-anleitung/daddybearsex|http://www.tubeninja.net/es/como-descargar/daddybearsex|http://www.tubeninja.net/fa/how-to-download/daddybearsex|http://www.tubeninja.net/fr/comment-telecharger/daddybearsex|http://www.tubeninja.net/id/bagaimana-cara-mengunduh/daddybearsex|http://www.tubeninja.net/it/come-scaricare/daddybearsex
findgaytube.com,findgaytube,missing,,,download-findgaytube-videos,/download-findgaytube-videos,Findgaytube Video Downloader,true,1,36,tubeninja.net,tubeninja.net,"Findgaytube adult video downloader page; emphasize public videos, privacy, HD/MP4 formats, no popups, browser extension CTA, and legal/adult disclaimer.",http://www.tubeninja.net/how-to-download/findgaytube|http://www.tubeninja.net/ar/kayfiyat-tahmil/findgaytube|http://www.tubeninja.net/de/download-anleitung/findgaytube|http://www.tubeninja.net/es/como-descargar/findgaytube|http://www.tubeninja.net/fa/how-to-download/findgaytube|http://www.tubeninja.net/fr/comment-telecharger/findgaytube|http://www.tubeninja.net/id/bagaimana-cara-mengunduh/findgaytube|http://www.tubeninja.net/it/come-scaricare/findgaytube
fulltrannyporn.com,fulltrannyporn,missing,,,download-fulltrannyporn-videos,/download-fulltrannyporn-videos,Fulltrannyporn Video Downloader,true,1,36,tubeninja.net,tubeninja.net,"Fulltrannyporn adult video downloader page; emphasize public videos, privacy, HD/MP4 formats, no popups, browser extension CTA, and legal/adult disclaimer.",http://www.tubeninja.net/how-to-download/fulltrannyporn|http://www.tubeninja.net/ar/kayfiyat-tahmil/fulltrannyporn|http://www.tubeninja.net/de/download-anleitung/fulltrannyporn|http://www.tubeninja.net/es/como-descargar/fulltrannyporn|http://www.tubeninja.net/fa/how-to-download/fulltrannyporn|http://www.tubeninja.net/fr/comment-telecharger/fulltrannyporn|http://www.tubeninja.net/id/bagaimana-cara-mengunduh/fulltrannyporn|http://www.tubeninja.net/it/come-scaricare/fulltrannyporn
gayfuckporn.com,gayfuckporn,missing,,,download-gayfuckporn-videos,/download-gayfuckporn-videos,Gayfuckporn Video Downloader,true,1,36,tubeninja.net,tubeninja.net,"Gayfuckporn adult video downloader page; emphasize public videos, privacy, HD/MP4 formats, no popups, browser extension CTA, and legal/adult disclaimer.",http://www.tubeninja.net/how-to-download/gayfuckporn|http://www.tubeninja.net/ar/kayfiyat-tahmil/gayfuckporn|http://www.tubeninja.net/de/download-anleitung/gayfuckporn|http://www.tubeninja.net/es/como-descargar/gayfuckporn|http://www.tubeninja.net/fa/how-to-download/gayfuckporn|http://www.tubeninja.net/fr/comment-telecharger/gayfuckporn|http://www.tubeninja.net/id/bagaimana-cara-mengunduh/gayfuckporn|http://www.tubeninja.net/it/come-scaricare/gayfuckporn
gaypinoyporn.com,gaypinoyporn,missing,,,download-gaypinoyporn-videos,/download-gaypinoyporn-videos,Gaypinoyporn Video Downloader,true,1,36,tubeninja.net,tubeninja.net,"Gaypinoyporn adult video downloader page; emphasize public videos, privacy, HD/MP4 formats, no popups, browser extension CTA, and legal/adult disclaimer.",http://www.tubeninja.net/how-to-download/gaypinoyporn|http://www.tubeninja.net/ar/kayfiyat-tahmil/gaypinoyporn|http://www.tubeninja.net/de/download-anleitung/gaypinoyporn|http://www.tubeninja.net/es/como-descargar/gaypinoyporn|http://www.tubeninja.net/fa/how-to-download/gaypinoyporn|http://www.tubeninja.net/fr/comment-telecharger/gaypinoyporn|http://www.tubeninja.net/id/bagaimana-cara-mengunduh/gaypinoyporn|http://www.tubeninja.net/it/come-scaricare/gaypinoyporn
gaypornempire.com,gaypornempire,missing,,,download-gaypornempire-videos,/download-gaypornempire-videos,Gaypornempire Video Downloader,true,1,36,tubeninja.net,tubeninja.net,"Gaypornempire adult video downloader page; emphasize public videos, privacy, HD/MP4 formats, no popups, browser extension CTA, and legal/adult disclaimer.",http://www.tubeninja.net/how-to-download/gaypornempire|http://www.tubeninja.net/ar/kayfiyat-tahmil/gaypornempire|http://www.tubeninja.net/de/download-anleitung/gaypornempire|http://www.tubeninja.net/es/como-descargar/gaypornempire|http://www.tubeninja.net/fa/how-to-download/gaypornempire|http://www.tubeninja.net/fr/comment-telecharger/gaypornempire|http://www.tubeninja.net/id/bagaimana-cara-mengunduh/gaypornempire|http://www.tubeninja.net/it/come-scaricare/gaypornempire
gaypornium.com,gaypornium,missing,,,download-gaypornium-videos,/download-gaypornium-videos,Gaypornium Video Downloader,true,1,36,tubeninja.net,tubeninja.net,"Gaypornium adult video downloader page; emphasize public videos, privacy, HD/MP4 formats, no popups, browser extension CTA, and legal/adult disclaimer.",http://www.tubeninja.net/how-to-download/gaypornium|http://www.tubeninja.net/ar/kayfiyat-tahmil/gaypornium|http://www.tubeninja.net/de/download-anleitung/gaypornium|http://www.tubeninja.net/es/como-descargar/gaypornium|http://www.tubeninja.net/fa/how-to-download/gaypornium|http://www.tubeninja.net/fr/comment-telecharger/gaypornium|http://www.tubeninja.net/id/bagaimana-cara-mengunduh/gaypornium|http://www.tubeninja.net/it/come-scaricare/gaypornium
gaypornplanet.com,gaypornplanet,missing,,,download-gaypornplanet-videos,/download-gaypornplanet-videos,Gaypornplanet Video Downloader,true,1,36,tubeninja.net,tubeninja.net,"Gaypornplanet adult video downloader page; emphasize public videos, privacy, HD/MP4 formats, no popups, browser extension CTA, and legal/adult disclaimer.",http://www.tubeninja.net/how-to-download/gaypornplanet|http://www.tubeninja.net/ar/kayfiyat-tahmil/gaypornplanet|http://www.tubeninja.net/de/download-anleitung/gaypornplanet|http://www.tubeninja.net/es/como-descargar/gaypornplanet|http://www.tubeninja.net/fa/how-to-download/gaypornplanet|http://www.tubeninja.net/fr/comment-telecharger/gaypornplanet|http://www.tubeninja.net/id/bagaimana-cara-mengunduh/gaypornplanet|http://www.tubeninja.net/it/come-scaricare/gaypornplanet
gayporntube.tv,gayporntube,missing,,,download-gayporntube-videos,/download-gayporntube-videos,Gayporntube Video Downloader,true,1,36,tubeninja.net,tubeninja.net,"Gayporntube adult video downloader page; emphasize public videos, privacy, HD/MP4 formats, no popups, browser extension CTA, and legal/adult disclaimer.",http://www.tubeninja.net/how-to-download/gayporntube-tv|http://www.tubeninja.net/ar/kayfiyat-tahmil/gayporntube-tv|http://www.tubeninja.net/de/download-anleitung/gayporntube-tv|http://www.tubeninja.net/es/como-descargar/gayporntube-tv|http://www.tubeninja.net/fa/how-to-download/gayporntube-tv|http://www.tubeninja.net/fr/comment-telecharger/gayporntube-tv|http://www.tubeninja.net/id/bagaimana-cara-mengunduh/gayporntube-tv|http://www.tubeninja.net/it/come-scaricare/gayporntube-tv
gaytubes.com,gaytubes,missing,,,download-gaytubes-videos,/download-gaytubes-videos,Gaytubes Video Downloader,true,1,36,tubeninja.net,tubeninja.net,"Gaytubes adult video downloader page; emphasize public videos, privacy, HD/MP4 formats, no popups, browser extension CTA, and legal/adult disclaimer.",http://www.tubeninja.net/how-to-download/gaytubes|http://www.tubeninja.net/ar/kayfiyat-tahmil/gaytubes|http://www.tubeninja.net/de/download-anleitung/gaytubes|http://www.tubeninja.net/es/como-descargar/gaytubes|http://www.tubeninja.net/fa/how-to-download/gaytubes|http://www.tubeninja.net/fr/comment-telecharger/gaytubes|http://www.tubeninja.net/id/bagaimana-cara-mengunduh/gaytubes|http://www.tubeninja.net/it/come-scaricare/gaytubes
hdtwinkporn.com,hdtwinkporn,missing,,,download-hdtwinkporn-videos,/download-hdtwinkporn-videos,Hdtwinkporn Video Downloader,true,1,36,tubeninja.net,tubeninja.net,"Hdtwinkporn adult video downloader page; emphasize public videos, privacy, HD/MP4 formats, no popups, browser extension CTA, and legal/adult disclaimer.",http://www.tubeninja.net/how-to-download/hdtwinkporn|http://www.tubeninja.net/ar/kayfiyat-tahmil/hdtwinkporn|http://www.tubeninja.net/de/download-anleitung/hdtwinkporn|http://www.tubeninja.net/es/como-descargar/hdtwinkporn|http://www.tubeninja.net/fa/how-to-download/hdtwinkporn|http://www.tubeninja.net/fr/comment-telecharger/hdtwinkporn|http://www.tubeninja.net/id/bagaimana-cara-mengunduh/hdtwinkporn|http://www.tubeninja.net/it/come-scaricare/hdtwinkporn
hotgaytube.com,hotgaytube,missing,,,download-hotgaytube-videos,/download-hotgaytube-videos,Hotgaytube Video Downloader,true,1,36,tubeninja.net,tubeninja.net,"Hotgaytube adult video downloader page; emphasize public videos, privacy, HD/MP4 formats, no popups, browser extension CTA, and legal/adult disclaimer.",http://www.tubeninja.net/how-to-download/hotgaytube|http://www.tubeninja.net/ar/kayfiyat-tahmil/hotgaytube|http://www.tubeninja.net/de/download-anleitung/hotgaytube|http://www.tubeninja.net/es/como-descargar/hotgaytube|http://www.tubeninja.net/fa/how-to-download/hotgaytube|http://www.tubeninja.net/fr/comment-telecharger/hotgaytube|http://www.tubeninja.net/id/bagaimana-cara-mengunduh/hotgaytube|http://www.tubeninja.net/it/come-scaricare/hotgaytube
icegaytube.com,icegaytube,missing,,,download-icegaytube-videos,/download-icegaytube-videos,Icegaytube Video Downloader,true,1,36,tubeninja.net,tubeninja.net,"Icegaytube adult video downloader page; emphasize public videos, privacy, HD/MP4 formats, no popups, browser extension CTA, and legal/adult disclaimer.",http://www.tubeninja.net/how-to-download/icegaytube|http://www.tubeninja.net/ar/kayfiyat-tahmil/icegaytube|http://www.tubeninja.net/de/download-anleitung/icegaytube|http://www.tubeninja.net/es/como-descargar/icegaytube|http://www.tubeninja.net/fa/how-to-download/icegaytube|http://www.tubeninja.net/fr/comment-telecharger/icegaytube|http://www.tubeninja.net/id/bagaimana-cara-mengunduh/icegaytube|http://www.tubeninja.net/it/come-scaricare/icegaytube
jockgayporn.com,jockgayporn,missing,,,download-jockgayporn-videos,/download-jockgayporn-videos,Jockgayporn Video Downloader,true,1,36,tubeninja.net,tubeninja.net,"Jockgayporn adult video downloader page; emphasize public videos, privacy, HD/MP4 formats, no popups, browser extension CTA, and legal/adult disclaimer.",http://www.tubeninja.net/how-to-download/jockgayporn|http://www.tubeninja.net/ar/kayfiyat-tahmil/jockgayporn|http://www.tubeninja.net/de/download-anleitung/jockgayporn|http://www.tubeninja.net/es/como-descargar/jockgayporn|http://www.tubeninja.net/fa/how-to-download/jockgayporn|http://www.tubeninja.net/fr/comment-telecharger/jockgayporn|http://www.tubeninja.net/id/bagaimana-cara-mengunduh/jockgayporn|http://www.tubeninja.net/it/come-scaricare/jockgayporn
lesbian-sex.com,lesbian-sex,missing,,,download-lesbian-sex-videos,/download-lesbian-sex-videos,Lesbian Sex Video Downloader,true,1,36,tubeninja.net,tubeninja.net,"Lesbian Sex adult video downloader page; emphasize public videos, privacy, HD/MP4 formats, no popups, browser extension CTA, and legal/adult disclaimer.",http://www.tubeninja.net/how-to-download/lesbian-sex|http://www.tubeninja.net/ar/kayfiyat-tahmil/lesbian-sex|http://www.tubeninja.net/de/download-anleitung/lesbian-sex|http://www.tubeninja.net/es/como-descargar/lesbian-sex|http://www.tubeninja.net/fa/how-to-download/lesbian-sex|http://www.tubeninja.net/fr/comment-telecharger/lesbian-sex|http://www.tubeninja.net/id/bagaimana-cara-mengunduh/lesbian-sex|http://www.tubeninja.net/it/come-scaricare/lesbian-sex
madgaysex.com,madgaysex,missing,,,download-madgaysex-videos,/download-madgaysex-videos,Madgaysex Video Downloader,true,1,36,tubeninja.net,tubeninja.net,"Madgaysex adult video downloader page; emphasize public videos, privacy, HD/MP4 formats, no popups, browser extension CTA, and legal/adult disclaimer.",http://www.tubeninja.net/how-to-download/madgaysex|http://www.tubeninja.net/ar/kayfiyat-tahmil/madgaysex|http://www.tubeninja.net/de/download-anleitung/madgaysex|http://www.tubeninja.net/es/como-descargar/madgaysex|http://www.tubeninja.net/fa/how-to-download/madgaysex|http://www.tubeninja.net/fr/comment-telecharger/madgaysex|http://www.tubeninja.net/id/bagaimana-cara-mengunduh/madgaysex|http://www.tubeninja.net/it/come-scaricare/madgaysex
maturegayporn.com,maturegayporn,missing,,,download-maturegayporn-videos,/download-maturegayporn-videos,Maturegayporn Video Downloader,true,1,36,tubeninja.net,tubeninja.net,"Maturegayporn adult video downloader page; emphasize public videos, privacy, HD/MP4 formats, no popups, browser extension CTA, and legal/adult disclaimer.",http://www.tubeninja.net/how-to-download/maturegayporn|http://www.tubeninja.net/ar/kayfiyat-tahmil/maturegayporn|http://www.tubeninja.net/de/download-anleitung/maturegayporn|http://www.tubeninja.net/es/como-descargar/maturegayporn|http://www.tubeninja.net/fa/how-to-download/maturegayporn|http://www.tubeninja.net/fr/comment-telecharger/maturegayporn|http://www.tubeninja.net/id/bagaimana-cara-mengunduh/maturegayporn|http://www.tubeninja.net/it/come-scaricare/maturegayporn
monstercock.com,monstercock,missing,,,download-monstercock-videos,/download-monstercock-videos,Monstercock Video Downloader,true,1,36,tubeninja.net,tubeninja.net,"Monstercock adult video downloader page; emphasize public videos, privacy, HD/MP4 formats, no popups, browser extension CTA, and legal/adult disclaimer.",http://www.tubeninja.net/how-to-download/monstercock|http://www.tubeninja.net/ar/kayfiyat-tahmil/monstercock|http://www.tubeninja.net/de/download-anleitung/monstercock|http://www.tubeninja.net/es/como-descargar/monstercock|http://www.tubeninja.net/fa/how-to-download/monstercock|http://www.tubeninja.net/fr/comment-telecharger/monstercock|http://www.tubeninja.net/id/bagaimana-cara-mengunduh/monstercock|http://www.tubeninja.net/it/come-scaricare/monstercock
ourshemales.com,ourshemales,missing,,,download-ourshemales-videos,/download-ourshemales-videos,Ourshemales Video Downloader,true,1,36,tubeninja.net,tubeninja.net,"Ourshemales adult video downloader page; emphasize public videos, privacy, HD/MP4 formats, no popups, browser extension CTA, and legal/adult disclaimer.",http://www.tubeninja.net/how-to-download/ourshemales|http://www.tubeninja.net/ar/kayfiyat-tahmil/ourshemales|http://www.tubeninja.net/de/download-anleitung/ourshemales|http://www.tubeninja.net/es/como-descargar/ourshemales|http://www.tubeninja.net/fa/how-to-download/ourshemales|http://www.tubeninja.net/fr/comment-telecharger/ourshemales|http://www.tubeninja.net/id/bagaimana-cara-mengunduh/ourshemales|http://www.tubeninja.net/it/come-scaricare/ourshemales
rockjockcock.com,rockjockcock,missing,,,download-rockjockcock-videos,/download-rockjockcock-videos,Rockjockcock Video Downloader,true,1,36,tubeninja.net,tubeninja.net,"Rockjockcock adult video downloader page; emphasize public videos, privacy, HD/MP4 formats, no popups, browser extension CTA, and legal/adult disclaimer.",http://www.tubeninja.net/how-to-download/rockjockcock|http://www.tubeninja.net/ar/kayfiyat-tahmil/rockjockcock|http://www.tubeninja.net/de/download-anleitung/rockjockcock|http://www.tubeninja.net/es/como-descargar/rockjockcock|http://www.tubeninja.net/fa/how-to-download/rockjockcock|http://www.tubeninja.net/fr/comment-telecharger/rockjockcock|http://www.tubeninja.net/id/bagaimana-cara-mengunduh/rockjockcock|http://www.tubeninja.net/it/come-scaricare/rockjockcock
sexflexible.com,sexflexible,missing,,,download-sexflexible-videos,/download-sexflexible-videos,Sexflexible Video Downloader,true,1,36,tubeninja.net,tubeninja.net,"Sexflexible adult video downloader page; emphasize public videos, privacy, HD/MP4 formats, no popups, browser extension CTA, and legal/adult disclaimer.",http://www.tubeninja.net/how-to-download/sexflexible|http://www.tubeninja.net/ar/kayfiyat-tahmil/sexflexible|http://www.tubeninja.net/de/download-anleitung/sexflexible|http://www.tubeninja.net/es/como-descargar/sexflexible|http://www.tubeninja.net/fa/how-to-download/sexflexible|http://www.tubeninja.net/fr/comment-telecharger/sexflexible|http://www.tubeninja.net/id/bagaimana-cara-mengunduh/sexflexible|http://www.tubeninja.net/it/come-scaricare/sexflexible
sexhoundlinks.com,sexhoundlinks,missing,,,download-sexhoundlinks-videos,/download-sexhoundlinks-videos,Sexhoundlinks Video Downloader,true,1,36,tubeninja.net,tubeninja.net,"Sexhoundlinks adult video downloader page; emphasize public videos, privacy, HD/MP4 formats, no popups, browser extension CTA, and legal/adult disclaimer.",http://www.tubeninja.net/how-to-download/sexhoundlinks|http://www.tubeninja.net/ar/kayfiyat-tahmil/sexhoundlinks|http://www.tubeninja.net/de/download-anleitung/sexhoundlinks|http://www.tubeninja.net/es/como-descargar/sexhoundlinks|http://www.tubeninja.net/fa/how-to-download/sexhoundlinks|http://www.tubeninja.net/fr/comment-telecharger/sexhoundlinks|http://www.tubeninja.net/id/bagaimana-cara-mengunduh/sexhoundlinks|http://www.tubeninja.net/it/come-scaricare/sexhoundlinks
sexyteenboys.com,sexyteenboys,missing,,,download-sexyteenboys-videos,/download-sexyteenboys-videos,Sexyteenboys Video Downloader,true,1,36,tubeninja.net,tubeninja.net,"Sexyteenboys adult video downloader page; emphasize public videos, privacy, HD/MP4 formats, no popups, browser extension CTA, and legal/adult disclaimer.",http://www.tubeninja.net/how-to-download/sexyteenboys|http://www.tubeninja.net/ar/kayfiyat-tahmil/sexyteenboys|http://www.tubeninja.net/de/download-anleitung/sexyteenboys|http://www.tubeninja.net/es/como-descargar/sexyteenboys|http://www.tubeninja.net/fa/how-to-download/sexyteenboys|http://www.tubeninja.net/fr/comment-telecharger/sexyteenboys|http://www.tubeninja.net/id/bagaimana-cara-mengunduh/sexyteenboys|http://www.tubeninja.net/it/come-scaricare/sexyteenboys
sexyteengays.com,sexyteengays,missing,,,download-sexyteengays-videos,/download-sexyteengays-videos,Sexyteengays Video Downloader,true,1,36,tubeninja.net,tubeninja.net,"Sexyteengays adult video downloader page; emphasize public videos, privacy, HD/MP4 formats, no popups, browser extension CTA, and legal/adult disclaimer.",http://www.tubeninja.net/how-to-download/sexyteengays|http://www.tubeninja.net/ar/kayfiyat-tahmil/sexyteengays|http://www.tubeninja.net/de/download-anleitung/sexyteengays|http://www.tubeninja.net/es/como-descargar/sexyteengays|http://www.tubeninja.net/fa/how-to-download/sexyteengays|http://www.tubeninja.net/fr/comment-telecharger/sexyteengays|http://www.tubeninja.net/id/bagaimana-cara-mengunduh/sexyteengays|http://www.tubeninja.net/it/come-scaricare/sexyteengays
shemale-list.com,shemale-list,missing,,,download-shemale-list-videos,/download-shemale-list-videos,Shemale List Video Downloader,true,1,36,tubeninja.net,tubeninja.net,"Shemale List adult video downloader page; emphasize public videos, privacy, HD/MP4 formats, no popups, browser extension CTA, and legal/adult disclaimer.",http://www.tubeninja.net/how-to-download/shemale-list|http://www.tubeninja.net/ar/kayfiyat-tahmil/shemale-list|http://www.tubeninja.net/de/download-anleitung/shemale-list|http://www.tubeninja.net/es/como-descargar/shemale-list|http://www.tubeninja.net/fa/how-to-download/shemale-list|http://www.tubeninja.net/fr/comment-telecharger/shemale-list|http://www.tubeninja.net/id/bagaimana-cara-mengunduh/shemale-list|http://www.tubeninja.net/it/come-scaricare/shemale-list
shemale-xxx.com,shemale-xxx,missing,,,download-shemale-xxx-videos,/download-shemale-xxx-videos,Shemale Xxx Video Downloader,true,1,36,tubeninja.net,tubeninja.net,"Shemale Xxx adult video downloader page; emphasize public videos, privacy, HD/MP4 formats, no popups, browser extension CTA, and legal/adult disclaimer.",http://www.tubeninja.net/how-to-download/shemale-xxx|http://www.tubeninja.net/ar/kayfiyat-tahmil/shemale-xxx|http://www.tubeninja.net/de/download-anleitung/shemale-xxx|http://www.tubeninja.net/es/como-descargar/shemale-xxx|http://www.tubeninja.net/fa/how-to-download/shemale-xxx|http://www.tubeninja.net/fr/comment-telecharger/shemale-xxx|http://www.tubeninja.net/id/bagaimana-cara-mengunduh/shemale-xxx|http://www.tubeninja.net/it/come-scaricare/shemale-xxx
shemalejapan.com,shemalejapan,missing,,,download-shemalejapan-videos,/download-shemalejapan-videos,Shemalejapan Video Downloader,true,1,36,tubeninja.net,tubeninja.net,"Shemalejapan adult video downloader page; emphasize public videos, privacy, HD/MP4 formats, no popups, browser extension CTA, and legal/adult disclaimer.",http://www.tubeninja.net/how-to-download/shemalejapan|http://www.tubeninja.net/ar/kayfiyat-tahmil/shemalejapan|http://www.tubeninja.net/de/download-anleitung/shemalejapan|http://www.tubeninja.net/es/como-descargar/shemalejapan|http://www.tubeninja.net/fa/how-to-download/shemalejapan|http://www.tubeninja.net/fr/comment-telecharger/shemalejapan|http://www.tubeninja.net/id/bagaimana-cara-mengunduh/shemalejapan|http://www.tubeninja.net/it/come-scaricare/shemalejapan
shemalemodelstube.com,shemalemodelstube,missing,,,download-shemalemodelstube-videos,/download-shemalemodelstube-videos,Shemalemodelstube Video Downloader,true,1,36,tubeninja.net,tubeninja.net,"Shemalemodelstube adult video downloader page; emphasize public videos, privacy, HD/MP4 formats, no popups, browser extension CTA, and legal/adult disclaimer.",http://www.tubeninja.net/how-to-download/shemalemodelstube|http://www.tubeninja.net/ar/kayfiyat-tahmil/shemalemodelstube|http://www.tubeninja.net/de/download-anleitung/shemalemodelstube|http://www.tubeninja.net/es/como-descargar/shemalemodelstube|http://www.tubeninja.net/fa/how-to-download/shemalemodelstube|http://www.tubeninja.net/fr/comment-telecharger/shemalemodelstube|http://www.tubeninja.net/id/bagaimana-cara-mengunduh/shemalemodelstube|http://www.tubeninja.net/it/come-scaricare/shemalemodelstube
shemales-time.com,shemales-time,missing,,,download-shemales-time-videos,/download-shemales-time-videos,Shemales Time Video Downloader,true,1,36,tubeninja.net,tubeninja.net,"Shemales Time adult video downloader page; emphasize public videos, privacy, HD/MP4 formats, no popups, browser extension CTA, and legal/adult disclaimer.",http://www.tubeninja.net/how-to-download/shemales-time|http://www.tubeninja.net/ar/kayfiyat-tahmil/shemales-time|http://www.tubeninja.net/de/download-anleitung/shemales-time|http://www.tubeninja.net/es/como-descargar/shemales-time|http://www.tubeninja.net/fa/how-to-download/shemales-time|http://www.tubeninja.net/fr/comment-telecharger/shemales-time|http://www.tubeninja.net/id/bagaimana-cara-mengunduh/shemales-time|http://www.tubeninja.net/it/come-scaricare/shemales-time
shemaletube.tv,shemaletube,missing,,,download-shemaletube-videos,/download-shemaletube-videos,Shemaletube Video Downloader,true,1,36,tubeninja.net,tubeninja.net,"Shemaletube adult video downloader page; emphasize public videos, privacy, HD/MP4 formats, no popups, browser extension CTA, and legal/adult disclaimer.",http://www.tubeninja.net/how-to-download/shemaletube-tv|http://www.tubeninja.net/ar/kayfiyat-tahmil/shemaletube-tv|http://www.tubeninja.net/de/download-anleitung/shemaletube-tv|http://www.tubeninja.net/es/como-descargar/shemaletube-tv|http://www.tubeninja.net/fa/how-to-download/shemaletube-tv|http://www.tubeninja.net/fr/comment-telecharger/shemaletube-tv|http://www.tubeninja.net/id/bagaimana-cara-mengunduh/shemaletube-tv|http://www.tubeninja.net/it/come-scaricare/shemaletube-tv
shemaletubevideos.com,shemaletubevideos,missing,,,download-shemaletubevideos-videos,/download-shemaletubevideos-videos,Shemaletubevideos Video Downloader,true,1,36,tubeninja.net,tubeninja.net,"Shemaletubevideos adult video downloader page; emphasize public videos, privacy, HD/MP4 formats, no popups, browser extension CTA, and legal/adult disclaimer.",http://www.tubeninja.net/how-to-download/shemaletubevideos|http://www.tubeninja.net/ar/kayfiyat-tahmil/shemaletubevideos|http://www.tubeninja.net/de/download-anleitung/shemaletubevideos|http://www.tubeninja.net/es/como-descargar/shemaletubevideos|http://www.tubeninja.net/fa/how-to-download/shemaletubevideos|http://www.tubeninja.net/fr/comment-telecharger/shemaletubevideos|http://www.tubeninja.net/id/bagaimana-cara-mengunduh/shemaletubevideos|http://www.tubeninja.net/it/come-scaricare/shemaletubevideos
shemaleyum.com,shemaleyum,missing,,,download-shemaleyum-videos,/download-shemaleyum-videos,Shemaleyum Video Downloader,true,1,36,tubeninja.net,tubeninja.net,"Shemaleyum adult video downloader page; emphasize public videos, privacy, HD/MP4 formats, no popups, browser extension CTA, and legal/adult disclaimer.",http://www.tubeninja.net/how-to-download/shemaleyum|http://www.tubeninja.net/ar/kayfiyat-tahmil/shemaleyum|http://www.tubeninja.net/de/download-anleitung/shemaleyum|http://www.tubeninja.net/es/como-descargar/shemaleyum|http://www.tubeninja.net/fa/how-to-download/shemaleyum|http://www.tubeninja.net/fr/comment-telecharger/shemaleyum|http://www.tubeninja.net/id/bagaimana-cara-mengunduh/shemaleyum|http://www.tubeninja.net/it/come-scaricare/shemaleyum
str8upgayporn.com,str8upgayporn,missing,,,download-str8upgayporn-videos,/download-str8upgayporn-videos,Str8upgayporn Video Downloader,true,1,36,tubeninja.net,tubeninja.net,"Str8upgayporn adult video downloader page; emphasize public videos, privacy, HD/MP4 formats, no popups, browser extension CTA, and legal/adult disclaimer.",http://www.tubeninja.net/how-to-download/str8upgayporn|http://www.tubeninja.net/ar/kayfiyat-tahmil/str8upgayporn|http://www.tubeninja.net/de/download-anleitung/str8upgayporn|http://www.tubeninja.net/es/como-descargar/str8upgayporn|http://www.tubeninja.net/fa/how-to-download/str8upgayporn|http://www.tubeninja.net/fr/comment-telecharger/str8upgayporn|http://www.tubeninja.net/id/bagaimana-cara-mengunduh/str8upgayporn|http://www.tubeninja.net/it/come-scaricare/str8upgayporn
straightpornstuds.com,straightpornstuds,missing,,,download-straightpornstuds-videos,/download-straightpornstuds-videos,Straightpornstuds Video Downloader,true,1,36,tubeninja.net,tubeninja.net,"Straightpornstuds adult video downloader page; emphasize public videos, privacy, HD/MP4 formats, no popups, browser extension CTA, and legal/adult disclaimer.",http://www.tubeninja.net/how-to-download/straightpornstuds|http://www.tubeninja.net/ar/kayfiyat-tahmil/straightpornstuds|http://www.tubeninja.net/de/download-anleitung/straightpornstuds|http://www.tubeninja.net/es/como-descargar/straightpornstuds|http://www.tubeninja.net/fa/how-to-download/straightpornstuds|http://www.tubeninja.net/fr/comment-telecharger/straightpornstuds|http://www.tubeninja.net/id/bagaimana-cara-mengunduh/straightpornstuds|http://www.tubeninja.net/it/come-scaricare/straightpornstuds
xgaytube.com,xgaytube,missing,,,download-xgaytube-videos,/download-xgaytube-videos,Xgaytube Video Downloader,true,1,36,tubeninja.net,tubeninja.net,"Xgaytube adult video downloader page; emphasize public videos, privacy, HD/MP4 formats, no popups, browser extension CTA, and legal/adult disclaimer.",http://www.tubeninja.net/how-to-download/xgaytube-com|http://www.tubeninja.net/ar/kayfiyat-tahmil/xgaytube-com|http://www.tubeninja.net/de/download-anleitung/xgaytube-com|http://www.tubeninja.net/es/como-descargar/xgaytube-com|http://www.tubeninja.net/fa/how-to-download/xgaytube-com|http://www.tubeninja.net/fr/comment-telecharger/xgaytube-com|http://www.tubeninja.net/id/bagaimana-cara-mengunduh/xgaytube-com|http://www.tubeninja.net/it/come-scaricare/xgaytube-com
xgaytube.tv,xgaytube,missing,,,download-xgaytube-videos,/download-xgaytube-videos,Xgaytube Video Downloader,true,1,36,tubeninja.net,tubeninja.net,"Xgaytube adult video downloader page; emphasize public videos, privacy, HD/MP4 formats, no popups, browser extension CTA, and legal/adult disclaimer.",http://www.tubeninja.net/how-to-download/xgaytube-tv|http://www.tubeninja.net/ar/kayfiyat-tahmil/xgaytube-tv|http://www.tubeninja.net/de/download-anleitung/xgaytube-tv|http://www.tubeninja.net/es/como-descargar/xgaytube-tv|http://www.tubeninja.net/fa/how-to-download/xgaytube-tv|http://www.tubeninja.net/fr/comment-telecharger/xgaytube-tv|http://www.tubeninja.net/id/bagaimana-cara-mengunduh/xgaytube-tv|http://www.tubeninja.net/it/come-scaricare/xgaytube-tv
xxxshemaleporn.com,xxxshemaleporn,missing,,,download-xxxshemaleporn-videos,/download-xxxshemaleporn-videos,Xxxshemaleporn Video Downloader,true,1,36,tubeninja.net,tubeninja.net,"Xxxshemaleporn adult video downloader page; emphasize public videos, privacy, HD/MP4 formats, no popups, browser extension CTA, and legal/adult disclaimer.",http://www.tubeninja.net/how-to-download/xxxshemaleporn|http://www.tubeninja.net/ar/kayfiyat-tahmil/xxxshemaleporn|http://www.tubeninja.net/de/download-anleitung/xxxshemaleporn|http://www.tubeninja.net/es/como-descargar/xxxshemaleporn|http://www.tubeninja.net/fa/how-to-download/xxxshemaleporn|http://www.tubeninja.net/fr/comment-telecharger/xxxshemaleporn|http://www.tubeninja.net/id/bagaimana-cara-mengunduh/xxxshemaleporn|http://www.tubeninja.net/it/come-scaricare/xxxshemaleporn
animalporn.com,animalporn,missing,,,download-animalporn-videos,/download-animalporn-videos,Animalporn Video Downloader,true,1,21,downloadtube.net,downloadtube.net,"Animalporn adult video downloader page; emphasize public videos, privacy, HD/MP4 formats, no popups, browser extension CTA, and legal/adult disclaimer.",https://www.downloadtube.net/download-videos-from-animalporn/|https://www.downloadtube.net/how-do-i-download-from-animalporn/|https://www.downloadtube.net/zh/%E4%BB%8Eanimalporn%E4%B8%8B%E8%BD%BD%E8%A7%86%E9%A2%91/|https://www.downloadtube.net/zh/%E6%88%91%E5%A6%82%E4%BD%95%E4%BB%8Eanimalporn%E4%B8%8B%E8%BD%BD/|https://www.downloadtube.net/es/c%C3%B3mo-puedo-descargar-desde-animalporn/|https://www.downloadtube.net/ru/%D1%81%D0%BA%D0%B0%D1%87%D0%B0%D1%82%D1%8C-%D0%B2%D0%B8%D0%B4%D0%B5%D0%BE-%D1%81-animalporn/|https://www.downloadtube.net/ru/%D0%BA%D0%B0%D0%BA-%D0%BC%D0%BD%D0%B5-%D1%81%D0%BA%D0%B0%D1%87%D0%B0%D1%82%D1%8C-%D1%81-animalporn/|https://www.downloadtube.net/hi/animalporn-%E0%A4%B8%E0%A5%87-%E0%A4%B5%E0%A5%80%E0%A4%A1%E0%A4%BF%E0%A4%AF%E0%A5%8B-%E0%A4%A1%E0%A4%BE%E0%A4%89%E0%A4%A8%E0%A4%B2%E0%A5%8B%E0%A4%A1-%E0%A4%95%E0%A4%B0%E0%A5%87%E0%A4%82/
cartoonporn.com,cartoonporn,missing,,,download-cartoonporn-videos,/download-cartoonporn-videos,Cartoonporn Video Downloader,true,1,21,downloadtube.net,downloadtube.net,"Cartoonporn adult video downloader page; emphasize public videos, privacy, HD/MP4 formats, no popups, browser extension CTA, and legal/adult disclaimer.",https://www.downloadtube.net/download-videos-from-cartoonporn/|https://www.downloadtube.net/how-do-i-download-from-cartoonporn/|https://www.downloadtube.net/zh/%E4%BB%8Ecartoonporn%E4%B8%8B%E8%BD%BD%E8%A7%86%E9%A2%91/|https://www.downloadtube.net/zh/%E6%88%91%E5%A6%82%E4%BD%95%E4%BB%8Ecartoonporn%E4%B8%8B%E8%BD%BD/|https://www.downloadtube.net/es/c%C3%B3mo-puedo-descargar-desde-cartoonporn/|https://www.downloadtube.net/ru/%D1%81%D0%BA%D0%B0%D1%87%D0%B0%D1%82%D1%8C-%D0%B2%D0%B8%D0%B4%D0%B5%D0%BE-%D1%81-cartoonporn/|https://www.downloadtube.net/ru/%D0%BA%D0%B0%D0%BA-%D0%BC%D0%BD%D0%B5-%D1%81%D0%BA%D0%B0%D1%87%D0%B0%D1%82%D1%8C-%D1%81-cartoonporn/|https://www.downloadtube.net/hi/cartoonporn-%E0%A4%B8%E0%A5%87-%E0%A4%B5%E0%A5%80%E0%A4%A1%E0%A4%BF%E0%A4%AF%E0%A5%8B-%E0%A4%A1%E0%A4%BE%E0%A4%89%E0%A4%A8%E0%A4%B2%E0%A5%8B%E0%A4%A1-%E0%A4%95%E0%A4%B0%E0%A5%87%E0%A4%82/
chubbyporn.com,chubbyporn,missing,,,download-chubbyporn-videos,/download-chubbyporn-videos,Chubbyporn Video Downloader,true,1,21,downloadtube.net,downloadtube.net,"Chubbyporn adult video downloader page; emphasize public videos, privacy, HD/MP4 formats, no popups, browser extension CTA, and legal/adult disclaimer.",https://www.downloadtube.net/download-videos-from-chubbyporn/|https://www.downloadtube.net/how-do-i-download-from-chubbyporn/|https://www.downloadtube.net/zh/%E4%BB%8Echubbyporn%E4%B8%8B%E8%BD%BD%E8%A7%86%E9%A2%91/|https://www.downloadtube.net/zh/%E6%88%91%E5%A6%82%E4%BD%95%E4%BB%8Echubbyporn%E4%B8%8B%E8%BD%BD/|https://www.downloadtube.net/es/c%C3%B3mo-puedo-descargar-desde-chubbyporn/|https://www.downloadtube.net/ru/%D1%81%D0%BA%D0%B0%D1%87%D0%B0%D1%82%D1%8C-%D0%B2%D0%B8%D0%B4%D0%B5%D0%BE-%D1%81-chubbyporn/|https://www.downloadtube.net/ru/%D0%BA%D0%B0%D0%BA-%D0%BC%D0%BD%D0%B5-%D1%81%D0%BA%D0%B0%D1%87%D0%B0%D1%82%D1%8C-%D1%81-chubbyporn/|https://www.downloadtube.net/hi/chubbyporn-%E0%A4%B8%E0%A5%87-%E0%A4%B5%E0%A5%80%E0%A4%A1%E0%A4%BF%E0%A4%AF%E0%A5%8B-%E0%A4%A1%E0%A4%BE%E0%A4%89%E0%A4%A8%E0%A4%B2%E0%A5%8B%E0%A4%A1-%E0%A4%95%E0%A4%B0%E0%A5%87%E0%A4%82/
dastanhisexy.com,dastanhisexy,missing,,,download-dastanhisexy-videos,/download-dastanhisexy-videos,Dastanhisexy Video Downloader,true,1,21,downloadtube.net,downloadtube.net,"Dastanhisexy adult video downloader page; emphasize public videos, privacy, HD/MP4 formats, no popups, browser extension CTA, and legal/adult disclaimer.",https://www.downloadtube.net/download-videos-from-dastanhisexy/|https://www.downloadtube.net/how-do-i-download-from-dastanhisexy/|https://www.downloadtube.net/zh/%E4%BB%8Edastanhisexy%E4%B8%8B%E8%BD%BD%E8%A7%86%E9%A2%91/|https://www.downloadtube.net/zh/%E6%88%91%E5%A6%82%E4%BD%95%E4%BB%8Edastanhisexy%E4%B8%8B%E8%BD%BD/|https://www.downloadtube.net/es/c%C3%B3mo-puedo-descargar-desde-dastanhisexy/|https://www.downloadtube.net/ru/%D1%81%D0%BA%D0%B0%D1%87%D0%B0%D1%82%D1%8C-%D0%B2%D0%B8%D0%B4%D0%B5%D0%BE-%D1%81-dastanhisexy/|https://www.downloadtube.net/ru/%D0%BA%D0%B0%D0%BA-%D0%BC%D0%BD%D0%B5-%D1%81%D0%BA%D0%B0%D1%87%D0%B0%D1%82%D1%8C-%D1%81-dastanhisexy/|https://www.downloadtube.net/hi/dastanhisexy-%E0%A4%B8%E0%A5%87-%E0%A4%B5%E0%A5%80%E0%A4%A1%E0%A4%BF%E0%A4%AF%E0%A5%8B-%E0%A4%A1%E0%A4%BE%E0%A4%89%E0%A4%A8%E0%A4%B2%E0%A5%8B%E0%A4%A1-%E0%A4%95%E0%A4%B0%E0%A5%87%E0%A4%82/
davidicke.com,davidicke,missing,,,download-davidicke-videos,/download-davidicke-videos,Davidicke Video Downloader,true,1,21,downloadtube.net,downloadtube.net,"Davidicke adult video downloader page; emphasize public videos, privacy, HD/MP4 formats, no popups, browser extension CTA, and legal/adult disclaimer.",https://www.downloadtube.net/download-videos-from-davidicke/|https://www.downloadtube.net/how-do-i-download-from-davidicke/|https://www.downloadtube.net/zh/%E4%BB%8Edavidicke%E4%B8%8B%E8%BD%BD%E8%A7%86%E9%A2%91/|https://www.downloadtube.net/zh/%E6%88%91%E5%A6%82%E4%BD%95%E4%BB%8Edavidicke%E4%B8%8B%E8%BD%BD/|https://www.downloadtube.net/es/c%C3%B3mo-puedo-descargar-desde-davidicke/|https://www.downloadtube.net/ru/%D1%81%D0%BA%D0%B0%D1%87%D0%B0%D1%82%D1%8C-%D0%B2%D0%B8%D0%B4%D0%B5%D0%BE-%D1%81-davidicke/|https://www.downloadtube.net/ru/%D0%BA%D0%B0%D0%BA-%D0%BC%D0%BD%D0%B5-%D1%81%D0%BA%D0%B0%D1%87%D0%B0%D1%82%D1%8C-%D1%81-davidicke/|https://www.downloadtube.net/hi/davidicke-%E0%A4%B8%E0%A5%87-%E0%A4%B5%E0%A5%80%E0%A4%A1%E0%A4%BF%E0%A4%AF%E0%A5%8B-%E0%A4%A1%E0%A4%BE%E0%A4%89%E0%A4%A8%E0%A4%B2%E0%A5%8B%E0%A4%A1-%E0%A4%95%E0%A4%B0%E0%A5%87%E0%A4%82/
dickfire.com,dickfire,missing,,,download-dickfire-videos,/download-dickfire-videos,Dickfire Video Downloader,true,1,21,downloadtube.net,downloadtube.net,"Dickfire adult video downloader page; emphasize public videos, privacy, HD/MP4 formats, no popups, browser extension CTA, and legal/adult disclaimer.",https://www.downloadtube.net/download-videos-from-dickfire/|https://www.downloadtube.net/how-do-i-download-from-dickfire/|https://www.downloadtube.net/zh/%E4%BB%8Edickfire%E4%B8%8B%E8%BD%BD%E8%A7%86%E9%A2%91/|https://www.downloadtube.net/zh/%E6%88%91%E5%A6%82%E4%BD%95%E4%BB%8Edickfire%E4%B8%8B%E8%BD%BD/|https://www.downloadtube.net/es/c%C3%B3mo-puedo-descargar-desde-dickfire/|https://www.downloadtube.net/ru/%D1%81%D0%BA%D0%B0%D1%87%D0%B0%D1%82%D1%8C-%D0%B2%D0%B8%D0%B4%D0%B5%D0%BE-%D1%81-dickfire/|https://www.downloadtube.net/ru/%D0%BA%D0%B0%D0%BA-%D0%BC%D0%BD%D0%B5-%D1%81%D0%BA%D0%B0%D1%87%D0%B0%D1%82%D1%8C-%D1%81-dickfire/|https://www.downloadtube.net/hi/dickfire-%E0%A4%B8%E0%A5%87-%E0%A4%B5%E0%A5%80%E0%A4%A1%E0%A4%BF%E0%A4%AF%E0%A5%8B-%E0%A4%A1%E0%A4%BE%E0%A4%89%E0%A4%A8%E0%A4%B2%E0%A5%8B%E0%A4%A1-%E0%A4%95%E0%A4%B0%E0%A5%87%E0%A4%82/
eachporn.com,eachporn,missing,,,download-eachporn-videos,/download-eachporn-videos,Eachporn Video Downloader,true,1,21,downloadtube.net,downloadtube.net,"Eachporn adult video downloader page; emphasize public videos, privacy, HD/MP4 formats, no popups, browser extension CTA, and legal/adult disclaimer.",https://www.downloadtube.net/download-videos-from-eachporn/|https://www.downloadtube.net/how-do-i-download-from-eachporn/|https://www.downloadtube.net/zh/%E4%BB%8Eeachporn%E4%B8%8B%E8%BD%BD%E8%A7%86%E9%A2%91/|https://www.downloadtube.net/zh/%E6%88%91%E5%A6%82%E4%BD%95%E4%BB%8Eeachporn%E4%B8%8B%E8%BD%BD/|https://www.downloadtube.net/es/c%C3%B3mo-puedo-descargar-desde-eachporn/|https://www.downloadtube.net/ru/%D1%81%D0%BA%D0%B0%D1%87%D0%B0%D1%82%D1%8C-%D0%B2%D0%B8%D0%B4%D0%B5%D0%BE-%D1%81-eachporn/|https://www.downloadtube.net/ru/%D0%BA%D0%B0%D0%BA-%D0%BC%D0%BD%D0%B5-%D1%81%D0%BA%D0%B0%D1%87%D0%B0%D1%82%D1%8C-%D1%81-eachporn/|https://www.downloadtube.net/hi/eachporn-%E0%A4%B8%E0%A5%87-%E0%A4%B5%E0%A5%80%E0%A4%A1%E0%A4%BF%E0%A4%AF%E0%A5%8B-%E0%A4%A1%E0%A4%BE%E0%A4%89%E0%A4%A8%E0%A4%B2%E0%A5%8B%E0%A4%A1-%E0%A4%95%E0%A4%B0%E0%A5%87%E0%A4%82/
elmundoporno.com,elmundoporno,missing,,,download-elmundoporno-videos,/download-elmundoporno-videos,Elmundoporno Video Downloader,true,1,21,downloadtube.net,downloadtube.net,"Elmundoporno adult video downloader page; emphasize public videos, privacy, HD/MP4 formats, no popups, browser extension CTA, and legal/adult disclaimer.",https://www.downloadtube.net/download-videos-from-elmundoporno/|https://www.downloadtube.net/how-do-i-download-from-elmundoporno/|https://www.downloadtube.net/zh/%E4%BB%8Eelmundoporno%E4%B8%8B%E8%BD%BD%E8%A7%86%E9%A2%91/|https://www.downloadtube.net/zh/%E6%88%91%E5%A6%82%E4%BD%95%E4%BB%8Eelmundoporno%E4%B8%8B%E8%BD%BD/|https://www.downloadtube.net/es/c%C3%B3mo-puedo-descargar-desde-elmundoporno/|https://www.downloadtube.net/ru/%D1%81%D0%BA%D0%B0%D1%87%D0%B0%D1%82%D1%8C-%D0%B2%D0%B8%D0%B4%D0%B5%D0%BE-%D1%81-elmundoporno/|https://www.downloadtube.net/ru/%D0%BA%D0%B0%D0%BA-%D0%BC%D0%BD%D0%B5-%D1%81%D0%BA%D0%B0%D1%87%D0%B0%D1%82%D1%8C-%D1%81-elmundoporno/|https://www.downloadtube.net/hi/elmundoporno-%E0%A4%B8%E0%A5%87-%E0%A4%B5%E0%A5%80%E0%A4%A1%E0%A4%BF%E0%A4%AF%E0%A5%8B-%E0%A4%A1%E0%A4%BE%E0%A4%89%E0%A4%A8%E0%A4%B2%E0%A5%8B%E0%A4%A1-%E0%A4%95%E0%A4%B0%E0%A5%87%E0%A4%82/
epornik.com,epornik,missing,,,download-epornik-videos,/download-epornik-videos,Epornik Video Downloader,true,1,21,downloadtube.net,downloadtube.net,"Epornik adult video downloader page; emphasize public videos, privacy, HD/MP4 formats, no popups, browser extension CTA, and legal/adult disclaimer.",https://www.downloadtube.net/download-videos-from-epornik/|https://www.downloadtube.net/how-do-i-download-from-epornik/|https://www.downloadtube.net/zh/%E4%BB%8Eepornik%E4%B8%8B%E8%BD%BD%E8%A7%86%E9%A2%91/|https://www.downloadtube.net/zh/%E6%88%91%E5%A6%82%E4%BD%95%E4%BB%8Eepornik%E4%B8%8B%E8%BD%BD/|https://www.downloadtube.net/es/c%C3%B3mo-puedo-descargar-desde-epornik/|https://www.downloadtube.net/ru/%D1%81%D0%BA%D0%B0%D1%87%D0%B0%D1%82%D1%8C-%D0%B2%D0%B8%D0%B4%D0%B5%D0%BE-%D1%81-epornik/|https://www.downloadtube.net/ru/%D0%BA%D0%B0%D0%BA-%D0%BC%D0%BD%D0%B5-%D1%81%D0%BA%D0%B0%D1%87%D0%B0%D1%82%D1%8C-%D1%81-epornik/|https://www.downloadtube.net/hi/epornik-%E0%A4%B8%E0%A5%87-%E0%A4%B5%E0%A5%80%E0%A4%A1%E0%A4%BF%E0%A4%AF%E0%A5%8B-%E0%A4%A1%E0%A4%BE%E0%A4%89%E0%A4%A8%E0%A4%B2%E0%A5%8B%E0%A4%A1-%E0%A4%95%E0%A4%B0%E0%A5%87%E0%A4%82/
fakingporno.com,fakingporno,missing,,,download-fakingporno-videos,/download-fakingporno-videos,Fakingporno Video Downloader,true,1,21,downloadtube.net,downloadtube.net,"Fakingporno adult video downloader page; emphasize public videos, privacy, HD/MP4 formats, no popups, browser extension CTA, and legal/adult disclaimer.",https://www.downloadtube.net/download-videos-from-fakingporno/|https://www.downloadtube.net/how-do-i-download-from-fakingporno/|https://www.downloadtube.net/zh/%E4%BB%8Efakingporno%E4%B8%8B%E8%BD%BD%E8%A7%86%E9%A2%91/|https://www.downloadtube.net/zh/%E6%88%91%E5%A6%82%E4%BD%95%E4%BB%8Efakingporno%E4%B8%8B%E8%BD%BD/|https://www.downloadtube.net/es/c%C3%B3mo-puedo-descargar-desde-fakingporno/|https://www.downloadtube.net/ru/%D1%81%D0%BA%D0%B0%D1%87%D0%B0%D1%82%D1%8C-%D0%B2%D0%B8%D0%B4%D0%B5%D0%BE-%D1%81-fakingporno/|https://www.downloadtube.net/ru/%D0%BA%D0%B0%D0%BA-%D0%BC%D0%BD%D0%B5-%D1%81%D0%BA%D0%B0%D1%87%D0%B0%D1%82%D1%8C-%D1%81-fakingporno/|https://www.downloadtube.net/hi/fakingporno-%E0%A4%B8%E0%A5%87-%E0%A4%B5%E0%A5%80%E0%A4%A1%E0%A4%BF%E0%A4%AF%E0%A5%8B-%E0%A4%A1%E0%A4%BE%E0%A4%89%E0%A4%A8%E0%A4%B2%E0%A5%8B%E0%A4%A1-%E0%A4%95%E0%A4%B0%E0%A5%87%E0%A4%82/
familyporner.com,familyporner,missing,,,download-familyporner-videos,/download-familyporner-videos,Familyporner Video Downloader,true,1,21,downloadtube.net,downloadtube.net,"Familyporner adult video downloader page; emphasize public videos, privacy, HD/MP4 formats, no popups, browser extension CTA, and legal/adult disclaimer.",https://www.downloadtube.net/download-videos-from-familyporner/|https://www.downloadtube.net/how-do-i-download-from-familyporner/|https://www.downloadtube.net/zh/%E4%BB%8Efamilyporner%E4%B8%8B%E8%BD%BD%E8%A7%86%E9%A2%91/|https://www.downloadtube.net/zh/%E6%88%91%E5%A6%82%E4%BD%95%E4%BB%8Efamilyporner%E4%B8%8B%E8%BD%BD/|https://www.downloadtube.net/es/c%C3%B3mo-puedo-descargar-desde-familyporner/|https://www.downloadtube.net/ru/%D1%81%D0%BA%D0%B0%D1%87%D0%B0%D1%82%D1%8C-%D0%B2%D0%B8%D0%B4%D0%B5%D0%BE-%D1%81-familyporner/|https://www.downloadtube.net/ru/%D0%BA%D0%B0%D0%BA-%D0%BC%D0%BD%D0%B5-%D1%81%D0%BA%D0%B0%D1%87%D0%B0%D1%82%D1%8C-%D1%81-familyporner/|https://www.downloadtube.net/hi/familyporner-%E0%A4%B8%E0%A5%87-%E0%A4%B5%E0%A5%80%E0%A4%A1%E0%A4%BF%E0%A4%AF%E0%A5%8B-%E0%A4%A1%E0%A4%BE%E0%A4%89%E0%A4%A8%E0%A4%B2%E0%A5%8B%E0%A4%A1-%E0%A4%95%E0%A4%B0%E0%A5%87%E0%A4%82/
fapster.com,fapster,missing,,,download-fapster-videos,/download-fapster-videos,Fapster Video Downloader,true,1,21,downloadtube.net,downloadtube.net,"Fapster adult video downloader page; emphasize public videos, privacy, HD/MP4 formats, no popups, browser extension CTA, and legal/adult disclaimer.",https://www.downloadtube.net/download-videos-from-fapster/|https://www.downloadtube.net/how-do-i-download-from-fapster/|https://www.downloadtube.net/zh/%E4%BB%8Efapster%E4%B8%8B%E8%BD%BD%E8%A7%86%E9%A2%91/|https://www.downloadtube.net/zh/%E6%88%91%E5%A6%82%E4%BD%95%E4%BB%8Efapster%E4%B8%8B%E8%BD%BD/|https://www.downloadtube.net/es/c%C3%B3mo-puedo-descargar-desde-fapster/|https://www.downloadtube.net/ru/%D1%81%D0%BA%D0%B0%D1%87%D0%B0%D1%82%D1%8C-%D0%B2%D0%B8%D0%B4%D0%B5%D0%BE-%D1%81-fapster/|https://www.downloadtube.net/ru/%D0%BA%D0%B0%D0%BA-%D0%BC%D0%BD%D0%B5-%D1%81%D0%BA%D0%B0%D1%87%D0%B0%D1%82%D1%8C-%D1%81-fapster/|https://www.downloadtube.net/hi/fapster-%E0%A4%B8%E0%A5%87-%E0%A4%B5%E0%A5%80%E0%A4%A1%E0%A4%BF%E0%A4%AF%E0%A5%8B-%E0%A4%A1%E0%A4%BE%E0%A4%89%E0%A4%A8%E0%A4%B2%E0%A5%8B%E0%A4%A1-%E0%A4%95%E0%A4%B0%E0%A5%87%E0%A4%82/
fpoxxx.com,fpoxxx,missing,,,download-fpoxxx-videos,/download-fpoxxx-videos,Fpoxxx Video Downloader,true,1,21,downloadtube.net,downloadtube.net,"Fpoxxx adult video downloader page; emphasize public videos, privacy, HD/MP4 formats, no popups, browser extension CTA, and legal/adult disclaimer.",https://www.downloadtube.net/download-videos-from-fpoxxx/|https://www.downloadtube.net/how-do-i-download-from-fpoxxx/|https://www.downloadtube.net/zh/%E4%BB%8Efpoxxx%E4%B8%8B%E8%BD%BD%E8%A7%86%E9%A2%91/|https://www.downloadtube.net/zh/%E6%88%91%E5%A6%82%E4%BD%95%E4%BB%8Efpoxxx%E4%B8%8B%E8%BD%BD/|https://www.downloadtube.net/es/c%C3%B3mo-puedo-descargar-desde-fpoxxx/|https://www.downloadtube.net/ru/%D1%81%D0%BA%D0%B0%D1%87%D0%B0%D1%82%D1%8C-%D0%B2%D0%B8%D0%B4%D0%B5%D0%BE-%D1%81-fpoxxx/|https://www.downloadtube.net/ru/%D0%BA%D0%B0%D0%BA-%D0%BC%D0%BD%D0%B5-%D1%81%D0%BA%D0%B0%D1%87%D0%B0%D1%82%D1%8C-%D1%81-fpoxxx/|https://www.downloadtube.net/hi/fpoxxx-%E0%A4%B8%E0%A5%87-%E0%A4%B5%E0%A5%80%E0%A4%A1%E0%A4%BF%E0%A4%AF%E0%A5%8B-%E0%A4%A1%E0%A4%BE%E0%A4%89%E0%A4%A8%E0%A4%B2%E0%A5%8B%E0%A4%A1-%E0%A4%95%E0%A4%B0%E0%A5%87%E0%A4%82/
freeporn8.com,freeporn8,missing,,,download-freeporn8-videos,/download-freeporn8-videos,Freeporn8 Video Downloader,true,1,21,downloadtube.net,downloadtube.net,"Freeporn8 adult video downloader page; emphasize public videos, privacy, HD/MP4 formats, no popups, browser extension CTA, and legal/adult disclaimer.",https://www.downloadtube.net/download-videos-from-freeporn8/|https://www.downloadtube.net/how-do-i-download-from-freeporn8/|https://www.downloadtube.net/zh/%E4%BB%8Efreeporn8%E4%B8%8B%E8%BD%BD%E8%A7%86%E9%A2%91/|https://www.downloadtube.net/zh/%E6%88%91%E5%A6%82%E4%BD%95%E4%BB%8Efreeporn8%E4%B8%8B%E8%BD%BD/|https://www.downloadtube.net/es/c%C3%B3mo-puedo-descargar-desde-freeporn8/|https://www.downloadtube.net/ru/%D1%81%D0%BA%D0%B0%D1%87%D0%B0%D1%82%D1%8C-%D0%B2%D0%B8%D0%B4%D0%B5%D0%BE-%D1%81-freeporn8/|https://www.downloadtube.net/ru/%D0%BA%D0%B0%D0%BA-%D0%BC%D0%BD%D0%B5-%D1%81%D0%BA%D0%B0%D1%87%D0%B0%D1%82%D1%8C-%D1%81-freeporn8/|https://www.downloadtube.net/hi/freeporn8-%E0%A4%B8%E0%A5%87-%E0%A4%B5%E0%A5%80%E0%A4%A1%E0%A4%BF%E0%A4%AF%E0%A5%8B-%E0%A4%A1%E0%A4%BE%E0%A4%89%E0%A4%A8%E0%A4%B2%E0%A5%8B%E0%A4%A1-%E0%A4%95%E0%A4%B0%E0%A5%87%E0%A4%82/
freieporno.com,freieporno,missing,,,download-freieporno-videos,/download-freieporno-videos,Freieporno Video Downloader,true,1,21,downloadtube.net,downloadtube.net,"Freieporno adult video downloader page; emphasize public videos, privacy, HD/MP4 formats, no popups, browser extension CTA, and legal/adult disclaimer.",https://www.downloadtube.net/download-videos-from-freieporno/|https://www.downloadtube.net/how-do-i-download-from-freieporno/|https://www.downloadtube.net/zh/%E4%BB%8Efreieporno%E4%B8%8B%E8%BD%BD%E8%A7%86%E9%A2%91/|https://www.downloadtube.net/zh/%E6%88%91%E5%A6%82%E4%BD%95%E4%BB%8Efreieporno%E4%B8%8B%E8%BD%BD/|https://www.downloadtube.net/es/c%C3%B3mo-puedo-descargar-desde-freieporno/|https://www.downloadtube.net/ru/%D1%81%D0%BA%D0%B0%D1%87%D0%B0%D1%82%D1%8C-%D0%B2%D0%B8%D0%B4%D0%B5%D0%BE-%D1%81-freieporno/|https://www.downloadtube.net/ru/%D0%BA%D0%B0%D0%BA-%D0%BC%D0%BD%D0%B5-%D1%81%D0%BA%D0%B0%D1%87%D0%B0%D1%82%D1%8C-%D1%81-freieporno/|https://www.downloadtube.net/hi/freieporno-%E0%A4%B8%E0%A5%87-%E0%A4%B5%E0%A5%80%E0%A4%A1%E0%A4%BF%E0%A4%AF%E0%A5%8B-%E0%A4%A1%E0%A4%BE%E0%A4%89%E0%A4%A8%E0%A4%B2%E0%A5%8B%E0%A4%A1-%E0%A4%95%E0%A4%B0%E0%A5%87%E0%A4%82/
herexxx.com,herexxx,missing,,,download-herexxx-videos,/download-herexxx-videos,Herexxx Video Downloader,true,1,21,downloadtube.net,downloadtube.net,"Herexxx adult video downloader page; emphasize public videos, privacy, HD/MP4 formats, no popups, browser extension CTA, and legal/adult disclaimer.",https://www.downloadtube.net/download-videos-from-herexxx/|https://www.downloadtube.net/how-do-i-download-from-herexxx/|https://www.downloadtube.net/zh/%E4%BB%8Eherexxx%E4%B8%8B%E8%BD%BD%E8%A7%86%E9%A2%91/|https://www.downloadtube.net/zh/%E6%88%91%E5%A6%82%E4%BD%95%E4%BB%8Eherexxx%E4%B8%8B%E8%BD%BD/|https://www.downloadtube.net/es/c%C3%B3mo-puedo-descargar-desde-herexxx/|https://www.downloadtube.net/ru/%D1%81%D0%BA%D0%B0%D1%87%D0%B0%D1%82%D1%8C-%D0%B2%D0%B8%D0%B4%D0%B5%D0%BE-%D1%81-herexxx/|https://www.downloadtube.net/ru/%D0%BA%D0%B0%D0%BA-%D0%BC%D0%BD%D0%B5-%D1%81%D0%BA%D0%B0%D1%87%D0%B0%D1%82%D1%8C-%D1%81-herexxx/|https://www.downloadtube.net/hi/herexxx-%E0%A4%B8%E0%A5%87-%E0%A4%B5%E0%A5%80%E0%A4%A1%E0%A4%BF%E0%A4%AF%E0%A5%8B-%E0%A4%A1%E0%A4%BE%E0%A4%89%E0%A4%A8%E0%A4%B2%E0%A5%8B%E0%A4%A1-%E0%A4%95%E0%A4%B0%E0%A5%87%E0%A4%82/
hifiporn.com,hifiporn,missing,,,download-hifiporn-videos,/download-hifiporn-videos,Hifiporn Video Downloader,true,1,21,downloadtube.net,downloadtube.net,"Hifiporn adult video downloader page; emphasize public videos, privacy, HD/MP4 formats, no popups, browser extension CTA, and legal/adult disclaimer.",https://www.downloadtube.net/download-videos-from-hifiporn/|https://www.downloadtube.net/how-do-i-download-from-hifiporn/|https://www.downloadtube.net/zh/%E4%BB%8Ehifiporn%E4%B8%8B%E8%BD%BD%E8%A7%86%E9%A2%91/|https://www.downloadtube.net/zh/%E6%88%91%E5%A6%82%E4%BD%95%E4%BB%8Ehifiporn%E4%B8%8B%E8%BD%BD/|https://www.downloadtube.net/es/c%C3%B3mo-puedo-descargar-desde-hifiporn/|https://www.downloadtube.net/ru/%D1%81%D0%BA%D0%B0%D1%87%D0%B0%D1%82%D1%8C-%D0%B2%D0%B8%D0%B4%D0%B5%D0%BE-%D1%81-hifiporn/|https://www.downloadtube.net/ru/%D0%BA%D0%B0%D0%BA-%D0%BC%D0%BD%D0%B5-%D1%81%D0%BA%D0%B0%D1%87%D0%B0%D1%82%D1%8C-%D1%81-hifiporn/|https://www.downloadtube.net/hi/hifiporn-%E0%A4%B8%E0%A5%87-%E0%A4%B5%E0%A5%80%E0%A4%A1%E0%A4%BF%E0%A4%AF%E0%A5%8B-%E0%A4%A1%E0%A4%BE%E0%A4%89%E0%A4%A8%E0%A4%B2%E0%A5%8B%E0%A4%A1-%E0%A4%95%E0%A4%B0%E0%A5%87%E0%A4%82/
itsporn.com,itsporn,missing,,,download-itsporn-videos,/download-itsporn-videos,Itsporn Video Downloader,true,1,21,downloadtube.net,downloadtube.net,"Itsporn adult video downloader page; emphasize public videos, privacy, HD/MP4 formats, no popups, browser extension CTA, and legal/adult disclaimer.",https://www.downloadtube.net/download-videos-from-itsporn/|https://www.downloadtube.net/how-do-i-download-from-itsporn/|https://www.downloadtube.net/zh/%E4%BB%8Eitsporn%E4%B8%8B%E8%BD%BD%E8%A7%86%E9%A2%91/|https://www.downloadtube.net/zh/%E6%88%91%E5%A6%82%E4%BD%95%E4%BB%8Eitsporn%E4%B8%8B%E8%BD%BD/|https://www.downloadtube.net/es/c%C3%B3mo-puedo-descargar-desde-itsporn/|https://www.downloadtube.net/ru/%D1%81%D0%BA%D0%B0%D1%87%D0%B0%D1%82%D1%8C-%D0%B2%D0%B8%D0%B4%D0%B5%D0%BE-%D1%81-itsporn/|https://www.downloadtube.net/ru/%D0%BA%D0%B0%D0%BA-%D0%BC%D0%BD%D0%B5-%D1%81%D0%BA%D0%B0%D1%87%D0%B0%D1%82%D1%8C-%D1%81-itsporn/|https://www.downloadtube.net/hi/itsporn-%E0%A4%B8%E0%A5%87-%E0%A4%B5%E0%A5%80%E0%A4%A1%E0%A4%BF%E0%A4%AF%E0%A5%8B-%E0%A4%A1%E0%A4%BE%E0%A4%89%E0%A4%A8%E0%A4%B2%E0%A5%8B%E0%A4%A1-%E0%A4%95%E0%A4%B0%E0%A5%87%E0%A4%82/
javfor.com,javfor,missing,,,download-javfor-videos,/download-javfor-videos,Javfor Video Downloader,true,1,21,downloadtube.net,downloadtube.net,"Javfor adult video downloader page; emphasize public videos, privacy, HD/MP4 formats, no popups, browser extension CTA, and legal/adult disclaimer.",https://www.downloadtube.net/download-videos-from-javfor/|https://www.downloadtube.net/how-do-i-download-from-javfor/|https://www.downloadtube.net/zh/%E4%BB%8Ejavfor%E4%B8%8B%E8%BD%BD%E8%A7%86%E9%A2%91/|https://www.downloadtube.net/zh/%E6%88%91%E5%A6%82%E4%BD%95%E4%BB%8Ejavfor%E4%B8%8B%E8%BD%BD/|https://www.downloadtube.net/es/c%C3%B3mo-puedo-descargar-desde-javfor/|https://www.downloadtube.net/ru/%D1%81%D0%BA%D0%B0%D1%87%D0%B0%D1%82%D1%8C-%D0%B2%D0%B8%D0%B4%D0%B5%D0%BE-%D1%81-javfor/|https://www.downloadtube.net/ru/%D0%BA%D0%B0%D0%BA-%D0%BC%D0%BD%D0%B5-%D1%81%D0%BA%D0%B0%D1%87%D0%B0%D1%82%D1%8C-%D1%81-javfor/|https://www.downloadtube.net/hi/javfor-%E0%A4%B8%E0%A5%87-%E0%A4%B5%E0%A5%80%E0%A4%A1%E0%A4%BF%E0%A4%AF%E0%A5%8B-%E0%A4%A1%E0%A4%BE%E0%A4%89%E0%A4%A8%E0%A4%B2%E0%A5%8B%E0%A4%A1-%E0%A4%95%E0%A4%B0%E0%A5%87%E0%A4%82/
javguru.com,javguru,missing,,,download-javguru-videos,/download-javguru-videos,Javguru Video Downloader,true,1,21,downloadtube.net,downloadtube.net,"Javguru adult video downloader page; emphasize public videos, privacy, HD/MP4 formats, no popups, browser extension CTA, and legal/adult disclaimer.",https://www.downloadtube.net/download-videos-from-javguru/|https://www.downloadtube.net/how-do-i-download-from-javguru/|https://www.downloadtube.net/zh/%E4%BB%8Ejavguru%E4%B8%8B%E8%BD%BD%E8%A7%86%E9%A2%91/|https://www.downloadtube.net/zh/%E6%88%91%E5%A6%82%E4%BD%95%E4%BB%8Ejavguru%E4%B8%8B%E8%BD%BD/|https://www.downloadtube.net/es/c%C3%B3mo-puedo-descargar-desde-javguru/|https://www.downloadtube.net/ru/%D1%81%D0%BA%D0%B0%D1%87%D0%B0%D1%82%D1%8C-%D0%B2%D0%B8%D0%B4%D0%B5%D0%BE-%D1%81-javguru/|https://www.downloadtube.net/ru/%D0%BA%D0%B0%D0%BA-%D0%BC%D0%BD%D0%B5-%D1%81%D0%BA%D0%B0%D1%87%D0%B0%D1%82%D1%8C-%D1%81-javguru/|https://www.downloadtube.net/hi/javguru-%E0%A4%B8%E0%A5%87-%E0%A4%B5%E0%A5%80%E0%A4%A1%E0%A4%BF%E0%A4%AF%E0%A5%8B-%E0%A4%A1%E0%A4%BE%E0%A4%89%E0%A4%A8%E0%A4%B2%E0%A5%8B%E0%A4%A1-%E0%A4%95%E0%A4%B0%E0%A5%87%E0%A4%82/
javsub.com,javsub,missing,,,download-javsub-videos,/download-javsub-videos,Javsub Video Downloader,true,1,21,downloadtube.net,downloadtube.net,"Javsub adult video downloader page; emphasize public videos, privacy, HD/MP4 formats, no popups, browser extension CTA, and legal/adult disclaimer.",https://www.downloadtube.net/download-videos-from-javsub/|https://www.downloadtube.net/how-do-i-download-from-javsub/|https://www.downloadtube.net/zh/%E4%BB%8Ejavsub%E4%B8%8B%E8%BD%BD%E8%A7%86%E9%A2%91/|https://www.downloadtube.net/zh/%E6%88%91%E5%A6%82%E4%BD%95%E4%BB%8Ejavsub%E4%B8%8B%E8%BD%BD/|https://www.downloadtube.net/es/c%C3%B3mo-puedo-descargar-desde-javsub/|https://www.downloadtube.net/ru/%D1%81%D0%BA%D0%B0%D1%87%D0%B0%D1%82%D1%8C-%D0%B2%D0%B8%D0%B4%D0%B5%D0%BE-%D1%81-javsub/|https://www.downloadtube.net/ru/%D0%BA%D0%B0%D0%BA-%D0%BC%D0%BD%D0%B5-%D1%81%D0%BA%D0%B0%D1%87%D0%B0%D1%82%D1%8C-%D1%81-javsub/|https://www.downloadtube.net/hi/javsub-%E0%A4%B8%E0%A5%87-%E0%A4%B5%E0%A5%80%E0%A4%A1%E0%A4%BF%E0%A4%AF%E0%A5%8B-%E0%A4%A1%E0%A4%BE%E0%A4%89%E0%A4%A8%E0%A4%B2%E0%A5%8B%E0%A4%A1-%E0%A4%95%E0%A4%B0%E0%A5%87%E0%A4%82/
k2sxxx.com,k2sxxx,missing,,,download-k2sxxx-videos,/download-k2sxxx-videos,K2sxxx Video Downloader,true,1,21,downloadtube.net,downloadtube.net,"K2sxxx adult video downloader page; emphasize public videos, privacy, HD/MP4 formats, no popups, browser extension CTA, and legal/adult disclaimer.",https://www.downloadtube.net/download-videos-from-k2sxxx/|https://www.downloadtube.net/how-do-i-download-from-k2sxxx/|https://www.downloadtube.net/zh/%E4%BB%8Ek2sxxx%E4%B8%8B%E8%BD%BD%E8%A7%86%E9%A2%91/|https://www.downloadtube.net/zh/%E6%88%91%E5%A6%82%E4%BD%95%E4%BB%8Ek2sxxx%E4%B8%8B%E8%BD%BD/|https://www.downloadtube.net/es/c%C3%B3mo-puedo-descargar-desde-k2sxxx/|https://www.downloadtube.net/ru/%D1%81%D0%BA%D0%B0%D1%87%D0%B0%D1%82%D1%8C-%D0%B2%D0%B8%D0%B4%D0%B5%D0%BE-%D1%81-k2sxxx/|https://www.downloadtube.net/ru/%D0%BA%D0%B0%D0%BA-%D0%BC%D0%BD%D0%B5-%D1%81%D0%BA%D0%B0%D1%87%D0%B0%D1%82%D1%8C-%D1%81-k2sxxx/|https://www.downloadtube.net/hi/k2sxxx-%E0%A4%B8%E0%A5%87-%E0%A4%B5%E0%A5%80%E0%A4%A1%E0%A4%BF%E0%A4%AF%E0%A5%8B-%E0%A4%A1%E0%A4%BE%E0%A4%89%E0%A4%A8%E0%A4%B2%E0%A5%8B%E0%A4%A1-%E0%A4%95%E0%A4%B0%E0%A5%87%E0%A4%82/
laiporn.com,laiporn,missing,,,download-laiporn-videos,/download-laiporn-videos,Laiporn Video Downloader,true,1,21,downloadtube.net,downloadtube.net,"Laiporn adult video downloader page; emphasize public videos, privacy, HD/MP4 formats, no popups, browser extension CTA, and legal/adult disclaimer.",https://www.downloadtube.net/download-videos-from-laiporn/|https://www.downloadtube.net/how-do-i-download-from-laiporn/|https://www.downloadtube.net/zh/%E4%BB%8Elaiporn%E4%B8%8B%E8%BD%BD%E8%A7%86%E9%A2%91/|https://www.downloadtube.net/zh/%E6%88%91%E5%A6%82%E4%BD%95%E4%BB%8Elaiporn%E4%B8%8B%E8%BD%BD/|https://www.downloadtube.net/es/c%C3%B3mo-puedo-descargar-desde-laiporn/|https://www.downloadtube.net/ru/%D1%81%D0%BA%D0%B0%D1%87%D0%B0%D1%82%D1%8C-%D0%B2%D0%B8%D0%B4%D0%B5%D0%BE-%D1%81-laiporn/|https://www.downloadtube.net/ru/%D0%BA%D0%B0%D0%BA-%D0%BC%D0%BD%D0%B5-%D1%81%D0%BA%D0%B0%D1%87%D0%B0%D1%82%D1%8C-%D1%81-laiporn/|https://www.downloadtube.net/hi/laiporn-%E0%A4%B8%E0%A5%87-%E0%A4%B5%E0%A5%80%E0%A4%A1%E0%A4%BF%E0%A4%AF%E0%A5%8B-%E0%A4%A1%E0%A4%BE%E0%A4%89%E0%A4%A8%E0%A4%B2%E0%A5%8B%E0%A4%A1-%E0%A4%95%E0%A4%B0%E0%A5%87%E0%A4%82/
motherporno.com,motherporno,missing,,,download-motherporno-videos,/download-motherporno-videos,Motherporno Video Downloader,true,1,21,downloadtube.net,downloadtube.net,"Motherporno adult video downloader page; emphasize public videos, privacy, HD/MP4 formats, no popups, browser extension CTA, and legal/adult disclaimer.",https://www.downloadtube.net/download-videos-from-motherporno/|https://www.downloadtube.net/how-do-i-download-from-motherporno/|https://www.downloadtube.net/zh/%E4%BB%8Emotherporno%E4%B8%8B%E8%BD%BD%E8%A7%86%E9%A2%91/|https://www.downloadtube.net/zh/%E6%88%91%E5%A6%82%E4%BD%95%E4%BB%8Emotherporno%E4%B8%8B%E8%BD%BD/|https://www.downloadtube.net/es/c%C3%B3mo-puedo-descargar-desde-motherporno/|https://www.downloadtube.net/ru/%D1%81%D0%BA%D0%B0%D1%87%D0%B0%D1%82%D1%8C-%D0%B2%D0%B8%D0%B4%D0%B5%D0%BE-%D1%81-motherporno/|https://www.downloadtube.net/ru/%D0%BA%D0%B0%D0%BA-%D0%BC%D0%BD%D0%B5-%D1%81%D0%BA%D0%B0%D1%87%D0%B0%D1%82%D1%8C-%D1%81-motherporno/|https://www.downloadtube.net/hi/motherporno-%E0%A4%B8%E0%A5%87-%E0%A4%B5%E0%A5%80%E0%A4%A1%E0%A4%BF%E0%A4%AF%E0%A5%8B-%E0%A4%A1%E0%A4%BE%E0%A4%89%E0%A4%A8%E0%A4%B2%E0%A5%8B%E0%A4%A1-%E0%A4%95%E0%A4%B0%E0%A5%87%E0%A4%82/
mrporngeek.com,mrporngeek,missing,,,download-mrporngeek-videos,/download-mrporngeek-videos,Mrporngeek Video Downloader,true,1,21,downloadtube.net,downloadtube.net,"Mrporngeek adult video downloader page; emphasize public videos, privacy, HD/MP4 formats, no popups, browser extension CTA, and legal/adult disclaimer.",https://www.downloadtube.net/download-videos-from-mrporngeek/|https://www.downloadtube.net/how-do-i-download-from-mrporngeek/|https://www.downloadtube.net/zh/%E4%BB%8Emrporngeek%E4%B8%8B%E8%BD%BD%E8%A7%86%E9%A2%91/|https://www.downloadtube.net/zh/%E6%88%91%E5%A6%82%E4%BD%95%E4%BB%8Emrporngeek%E4%B8%8B%E8%BD%BD/|https://www.downloadtube.net/es/c%C3%B3mo-puedo-descargar-desde-mrporngeek/|https://www.downloadtube.net/ru/%D1%81%D0%BA%D0%B0%D1%87%D0%B0%D1%82%D1%8C-%D0%B2%D0%B8%D0%B4%D0%B5%D0%BE-%D1%81-mrporngeek/|https://www.downloadtube.net/ru/%D0%BA%D0%B0%D0%BA-%D0%BC%D0%BD%D0%B5-%D1%81%D0%BA%D0%B0%D1%87%D0%B0%D1%82%D1%8C-%D1%81-mrporngeek/|https://www.downloadtube.net/hi/mrporngeek-%E0%A4%B8%E0%A5%87-%E0%A4%B5%E0%A5%80%E0%A4%A1%E0%A4%BF%E0%A4%AF%E0%A5%8B-%E0%A4%A1%E0%A4%BE%E0%A4%89%E0%A4%A8%E0%A4%B2%E0%A5%8B%E0%A4%A1-%E0%A4%95%E0%A4%B0%E0%A5%87%E0%A4%82/
multixxx.com,multixxx,missing,,,download-multixxx-videos,/download-multixxx-videos,Multixxx Video Downloader,true,1,21,downloadtube.net,downloadtube.net,"Multixxx adult video downloader page; emphasize public videos, privacy, HD/MP4 formats, no popups, browser extension CTA, and legal/adult disclaimer.",https://www.downloadtube.net/download-videos-from-multixxx/|https://www.downloadtube.net/how-do-i-download-from-multixxx/|https://www.downloadtube.net/zh/%E4%BB%8Emultixxx%E4%B8%8B%E8%BD%BD%E8%A7%86%E9%A2%91/|https://www.downloadtube.net/zh/%E6%88%91%E5%A6%82%E4%BD%95%E4%BB%8Emultixxx%E4%B8%8B%E8%BD%BD/|https://www.downloadtube.net/es/c%C3%B3mo-puedo-descargar-desde-multixxx/|https://www.downloadtube.net/ru/%D1%81%D0%BA%D0%B0%D1%87%D0%B0%D1%82%D1%8C-%D0%B2%D0%B8%D0%B4%D0%B5%D0%BE-%D1%81-multixxx/|https://www.downloadtube.net/ru/%D0%BA%D0%B0%D0%BA-%D0%BC%D0%BD%D0%B5-%D1%81%D0%BA%D0%B0%D1%87%D0%B0%D1%82%D1%8C-%D1%81-multixxx/|https://www.downloadtube.net/hi/multixxx-%E0%A4%B8%E0%A5%87-%E0%A4%B5%E0%A5%80%E0%A4%A1%E0%A4%BF%E0%A4%AF%E0%A5%8B-%E0%A4%A1%E0%A4%BE%E0%A4%89%E0%A4%A8%E0%A4%B2%E0%A5%8B%E0%A4%A1-%E0%A4%95%E0%A4%B0%E0%A5%87%E0%A4%82/
okxxx.com,okxxx,missing,,,download-okxxx-videos,/download-okxxx-videos,Okxxx Video Downloader,true,1,21,downloadtube.net,downloadtube.net,"Okxxx adult video downloader page; emphasize public videos, privacy, HD/MP4 formats, no popups, browser extension CTA, and legal/adult disclaimer.",https://www.downloadtube.net/download-videos-from-okxxx/|https://www.downloadtube.net/how-do-i-download-from-okxxx/|https://www.downloadtube.net/zh/%E4%BB%8Eokxxx%E4%B8%8B%E8%BD%BD%E8%A7%86%E9%A2%91/|https://www.downloadtube.net/zh/%E6%88%91%E5%A6%82%E4%BD%95%E4%BB%8Eokxxx%E4%B8%8B%E8%BD%BD/|https://www.downloadtube.net/es/c%C3%B3mo-puedo-descargar-desde-okxxx/|https://www.downloadtube.net/ru/%D1%81%D0%BA%D0%B0%D1%87%D0%B0%D1%82%D1%8C-%D0%B2%D0%B8%D0%B4%D0%B5%D0%BE-%D1%81-okxxx/|https://www.downloadtube.net/ru/%D0%BA%D0%B0%D0%BA-%D0%BC%D0%BD%D0%B5-%D1%81%D0%BA%D0%B0%D1%87%D0%B0%D1%82%D1%8C-%D1%81-okxxx/|https://www.downloadtube.net/hi/okxxx-%E0%A4%B8%E0%A5%87-%E0%A4%B5%E0%A5%80%E0%A4%A1%E0%A4%BF%E0%A4%AF%E0%A5%8B-%E0%A4%A1%E0%A4%BE%E0%A4%89%E0%A4%A8%E0%A4%B2%E0%A5%8B%E0%A4%A1-%E0%A4%95%E0%A4%B0%E0%A5%87%E0%A4%82/
pandaporner.com,pandaporner,missing,,,download-pandaporner-videos,/download-pandaporner-videos,Pandaporner Video Downloader,true,1,21,downloadtube.net,downloadtube.net,"Pandaporner adult video downloader page; emphasize public videos, privacy, HD/MP4 formats, no popups, browser extension CTA, and legal/adult disclaimer.",https://www.downloadtube.net/download-videos-from-pandaporner/|https://www.downloadtube.net/how-do-i-download-from-pandaporner/|https://www.downloadtube.net/zh/%E4%BB%8Epandaporner%E4%B8%8B%E8%BD%BD%E8%A7%86%E9%A2%91/|https://www.downloadtube.net/zh/%E6%88%91%E5%A6%82%E4%BD%95%E4%BB%8Epandaporner%E4%B8%8B%E8%BD%BD/|https://www.downloadtube.net/es/c%C3%B3mo-puedo-descargar-desde-pandaporner/|https://www.downloadtube.net/ru/%D1%81%D0%BA%D0%B0%D1%87%D0%B0%D1%82%D1%8C-%D0%B2%D0%B8%D0%B4%D0%B5%D0%BE-%D1%81-pandaporner/|https://www.downloadtube.net/ru/%D0%BA%D0%B0%D0%BA-%D0%BC%D0%BD%D0%B5-%D1%81%D0%BA%D0%B0%D1%87%D0%B0%D1%82%D1%8C-%D1%81-pandaporner/|https://www.downloadtube.net/hi/pandaporner-%E0%A4%B8%E0%A5%87-%E0%A4%B5%E0%A5%80%E0%A4%A1%E0%A4%BF%E0%A4%AF%E0%A5%8B-%E0%A4%A1%E0%A4%BE%E0%A4%89%E0%A4%A8%E0%A4%B2%E0%A5%8B%E0%A4%A1-%E0%A4%95%E0%A4%B0%E0%A5%87%E0%A4%82/
pinkporno.com,pinkporno,missing,,,download-pinkporno-videos,/download-pinkporno-videos,Pinkporno Video Downloader,true,1,21,downloadtube.net,downloadtube.net,"Pinkporno adult video downloader page; emphasize public videos, privacy, HD/MP4 formats, no popups, browser extension CTA, and legal/adult disclaimer.",https://www.downloadtube.net/download-videos-from-pinkporno/|https://www.downloadtube.net/how-do-i-download-from-pinkporno/|https://www.downloadtube.net/zh/%E4%BB%8Epinkporno%E4%B8%8B%E8%BD%BD%E8%A7%86%E9%A2%91/|https://www.downloadtube.net/zh/%E6%88%91%E5%A6%82%E4%BD%95%E4%BB%8Epinkporno%E4%B8%8B%E8%BD%BD/|https://www.downloadtube.net/es/c%C3%B3mo-puedo-descargar-desde-pinkporno/|https://www.downloadtube.net/ru/%D1%81%D0%BA%D0%B0%D1%87%D0%B0%D1%82%D1%8C-%D0%B2%D0%B8%D0%B4%D0%B5%D0%BE-%D1%81-pinkporno/|https://www.downloadtube.net/ru/%D0%BA%D0%B0%D0%BA-%D0%BC%D0%BD%D0%B5-%D1%81%D0%BA%D0%B0%D1%87%D0%B0%D1%82%D1%8C-%D1%81-pinkporno/|https://www.downloadtube.net/hi/pinkporno-%E0%A4%B8%E0%A5%87-%E0%A4%B5%E0%A5%80%E0%A4%A1%E0%A4%BF%E0%A4%AF%E0%A5%8B-%E0%A4%A1%E0%A4%BE%E0%A4%89%E0%A4%A8%E0%A4%B2%E0%A5%8B%E0%A4%A1-%E0%A4%95%E0%A4%B0%E0%A5%87%E0%A4%82/
porn5.com,porn5,missing,,,download-porn5-videos,/download-porn5-videos,Porn5 Video Downloader,true,1,21,downloadtube.net,downloadtube.net,"Porn5 adult video downloader page; emphasize public videos, privacy, HD/MP4 formats, no popups, browser extension CTA, and legal/adult disclaimer.",https://www.downloadtube.net/download-videos-from-porn5/|https://www.downloadtube.net/how-do-i-download-from-porn5/|https://www.downloadtube.net/zh/%E4%BB%8Eporn5%E4%B8%8B%E8%BD%BD%E8%A7%86%E9%A2%91/|https://www.downloadtube.net/zh/%E6%88%91%E5%A6%82%E4%BD%95%E4%BB%8Eporn5%E4%B8%8B%E8%BD%BD/|https://www.downloadtube.net/es/c%C3%B3mo-puedo-descargar-desde-porn5/|https://www.downloadtube.net/ru/%D1%81%D0%BA%D0%B0%D1%87%D0%B0%D1%82%D1%8C-%D0%B2%D0%B8%D0%B4%D0%B5%D0%BE-%D1%81-porn5/|https://www.downloadtube.net/ru/%D0%BA%D0%B0%D0%BA-%D0%BC%D0%BD%D0%B5-%D1%81%D0%BA%D0%B0%D1%87%D0%B0%D1%82%D1%8C-%D1%81-porn5/|https://www.downloadtube.net/hi/porn5-%E0%A4%B8%E0%A5%87-%E0%A4%B5%E0%A5%80%E0%A4%A1%E0%A4%BF%E0%A4%AF%E0%A5%8B-%E0%A4%A1%E0%A4%BE%E0%A4%89%E0%A4%A8%E0%A4%B2%E0%A5%8B%E0%A4%A1-%E0%A4%95%E0%A4%B0%E0%A5%87%E0%A4%82/
porndotcom.com,porndotcom,missing,,,download-porndotcom-videos,/download-porndotcom-videos,Porndotcom Video Downloader,true,1,21,downloadtube.net,downloadtube.net,"Porndotcom adult video downloader page; emphasize public videos, privacy, HD/MP4 formats, no popups, browser extension CTA, and legal/adult disclaimer.",https://www.downloadtube.net/download-videos-from-porndotcom/|https://www.downloadtube.net/how-do-i-download-from-porndotcom/|https://www.downloadtube.net/zh/%E4%BB%8Eporndotcom%E4%B8%8B%E8%BD%BD%E8%A7%86%E9%A2%91/|https://www.downloadtube.net/zh/%E6%88%91%E5%A6%82%E4%BD%95%E4%BB%8Eporndotcom%E4%B8%8B%E8%BD%BD/|https://www.downloadtube.net/es/c%C3%B3mo-puedo-descargar-desde-porndotcom/|https://www.downloadtube.net/ru/%D1%81%D0%BA%D0%B0%D1%87%D0%B0%D1%82%D1%8C-%D0%B2%D0%B8%D0%B4%D0%B5%D0%BE-%D1%81-porndotcom/|https://www.downloadtube.net/ru/%D0%BA%D0%B0%D0%BA-%D0%BC%D0%BD%D0%B5-%D1%81%D0%BA%D0%B0%D1%87%D0%B0%D1%82%D1%8C-%D1%81-porndotcom/|https://www.downloadtube.net/hi/porndotcom-%E0%A4%B8%E0%A5%87-%E0%A4%B5%E0%A5%80%E0%A4%A1%E0%A4%BF%E0%A4%AF%E0%A5%8B-%E0%A4%A1%E0%A4%BE%E0%A4%89%E0%A4%A8%E0%A4%B2%E0%A5%8B%E0%A4%A1-%E0%A4%95%E0%A4%B0%E0%A5%87%E0%A4%82/
porngirlz.com,porngirlz,missing,,,download-porngirlz-videos,/download-porngirlz-videos,Porngirlz Video Downloader,true,1,21,downloadtube.net,downloadtube.net,"Porngirlz adult video downloader page; emphasize public videos, privacy, HD/MP4 formats, no popups, browser extension CTA, and legal/adult disclaimer.",https://www.downloadtube.net/download-videos-from-porngirlz/|https://www.downloadtube.net/how-do-i-download-from-porngirlz/|https://www.downloadtube.net/zh/%E4%BB%8Eporngirlz%E4%B8%8B%E8%BD%BD%E8%A7%86%E9%A2%91/|https://www.downloadtube.net/zh/%E6%88%91%E5%A6%82%E4%BD%95%E4%BB%8Eporngirlz%E4%B8%8B%E8%BD%BD/|https://www.downloadtube.net/es/c%C3%B3mo-puedo-descargar-desde-porngirlz/|https://www.downloadtube.net/ru/%D1%81%D0%BA%D0%B0%D1%87%D0%B0%D1%82%D1%8C-%D0%B2%D0%B8%D0%B4%D0%B5%D0%BE-%D1%81-porngirlz/|https://www.downloadtube.net/ru/%D0%BA%D0%B0%D0%BA-%D0%BC%D0%BD%D0%B5-%D1%81%D0%BA%D0%B0%D1%87%D0%B0%D1%82%D1%8C-%D1%81-porngirlz/|https://www.downloadtube.net/hi/porngirlz-%E0%A4%B8%E0%A5%87-%E0%A4%B5%E0%A5%80%E0%A4%A1%E0%A4%BF%E0%A4%AF%E0%A5%8B-%E0%A4%A1%E0%A4%BE%E0%A4%89%E0%A4%A8%E0%A4%B2%E0%A5%8B%E0%A4%A1-%E0%A4%95%E0%A4%B0%E0%A5%87%E0%A4%82/
pornogo.com,pornogo,missing,,,download-pornogo-videos,/download-pornogo-videos,Pornogo Video Downloader,true,1,21,downloadtube.net,downloadtube.net,"Pornogo adult video downloader page; emphasize public videos, privacy, HD/MP4 formats, no popups, browser extension CTA, and legal/adult disclaimer.",https://www.downloadtube.net/download-videos-from-pornogo/|https://www.downloadtube.net/how-do-i-download-from-pornogo/|https://www.downloadtube.net/zh/%E4%BB%8Epornogo%E4%B8%8B%E8%BD%BD%E8%A7%86%E9%A2%91/|https://www.downloadtube.net/zh/%E6%88%91%E5%A6%82%E4%BD%95%E4%BB%8Epornogo%E4%B8%8B%E8%BD%BD/|https://www.downloadtube.net/es/c%C3%B3mo-puedo-descargar-desde-pornogo/|https://www.downloadtube.net/ru/%D1%81%D0%BA%D0%B0%D1%87%D0%B0%D1%82%D1%8C-%D0%B2%D0%B8%D0%B4%D0%B5%D0%BE-%D1%81-pornogo/|https://www.downloadtube.net/ru/%D0%BA%D0%B0%D0%BA-%D0%BC%D0%BD%D0%B5-%D1%81%D0%BA%D0%B0%D1%87%D0%B0%D1%82%D1%8C-%D1%81-pornogo/|https://www.downloadtube.net/hi/pornogo-%E0%A4%B8%E0%A5%87-%E0%A4%B5%E0%A5%80%E0%A4%A1%E0%A4%BF%E0%A4%AF%E0%A5%8B-%E0%A4%A1%E0%A4%BE%E0%A4%89%E0%A4%A8%E0%A4%B2%E0%A5%8B%E0%A4%A1-%E0%A4%95%E0%A4%B0%E0%A5%87%E0%A4%82/
pornstarstube.com,pornstarstube,missing,,,download-pornstarstube-videos,/download-pornstarstube-videos,Pornstarstube Video Downloader,true,1,21,downloadtube.net,downloadtube.net,"Pornstarstube adult video downloader page; emphasize public videos, privacy, HD/MP4 formats, no popups, browser extension CTA, and legal/adult disclaimer.",https://www.downloadtube.net/download-videos-from-pornstarstube/|https://www.downloadtube.net/how-do-i-download-from-pornstarstube/|https://www.downloadtube.net/zh/%E4%BB%8Epornstarstube%E4%B8%8B%E8%BD%BD%E8%A7%86%E9%A2%91/|https://www.downloadtube.net/zh/%E6%88%91%E5%A6%82%E4%BD%95%E4%BB%8Epornstarstube%E4%B8%8B%E8%BD%BD/|https://www.downloadtube.net/es/c%C3%B3mo-puedo-descargar-desde-pornstarstube/|https://www.downloadtube.net/ru/%D1%81%D0%BA%D0%B0%D1%87%D0%B0%D1%82%D1%8C-%D0%B2%D0%B8%D0%B4%D0%B5%D0%BE-%D1%81-pornstarstube/|https://www.downloadtube.net/ru/%D0%BA%D0%B0%D0%BA-%D0%BC%D0%BD%D0%B5-%D1%81%D0%BA%D0%B0%D1%87%D0%B0%D1%82%D1%8C-%D1%81-pornstarstube/|https://www.downloadtube.net/hi/pornstarstube-%E0%A4%B8%E0%A5%87-%E0%A4%B5%E0%A5%80%E0%A4%A1%E0%A4%BF%E0%A4%AF%E0%A5%8B-%E0%A4%A1%E0%A4%BE%E0%A4%89%E0%A4%A8%E0%A4%B2%E0%A5%8B%E0%A4%A1-%E0%A4%95%E0%A4%B0%E0%A5%87%E0%A4%82/
pornta.com,pornta,missing,,,download-pornta-videos,/download-pornta-videos,Pornta Video Downloader,true,1,21,downloadtube.net,downloadtube.net,"Pornta adult video downloader page; emphasize public videos, privacy, HD/MP4 formats, no popups, browser extension CTA, and legal/adult disclaimer.",https://www.downloadtube.net/download-videos-from-pornta/|https://www.downloadtube.net/how-do-i-download-from-pornta/|https://www.downloadtube.net/zh/%E4%BB%8Epornta%E4%B8%8B%E8%BD%BD%E8%A7%86%E9%A2%91/|https://www.downloadtube.net/zh/%E6%88%91%E5%A6%82%E4%BD%95%E4%BB%8Epornta%E4%B8%8B%E8%BD%BD/|https://www.downloadtube.net/es/c%C3%B3mo-puedo-descargar-desde-pornta/|https://www.downloadtube.net/ru/%D1%81%D0%BA%D0%B0%D1%87%D0%B0%D1%82%D1%8C-%D0%B2%D0%B8%D0%B4%D0%B5%D0%BE-%D1%81-pornta/|https://www.downloadtube.net/ru/%D0%BA%D0%B0%D0%BA-%D0%BC%D0%BD%D0%B5-%D1%81%D0%BA%D0%B0%D1%87%D0%B0%D1%82%D1%8C-%D1%81-pornta/|https://www.downloadtube.net/hi/pornta-%E0%A4%B8%E0%A5%87-%E0%A4%B5%E0%A5%80%E0%A4%A1%E0%A4%BF%E0%A4%AF%E0%A5%8B-%E0%A4%A1%E0%A4%BE%E0%A4%89%E0%A4%A8%E0%A4%B2%E0%A5%8B%E0%A4%A1-%E0%A4%95%E0%A4%B0%E0%A5%87%E0%A4%82/
pornvideobb.com,pornvideobb,missing,,,download-pornvideobb-videos,/download-pornvideobb-videos,Pornvideobb Video Downloader,true,1,21,downloadtube.net,downloadtube.net,"Pornvideobb adult video downloader page; emphasize public videos, privacy, HD/MP4 formats, no popups, browser extension CTA, and legal/adult disclaimer.",https://www.downloadtube.net/download-videos-from-pornvideobb/|https://www.downloadtube.net/how-do-i-download-from-pornvideobb/|https://www.downloadtube.net/zh/%E4%BB%8Epornvideobb%E4%B8%8B%E8%BD%BD%E8%A7%86%E9%A2%91/|https://www.downloadtube.net/zh/%E6%88%91%E5%A6%82%E4%BD%95%E4%BB%8Epornvideobb%E4%B8%8B%E8%BD%BD/|https://www.downloadtube.net/es/c%C3%B3mo-puedo-descargar-desde-pornvideobb/|https://www.downloadtube.net/ru/%D1%81%D0%BA%D0%B0%D1%87%D0%B0%D1%82%D1%8C-%D0%B2%D0%B8%D0%B4%D0%B5%D0%BE-%D1%81-pornvideobb/|https://www.downloadtube.net/ru/%D0%BA%D0%B0%D0%BA-%D0%BC%D0%BD%D0%B5-%D1%81%D0%BA%D0%B0%D1%87%D0%B0%D1%82%D1%8C-%D1%81-pornvideobb/|https://www.downloadtube.net/hi/pornvideobb-%E0%A4%B8%E0%A5%87-%E0%A4%B5%E0%A5%80%E0%A4%A1%E0%A4%BF%E0%A4%AF%E0%A5%8B-%E0%A4%A1%E0%A4%BE%E0%A4%89%E0%A4%A8%E0%A4%B2%E0%A5%8B%E0%A4%A1-%E0%A4%95%E0%A4%B0%E0%A5%87%E0%A4%82/
pornyeah.com,pornyeah,missing,,,download-pornyeah-videos,/download-pornyeah-videos,Pornyeah Video Downloader,true,1,21,downloadtube.net,downloadtube.net,"Pornyeah adult video downloader page; emphasize public videos, privacy, HD/MP4 formats, no popups, browser extension CTA, and legal/adult disclaimer.",https://www.downloadtube.net/download-videos-from-pornyeah/|https://www.downloadtube.net/how-do-i-download-from-pornyeah/|https://www.downloadtube.net/zh/%E4%BB%8Epornyeah%E4%B8%8B%E8%BD%BD%E8%A7%86%E9%A2%91/|https://www.downloadtube.net/zh/%E6%88%91%E5%A6%82%E4%BD%95%E4%BB%8Epornyeah%E4%B8%8B%E8%BD%BD/|https://www.downloadtube.net/es/c%C3%B3mo-puedo-descargar-desde-pornyeah/|https://www.downloadtube.net/ru/%D1%81%D0%BA%D0%B0%D1%87%D0%B0%D1%82%D1%8C-%D0%B2%D0%B8%D0%B4%D0%B5%D0%BE-%D1%81-pornyeah/|https://www.downloadtube.net/ru/%D0%BA%D0%B0%D0%BA-%D0%BC%D0%BD%D0%B5-%D1%81%D0%BA%D0%B0%D1%87%D0%B0%D1%82%D1%8C-%D1%81-pornyeah/|https://www.downloadtube.net/hi/pornyeah-%E0%A4%B8%E0%A5%87-%E0%A4%B5%E0%A5%80%E0%A4%A1%E0%A4%BF%E0%A4%AF%E0%A5%8B-%E0%A4%A1%E0%A4%BE%E0%A4%89%E0%A4%A8%E0%A4%B2%E0%A5%8B%E0%A4%A1-%E0%A4%95%E0%A4%B0%E0%A5%87%E0%A4%82/
sextaped.com,sextaped,missing,,,download-sextaped-videos,/download-sextaped-videos,Sextaped Video Downloader,true,1,21,downloadtube.net,downloadtube.net,"Sextaped adult video downloader page; emphasize public videos, privacy, HD/MP4 formats, no popups, browser extension CTA, and legal/adult disclaimer.",https://www.downloadtube.net/download-videos-from-sextaped/|https://www.downloadtube.net/how-do-i-download-from-sextaped/|https://www.downloadtube.net/zh/%E4%BB%8Esextaped%E4%B8%8B%E8%BD%BD%E8%A7%86%E9%A2%91/|https://www.downloadtube.net/zh/%E6%88%91%E5%A6%82%E4%BD%95%E4%BB%8Esextaped%E4%B8%8B%E8%BD%BD/|https://www.downloadtube.net/es/c%C3%B3mo-puedo-descargar-desde-sextaped/|https://www.downloadtube.net/ru/%D1%81%D0%BA%D0%B0%D1%87%D0%B0%D1%82%D1%8C-%D0%B2%D0%B8%D0%B4%D0%B5%D0%BE-%D1%81-sextaped/|https://www.downloadtube.net/ru/%D0%BA%D0%B0%D0%BA-%D0%BC%D0%BD%D0%B5-%D1%81%D0%BA%D0%B0%D1%87%D0%B0%D1%82%D1%8C-%D1%81-sextaped/|https://www.downloadtube.net/hi/sextaped-%E0%A4%B8%E0%A5%87-%E0%A4%B5%E0%A5%80%E0%A4%A1%E0%A4%BF%E0%A4%AF%E0%A5%8B-%E0%A4%A1%E0%A4%BE%E0%A4%89%E0%A4%A8%E0%A4%B2%E0%A5%8B%E0%A4%A1-%E0%A4%95%E0%A4%B0%E0%A5%87%E0%A4%82/
sextubespot.com,sextubespot,missing,,,download-sextubespot-videos,/download-sextubespot-videos,Sextubespot Video Downloader,true,1,21,downloadtube.net,downloadtube.net,"Sextubespot adult video downloader page; emphasize public videos, privacy, HD/MP4 formats, no popups, browser extension CTA, and legal/adult disclaimer.",https://www.downloadtube.net/download-videos-from-sextubespot/|https://www.downloadtube.net/how-do-i-download-from-sextubespot/|https://www.downloadtube.net/zh/%E4%BB%8Esextubespot%E4%B8%8B%E8%BD%BD%E8%A7%86%E9%A2%91/|https://www.downloadtube.net/zh/%E6%88%91%E5%A6%82%E4%BD%95%E4%BB%8Esextubespot%E4%B8%8B%E8%BD%BD/|https://www.downloadtube.net/es/c%C3%B3mo-puedo-descargar-desde-sextubespot/|https://www.downloadtube.net/ru/%D1%81%D0%BA%D0%B0%D1%87%D0%B0%D1%82%D1%8C-%D0%B2%D0%B8%D0%B4%D0%B5%D0%BE-%D1%81-sextubespot/|https://www.downloadtube.net/ru/%D0%BA%D0%B0%D0%BA-%D0%BC%D0%BD%D0%B5-%D1%81%D0%BA%D0%B0%D1%87%D0%B0%D1%82%D1%8C-%D1%81-sextubespot/|https://www.downloadtube.net/hi/sextubespot-%E0%A4%B8%E0%A5%87-%E0%A4%B5%E0%A5%80%E0%A4%A1%E0%A4%BF%E0%A4%AF%E0%A5%8B-%E0%A4%A1%E0%A4%BE%E0%A4%89%E0%A4%A8%E0%A4%B2%E0%A5%8B%E0%A4%A1-%E0%A4%95%E0%A4%B0%E0%A5%87%E0%A4%82/
sexykarma.com,sexykarma,missing,,,download-sexykarma-videos,/download-sexykarma-videos,Sexykarma Video Downloader,true,1,21,downloadtube.net,downloadtube.net,"Sexykarma adult video downloader page; emphasize public videos, privacy, HD/MP4 formats, no popups, browser extension CTA, and legal/adult disclaimer.",https://www.downloadtube.net/download-videos-from-sexykarma/|https://www.downloadtube.net/how-do-i-download-from-sexykarma/|https://www.downloadtube.net/zh/%E4%BB%8Esexykarma%E4%B8%8B%E8%BD%BD%E8%A7%86%E9%A2%91/|https://www.downloadtube.net/zh/%E6%88%91%E5%A6%82%E4%BD%95%E4%BB%8Esexykarma%E4%B8%8B%E8%BD%BD/|https://www.downloadtube.net/es/c%C3%B3mo-puedo-descargar-desde-sexykarma/|https://www.downloadtube.net/ru/%D1%81%D0%BA%D0%B0%D1%87%D0%B0%D1%82%D1%8C-%D0%B2%D0%B8%D0%B4%D0%B5%D0%BE-%D1%81-sexykarma/|https://www.downloadtube.net/ru/%D0%BA%D0%B0%D0%BA-%D0%BC%D0%BD%D0%B5-%D1%81%D0%BA%D0%B0%D1%87%D0%B0%D1%82%D1%8C-%D1%81-sexykarma/|https://www.downloadtube.net/hi/sexykarma-%E0%A4%B8%E0%A5%87-%E0%A4%B5%E0%A5%80%E0%A4%A1%E0%A4%BF%E0%A4%AF%E0%A5%8B-%E0%A4%A1%E0%A4%BE%E0%A4%89%E0%A4%A8%E0%A4%B2%E0%A5%8B%E0%A4%A1-%E0%A4%95%E0%A4%B0%E0%A5%87%E0%A4%82/
solopornoitaliani.com,solopornoitaliani,missing,,,download-solopornoitaliani-videos,/download-solopornoitaliani-videos,Solopornoitaliani Video Downloader,true,1,21,downloadtube.net,downloadtube.net,"Solopornoitaliani adult video downloader page; emphasize public videos, privacy, HD/MP4 formats, no popups, browser extension CTA, and legal/adult disclaimer.",https://www.downloadtube.net/download-videos-from-solopornoitaliani/|https://www.downloadtube.net/how-do-i-download-from-solopornoitaliani/|https://www.downloadtube.net/zh/%E4%BB%8Esolopornoitaliani%E4%B8%8B%E8%BD%BD%E8%A7%86%E9%A2%91/|https://www.downloadtube.net/zh/%E6%88%91%E5%A6%82%E4%BD%95%E4%BB%8Esolopornoitaliani%E4%B8%8B%E8%BD%BD/|https://www.downloadtube.net/es/c%C3%B3mo-puedo-descargar-desde-solopornoitaliani/|https://www.downloadtube.net/ru/%D1%81%D0%BA%D0%B0%D1%87%D0%B0%D1%82%D1%8C-%D0%B2%D0%B8%D0%B4%D0%B5%D0%BE-%D1%81-solopornoitaliani/|https://www.downloadtube.net/ru/%D0%BA%D0%B0%D0%BA-%D0%BC%D0%BD%D0%B5-%D1%81%D0%BA%D0%B0%D1%87%D0%B0%D1%82%D1%8C-%D1%81-solopornoitaliani/|https://www.downloadtube.net/hi/solopornoitaliani-%E0%A4%B8%E0%A5%87-%E0%A4%B5%E0%A5%80%E0%A4%A1%E0%A4%BF%E0%A4%AF%E0%A5%8B-%E0%A4%A1%E0%A4%BE%E0%A4%89%E0%A4%A8%E0%A4%B2%E0%A5%8B%E0%A4%A1-%E0%A4%95%E0%A4%B0%E0%A5%87%E0%A4%82/
streamlivesex.com,streamlivesex,missing,,,download-streamlivesex-videos,/download-streamlivesex-videos,Streamlivesex Video Downloader,true,1,21,downloadtube.net,downloadtube.net,"Streamlivesex adult video downloader page; emphasize public videos, privacy, HD/MP4 formats, no popups, browser extension CTA, and legal/adult disclaimer.",https://www.downloadtube.net/download-videos-from-streamlivesex/|https://www.downloadtube.net/how-do-i-download-from-streamlivesex/|https://www.downloadtube.net/zh/%E4%BB%8Estreamlivesex%E4%B8%8B%E8%BD%BD%E8%A7%86%E9%A2%91/|https://www.downloadtube.net/zh/%E6%88%91%E5%A6%82%E4%BD%95%E4%BB%8Estreamlivesex%E4%B8%8B%E8%BD%BD/|https://www.downloadtube.net/es/c%C3%B3mo-puedo-descargar-desde-streamlivesex/|https://www.downloadtube.net/ru/%D1%81%D0%BA%D0%B0%D1%87%D0%B0%D1%82%D1%8C-%D0%B2%D0%B8%D0%B4%D0%B5%D0%BE-%D1%81-streamlivesex/|https://www.downloadtube.net/ru/%D0%BA%D0%B0%D0%BA-%D0%BC%D0%BD%D0%B5-%D1%81%D0%BA%D0%B0%D1%87%D0%B0%D1%82%D1%8C-%D1%81-streamlivesex/|https://www.downloadtube.net/hi/streamlivesex-%E0%A4%B8%E0%A5%87-%E0%A4%B5%E0%A5%80%E0%A4%A1%E0%A4%BF%E0%A4%AF%E0%A5%8B-%E0%A4%A1%E0%A4%BE%E0%A4%89%E0%A4%A8%E0%A4%B2%E0%A5%8B%E0%A4%A1-%E0%A4%95%E0%A4%B0%E0%A5%87%E0%A4%82/
transextube.com,transextube,missing,,,download-transextube-videos,/download-transextube-videos,Transextube Video Downloader,true,1,21,downloadtube.net,downloadtube.net,"Transextube adult video downloader page; emphasize public videos, privacy, HD/MP4 formats, no popups, browser extension CTA, and legal/adult disclaimer.",https://www.downloadtube.net/download-videos-from-transextube/|https://www.downloadtube.net/how-do-i-download-from-transextube/|https://www.downloadtube.net/zh/%E4%BB%8Etransextube%E4%B8%8B%E8%BD%BD%E8%A7%86%E9%A2%91/|https://www.downloadtube.net/zh/%E6%88%91%E5%A6%82%E4%BD%95%E4%BB%8Etransextube%E4%B8%8B%E8%BD%BD/|https://www.downloadtube.net/es/c%C3%B3mo-puedo-descargar-desde-transextube/|https://www.downloadtube.net/ru/%D1%81%D0%BA%D0%B0%D1%87%D0%B0%D1%82%D1%8C-%D0%B2%D0%B8%D0%B4%D0%B5%D0%BE-%D1%81-transextube/|https://www.downloadtube.net/ru/%D0%BA%D0%B0%D0%BA-%D0%BC%D0%BD%D0%B5-%D1%81%D0%BA%D0%B0%D1%87%D0%B0%D1%82%D1%8C-%D1%81-transextube/|https://www.downloadtube.net/hi/transextube-%E0%A4%B8%E0%A5%87-%E0%A4%B5%E0%A5%80%E0%A4%A1%E0%A4%BF%E0%A4%AF%E0%A5%8B-%E0%A4%A1%E0%A4%BE%E0%A4%89%E0%A4%A8%E0%A4%B2%E0%A5%8B%E0%A4%A1-%E0%A4%95%E0%A4%B0%E0%A5%87%E0%A4%82/
vielerporno.com,vielerporno,missing,,,download-vielerporno-videos,/download-vielerporno-videos,Vielerporno Video Downloader,true,1,21,downloadtube.net,downloadtube.net,"Vielerporno adult video downloader page; emphasize public videos, privacy, HD/MP4 formats, no popups, browser extension CTA, and legal/adult disclaimer.",https://www.downloadtube.net/download-videos-from-vielerporno/|https://www.downloadtube.net/how-do-i-download-from-vielerporno/|https://www.downloadtube.net/zh/%E4%BB%8Evielerporno%E4%B8%8B%E8%BD%BD%E8%A7%86%E9%A2%91/|https://www.downloadtube.net/zh/%E6%88%91%E5%A6%82%E4%BD%95%E4%BB%8Evielerporno%E4%B8%8B%E8%BD%BD/|https://www.downloadtube.net/es/c%C3%B3mo-puedo-descargar-desde-vielerporno/|https://www.downloadtube.net/ru/%D1%81%D0%BA%D0%B0%D1%87%D0%B0%D1%82%D1%8C-%D0%B2%D0%B8%D0%B4%D0%B5%D0%BE-%D1%81-vielerporno/|https://www.downloadtube.net/ru/%D0%BA%D0%B0%D0%BA-%D0%BC%D0%BD%D0%B5-%D1%81%D0%BA%D0%B0%D1%87%D0%B0%D1%82%D1%8C-%D1%81-vielerporno/|https://www.downloadtube.net/hi/vielerporno-%E0%A4%B8%E0%A5%87-%E0%A4%B5%E0%A5%80%E0%A4%A1%E0%A4%BF%E0%A4%AF%E0%A5%8B-%E0%A4%A1%E0%A4%BE%E0%A4%89%E0%A4%A8%E0%A4%B2%E0%A5%8B%E0%A4%A1-%E0%A4%95%E0%A4%B0%E0%A5%87%E0%A4%82/
vipporns.com,vipporns,missing,,,download-vipporns-videos,/download-vipporns-videos,Vipporns Video Downloader,true,1,21,downloadtube.net,downloadtube.net,"Vipporns adult video downloader page; emphasize public videos, privacy, HD/MP4 formats, no popups, browser extension CTA, and legal/adult disclaimer.",https://www.downloadtube.net/download-videos-from-vipporns/|https://www.downloadtube.net/how-do-i-download-from-vipporns/|https://www.downloadtube.net/zh/%E4%BB%8Evipporns%E4%B8%8B%E8%BD%BD%E8%A7%86%E9%A2%91/|https://www.downloadtube.net/zh/%E6%88%91%E5%A6%82%E4%BD%95%E4%BB%8Evipporns%E4%B8%8B%E8%BD%BD/|https://www.downloadtube.net/es/c%C3%B3mo-puedo-descargar-desde-vipporns/|https://www.downloadtube.net/ru/%D1%81%D0%BA%D0%B0%D1%87%D0%B0%D1%82%D1%8C-%D0%B2%D0%B8%D0%B4%D0%B5%D0%BE-%D1%81-vipporns/|https://www.downloadtube.net/ru/%D0%BA%D0%B0%D0%BA-%D0%BC%D0%BD%D0%B5-%D1%81%D0%BA%D0%B0%D1%87%D0%B0%D1%82%D1%8C-%D1%81-vipporns/|https://www.downloadtube.net/hi/vipporns-%E0%A4%B8%E0%A5%87-%E0%A4%B5%E0%A5%80%E0%A4%A1%E0%A4%BF%E0%A4%AF%E0%A5%8B-%E0%A4%A1%E0%A4%BE%E0%A4%89%E0%A4%A8%E0%A4%B2%E0%A5%8B%E0%A4%A1-%E0%A4%95%E0%A4%B0%E0%A5%87%E0%A4%82/
sexy.com,sexy,missing,,,download-sexy-videos,/download-sexy-videos,Sexy Video Downloader,true,1,19,downloadtube.net,downloadtube.net,"Sexy adult video downloader page; emphasize public videos, privacy, HD/MP4 formats, no popups, browser extension CTA, and legal/adult disclaimer.",https://www.downloadtube.net/zh/%E4%BB%8Eyourporn-sexy%E4%B8%8B%E8%BD%BD%E8%A7%86%E9%A2%91/|https://www.downloadtube.net/zh/%E6%88%91%E5%A6%82%E4%BD%95%E4%BB%8Eyourporn-sexy%E4%B8%8B%E8%BD%BD/|https://www.downloadtube.net/es/c%C3%B3mo-puedo-descargar-desde-yourporn-sexy/|https://www.downloadtube.net/ru/%D1%81%D0%BA%D0%B0%D1%87%D0%B0%D1%82%D1%8C-%D0%B2%D0%B8%D0%B4%D0%B5%D0%BE-%D1%81-yourporn-sexy/|https://www.downloadtube.net/ru/%D0%BA%D0%B0%D0%BA-%D0%BC%D0%BD%D0%B5-%D1%81%D0%BA%D0%B0%D1%87%D0%B0%D1%82%D1%8C-%D1%81-yourporn-sexy/|https://www.downloadtube.net/hi/yourporn-sexy-%E0%A4%B8%E0%A5%87-%E0%A4%B5%E0%A5%80%E0%A4%A1%E0%A4%BF%E0%A4%AF%E0%A5%8B-%E0%A4%A1%E0%A4%BE%E0%A4%89%E0%A4%A8%E0%A4%B2%E0%A5%8B%E0%A4%A1-%E0%A4%95%E0%A4%B0%E0%A5%87%E0%A4%82/|https://www.downloadtube.net/hi/%E0%A4%AE%E0%A5%88%E0%A4%82-yourporn-sexy-%E0%A4%B8%E0%A5%87-%E0%A4%95%E0%A5%88%E0%A4%B8%E0%A5%87-%E0%A4%A1%E0%A4%BE%E0%A4%89%E0%A4%A8%E0%A4%B2%E0%A5%8B%E0%A4%A1-%E0%A4%95%E0%A4%B0%E0%A5%82%E0%A4%82/|https://www.downloadtube.net/ar/%D8%AA%D9%86%D8%B2%D9%8A%D9%84-%D9%85%D9%82%D8%A7%D8%B7%D8%B9-%D8%A7%D9%84%D9%81%D9%8A%D8%AF%D9%8A%D9%88-%D9%85%D9%86-yourporn-sexy/
123watchjav.com,123watchjav,missing,,,download-123watchjav-videos,/download-123watchjav-videos,123watchjav Video Downloader,true,1,2,yt2save.com,yt2save.com,"123watchjav adult video downloader page; emphasize public videos, privacy, HD/MP4 formats, no popups, browser extension CTA, and legal/adult disclaimer.",https://yt2save.com/123watchjav/|https://yt2save.com/de/123watchjav/
18teenporn.com,18teenporn,missing,,,download-18teenporn-videos,/download-18teenporn-videos,18teenporn Video Downloader,true,1,2,yt2save.com,yt2save.com,"18teenporn adult video downloader page; emphasize public videos, privacy, HD/MP4 formats, no popups, browser extension CTA, and legal/adult disclaimer.",https://yt2save.com/18teenporn/|https://yt2save.com/de/18teenporn/
18teenporno.com,18teenporno,missing,,,download-18teenporno-videos,/download-18teenporno-videos,18teenporno Video Downloader,true,1,2,yt2save.com,yt2save.com,"18teenporno adult video downloader page; emphasize public videos, privacy, HD/MP4 formats, no popups, browser extension CTA, and legal/adult disclaimer.",https://yt2save.com/18teenporno/|https://yt2save.com/de/18teenporno/
24porn.com,24porn,missing,,,download-24porn-videos,/download-24porn-videos,24porn Video Downloader,true,1,2,yt2save.com,yt2save.com,"24porn adult video downloader page; emphasize public videos, privacy, HD/MP4 formats, no popups, browser extension CTA, and legal/adult disclaimer.",https://yt2save.com/24porn/|https://yt2save.com/de/24porn/
2beeg.com,2beeg,missing,,,download-2beeg-videos,/download-2beeg-videos,2beeg Video Downloader,true,1,2,yt2save.com,yt2save.com,"2beeg adult video downloader page; emphasize public videos, privacy, HD/MP4 formats, no popups, browser extension CTA, and legal/adult disclaimer.",https://yt2save.com/2beeg/|https://yt2save.com/de/2beeg/
2dhentai.com,2dhentai,missing,,,download-2dhentai-videos,/download-2dhentai-videos,2dhentai Video Downloader,true,1,2,yt2save.com,yt2save.com,"2dhentai adult video downloader page; emphasize public videos, privacy, HD/MP4 formats, no popups, browser extension CTA, and legal/adult disclaimer.",https://yt2save.com/2dhentai/|https://yt2save.com/de/2dhentai/
addyoursex.com,addyoursex,missing,,,download-addyoursex-videos,/download-addyoursex-videos,Addyoursex Video Downloader,true,1,2,yt2save.com,yt2save.com,"Addyoursex adult video downloader page; emphasize public videos, privacy, HD/MP4 formats, no popups, browser extension CTA, and legal/adult disclaimer.",https://yt2save.com/addyoursex/|https://yt2save.com/de/addyoursex/
aindiansex.com,aindiansex,missing,,,download-aindiansex-videos,/download-aindiansex-videos,Aindiansex Video Downloader,true,1,2,yt2save.com,yt2save.com,"Aindiansex adult video downloader page; emphasize public videos, privacy, HD/MP4 formats, no popups, browser extension CTA, and legal/adult disclaimer.",https://yt2save.com/aindiansex/|https://yt2save.com/de/aindiansex/
alohaporn.com,alohaporn,missing,,,download-alohaporn-videos,/download-alohaporn-videos,Alohaporn Video Downloader,true,1,2,yt2save.com,yt2save.com,"Alohaporn adult video downloader page; emphasize public videos, privacy, HD/MP4 formats, no popups, browser extension CTA, and legal/adult disclaimer.",https://yt2save.com/alohaporn/|https://yt2save.com/de/alohaporn/
animeidhentai.com,animeidhentai,missing,,,download-animeidhentai-videos,/download-animeidhentai-videos,Animeidhentai Video Downloader,true,1,2,yt2save.com,yt2save.com,"Animeidhentai adult video downloader page; emphasize public videos, privacy, HD/MP4 formats, no popups, browser extension CTA, and legal/adult disclaimer.",https://yt2save.com/animeidhentai/|https://yt2save.com/de/animeidhentai/
bdsmx.com,bdsmx,missing,,,download-bdsmx-videos,/download-bdsmx-videos,Bdsmx Video Downloader,true,1,2,yt2save.com,yt2save.com,"Bdsmx adult video downloader page; emphasize public videos, privacy, HD/MP4 formats, no popups, browser extension CTA, and legal/adult disclaimer.",https://yt2save.com/bdsmx/|https://yt2save.com/de/bdsmx/
beegfree.com,beegfree,missing,,,download-beegfree-videos,/download-beegfree-videos,Beegfree Video Downloader,true,1,2,yt2save.com,yt2save.com,"Beegfree adult video downloader page; emphasize public videos, privacy, HD/MP4 formats, no popups, browser extension CTA, and legal/adult disclaimer.",https://yt2save.com/beegfree/|https://yt2save.com/de/beegfree/
beegnow.com,beegnow,missing,,,download-beegnow-videos,/download-beegnow-videos,Beegnow Video Downloader,true,1,2,yt2save.com,yt2save.com,"Beegnow adult video downloader page; emphasize public videos, privacy, HD/MP4 formats, no popups, browser extension CTA, and legal/adult disclaimer.",https://yt2save.com/beegnow/|https://yt2save.com/de/beegnow/
beegsex.com,beegsex,missing,,,download-beegsex-videos,/download-beegsex-videos,Beegsex Video Downloader,true,1,2,yt2save.com,yt2save.com,"Beegsex adult video downloader page; emphasize public videos, privacy, HD/MP4 formats, no popups, browser extension CTA, and legal/adult disclaimer.",https://yt2save.com/beegsex/|https://yt2save.com/de/beegsex/
besthdgayporn.com,besthdgayporn,missing,,,download-besthdgayporn-videos,/download-besthdgayporn-videos,Besthdgayporn Video Downloader,true,1,2,yt2save.com,yt2save.com,"Besthdgayporn adult video downloader page; emphasize public videos, privacy, HD/MP4 formats, no popups, browser extension CTA, and legal/adult disclaimer.",https://yt2save.com/besthdgayporn/|https://yt2save.com/de/besthdgayporn/
bestialitysextaboo.com,bestialitysextaboo,missing,,,download-bestialitysextaboo-videos,/download-bestialitysextaboo-videos,Bestialitysextaboo Video Downloader,true,1,2,yt2save.com,yt2save.com,"Bestialitysextaboo adult video downloader page; emphasize public videos, privacy, HD/MP4 formats, no popups, browser extension CTA, and legal/adult disclaimer.",https://yt2save.com/bestialitysextaboo/|https://yt2save.com/de/bestialitysextaboo/
bestjavs.com,bestjavs,missing,,,download-bestjavs-videos,/download-bestjavs-videos,Bestjavs Video Downloader,true,1,2,yt2save.com,yt2save.com,"Bestjavs adult video downloader page; emphasize public videos, privacy, HD/MP4 formats, no popups, browser extension CTA, and legal/adult disclaimer.",https://yt2save.com/bestjavs/|https://yt2save.com/de/bestjavs/
bestpornohere.com,bestpornohere,missing,,,download-bestpornohere-videos,/download-bestpornohere-videos,Bestpornohere Video Downloader,true,1,2,yt2save.com,yt2save.com,"Bestpornohere adult video downloader page; emphasize public videos, privacy, HD/MP4 formats, no popups, browser extension CTA, and legal/adult disclaimer.",https://yt2save.com/bestpornohere/|https://yt2save.com/de/bestpornohere/
bestpornstars.com,bestpornstars,missing,,,download-bestpornstars-videos,/download-bestpornstars-videos,Bestpornstars Video Downloader,true,1,2,yt2save.com,yt2save.com,"Bestpornstars adult video downloader page; emphasize public videos, privacy, HD/MP4 formats, no popups, browser extension CTA, and legal/adult disclaimer.",https://yt2save.com/bestpornstars/|https://yt2save.com/de/bestpornstars/
blackedjav.com,blackedjav,missing,,,download-blackedjav-videos,/download-blackedjav-videos,Blackedjav Video Downloader,true,1,2,yt2save.com,yt2save.com,"Blackedjav adult video downloader page; emphasize public videos, privacy, HD/MP4 formats, no popups, browser extension CTA, and legal/adult disclaimer.",https://yt2save.com/blackedjav/|https://yt2save.com/de/blackedjav/
blackporn.com,blackporn,missing,,,download-blackporn-videos,/download-blackporn-videos,Blackporn Video Downloader,true,1,2,yt2save.com,yt2save.com,"Blackporn adult video downloader page; emphasize public videos, privacy, HD/MP4 formats, no popups, browser extension CTA, and legal/adult disclaimer.",https://yt2save.com/blackporn/|https://yt2save.com/de/blackporn/
bumporn.com,bumporn,missing,,,download-bumporn-videos,/download-bumporn-videos,Bumporn Video Downloader,true,1,2,yt2save.com,yt2save.com,"Bumporn adult video downloader page; emphasize public videos, privacy, HD/MP4 formats, no popups, browser extension CTA, and legal/adult disclaimer.",https://yt2save.com/bumporn/|https://yt2save.com/de/bumporn/
camfap.com,camfap,missing,,,download-camfap-videos,/download-camfap-videos,Camfap Video Downloader,true,1,2,yt2save.com,yt2save.com,"Camfap adult video downloader page; emphasize public videos, privacy, HD/MP4 formats, no popups, browser extension CTA, and legal/adult disclaimer.",https://yt2save.com/camfap/|https://yt2save.com/de/camfap/
camgirlbang.com,camgirlbang,missing,,,download-camgirlbang-videos,/download-camgirlbang-videos,Camgirlbang Video Downloader,true,1,2,yt2save.com,yt2save.com,"Camgirlbang adult video downloader page; emphasize public videos, privacy, HD/MP4 formats, no popups, browser extension CTA, and legal/adult disclaimer.",https://yt2save.com/camgirlbang/|https://yt2save.com/de/camgirlbang/
camgirlfap.com,camgirlfap,missing,,,download-camgirlfap-videos,/download-camgirlfap-videos,Camgirlfap Video Downloader,true,1,2,yt2save.com,yt2save.com,"Camgirlfap adult video downloader page; emphasize public videos, privacy, HD/MP4 formats, no popups, browser extension CTA, and legal/adult disclaimer.",https://yt2save.com/camgirlfap/|https://yt2save.com/de/camgirlfap/
camsexvideo.com,camsexvideo,missing,,,download-camsexvideo-videos,/download-camsexvideo-videos,Camsexvideo Video Downloader,true,1,2,yt2save.com,yt2save.com,"Camsexvideo adult video downloader page; emphasize public videos, privacy, HD/MP4 formats, no popups, browser extension CTA, and legal/adult disclaimer.",https://yt2save.com/camsexvideo/|https://yt2save.com/de/camsexvideo/
castingporntube.com,castingporntube,missing,,,download-castingporntube-videos,/download-castingporntube-videos,Castingporntube Video Downloader,true,1,2,yt2save.com,yt2save.com,"Castingporntube adult video downloader page; emphasize public videos, privacy, HD/MP4 formats, no popups, browser extension CTA, and legal/adult disclaimer.",https://yt2save.com/castingporntube/|https://yt2save.com/de/castingporntube/
chineseporn.com,chineseporn,missing,,,download-chineseporn-videos,/download-chineseporn-videos,Chineseporn Video Downloader,true,1,2,yt2save.com,yt2save.com,"Chineseporn adult video downloader page; emphasize public videos, privacy, HD/MP4 formats, no popups, browser extension CTA, and legal/adult disclaimer.",https://yt2save.com/chineseporn/|https://yt2save.com/de/chineseporn/
chinesex.com,chinesex,missing,,,download-chinesex-videos,/download-chinesex-videos,Chinesex Video Downloader,true,1,2,yt2save.com,yt2save.com,"Chinesex adult video downloader page; emphasize public videos, privacy, HD/MP4 formats, no popups, browser extension CTA, and legal/adult disclaimer.",https://yt2save.com/chinesex/|https://yt2save.com/de/chinesex/
cinepornogratis.com,cinepornogratis,missing,,,download-cinepornogratis-videos,/download-cinepornogratis-videos,Cinepornogratis Video Downloader,true,1,2,yt2save.com,yt2save.com,"Cinepornogratis adult video downloader page; emphasize public videos, privacy, HD/MP4 formats, no popups, browser extension CTA, and legal/adult disclaimer.",https://yt2save.com/cinepornogratis/|https://yt2save.com/de/cinepornogratis/
colliderporn.com,colliderporn,missing,,,download-colliderporn-videos,/download-colliderporn-videos,Colliderporn Video Downloader,true,1,2,yt2save.com,yt2save.com,"Colliderporn adult video downloader page; emphasize public videos, privacy, HD/MP4 formats, no popups, browser extension CTA, and legal/adult disclaimer.",https://yt2save.com/colliderporn/|https://yt2save.com/de/colliderporn/
cuckoldsporn.com,cuckoldsporn,missing,,,download-cuckoldsporn-videos,/download-cuckoldsporn-videos,Cuckoldsporn Video Downloader,true,1,2,yt2save.com,yt2save.com,"Cuckoldsporn adult video downloader page; emphasize public videos, privacy, HD/MP4 formats, no popups, browser extension CTA, and legal/adult disclaimer.",https://yt2save.com/cuckoldsporn/|https://yt2save.com/de/cuckoldsporn/
daftporn.com,daftporn,missing,,,download-daftporn-videos,/download-daftporn-videos,Daftporn Video Downloader,true,1,2,yt2save.com,yt2save.com,"Daftporn adult video downloader page; emphasize public videos, privacy, HD/MP4 formats, no popups, browser extension CTA, and legal/adult disclaimer.",https://yt2save.com/daftporn/|https://yt2save.com/de/daftporn/
datoporn.com,datoporn,missing,,,download-datoporn-videos,/download-datoporn-videos,Datoporn Video Downloader,true,1,2,yt2save.com,yt2save.com,"Datoporn adult video downloader page; emphasize public videos, privacy, HD/MP4 formats, no popups, browser extension CTA, and legal/adult disclaimer.",https://yt2save.com/datoporn/|https://yt2save.com/de/datoporn/
deepfakesporn.com,deepfakesporn,missing,,,download-deepfakesporn-videos,/download-deepfakesporn-videos,Deepfakesporn Video Downloader,true,1,2,yt2save.com,yt2save.com,"Deepfakesporn adult video downloader page; emphasize public videos, privacy, HD/MP4 formats, no popups, browser extension CTA, and legal/adult disclaimer.",https://yt2save.com/deepfakesporn/|https://yt2save.com/de/deepfakesporn/
desixxx.com,desixxx,missing,,,download-desixxx-videos,/download-desixxx-videos,Desixxx Video Downloader,true,1,2,yt2save.com,yt2save.com,"Desixxx adult video downloader page; emphasize public videos, privacy, HD/MP4 formats, no popups, browser extension CTA, and legal/adult disclaimer.",https://yt2save.com/desixxx/|https://yt2save.com/de/desixxx/
dipnude.com,dipnude,missing,,,download-dipnude-videos,/download-dipnude-videos,Dipnude Video Downloader,true,1,2,yt2save.com,yt2save.com,"Dipnude adult video downloader page; emphasize public videos, privacy, HD/MP4 formats, no popups, browser extension CTA, and legal/adult disclaimer.",https://yt2save.com/dipnude/|https://yt2save.com/de/dipnude/
documaniatv.com,documaniatv,missing,,,download-documaniatv-videos,/download-documaniatv-videos,Documaniatv Video Downloader,true,1,2,yt2save.com,yt2save.com,"Documaniatv adult video downloader page; emphasize public videos, privacy, HD/MP4 formats, no popups, browser extension CTA, and legal/adult disclaimer.",https://yt2save.com/documaniatv/|https://yt2save.com/de/documaniatv/
dunjav.com,dunjav,missing,,,download-dunjav-videos,/download-dunjav-videos,Dunjav Video Downloader,true,1,2,yt2save.com,yt2save.com,"Dunjav adult video downloader page; emphasize public videos, privacy, HD/MP4 formats, no popups, browser extension CTA, and legal/adult disclaimer.",https://yt2save.com/dunjav/|https://yt2save.com/de/dunjav/
ebuxxx.com,ebuxxx,missing,,,download-ebuxxx-videos,/download-ebuxxx-videos,Ebuxxx Video Downloader,true,1,2,yt2save.com,yt2save.com,"Ebuxxx adult video downloader page; emphasize public videos, privacy, HD/MP4 formats, no popups, browser extension CTA, and legal/adult disclaimer.",https://yt2save.com/ebuxxx/|https://yt2save.com/de/ebuxxx/
energymilf.com,energymilf,missing,,,download-energymilf-videos,/download-energymilf-videos,Energymilf Video Downloader,true,1,2,yt2save.com,yt2save.com,"Energymilf adult video downloader page; emphasize public videos, privacy, HD/MP4 formats, no popups, browser extension CTA, and legal/adult disclaimer.",https://yt2save.com/energymilf/|https://yt2save.com/de/energymilf/
engorgedtits.com,engorgedtits,missing,,,download-engorgedtits-videos,/download-engorgedtits-videos,Engorgedtits Video Downloader,true,1,2,yt2save.com,yt2save.com,"Engorgedtits adult video downloader page; emphasize public videos, privacy, HD/MP4 formats, no popups, browser extension CTA, and legal/adult disclaimer.",https://yt2save.com/engorgedtits/|https://yt2save.com/de/engorgedtits/
eroticmv.com,eroticmv,missing,,,download-eroticmv-videos,/download-eroticmv-videos,Eroticmv Video Downloader,true,1,2,yt2save.com,yt2save.com,"Eroticmv adult video downloader page; emphasize public videos, privacy, HD/MP4 formats, no popups, browser extension CTA, and legal/adult disclaimer.",https://yt2save.com/eroticmv/|https://yt2save.com/de/eroticmv/
eroticup.com,eroticup,missing,,,download-eroticup-videos,/download-eroticup-videos,Eroticup Video Downloader,true,1,2,yt2save.com,yt2save.com,"Eroticup adult video downloader page; emphasize public videos, privacy, HD/MP4 formats, no popups, browser extension CTA, and legal/adult disclaimer.",https://yt2save.com/eroticup/|https://yt2save.com/de/eroticup/
eviewporn.com,eviewporn,missing,,,download-eviewporn-videos,/download-eviewporn-videos,Eviewporn Video Downloader,true,1,2,yt2save.com,yt2save.com,"Eviewporn adult video downloader page; emphasize public videos, privacy, HD/MP4 formats, no popups, browser extension CTA, and legal/adult disclaimer.",https://yt2save.com/eviewporn/|https://yt2save.com/de/eviewporn/
ezjav.com,ezjav,missing,,,download-ezjav-videos,/download-ezjav-videos,Ezjav Video Downloader,true,1,2,yt2save.com,yt2save.com,"Ezjav adult video downloader page; emphasize public videos, privacy, HD/MP4 formats, no popups, browser extension CTA, and legal/adult disclaimer.",https://yt2save.com/ezjav/|https://yt2save.com/de/ezjav/
familypornhd.com,familypornhd,missing,,,download-familypornhd-videos,/download-familypornhd-videos,Familypornhd Video Downloader,true,1,2,yt2save.com,yt2save.com,"Familypornhd adult video downloader page; emphasize public videos, privacy, HD/MP4 formats, no popups, browser extension CTA, and legal/adult disclaimer.",https://yt2save.com/familypornhd/|https://yt2save.com/de/familypornhd/
familyxtube.com,familyxtube,missing,,,download-familyxtube-videos,/download-familyxtube-videos,Familyxtube Video Downloader,true,1,2,yt2save.com,yt2save.com,"Familyxtube adult video downloader page; emphasize public videos, privacy, HD/MP4 formats, no popups, browser extension CTA, and legal/adult disclaimer.",https://yt2save.com/familyxtube/|https://yt2save.com/de/familyxtube/
fapbraze.com,fapbraze,missing,,,download-fapbraze-videos,/download-fapbraze-videos,Fapbraze Video Downloader,true,1,2,yt2save.com,yt2save.com,"Fapbraze adult video downloader page; emphasize public videos, privacy, HD/MP4 formats, no popups, browser extension CTA, and legal/adult disclaimer.",https://yt2save.com/fapbraze/|https://yt2save.com/de/fapbraze/
fapdiner.com,fapdiner,missing,,,download-fapdiner-videos,/download-fapdiner-videos,Fapdiner Video Downloader,true,1,2,yt2save.com,yt2save.com,"Fapdiner adult video downloader page; emphasize public videos, privacy, HD/MP4 formats, no popups, browser extension CTA, and legal/adult disclaimer.",https://yt2save.com/fapdiner/|https://yt2save.com/de/fapdiner/
faponly.com,faponly,missing,,,download-faponly-videos,/download-faponly-videos,Faponly Video Downloader,true,1,2,yt2save.com,yt2save.com,"Faponly adult video downloader page; emphasize public videos, privacy, HD/MP4 formats, no popups, browser extension CTA, and legal/adult disclaimer.",https://yt2save.com/faponly/|https://yt2save.com/de/faponly/
feedporn.com,feedporn,missing,,,download-feedporn-videos,/download-feedporn-videos,Feedporn Video Downloader,true,1,2,yt2save.com,yt2save.com,"Feedporn adult video downloader page; emphasize public videos, privacy, HD/MP4 formats, no popups, browser extension CTA, and legal/adult disclaimer.",https://yt2save.com/feedporn/|https://yt2save.com/de/feedporn/
filmesporno.com,filmesporno,missing,,,download-filmesporno-videos,/download-filmesporno-videos,Filmesporno Video Downloader,true,1,2,yt2save.com,yt2save.com,"Filmesporno adult video downloader page; emphasize public videos, privacy, HD/MP4 formats, no popups, browser extension CTA, and legal/adult disclaimer.",https://yt2save.com/filmesporno/|https://yt2save.com/de/filmesporno/
fliporn.com,fliporn,missing,,,download-fliporn-videos,/download-fliporn-videos,Fliporn Video Downloader,true,1,2,yt2save.com,yt2save.com,"Fliporn adult video downloader page; emphasize public videos, privacy, HD/MP4 formats, no popups, browser extension CTA, and legal/adult disclaimer.",https://yt2save.com/fliporn/|https://yt2save.com/de/fliporn/
forcedcum.com,forcedcum,missing,,,download-forcedcum-videos,/download-forcedcum-videos,Forcedcum Video Downloader,true,1,2,yt2save.com,yt2save.com,"Forcedcum adult video downloader page; emphasize public videos, privacy, HD/MP4 formats, no popups, browser extension CTA, and legal/adult disclaimer.",https://yt2save.com/forcedcum/|https://yt2save.com/de/forcedcum/
forcedporn.com,forcedporn,missing,,,download-forcedporn-videos,/download-forcedporn-videos,Forcedporn Video Downloader,true,1,2,yt2save.com,yt2save.com,"Forcedporn adult video downloader page; emphasize public videos, privacy, HD/MP4 formats, no popups, browser extension CTA, and legal/adult disclaimer.",https://yt2save.com/forcedporn/|https://yt2save.com/de/forcedporn/
free-xxx-fap.com,free-xxx-fap,missing,,,download-free-xxx-fap-videos,/download-free-xxx-fap-videos,Free Xxx Fap Video Downloader,true,1,2,yt2save.com,yt2save.com,"Free Xxx Fap adult video downloader page; emphasize public videos, privacy, HD/MP4 formats, no popups, browser extension CTA, and legal/adult disclaimer.",https://yt2save.com/free-xxx-fap/|https://yt2save.com/de/free-xxx-fap/
freejav.com,freejav,missing,,,download-freejav-videos,/download-freejav-videos,Freejav Video Downloader,true,1,2,yt2save.com,yt2save.com,"Freejav adult video downloader page; emphasize public videos, privacy, HD/MP4 formats, no popups, browser extension CTA, and legal/adult disclaimer.",https://yt2save.com/freejav/|https://yt2save.com/de/freejav/
freeonlinegayporno.com,freeonlinegayporno,missing,,,download-freeonlinegayporno-videos,/download-freeonlinegayporno-videos,Freeonlinegayporno Video Downloader,true,1,2,yt2save.com,yt2save.com,"Freeonlinegayporno adult video downloader page; emphasize public videos, privacy, HD/MP4 formats, no popups, browser extension CTA, and legal/adult disclaimer.",https://yt2save.com/freeonlinegayporno/|https://yt2save.com/de/freeonlinegayporno/
freepornsex.com,freepornsex,missing,,,download-freepornsex-videos,/download-freepornsex-videos,Freepornsex Video Downloader,true,1,2,yt2save.com,yt2save.com,"Freepornsex adult video downloader page; emphasize public videos, privacy, HD/MP4 formats, no popups, browser extension CTA, and legal/adult disclaimer.",https://yt2save.com/freepornsex/|https://yt2save.com/de/freepornsex/
gaybestsex.com,gaybestsex,missing,,,download-gaybestsex-videos,/download-gaybestsex-videos,Gaybestsex Video Downloader,true,1,2,yt2save.com,yt2save.com,"Gaybestsex adult video downloader page; emphasize public videos, privacy, HD/MP4 formats, no popups, browser extension CTA, and legal/adult disclaimer.",https://yt2save.com/gaybestsex/|https://yt2save.com/de/gaybestsex/
gaypornforyou.com,gaypornforyou,missing,,,download-gaypornforyou-videos,/download-gaypornforyou-videos,Gaypornforyou Video Downloader,true,1,2,yt2save.com,yt2save.com,"Gaypornforyou adult video downloader page; emphasize public videos, privacy, HD/MP4 formats, no popups, browser extension CTA, and legal/adult disclaimer.",https://yt2save.com/gaypornforyou/|https://yt2save.com/de/gaypornforyou/
gaypornhdfree.com,gaypornhdfree,missing,,,download-gaypornhdfree-videos,/download-gaypornhdfree-videos,Gaypornhdfree Video Downloader,true,1,2,yt2save.com,yt2save.com,"Gaypornhdfree adult video downloader page; emphasize public videos, privacy, HD/MP4 formats, no popups, browser extension CTA, and legal/adult disclaimer.",https://yt2save.com/gaypornhdfree/|https://yt2save.com/de/gaypornhdfree/
gaypornlove.com,gaypornlove,missing,,,download-gaypornlove-videos,/download-gaypornlove-videos,Gaypornlove Video Downloader,true,1,2,yt2save.com,yt2save.com,"Gaypornlove adult video downloader page; emphasize public videos, privacy, HD/MP4 formats, no popups, browser extension CTA, and legal/adult disclaimer.",https://yt2save.com/gaypornlove/|https://yt2save.com/de/gaypornlove/
gaysexhd.com,gaysexhd,missing,,,download-gaysexhd-videos,/download-gaysexhd-videos,Gaysexhd Video Downloader,true,1,2,yt2save.com,yt2save.com,"Gaysexhd adult video downloader page; emphasize public videos, privacy, HD/MP4 formats, no popups, browser extension CTA, and legal/adult disclaimer.",https://yt2save.com/gaysexhd/|https://yt2save.com/de/gaysexhd/
ggjav.com,ggjav,missing,,,download-ggjav-videos,/download-ggjav-videos,Ggjav Video Downloader,true,1,2,yt2save.com,yt2save.com,"Ggjav adult video downloader page; emphasize public videos, privacy, HD/MP4 formats, no popups, browser extension CTA, and legal/adult disclaimer.",https://yt2save.com/ggjav/|https://yt2save.com/de/ggjav/
groolpussy.com,groolpussy,missing,,,download-groolpussy-videos,/download-groolpussy-videos,Groolpussy Video Downloader,true,1,2,yt2save.com,yt2save.com,"Groolpussy adult video downloader page; emphasize public videos, privacy, HD/MP4 formats, no popups, browser extension CTA, and legal/adult disclaimer.",https://yt2save.com/groolpussy/|https://yt2save.com/de/groolpussy/
hcbdsm.com,hcbdsm,missing,,,download-hcbdsm-videos,/download-hcbdsm-videos,Hcbdsm Video Downloader,true,1,2,yt2save.com,yt2save.com,"Hcbdsm adult video downloader page; emphasize public videos, privacy, HD/MP4 formats, no popups, browser extension CTA, and legal/adult disclaimer.",https://yt2save.com/hcbdsm/|https://yt2save.com/de/hcbdsm/
hdporn92.com,hdporn92,missing,,,download-hdporn92-videos,/download-hdporn92-videos,Hdporn92 Video Downloader,true,1,2,yt2save.com,yt2save.com,"Hdporn92 adult video downloader page; emphasize public videos, privacy, HD/MP4 formats, no popups, browser extension CTA, and legal/adult disclaimer.",https://yt2save.com/hdporn92/|https://yt2save.com/de/hdporn92/
hdpornstarz.com,hdpornstarz,missing,,,download-hdpornstarz-videos,/download-hdpornstarz-videos,Hdpornstarz Video Downloader,true,1,2,yt2save.com,yt2save.com,"Hdpornstarz adult video downloader page; emphasize public videos, privacy, HD/MP4 formats, no popups, browser extension CTA, and legal/adult disclaimer.",https://yt2save.com/hdpornstarz/|https://yt2save.com/de/hdpornstarz/
hentai0.com,hentai0,missing,,,download-hentai0-videos,/download-hentai0-videos,Hentai0 Video Downloader,true,1,2,yt2save.com,yt2save.com,"Hentai0 adult video downloader page; emphasize public videos, privacy, HD/MP4 formats, no popups, browser extension CTA, and legal/adult disclaimer.",https://yt2save.com/hentai0/|https://yt2save.com/de/hentai0/
hentai4u.com,hentai4u,missing,,,download-hentai4u-videos,/download-hentai4u-videos,Hentai4u Video Downloader,true,1,2,yt2save.com,yt2save.com,"Hentai4u adult video downloader page; emphasize public videos, privacy, HD/MP4 formats, no popups, browser extension CTA, and legal/adult disclaimer.",https://yt2save.com/hentai4u/|https://yt2save.com/de/hentai4u/
hentaicore.com,hentaicore,missing,,,download-hentaicore-videos,/download-hentaicore-videos,Hentaicore Video Downloader,true,1,2,yt2save.com,yt2save.com,"Hentaicore adult video downloader page; emphasize public videos, privacy, HD/MP4 formats, no popups, browser extension CTA, and legal/adult disclaimer.",https://yt2save.com/hentaicore/|https://yt2save.com/de/hentaicore/
hentaienglish.com,hentaienglish,missing,,,download-hentaienglish-videos,/download-hentaienglish-videos,Hentaienglish Video Downloader,true,1,2,yt2save.com,yt2save.com,"Hentaienglish adult video downloader page; emphasize public videos, privacy, HD/MP4 formats, no popups, browser extension CTA, and legal/adult disclaimer.",https://yt2save.com/hentaienglish/|https://yt2save.com/de/hentaienglish/
hentailove.com,hentailove,missing,,,download-hentailove-videos,/download-hentailove-videos,Hentailove Video Downloader,true,1,2,yt2save.com,yt2save.com,"Hentailove adult video downloader page; emphasize public videos, privacy, HD/MP4 formats, no popups, browser extension CTA, and legal/adult disclaimer.",https://yt2save.com/hentailove/|https://yt2save.com/de/hentailove/
hentaipulse.com,hentaipulse,missing,,,download-hentaipulse-videos,/download-hentaipulse-videos,Hentaipulse Video Downloader,true,1,2,yt2save.com,yt2save.com,"Hentaipulse adult video downloader page; emphasize public videos, privacy, HD/MP4 formats, no popups, browser extension CTA, and legal/adult disclaimer.",https://yt2save.com/hentaipulse/|https://yt2save.com/de/hentaipulse/
hentaisea.com,hentaisea,missing,,,download-hentaisea-videos,/download-hentaisea-videos,Hentaisea Video Downloader,true,1,2,yt2save.com,yt2save.com,"Hentaisea adult video downloader page; emphasize public videos, privacy, HD/MP4 formats, no popups, browser extension CTA, and legal/adult disclaimer.",https://yt2save.com/hentaisea/|https://yt2save.com/de/hentaisea/
hentaishelter.com,hentaishelter,missing,,,download-hentaishelter-videos,/download-hentaishelter-videos,Hentaishelter Video Downloader,true,1,2,yt2save.com,yt2save.com,"Hentaishelter adult video downloader page; emphasize public videos, privacy, HD/MP4 formats, no popups, browser extension CTA, and legal/adult disclaimer.",https://yt2save.com/hentaishelter/|https://yt2save.com/de/hentaishelter/
hiijav.com,hiijav,missing,,,download-hiijav-videos,/download-hiijav-videos,Hiijav Video Downloader,true,1,2,yt2save.com,yt2save.com,"Hiijav adult video downloader page; emphasize public videos, privacy, HD/MP4 formats, no popups, browser extension CTA, and legal/adult disclaimer.",https://yt2save.com/hiijav/|https://yt2save.com/de/hiijav/
hindiporn.com,hindiporn,missing,,,download-hindiporn-videos,/download-hindiporn-videos,Hindiporn Video Downloader,true,1,2,yt2save.com,yt2save.com,"Hindiporn adult video downloader page; emphasize public videos, privacy, HD/MP4 formats, no popups, browser extension CTA, and legal/adult disclaimer.",https://yt2save.com/hindiporn/|https://yt2save.com/de/hindiporn/
hornyjav.com,hornyjav,missing,,,download-hornyjav-videos,/download-hornyjav-videos,Hornyjav Video Downloader,true,1,2,yt2save.com,yt2save.com,"Hornyjav adult video downloader page; emphasize public videos, privacy, HD/MP4 formats, no popups, browser extension CTA, and legal/adult disclaimer.",https://yt2save.com/hornyjav/|https://yt2save.com/de/hornyjav/
horrorporn.com,horrorporn,missing,,,download-horrorporn-videos,/download-horrorporn-videos,Horrorporn Video Downloader,true,1,2,yt2save.com,yt2save.com,"Horrorporn adult video downloader page; emphasize public videos, privacy, HD/MP4 formats, no popups, browser extension CTA, and legal/adult disclaimer.",https://yt2save.com/horrorporn/|https://yt2save.com/de/horrorporn/
hotindiansexvideo.com,hotindiansexvideo,missing,,,download-hotindiansexvideo-videos,/download-hotindiansexvideo-videos,Hotindiansexvideo Video Downloader,true,1,2,yt2save.com,yt2save.com,"Hotindiansexvideo adult video downloader page; emphasize public videos, privacy, HD/MP4 formats, no popups, browser extension CTA, and legal/adult disclaimer.",https://yt2save.com/hotindiansexvideo/|https://yt2save.com/de/hotindiansexvideo/
hqpornerpro.com,hqpornerpro,missing,,,download-hqpornerpro-videos,/download-hqpornerpro-videos,Hqpornerpro Video Downloader,true,1,2,yt2save.com,yt2save.com,"Hqpornerpro adult video downloader page; emphasize public videos, privacy, HD/MP4 formats, no popups, browser extension CTA, and legal/adult disclaimer.",https://yt2save.com/hqpornerpro/|https://yt2save.com/de/hqpornerpro/
iceporncasting.com,iceporncasting,missing,,,download-iceporncasting-videos,/download-iceporncasting-videos,Iceporncasting Video Downloader,true,1,2,yt2save.com,yt2save.com,"Iceporncasting adult video downloader page; emphasize public videos, privacy, HD/MP4 formats, no popups, browser extension CTA, and legal/adult disclaimer.",https://yt2save.com/iceporncasting/|https://yt2save.com/de/iceporncasting/
icepornhub.com,icepornhub,missing,,,download-icepornhub-videos,/download-icepornhub-videos,Icepornhub Video Downloader,true,1,2,yt2save.com,yt2save.com,"Icepornhub adult video downloader page; emphasize public videos, privacy, HD/MP4 formats, no popups, browser extension CTA, and legal/adult disclaimer.",https://yt2save.com/icepornhub/|https://yt2save.com/de/icepornhub/
iframejav.com,iframejav,missing,,,download-iframejav-videos,/download-iframejav-videos,Iframejav Video Downloader,true,1,2,yt2save.com,yt2save.com,"Iframejav adult video downloader page; emphasize public videos, privacy, HD/MP4 formats, no popups, browser extension CTA, and legal/adult disclaimer.",https://yt2save.com/iframejav/|https://yt2save.com/de/iframejav/
inaporn.com,inaporn,missing,,,download-inaporn-videos,/download-inaporn-videos,Inaporn Video Downloader,true,1,2,yt2save.com,yt2save.com,"Inaporn adult video downloader page; emphasize public videos, privacy, HD/MP4 formats, no popups, browser extension CTA, and legal/adult disclaimer.",https://yt2save.com/inaporn/|https://yt2save.com/de/inaporn/
indianporn365.com,indianporn365,missing,,,download-indianporn365-videos,/download-indianporn365-videos,Indianporn365 Video Downloader,true,1,2,yt2save.com,yt2save.com,"Indianporn365 adult video downloader page; emphasize public videos, privacy, HD/MP4 formats, no popups, browser extension CTA, and legal/adult disclaimer.",https://yt2save.com/indianporn365/|https://yt2save.com/de/indianporn365/
indianpornvideos2.com,indianpornvideos2,missing,,,download-indianpornvideos2-videos,/download-indianpornvideos2-videos,Indianpornvideos2 Video Downloader,true,1,2,yt2save.com,yt2save.com,"Indianpornvideos2 adult video downloader page; emphasize public videos, privacy, HD/MP4 formats, no popups, browser extension CTA, and legal/adult disclaimer.",https://yt2save.com/indianpornvideos2/|https://yt2save.com/de/indianpornvideos2/
indoxtube.com,indoxtube,missing,,,download-indoxtube-videos,/download-indoxtube-videos,Indoxtube Video Downloader,true,1,2,yt2save.com,yt2save.com,"Indoxtube adult video downloader page; emphasize public videos, privacy, HD/MP4 formats, no popups, browser extension CTA, and legal/adult disclaimer.",https://yt2save.com/indoxtube/|https://yt2save.com/de/indoxtube/
inporn.com,inporn,missing,,,download-inporn-videos,/download-inporn-videos,Inporn Video Downloader,true,1,2,yt2save.com,yt2save.com,"Inporn adult video downloader page; emphasize public videos, privacy, HD/MP4 formats, no popups, browser extension CTA, and legal/adult disclaimer.",https://yt2save.com/inporn/|https://yt2save.com/de/inporn/
ixiporn.com,ixiporn,missing,,,download-ixiporn-videos,/download-ixiporn-videos,Ixiporn Video Downloader,true,1,2,yt2save.com,yt2save.com,"Ixiporn adult video downloader page; emphasize public videos, privacy, HD/MP4 formats, no popups, browser extension CTA, and legal/adult disclaimer.",https://yt2save.com/ixiporn/|https://yt2save.com/de/ixiporn/
jagaporn.com,jagaporn,missing,,,download-jagaporn-videos,/download-jagaporn-videos,Jagaporn Video Downloader,true,1,2,yt2save.com,yt2save.com,"Jagaporn adult video downloader page; emphasize public videos, privacy, HD/MP4 formats, no popups, browser extension CTA, and legal/adult disclaimer.",https://yt2save.com/jagaporn/|https://yt2save.com/de/jagaporn/
japangaysex.com,japangaysex,missing,,,download-japangaysex-videos,/download-japangaysex-videos,Japangaysex Video Downloader,true,1,2,yt2save.com,yt2save.com,"Japangaysex adult video downloader page; emphasize public videos, privacy, HD/MP4 formats, no popups, browser extension CTA, and legal/adult disclaimer.",https://yt2save.com/japangaysex/|https://yt2save.com/de/japangaysex/
japaninporn.com,japaninporn,missing,,,download-japaninporn-videos,/download-japaninporn-videos,Japaninporn Video Downloader,true,1,2,yt2save.com,yt2save.com,"Japaninporn adult video downloader page; emphasize public videos, privacy, HD/MP4 formats, no popups, browser extension CTA, and legal/adult disclaimer.",https://yt2save.com/japaninporn/|https://yt2save.com/de/japaninporn/
japornhd.com,japornhd,missing,,,download-japornhd-videos,/download-japornhd-videos,Japornhd Video Downloader,true,1,2,yt2save.com,yt2save.com,"Japornhd adult video downloader page; emphasize public videos, privacy, HD/MP4 formats, no popups, browser extension CTA, and legal/adult disclaimer.",https://yt2save.com/japornhd/|https://yt2save.com/de/japornhd/
japxtube.com,japxtube,missing,,,download-japxtube-videos,/download-japxtube-videos,Japxtube Video Downloader,true,1,2,yt2save.com,yt2save.com,"Japxtube adult video downloader page; emphasize public videos, privacy, HD/MP4 formats, no popups, browser extension CTA, and legal/adult disclaimer.",https://yt2save.com/japxtube/|https://yt2save.com/de/japxtube/
jav-guru.com,jav-guru,missing,,,download-jav-guru-videos,/download-jav-guru-videos,Jav Guru Video Downloader,true,1,2,yt2save.com,yt2save.com,"Jav Guru adult video downloader page; emphasize public videos, privacy, HD/MP4 formats, no popups, browser extension CTA, and legal/adult disclaimer.",https://yt2save.com/jav-guru/|https://yt2save.com/de/jav-guru/
jav19.com,jav19,missing,,,download-jav19-videos,/download-jav19-videos,Jav19 Video Downloader,true,1,2,yt2save.com,yt2save.com,"Jav19 adult video downloader page; emphasize public videos, privacy, HD/MP4 formats, no popups, browser extension CTA, and legal/adult disclaimer.",https://yt2save.com/jav19/|https://yt2save.com/de/jav19/
jav555.com,jav555,missing,,,download-jav555-videos,/download-jav555-videos,Jav555 Video Downloader,true,1,2,yt2save.com,yt2save.com,"Jav555 adult video downloader page; emphasize public videos, privacy, HD/MP4 formats, no popups, browser extension CTA, and legal/adult disclaimer.",https://yt2save.com/jav555/|https://yt2save.com/de/jav555/
javbabe.com,javbabe,missing,,,download-javbabe-videos,/download-javbabe-videos,Javbabe Video Downloader,true,1,2,yt2save.com,yt2save.com,"Javbabe adult video downloader page; emphasize public videos, privacy, HD/MP4 formats, no popups, browser extension CTA, and legal/adult disclaimer.",https://yt2save.com/javbabe/|https://yt2save.com/de/javbabe/
javbeautiful.com,javbeautiful,missing,,,download-javbeautiful-videos,/download-javbeautiful-videos,Javbeautiful Video Downloader,true,1,2,yt2save.com,yt2save.com,"Javbeautiful adult video downloader page; emphasize public videos, privacy, HD/MP4 formats, no popups, browser extension CTA, and legal/adult disclaimer.",https://yt2save.com/javbeautiful/|https://yt2save.com/de/javbeautiful/
javbigo.com,javbigo,missing,,,download-javbigo-videos,/download-javbigo-videos,Javbigo Video Downloader,true,1,2,yt2save.com,yt2save.com,"Javbigo adult video downloader page; emphasize public videos, privacy, HD/MP4 formats, no popups, browser extension CTA, and legal/adult disclaimer.",https://yt2save.com/javbigo/|https://yt2save.com/de/javbigo/
javboss.com,javboss,missing,,,download-javboss-videos,/download-javboss-videos,Javboss Video Downloader,true,1,2,yt2save.com,yt2save.com,"Javboss adult video downloader page; emphasize public videos, privacy, HD/MP4 formats, no popups, browser extension CTA, and legal/adult disclaimer.",https://yt2save.com/javboss/|https://yt2save.com/de/javboss/
javbox.com,javbox,missing,,,download-javbox-videos,/download-javbox-videos,Javbox Video Downloader,true,1,2,yt2save.com,yt2save.com,"Javbox adult video downloader page; emphasize public videos, privacy, HD/MP4 formats, no popups, browser extension CTA, and legal/adult disclaimer.",https://yt2save.com/javbox/|https://yt2save.com/de/javbox/
javbulk.com,javbulk,missing,,,download-javbulk-videos,/download-javbulk-videos,Javbulk Video Downloader,true,1,2,yt2save.com,yt2save.com,"Javbulk adult video downloader page; emphasize public videos, privacy, HD/MP4 formats, no popups, browser extension CTA, and legal/adult disclaimer.",https://yt2save.com/javbulk/|https://yt2save.com/de/javbulk/
javchill.com,javchill,missing,,,download-javchill-videos,/download-javchill-videos,Javchill Video Downloader,true,1,2,yt2save.com,yt2save.com,"Javchill adult video downloader page; emphasize public videos, privacy, HD/MP4 formats, no popups, browser extension CTA, and legal/adult disclaimer.",https://yt2save.com/javchill/|https://yt2save.com/de/javchill/
javdisk.com,javdisk,missing,,,download-javdisk-videos,/download-javdisk-videos,Javdisk Video Downloader,true,1,2,yt2save.com,yt2save.com,"Javdisk adult video downloader page; emphasize public videos, privacy, HD/MP4 formats, no popups, browser extension CTA, and legal/adult disclaimer.",https://yt2save.com/javdisk/|https://yt2save.com/de/javdisk/
javdock.com,javdock,missing,,,download-javdock-videos,/download-javdock-videos,Javdock Video Downloader,true,1,2,yt2save.com,yt2save.com,"Javdock adult video downloader page; emphasize public videos, privacy, HD/MP4 formats, no popups, browser extension CTA, and legal/adult disclaimer.",https://yt2save.com/javdock/|https://yt2save.com/de/javdock/
javdon.com,javdon,missing,,,download-javdon-videos,/download-javdon-videos,Javdon Video Downloader,true,1,2,yt2save.com,yt2save.com,"Javdon adult video downloader page; emphasize public videos, privacy, HD/MP4 formats, no popups, browser extension CTA, and legal/adult disclaimer.",https://yt2save.com/javdon/|https://yt2save.com/de/javdon/
javdragon.com,javdragon,missing,,,download-javdragon-videos,/download-javdragon-videos,Javdragon Video Downloader,true,1,2,yt2save.com,yt2save.com,"Javdragon adult video downloader page; emphasize public videos, privacy, HD/MP4 formats, no popups, browser extension CTA, and legal/adult disclaimer.",https://yt2save.com/javdragon/|https://yt2save.com/de/javdragon/
javdude.com,javdude,missing,,,download-javdude-videos,/download-javdude-videos,Javdude Video Downloader,true,1,2,yt2save.com,yt2save.com,"Javdude adult video downloader page; emphasize public videos, privacy, HD/MP4 formats, no popups, browser extension CTA, and legal/adult disclaimer.",https://yt2save.com/javdude/|https://yt2save.com/de/javdude/
javembed.com,javembed,missing,,,download-javembed-videos,/download-javembed-videos,Javembed Video Downloader,true,1,2,yt2save.com,yt2save.com,"Javembed adult video downloader page; emphasize public videos, privacy, HD/MP4 formats, no popups, browser extension CTA, and legal/adult disclaimer.",https://yt2save.com/javembed/|https://yt2save.com/de/javembed/
javenglish.com,javenglish,missing,,,download-javenglish-videos,/download-javenglish-videos,Javenglish Video Downloader,true,1,2,yt2save.com,yt2save.com,"Javenglish adult video downloader page; emphasize public videos, privacy, HD/MP4 formats, no popups, browser extension CTA, and legal/adult disclaimer.",https://yt2save.com/javenglish/|https://yt2save.com/de/javenglish/
javengsub.com,javengsub,missing,,,download-javengsub-videos,/download-javengsub-videos,Javengsub Video Downloader,true,1,2,yt2save.com,yt2save.com,"Javengsub adult video downloader page; emphasize public videos, privacy, HD/MP4 formats, no popups, browser extension CTA, and legal/adult disclaimer.",https://yt2save.com/javengsub/|https://yt2save.com/de/javengsub/
javfim.com,javfim,missing,,,download-javfim-videos,/download-javfim-videos,Javfim Video Downloader,true,1,2,yt2save.com,yt2save.com,"Javfim adult video downloader page; emphasize public videos, privacy, HD/MP4 formats, no popups, browser extension CTA, and legal/adult disclaimer.",https://yt2save.com/javfim/|https://yt2save.com/de/javfim/
javfind.com,javfind,missing,,,download-javfind-videos,/download-javfind-videos,Javfind Video Downloader,true,1,2,yt2save.com,yt2save.com,"Javfind adult video downloader page; emphasize public videos, privacy, HD/MP4 formats, no popups, browser extension CTA, and legal/adult disclaimer.",https://yt2save.com/javfind/|https://yt2save.com/de/javfind/
javfreefull.com,javfreefull,missing,,,download-javfreefull-videos,/download-javfreefull-videos,Javfreefull Video Downloader,true,1,2,yt2save.com,yt2save.com,"Javfreefull adult video downloader page; emphasize public videos, privacy, HD/MP4 formats, no popups, browser extension CTA, and legal/adult disclaimer.",https://yt2save.com/javfreefull/|https://yt2save.com/de/javfreefull/
javfu.com,javfu,missing,,,download-javfu-videos,/download-javfu-videos,Javfu Video Downloader,true,1,2,yt2save.com,yt2save.com,"Javfu adult video downloader page; emphasize public videos, privacy, HD/MP4 formats, no popups, browser extension CTA, and legal/adult disclaimer.",https://yt2save.com/javfu/|https://yt2save.com/de/javfu/
javfull.com,javfull,missing,,,download-javfull-videos,/download-javfull-videos,Javfull Video Downloader,true,1,2,yt2save.com,yt2save.com,"Javfull adult video downloader page; emphasize public videos, privacy, HD/MP4 formats, no popups, browser extension CTA, and legal/adult disclaimer.",https://yt2save.com/javfull/|https://yt2save.com/de/javfull/
javfullsex.com,javfullsex,missing,,,download-javfullsex-videos,/download-javfullsex-videos,Javfullsex Video Downloader,true,1,2,yt2save.com,yt2save.com,"Javfullsex adult video downloader page; emphasize public videos, privacy, HD/MP4 formats, no popups, browser extension CTA, and legal/adult disclaimer.",https://yt2save.com/javfullsex/|https://yt2save.com/de/javfullsex/
javfun.com,javfun,missing,,,download-javfun-videos,/download-javfun-videos,Javfun Video Downloader,true,1,2,yt2save.com,yt2save.com,"Javfun adult video downloader page; emphasize public videos, privacy, HD/MP4 formats, no popups, browser extension CTA, and legal/adult disclaimer.",https://yt2save.com/javfun/|https://yt2save.com/de/javfun/
javfux.com,javfux,missing,,,download-javfux-videos,/download-javfux-videos,Javfux Video Downloader,true,1,2,yt2save.com,yt2save.com,"Javfux adult video downloader page; emphasize public videos, privacy, HD/MP4 formats, no popups, browser extension CTA, and legal/adult disclaimer.",https://yt2save.com/javfux/|https://yt2save.com/de/javfux/
javgayplus.com,javgayplus,missing,,,download-javgayplus-videos,/download-javgayplus-videos,Javgayplus Video Downloader,true,1,2,yt2save.com,yt2save.com,"Javgayplus adult video downloader page; emphasize public videos, privacy, HD/MP4 formats, no popups, browser extension CTA, and legal/adult disclaimer.",https://yt2save.com/javgayplus/|https://yt2save.com/de/javgayplus/
javgg.com,javgg,missing,,,download-javgg-videos,/download-javgg-videos,Javgg Video Downloader,true,1,2,yt2save.com,yt2save.com,"Javgg adult video downloader page; emphasize public videos, privacy, HD/MP4 formats, no popups, browser extension CTA, and legal/adult disclaimer.",https://yt2save.com/javgg/|https://yt2save.com/de/javgg/
javgiga.com,javgiga,missing,,,download-javgiga-videos,/download-javgiga-videos,Javgiga Video Downloader,true,1,2,yt2save.com,yt2save.com,"Javgiga adult video downloader page; emphasize public videos, privacy, HD/MP4 formats, no popups, browser extension CTA, and legal/adult disclaimer.",https://yt2save.com/javgiga/|https://yt2save.com/de/javgiga/
javgo.com,javgo,missing,,,download-javgo-videos,/download-javgo-videos,Javgo Video Downloader,true,1,2,yt2save.com,yt2save.com,"Javgo adult video downloader page; emphasize public videos, privacy, HD/MP4 formats, no popups, browser extension CTA, and legal/adult disclaimer.",https://yt2save.com/javgo/|https://yt2save.com/de/javgo/
javhaven.com,javhaven,missing,,,download-javhaven-videos,/download-javhaven-videos,Javhaven Video Downloader,true,1,2,yt2save.com,yt2save.com,"Javhaven adult video downloader page; emphasize public videos, privacy, HD/MP4 formats, no popups, browser extension CTA, and legal/adult disclaimer.",https://yt2save.com/javhaven/|https://yt2save.com/de/javhaven/
javhdfree.com,javhdfree,missing,,,download-javhdfree-videos,/download-javhdfree-videos,Javhdfree Video Downloader,true,1,2,yt2save.com,yt2save.com,"Javhdfree adult video downloader page; emphasize public videos, privacy, HD/MP4 formats, no popups, browser extension CTA, and legal/adult disclaimer.",https://yt2save.com/javhdfree/|https://yt2save.com/de/javhdfree/
javhdmost.com,javhdmost,missing,,,download-javhdmost-videos,/download-javhdmost-videos,Javhdmost Video Downloader,true,1,2,yt2save.com,yt2save.com,"Javhdmost adult video downloader page; emphasize public videos, privacy, HD/MP4 formats, no popups, browser extension CTA, and legal/adult disclaimer.",https://yt2save.com/javhdmost/|https://yt2save.com/de/javhdmost/
javhdmovies.com,javhdmovies,missing,,,download-javhdmovies-videos,/download-javhdmovies-videos,Javhdmovies Video Downloader,true,1,2,yt2save.com,yt2save.com,"Javhdmovies adult video downloader page; emphasize public videos, privacy, HD/MP4 formats, no popups, browser extension CTA, and legal/adult disclaimer.",https://yt2save.com/javhdmovies/|https://yt2save.com/de/javhdmovies/
javhiv.com,javhiv,missing,,,download-javhiv-videos,/download-javhiv-videos,Javhiv Video Downloader,true,1,2,yt2save.com,yt2save.com,"Javhiv adult video downloader page; emphasize public videos, privacy, HD/MP4 formats, no popups, browser extension CTA, and legal/adult disclaimer.",https://yt2save.com/javhiv/|https://yt2save.com/de/javhiv/
javhoho.com,javhoho,missing,,,download-javhoho-videos,/download-javhoho-videos,Javhoho Video Downloader,true,1,2,yt2save.com,yt2save.com,"Javhoho adult video downloader page; emphasize public videos, privacy, HD/MP4 formats, no popups, browser extension CTA, and legal/adult disclaimer.",https://yt2save.com/javhoho/|https://yt2save.com/de/javhoho/
javhole.com,javhole,missing,,,download-javhole-videos,/download-javhole-videos,Javhole Video Downloader,true,1,2,yt2save.com,yt2save.com,"Javhole adult video downloader page; emphasize public videos, privacy, HD/MP4 formats, no popups, browser extension CTA, and legal/adult disclaimer.",https://yt2save.com/javhole/|https://yt2save.com/de/javhole/
javideo.com,javideo,missing,,,download-javideo-videos,/download-javideo-videos,Javideo Video Downloader,true,1,2,yt2save.com,yt2save.com,"Javideo adult video downloader page; emphasize public videos, privacy, HD/MP4 formats, no popups, browser extension CTA, and legal/adult disclaimer.",https://yt2save.com/javideo/|https://yt2save.com/de/javideo/
javidol.com,javidol,missing,,,download-javidol-videos,/download-javidol-videos,Javidol Video Downloader,true,1,2,yt2save.com,yt2save.com,"Javidol adult video downloader page; emphasize public videos, privacy, HD/MP4 formats, no popups, browser extension CTA, and legal/adult disclaimer.",https://yt2save.com/javidol/|https://yt2save.com/de/javidol/
javip.com,javip,missing,,,download-javip-videos,/download-javip-videos,Javip Video Downloader,true,1,2,yt2save.com,yt2save.com,"Javip adult video downloader page; emphasize public videos, privacy, HD/MP4 formats, no popups, browser extension CTA, and legal/adult disclaimer.",https://yt2save.com/javip/|https://yt2save.com/de/javip/
javjack.com,javjack,missing,,,download-javjack-videos,/download-javjack-videos,Javjack Video Downloader,true,1,2,yt2save.com,yt2save.com,"Javjack adult video downloader page; emphasize public videos, privacy, HD/MP4 formats, no popups, browser extension CTA, and legal/adult disclaimer.",https://yt2save.com/javjack/|https://yt2save.com/de/javjack/
javjav.com,javjav,missing,,,download-javjav-videos,/download-javjav-videos,Javjav Video Downloader,true,1,2,yt2save.com,yt2save.com,"Javjav adult video downloader page; emphasize public videos, privacy, HD/MP4 formats, no popups, browser extension CTA, and legal/adult disclaimer.",https://yt2save.com/javjav/|https://yt2save.com/de/javjav/
javkand.com,javkand,missing,,,download-javkand-videos,/download-javkand-videos,Javkand Video Downloader,true,1,2,yt2save.com,yt2save.com,"Javkand adult video downloader page; emphasize public videos, privacy, HD/MP4 formats, no popups, browser extension CTA, and legal/adult disclaimer.",https://yt2save.com/javkand/|https://yt2save.com/de/javkand/
javkiss.com,javkiss,missing,,,download-javkiss-videos,/download-javkiss-videos,Javkiss Video Downloader,true,1,2,yt2save.com,yt2save.com,"Javkiss adult video downloader page; emphasize public videos, privacy, HD/MP4 formats, no popups, browser extension CTA, and legal/adult disclaimer.",https://yt2save.com/javkiss/|https://yt2save.com/de/javkiss/
javkun.com,javkun,missing,,,download-javkun-videos,/download-javkun-videos,Javkun Video Downloader,true,1,2,yt2save.com,yt2save.com,"Javkun adult video downloader page; emphasize public videos, privacy, HD/MP4 formats, no popups, browser extension CTA, and legal/adult disclaimer.",https://yt2save.com/javkun/|https://yt2save.com/de/javkun/
javla.com,javla,missing,,,download-javla-videos,/download-javla-videos,Javla Video Downloader,true,1,2,yt2save.com,yt2save.com,"Javla adult video downloader page; emphasize public videos, privacy, HD/MP4 formats, no popups, browser extension CTA, and legal/adult disclaimer.",https://yt2save.com/javla/|https://yt2save.com/de/javla/
javlove.com,javlove,missing,,,download-javlove-videos,/download-javlove-videos,Javlove Video Downloader,true,1,2,yt2save.com,yt2save.com,"Javlove adult video downloader page; emphasize public videos, privacy, HD/MP4 formats, no popups, browser extension CTA, and legal/adult disclaimer.",https://yt2save.com/javlove/|https://yt2save.com/de/javlove/
javmad.com,javmad,missing,,,download-javmad-videos,/download-javmad-videos,Javmad Video Downloader,true,1,2,yt2save.com,yt2save.com,"Javmad adult video downloader page; emphasize public videos, privacy, HD/MP4 formats, no popups, browser extension CTA, and legal/adult disclaimer.",https://yt2save.com/javmad/|https://yt2save.com/de/javmad/
javmeet.com,javmeet,missing,,,download-javmeet-videos,/download-javmeet-videos,Javmeet Video Downloader,true,1,2,yt2save.com,yt2save.com,"Javmeet adult video downloader page; emphasize public videos, privacy, HD/MP4 formats, no popups, browser extension CTA, and legal/adult disclaimer.",https://yt2save.com/javmeet/|https://yt2save.com/de/javmeet/
javmix.com,javmix,missing,,,download-javmix-videos,/download-javmix-videos,Javmix Video Downloader,true,1,2,yt2save.com,yt2save.com,"Javmix adult video downloader page; emphasize public videos, privacy, HD/MP4 formats, no popups, browser extension CTA, and legal/adult disclaimer.",https://yt2save.com/javmix/|https://yt2save.com/de/javmix/
javmuch.com,javmuch,missing,,,download-javmuch-videos,/download-javmuch-videos,Javmuch Video Downloader,true,1,2,yt2save.com,yt2save.com,"Javmuch adult video downloader page; emphasize public videos, privacy, HD/MP4 formats, no popups, browser extension CTA, and legal/adult disclaimer.",https://yt2save.com/javmuch/|https://yt2save.com/de/javmuch/
javmvp.com,javmvp,missing,,,download-javmvp-videos,/download-javmvp-videos,Javmvp Video Downloader,true,1,2,yt2save.com,yt2save.com,"Javmvp adult video downloader page; emphasize public videos, privacy, HD/MP4 formats, no popups, browser extension CTA, and legal/adult disclaimer.",https://yt2save.com/javmvp/|https://yt2save.com/de/javmvp/
javout.com,javout,missing,,,download-javout-videos,/download-javout-videos,Javout Video Downloader,true,1,2,yt2save.com,yt2save.com,"Javout adult video downloader page; emphasize public videos, privacy, HD/MP4 formats, no popups, browser extension CTA, and legal/adult disclaimer.",https://yt2save.com/javout/|https://yt2save.com/de/javout/
javphim.com,javphim,missing,,,download-javphim-videos,/download-javphim-videos,Javphim Video Downloader,true,1,2,yt2save.com,yt2save.com,"Javphim adult video downloader page; emphasize public videos, privacy, HD/MP4 formats, no popups, browser extension CTA, and legal/adult disclaimer.",https://yt2save.com/javphim/|https://yt2save.com/de/javphim/
javplaya.com,javplaya,missing,,,download-javplaya-videos,/download-javplaya-videos,Javplaya Video Downloader,true,1,2,yt2save.com,yt2save.com,"Javplaya adult video downloader page; emphasize public videos, privacy, HD/MP4 formats, no popups, browser extension CTA, and legal/adult disclaimer.",https://yt2save.com/javplaya/|https://yt2save.com/de/javplaya/
javpoll.com,javpoll,missing,,,download-javpoll-videos,/download-javpoll-videos,Javpoll Video Downloader,true,1,2,yt2save.com,yt2save.com,"Javpoll adult video downloader page; emphasize public videos, privacy, HD/MP4 formats, no popups, browser extension CTA, and legal/adult disclaimer.",https://yt2save.com/javpoll/|https://yt2save.com/de/javpoll/
javporn.com,javporn,missing,,,download-javporn-videos,/download-javporn-videos,Javporn Video Downloader,true,1,2,yt2save.com,yt2save.com,"Javporn adult video downloader page; emphasize public videos, privacy, HD/MP4 formats, no popups, browser extension CTA, and legal/adult disclaimer.",https://yt2save.com/javporn/|https://yt2save.com/de/javporn/
javpornhd.com,javpornhd,missing,,,download-javpornhd-videos,/download-javpornhd-videos,Javpornhd Video Downloader,true,1,2,yt2save.com,yt2save.com,"Javpornhd adult video downloader page; emphasize public videos, privacy, HD/MP4 formats, no popups, browser extension CTA, and legal/adult disclaimer.",https://yt2save.com/javpornhd/|https://yt2save.com/de/javpornhd/
javpost.com,javpost,missing,,,download-javpost-videos,/download-javpost-videos,Javpost Video Downloader,true,1,2,yt2save.com,yt2save.com,"Javpost adult video downloader page; emphasize public videos, privacy, HD/MP4 formats, no popups, browser extension CTA, and legal/adult disclaimer.",https://yt2save.com/javpost/|https://yt2save.com/de/javpost/
javpush.com,javpush,missing,,,download-javpush-videos,/download-javpush-videos,Javpush Video Downloader,true,1,2,yt2save.com,yt2save.com,"Javpush adult video downloader page; emphasize public videos, privacy, HD/MP4 formats, no popups, browser extension CTA, and legal/adult disclaimer.",https://yt2save.com/javpush/|https://yt2save.com/de/javpush/
javqd.com,javqd,missing,,,download-javqd-videos,/download-javqd-videos,Javqd Video Downloader,true,1,2,yt2save.com,yt2save.com,"Javqd adult video downloader page; emphasize public videos, privacy, HD/MP4 formats, no popups, browser extension CTA, and legal/adult disclaimer.",https://yt2save.com/javqd/|https://yt2save.com/de/javqd/
javqq.com,javqq,missing,,,download-javqq-videos,/download-javqq-videos,Javqq Video Downloader,true,1,2,yt2save.com,yt2save.com,"Javqq adult video downloader page; emphasize public videos, privacy, HD/MP4 formats, no popups, browser extension CTA, and legal/adult disclaimer.",https://yt2save.com/javqq/|https://yt2save.com/de/javqq/
javrank.com,javrank,missing,,,download-javrank-videos,/download-javrank-videos,Javrank Video Downloader,true,1,2,yt2save.com,yt2save.com,"Javrank adult video downloader page; emphasize public videos, privacy, HD/MP4 formats, no popups, browser extension CTA, and legal/adult disclaimer.",https://yt2save.com/javrank/|https://yt2save.com/de/javrank/
javrave.com,javrave,missing,,,download-javrave-videos,/download-javrave-videos,Javrave Video Downloader,true,1,2,yt2save.com,yt2save.com,"Javrave adult video downloader page; emphasize public videos, privacy, HD/MP4 formats, no popups, browser extension CTA, and legal/adult disclaimer.",https://yt2save.com/javrave/|https://yt2save.com/de/javrave/
javraveclub.com,javraveclub,missing,,,download-javraveclub-videos,/download-javraveclub-videos,Javraveclub Video Downloader,true,1,2,yt2save.com,yt2save.com,"Javraveclub adult video downloader page; emphasize public videos, privacy, HD/MP4 formats, no popups, browser extension CTA, and legal/adult disclaimer.",https://yt2save.com/javraveclub/|https://yt2save.com/de/javraveclub/
javsex.com,javsex,missing,,,download-javsex-videos,/download-javsex-videos,Javsex Video Downloader,true,1,2,yt2save.com,yt2save.com,"Javsex adult video downloader page; emphasize public videos, privacy, HD/MP4 formats, no popups, browser extension CTA, and legal/adult disclaimer.",https://yt2save.com/javsex/|https://yt2save.com/de/javsex/
javsexfull.com,javsexfull,missing,,,download-javsexfull-videos,/download-javsexfull-videos,Javsexfull Video Downloader,true,1,2,yt2save.com,yt2save.com,"Javsexfull adult video downloader page; emphasize public videos, privacy, HD/MP4 formats, no popups, browser extension CTA, and legal/adult disclaimer.",https://yt2save.com/javsexfull/|https://yt2save.com/de/javsexfull/
javside.com,javside,missing,,,download-javside-videos,/download-javside-videos,Javside Video Downloader,true,1,2,yt2save.com,yt2save.com,"Javside adult video downloader page; emphasize public videos, privacy, HD/MP4 formats, no popups, browser extension CTA, and legal/adult disclaimer.",https://yt2save.com/javside/|https://yt2save.com/de/javside/
javsin.com,javsin,missing,,,download-javsin-videos,/download-javsin-videos,Javsin Video Downloader,true,1,2,yt2save.com,yt2save.com,"Javsin adult video downloader page; emphasize public videos, privacy, HD/MP4 formats, no popups, browser extension CTA, and legal/adult disclaimer.",https://yt2save.com/javsin/|https://yt2save.com/de/javsin/
javstar.com,javstar,missing,,,download-javstar-videos,/download-javstar-videos,Javstar Video Downloader,true,1,2,yt2save.com,yt2save.com,"Javstar adult video downloader page; emphasize public videos, privacy, HD/MP4 formats, no popups, browser extension CTA, and legal/adult disclaimer.",https://yt2save.com/javstar/|https://yt2save.com/de/javstar/
javsubbed.com,javsubbed,missing,,,download-javsubbed-videos,/download-javsubbed-videos,Javsubbed Video Downloader,true,1,2,yt2save.com,yt2save.com,"Javsubbed adult video downloader page; emphasize public videos, privacy, HD/MP4 formats, no popups, browser extension CTA, and legal/adult disclaimer.",https://yt2save.com/javsubbed/|https://yt2save.com/de/javsubbed/
javsun.com,javsun,missing,,,download-javsun-videos,/download-javsun-videos,Javsun Video Downloader,true,1,2,yt2save.com,yt2save.com,"Javsun adult video downloader page; emphasize public videos, privacy, HD/MP4 formats, no popups, browser extension CTA, and legal/adult disclaimer.",https://yt2save.com/javsun/|https://yt2save.com/de/javsun/
javteentube.com,javteentube,missing,,,download-javteentube-videos,/download-javteentube-videos,Javteentube Video Downloader,true,1,2,yt2save.com,yt2save.com,"Javteentube adult video downloader page; emphasize public videos, privacy, HD/MP4 formats, no popups, browser extension CTA, and legal/adult disclaimer.",https://yt2save.com/javteentube/|https://yt2save.com/de/javteentube/
javtiful.com,javtiful,missing,,,download-javtiful-videos,/download-javtiful-videos,Javtiful Video Downloader,true,1,2,yt2save.com,yt2save.com,"Javtiful adult video downloader page; emphasize public videos, privacy, HD/MP4 formats, no popups, browser extension CTA, and legal/adult disclaimer.",https://yt2save.com/javtiful/|https://yt2save.com/de/javtiful/
javtrailers.com,javtrailers,missing,,,download-javtrailers-videos,/download-javtrailers-videos,Javtrailers Video Downloader,true,1,2,yt2save.com,yt2save.com,"Javtrailers adult video downloader page; emphasize public videos, privacy, HD/MP4 formats, no popups, browser extension CTA, and legal/adult disclaimer.",https://yt2save.com/javtrailers/|https://yt2save.com/de/javtrailers/
javuf.com,javuf,missing,,,download-javuf-videos,/download-javuf-videos,Javuf Video Downloader,true,1,2,yt2save.com,yt2save.com,"Javuf adult video downloader page; emphasize public videos, privacy, HD/MP4 formats, no popups, browser extension CTA, and legal/adult disclaimer.",https://yt2save.com/javuf/|https://yt2save.com/de/javuf/
javuncen.com,javuncen,missing,,,download-javuncen-videos,/download-javuncen-videos,Javuncen Video Downloader,true,1,2,yt2save.com,yt2save.com,"Javuncen adult video downloader page; emphasize public videos, privacy, HD/MP4 formats, no popups, browser extension CTA, and legal/adult disclaimer.",https://yt2save.com/javuncen/|https://yt2save.com/de/javuncen/
javur.com,javur,missing,,,download-javur-videos,/download-javur-videos,Javur Video Downloader,true,1,2,yt2save.com,yt2save.com,"Javur adult video downloader page; emphasize public videos, privacy, HD/MP4 formats, no popups, browser extension CTA, and legal/adult disclaimer.",https://yt2save.com/javur/|https://yt2save.com/de/javur/
javusb.com,javusb,missing,,,download-javusb-videos,/download-javusb-videos,Javusb Video Downloader,true,1,2,yt2save.com,yt2save.com,"Javusb adult video downloader page; emphasize public videos, privacy, HD/MP4 formats, no popups, browser extension CTA, and legal/adult disclaimer.",https://yt2save.com/javusb/|https://yt2save.com/de/javusb/
javwoo.com,javwoo,missing,,,download-javwoo-videos,/download-javwoo-videos,Javwoo Video Downloader,true,1,2,yt2save.com,yt2save.com,"Javwoo adult video downloader page; emphasize public videos, privacy, HD/MP4 formats, no popups, browser extension CTA, and legal/adult disclaimer.",https://yt2save.com/javwoo/|https://yt2save.com/de/javwoo/
javxxx99.com,javxxx99,missing,,,download-javxxx99-videos,/download-javxxx99-videos,Javxxx99 Video Downloader,true,1,2,yt2save.com,yt2save.com,"Javxxx99 adult video downloader page; emphasize public videos, privacy, HD/MP4 formats, no popups, browser extension CTA, and legal/adult disclaimer.",https://yt2save.com/javxxx99/|https://yt2save.com/de/javxxx99/
javxxxporn.com,javxxxporn,missing,,,download-javxxxporn-videos,/download-javxxxporn-videos,Javxxxporn Video Downloader,true,1,2,yt2save.com,yt2save.com,"Javxxxporn adult video downloader page; emphasize public videos, privacy, HD/MP4 formats, no popups, browser extension CTA, and legal/adult disclaimer.",https://yt2save.com/javxxxporn/|https://yt2save.com/de/javxxxporn/
javynow.com,javynow,missing,,,download-javynow-videos,/download-javynow-videos,Javynow Video Downloader,true,1,2,yt2save.com,yt2save.com,"Javynow adult video downloader page; emphasize public videos, privacy, HD/MP4 formats, no popups, browser extension CTA, and legal/adult disclaimer.",https://yt2save.com/javynow/|https://yt2save.com/de/javynow/
justindianporn.com,justindianporn,missing,,,download-justindianporn-videos,/download-justindianporn-videos,Justindianporn Video Downloader,true,1,2,yt2save.com,yt2save.com,"Justindianporn adult video downloader page; emphasize public videos, privacy, HD/MP4 formats, no popups, browser extension CTA, and legal/adult disclaimer.",https://yt2save.com/justindianporn/|https://yt2save.com/de/justindianporn/
justindianporn2.com,justindianporn2,missing,,,download-justindianporn2-videos,/download-justindianporn2-videos,Justindianporn2 Video Downloader,true,1,2,yt2save.com,yt2save.com,"Justindianporn2 adult video downloader page; emphasize public videos, privacy, HD/MP4 formats, no popups, browser extension CTA, and legal/adult disclaimer.",https://yt2save.com/justindianporn2/|https://yt2save.com/de/justindianporn2/
kinkyporn.com,kinkyporn,missing,,,download-kinkyporn-videos,/download-kinkyporn-videos,Kinkyporn Video Downloader,true,1,2,yt2save.com,yt2save.com,"Kinkyporn adult video downloader page; emphasize public videos, privacy, HD/MP4 formats, no popups, browser extension CTA, and legal/adult disclaimer.",https://yt2save.com/kinkyporn/|https://yt2save.com/de/kinkyporn/
laraporn.com,laraporn,missing,,,download-laraporn-videos,/download-laraporn-videos,Laraporn Video Downloader,true,1,2,yt2save.com,yt2save.com,"Laraporn adult video downloader page; emphasize public videos, privacy, HD/MP4 formats, no popups, browser extension CTA, and legal/adult disclaimer.",https://yt2save.com/laraporn/|https://yt2save.com/de/laraporn/
leaknudes.com,leaknudes,missing,,,download-leaknudes-videos,/download-leaknudes-videos,Leaknudes Video Downloader,true,1,2,yt2save.com,yt2save.com,"Leaknudes adult video downloader page; emphasize public videos, privacy, HD/MP4 formats, no popups, browser extension CTA, and legal/adult disclaimer.",https://yt2save.com/leaknudes/|https://yt2save.com/de/leaknudes/
losporn.com,losporn,missing,,,download-losporn-videos,/download-losporn-videos,Losporn Video Downloader,true,1,2,yt2save.com,yt2save.com,"Losporn adult video downloader page; emphasize public videos, privacy, HD/MP4 formats, no popups, browser extension CTA, and legal/adult disclaimer.",https://yt2save.com/losporn/|https://yt2save.com/de/losporn/
luxporn.com,luxporn,missing,,,download-luxporn-videos,/download-luxporn-videos,Luxporn Video Downloader,true,1,2,yt2save.com,yt2save.com,"Luxporn adult video downloader page; emphasize public videos, privacy, HD/MP4 formats, no popups, browser extension CTA, and legal/adult disclaimer.",https://yt2save.com/luxporn/|https://yt2save.com/de/luxporn/
mangoporn.com,mangoporn,missing,,,download-mangoporn-videos,/download-mangoporn-videos,Mangoporn Video Downloader,true,1,2,yt2save.com,yt2save.com,"Mangoporn adult video downloader page; emphasize public videos, privacy, HD/MP4 formats, no popups, browser extension CTA, and legal/adult disclaimer.",https://yt2save.com/mangoporn/|https://yt2save.com/de/mangoporn/
megapornfreehd.com,megapornfreehd,missing,,,download-megapornfreehd-videos,/download-megapornfreehd-videos,Megapornfreehd Video Downloader,true,1,2,yt2save.com,yt2save.com,"Megapornfreehd adult video downloader page; emphasize public videos, privacy, HD/MP4 formats, no popups, browser extension CTA, and legal/adult disclaimer.",https://yt2save.com/megapornfreehd/|https://yt2save.com/de/megapornfreehd/
milf300.com,milf300,missing,,,download-milf300-videos,/download-milf300-videos,Milf300 Video Downloader,true,1,2,yt2save.com,yt2save.com,"Milf300 adult video downloader page; emphasize public videos, privacy, HD/MP4 formats, no popups, browser extension CTA, and legal/adult disclaimer.",https://yt2save.com/milf300/|https://yt2save.com/de/milf300/
milfnut.com,milfnut,missing,,,download-milfnut-videos,/download-milfnut-videos,Milfnut Video Downloader,true,1,2,yt2save.com,yt2save.com,"Milfnut adult video downloader page; emphasize public videos, privacy, HD/MP4 formats, no popups, browser extension CTA, and legal/adult disclaimer.",https://yt2save.com/milfnut/|https://yt2save.com/de/milfnut/
milfnuts.com,milfnuts,missing,,,download-milfnuts-videos,/download-milfnuts-videos,Milfnuts Video Downloader,true,1,2,yt2save.com,yt2save.com,"Milfnuts adult video downloader page; emphasize public videos, privacy, HD/MP4 formats, no popups, browser extension CTA, and legal/adult disclaimer.",https://yt2save.com/milfnuts/|https://yt2save.com/de/milfnuts/
milfzr.com,milfzr,missing,,,download-milfzr-videos,/download-milfzr-videos,Milfzr Video Downloader,true,1,2,yt2save.com,yt2save.com,"Milfzr adult video downloader page; emphasize public videos, privacy, HD/MP4 formats, no popups, browser extension CTA, and legal/adult disclaimer.",https://yt2save.com/milfzr/|https://yt2save.com/de/milfzr/
mrsexe.com,mrsexe,missing,,,download-mrsexe-videos,/download-mrsexe-videos,Mrsexe Video Downloader,true,1,2,yt2save.com,yt2save.com,"Mrsexe adult video downloader page; emphasize public videos, privacy, HD/MP4 formats, no popups, browser extension CTA, and legal/adult disclaimer.",https://yt2save.com/mrsexe/|https://yt2save.com/de/mrsexe/
muchohentai.com,muchohentai,missing,,,download-muchohentai-videos,/download-muchohentai-videos,Muchohentai Video Downloader,true,1,2,yt2save.com,yt2save.com,"Muchohentai adult video downloader page; emphasize public videos, privacy, HD/MP4 formats, no popups, browser extension CTA, and legal/adult disclaimer.",https://yt2save.com/muchohentai/|https://yt2save.com/de/muchohentai/
myhdjav.com,myhdjav,missing,,,download-myhdjav-videos,/download-myhdjav-videos,Myhdjav Video Downloader,true,1,2,yt2save.com,yt2save.com,"Myhdjav adult video downloader page; emphasize public videos, privacy, HD/MP4 formats, no popups, browser extension CTA, and legal/adult disclaimer.",https://yt2save.com/myhdjav/|https://yt2save.com/de/myhdjav/
myhentai.com,myhentai,missing,,,download-myhentai-videos,/download-myhentai-videos,Myhentai Video Downloader,true,1,2,yt2save.com,yt2save.com,"Myhentai adult video downloader page; emphasize public videos, privacy, HD/MP4 formats, no popups, browser extension CTA, and legal/adult disclaimer.",https://yt2save.com/myhentai/|https://yt2save.com/de/myhentai/
mypornadvisor.com,mypornadvisor,missing,,,download-mypornadvisor-videos,/download-mypornadvisor-videos,Mypornadvisor Video Downloader,true,1,2,yt2save.com,yt2save.com,"Mypornadvisor adult video downloader page; emphasize public videos, privacy, HD/MP4 formats, no popups, browser extension CTA, and legal/adult disclaimer.",https://yt2save.com/mypornadvisor/|https://yt2save.com/de/mypornadvisor/
myporndepot.com,myporndepot,missing,,,download-myporndepot-videos,/download-myporndepot-videos,Myporndepot Video Downloader,true,1,2,yt2save.com,yt2save.com,"Myporndepot adult video downloader page; emphasize public videos, privacy, HD/MP4 formats, no popups, browser extension CTA, and legal/adult disclaimer.",https://yt2save.com/myporndepot/|https://yt2save.com/de/myporndepot/
mypornhere.com,mypornhere,missing,,,download-mypornhere-videos,/download-mypornhere-videos,Mypornhere Video Downloader,true,1,2,yt2save.com,yt2save.com,"Mypornhere adult video downloader page; emphasize public videos, privacy, HD/MP4 formats, no popups, browser extension CTA, and legal/adult disclaimer.",https://yt2save.com/mypornhere/|https://yt2save.com/de/mypornhere/
mysexgamer.com,mysexgamer,missing,,,download-mysexgamer-videos,/download-mysexgamer-videos,Mysexgamer Video Downloader,true,1,2,yt2save.com,yt2save.com,"Mysexgamer adult video downloader page; emphasize public videos, privacy, HD/MP4 formats, no popups, browser extension CTA, and legal/adult disclaimer.",https://yt2save.com/mysexgamer/|https://yt2save.com/de/mysexgamer/
mzansiporntube.com,mzansiporntube,missing,,,download-mzansiporntube-videos,/download-mzansiporntube-videos,Mzansiporntube Video Downloader,true,1,2,yt2save.com,yt2save.com,"Mzansiporntube adult video downloader page; emphasize public videos, privacy, HD/MP4 formats, no popups, browser extension CTA, and legal/adult disclaimer.",https://yt2save.com/mzansiporntube/|https://yt2save.com/de/mzansiporntube/
newsexwap.com,newsexwap,missing,,,download-newsexwap-videos,/download-newsexwap-videos,Newsexwap Video Downloader,true,1,2,yt2save.com,yt2save.com,"Newsexwap adult video downloader page; emphasize public videos, privacy, HD/MP4 formats, no popups, browser extension CTA, and legal/adult disclaimer.",https://yt2save.com/newsexwap/|https://yt2save.com/de/newsexwap/
newshemalesvideos.com,newshemalesvideos,missing,,,download-newshemalesvideos-videos,/download-newshemalesvideos-videos,Newshemalesvideos Video Downloader,true,1,2,yt2save.com,yt2save.com,"Newshemalesvideos adult video downloader page; emphasize public videos, privacy, HD/MP4 formats, no popups, browser extension CTA, and legal/adult disclaimer.",https://yt2save.com/newshemalesvideos/|https://yt2save.com/de/newshemalesvideos/
nobelsex.com,nobelsex,missing,,,download-nobelsex-videos,/download-nobelsex-videos,Nobelsex Video Downloader,true,1,2,yt2save.com,yt2save.com,"Nobelsex adult video downloader page; emphasize public videos, privacy, HD/MP4 formats, no popups, browser extension CTA, and legal/adult disclaimer.",https://yt2save.com/nobelsex/|https://yt2save.com/de/nobelsex/
nubilesporn.com,nubilesporn,missing,,,download-nubilesporn-videos,/download-nubilesporn-videos,Nubilesporn Video Downloader,true,1,2,jaksta.com,jaksta.com,"Nubilesporn adult video downloader page; emphasize public videos, privacy, HD/MP4 formats, no popups, browser extension CTA, and legal/adult disclaimer.",https://jaksta.com/best-apps/nubilesporn|https://jaksta.com/how-to-guides/nubilesporn
nudespree.com,nudespree,missing,,,download-nudespree-videos,/download-nudespree-videos,Nudespree Video Downloader,true,1,2,yt2save.com,yt2save.com,"Nudespree adult video downloader page; emphasize public videos, privacy, HD/MP4 formats, no popups, browser extension CTA, and legal/adult disclaimer.",https://yt2save.com/nudespree/|https://yt2save.com/de/nudespree/
nudevista.com,nudevista,missing,,,download-nudevista-videos,/download-nudevista-videos,Nudevista Video Downloader,true,1,2,yt2save.com,yt2save.com,"Nudevista adult video downloader page; emphasize public videos, privacy, HD/MP4 formats, no popups, browser extension CTA, and legal/adult disclaimer.",https://yt2save.com/nudevista/|https://yt2save.com/de/nudevista/
obelixxx.com,obelixxx,missing,,,download-obelixxx-videos,/download-obelixxx-videos,Obelixxx Video Downloader,true,1,2,yt2save.com,yt2save.com,"Obelixxx adult video downloader page; emphasize public videos, privacy, HD/MP4 formats, no popups, browser extension CTA, and legal/adult disclaimer.",https://yt2save.com/obelixxx/|https://yt2save.com/de/obelixxx/
okxxx1.com,okxxx1,missing,,,download-okxxx1-videos,/download-okxxx1-videos,Okxxx1 Video Downloader,true,1,2,yt2save.com,yt2save.com,"Okxxx1 adult video downloader page; emphasize public videos, privacy, HD/MP4 formats, no popups, browser extension CTA, and legal/adult disclaimer.",https://yt2save.com/okxxx1/|https://yt2save.com/de/okxxx1/
onlinepornfree.com,onlinepornfree,missing,,,download-onlinepornfree-videos,/download-onlinepornfree-videos,Onlinepornfree Video Downloader,true,1,2,yt2save.com,yt2save.com,"Onlinepornfree adult video downloader page; emphasize public videos, privacy, HD/MP4 formats, no popups, browser extension CTA, and legal/adult disclaimer.",https://yt2save.com/onlinepornfree/|https://yt2save.com/de/onlinepornfree/
onlyfansvideos.com,onlyfansvideos,missing,,,download-onlyfansvideos-videos,/download-onlyfansvideos-videos,Onlyfansvideos Video Downloader,true,1,2,yt2save.com,yt2save.com,"Onlyfansvideos adult video downloader page; emphasize public videos, privacy, HD/MP4 formats, no popups, browser extension CTA, and legal/adult disclaimer.",https://yt2save.com/onlyfansvideos/|https://yt2save.com/de/onlyfansvideos/
onlyhentaistuff.com,onlyhentaistuff,missing,,,download-onlyhentaistuff-videos,/download-onlyhentaistuff-videos,Onlyhentaistuff Video Downloader,true,1,2,yt2save.com,yt2save.com,"Onlyhentaistuff adult video downloader page; emphasize public videos, privacy, HD/MP4 formats, no popups, browser extension CTA, and legal/adult disclaimer.",https://yt2save.com/onlyhentaistuff/|https://yt2save.com/de/onlyhentaistuff/
onlyindianporn.com,onlyindianporn,missing,,,download-onlyindianporn-videos,/download-onlyindianporn-videos,Onlyindianporn Video Downloader,true,1,2,yt2save.com,yt2save.com,"Onlyindianporn adult video downloader page; emphasize public videos, privacy, HD/MP4 formats, no popups, browser extension CTA, and legal/adult disclaimer.",https://yt2save.com/onlyindianporn/|https://yt2save.com/de/onlyindianporn/
onlypornhd.com,onlypornhd,missing,,,download-onlypornhd-videos,/download-onlypornhd-videos,Onlypornhd Video Downloader,true,1,2,yt2save.com,yt2save.com,"Onlypornhd adult video downloader page; emphasize public videos, privacy, HD/MP4 formats, no popups, browser extension CTA, and legal/adult disclaimer.",https://yt2save.com/onlypornhd/|https://yt2save.com/de/onlypornhd/
opjav.com,opjav,missing,,,download-opjav-videos,/download-opjav-videos,Opjav Video Downloader,true,1,2,yt2save.com,yt2save.com,"Opjav adult video downloader page; emphasize public videos, privacy, HD/MP4 formats, no popups, browser extension CTA, and legal/adult disclaimer.",https://yt2save.com/opjav/|https://yt2save.com/de/opjav/
peacocktv.com,peacocktv,missing,,,download-peacocktv-videos,/download-peacocktv-videos,Peacocktv Video Downloader,true,1,2,jaksta.com,jaksta.com,"Peacocktv adult video downloader page; emphasize public videos, privacy, HD/MP4 formats, no popups, browser extension CTA, and legal/adult disclaimer.",https://jaksta.com/best-apps/peacocktv|https://jaksta.com/how-to-guides/peacocktv
phixxx.com,phixxx,missing,,,download-phixxx-videos,/download-phixxx-videos,Phixxx Video Downloader,true,1,2,yt2save.com,yt2save.com,"Phixxx adult video downloader page; emphasize public videos, privacy, HD/MP4 formats, no popups, browser extension CTA, and legal/adult disclaimer.",https://yt2save.com/phixxx/|https://yt2save.com/de/phixxx/
playpornfree.com,playpornfree,missing,,,download-playpornfree-videos,/download-playpornfree-videos,Playpornfree Video Downloader,true,1,2,yt2save.com,yt2save.com,"Playpornfree adult video downloader page; emphasize public videos, privacy, HD/MP4 formats, no popups, browser extension CTA, and legal/adult disclaimer.",https://yt2save.com/playpornfree/|https://yt2save.com/de/playpornfree/
popjav.com,popjav,missing,,,download-popjav-videos,/download-popjav-videos,Popjav Video Downloader,true,1,2,yt2save.com,yt2save.com,"Popjav adult video downloader page; emphasize public videos, privacy, HD/MP4 formats, no popups, browser extension CTA, and legal/adult disclaimer.",https://yt2save.com/popjav/|https://yt2save.com/de/popjav/
porjav.com,porjav,missing,,,download-porjav-videos,/download-porjav-videos,Porjav Video Downloader,true,1,2,yt2save.com,yt2save.com,"Porjav adult video downloader page; emphasize public videos, privacy, HD/MP4 formats, no popups, browser extension CTA, and legal/adult disclaimer.",https://yt2save.com/porjav/|https://yt2save.com/de/porjav/
porn900.com,porn900,missing,,,download-porn900-videos,/download-porn900-videos,Porn900 Video Downloader,true,1,2,yt2save.com,yt2save.com,"Porn900 adult video downloader page; emphasize public videos, privacy, HD/MP4 formats, no popups, browser extension CTA, and legal/adult disclaimer.",https://yt2save.com/porn900/|https://yt2save.com/de/porn900/
pornanus.com,pornanus,missing,,,download-pornanus-videos,/download-pornanus-videos,Pornanus Video Downloader,true,1,2,yt2save.com,yt2save.com,"Pornanus adult video downloader page; emphasize public videos, privacy, HD/MP4 formats, no popups, browser extension CTA, and legal/adult disclaimer.",https://yt2save.com/pornanus/|https://yt2save.com/de/pornanus/
pornaq.com,pornaq,missing,,,download-pornaq-videos,/download-pornaq-videos,Pornaq Video Downloader,true,1,2,yt2save.com,yt2save.com,"Pornaq adult video downloader page; emphasize public videos, privacy, HD/MP4 formats, no popups, browser extension CTA, and legal/adult disclaimer.",https://yt2save.com/pornaq/|https://yt2save.com/de/pornaq/
pornavhd.com,pornavhd,missing,,,download-pornavhd-videos,/download-pornavhd-videos,Pornavhd Video Downloader,true,1,2,yt2save.com,yt2save.com,"Pornavhd adult video downloader page; emphasize public videos, privacy, HD/MP4 formats, no popups, browser extension CTA, and legal/adult disclaimer.",https://yt2save.com/pornavhd/|https://yt2save.com/de/pornavhd/
pornbox.com,pornbox,missing,,,download-pornbox-videos,/download-pornbox-videos,Pornbox Video Downloader,true,1,2,jaksta.com,jaksta.com,"Pornbox adult video downloader page; emphasize public videos, privacy, HD/MP4 formats, no popups, browser extension CTA, and legal/adult disclaimer.",https://jaksta.com/best-apps/pornbox|https://jaksta.com/how-to-guides/pornbox
porncnn.com,porncnn,missing,,,download-porncnn-videos,/download-porncnn-videos,Porncnn Video Downloader,true,1,2,yt2save.com,yt2save.com,"Porncnn adult video downloader page; emphasize public videos, privacy, HD/MP4 formats, no popups, browser extension CTA, and legal/adult disclaimer.",https://yt2save.com/porncnn/|https://yt2save.com/de/porncnn/
porncoast.com,porncoast,missing,,,download-porncoast-videos,/download-porncoast-videos,Porncoast Video Downloader,true,1,2,yt2save.com,yt2save.com,"Porncoast adult video downloader page; emphasize public videos, privacy, HD/MP4 formats, no popups, browser extension CTA, and legal/adult disclaimer.",https://yt2save.com/porncoast/|https://yt2save.com/de/porncoast/
porndead.com,porndead,missing,,,download-porndead-videos,/download-porndead-videos,Porndead Video Downloader,true,1,2,yt2save.com,yt2save.com,"Porndead adult video downloader page; emphasize public videos, privacy, HD/MP4 formats, no popups, browser extension CTA, and legal/adult disclaimer.",https://yt2save.com/porndead/|https://yt2save.com/de/porndead/
porndq.com,porndq,missing,,,download-porndq-videos,/download-porndq-videos,Porndq Video Downloader,true,1,2,yt2save.com,yt2save.com,"Porndq adult video downloader page; emphasize public videos, privacy, HD/MP4 formats, no popups, browser extension CTA, and legal/adult disclaimer.",https://yt2save.com/porndq/|https://yt2save.com/de/porndq/
porndr.com,porndr,missing,,,download-porndr-videos,/download-porndr-videos,Porndr Video Downloader,true,1,2,yt2save.com,yt2save.com,"Porndr adult video downloader page; emphasize public videos, privacy, HD/MP4 formats, no popups, browser extension CTA, and legal/adult disclaimer.",https://yt2save.com/porndr/|https://yt2save.com/de/porndr/
pornec.com,pornec,missing,,,download-pornec-videos,/download-pornec-videos,Pornec Video Downloader,true,1,2,yt2save.com,yt2save.com,"Pornec adult video downloader page; emphasize public videos, privacy, HD/MP4 formats, no popups, browser extension CTA, and legal/adult disclaimer.",https://yt2save.com/pornec/|https://yt2save.com/de/pornec/
pornestro.com,pornestro,missing,,,download-pornestro-videos,/download-pornestro-videos,Pornestro Video Downloader,true,1,2,yt2save.com,yt2save.com,"Pornestro adult video downloader page; emphasize public videos, privacy, HD/MP4 formats, no popups, browser extension CTA, and legal/adult disclaimer.",https://yt2save.com/pornestro/|https://yt2save.com/de/pornestro/
pornevening.com,pornevening,missing,,,download-pornevening-videos,/download-pornevening-videos,Pornevening Video Downloader,true,1,2,yt2save.com,yt2save.com,"Pornevening adult video downloader page; emphasize public videos, privacy, HD/MP4 formats, no popups, browser extension CTA, and legal/adult disclaimer.",https://yt2save.com/pornevening/|https://yt2save.com/de/pornevening/
pornexy.com,pornexy,missing,,,download-pornexy-videos,/download-pornexy-videos,Pornexy Video Downloader,true,1,2,yt2save.com,yt2save.com,"Pornexy adult video downloader page; emphasize public videos, privacy, HD/MP4 formats, no popups, browser extension CTA, and legal/adult disclaimer.",https://yt2save.com/pornexy/|https://yt2save.com/de/pornexy/
pornfaia.com,pornfaia,missing,,,download-pornfaia-videos,/download-pornfaia-videos,Pornfaia Video Downloader,true,1,2,yt2save.com,yt2save.com,"Pornfaia adult video downloader page; emphasize public videos, privacy, HD/MP4 formats, no popups, browser extension CTA, and legal/adult disclaimer.",https://yt2save.com/pornfaia/|https://yt2save.com/de/pornfaia/
pornflixhd.com,pornflixhd,missing,,,download-pornflixhd-videos,/download-pornflixhd-videos,Pornflixhd Video Downloader,true,1,2,yt2save.com,yt2save.com,"Pornflixhd adult video downloader page; emphasize public videos, privacy, HD/MP4 formats, no popups, browser extension CTA, and legal/adult disclaimer.",https://yt2save.com/pornflixhd/|https://yt2save.com/de/pornflixhd/
pornfromczech.com,pornfromczech,missing,,,download-pornfromczech-videos,/download-pornfromczech-videos,Pornfromczech Video Downloader,true,1,2,yt2save.com,yt2save.com,"Pornfromczech adult video downloader page; emphasize public videos, privacy, HD/MP4 formats, no popups, browser extension CTA, and legal/adult disclaimer.",https://yt2save.com/pornfromczech/|https://yt2save.com/de/pornfromczech/
pornhdin.com,pornhdin,missing,,,download-pornhdin-videos,/download-pornhdin-videos,Pornhdin Video Downloader,true,1,2,yt2save.com,yt2save.com,"Pornhdin adult video downloader page; emphasize public videos, privacy, HD/MP4 formats, no popups, browser extension CTA, and legal/adult disclaimer.",https://yt2save.com/pornhdin/|https://yt2save.com/de/pornhdin/
pornhegemon.com,pornhegemon,missing,,,download-pornhegemon-videos,/download-pornhegemon-videos,Pornhegemon Video Downloader,true,1,2,yt2save.com,yt2save.com,"Pornhegemon adult video downloader page; emphasize public videos, privacy, HD/MP4 formats, no popups, browser extension CTA, and legal/adult disclaimer.",https://yt2save.com/pornhegemon/|https://yt2save.com/de/pornhegemon/
pornhoarder.com,pornhoarder,missing,,,download-pornhoarder-videos,/download-pornhoarder-videos,Pornhoarder Video Downloader,true,1,2,yt2save.com,yt2save.com,"Pornhoarder adult video downloader page; emphasize public videos, privacy, HD/MP4 formats, no popups, browser extension CTA, and legal/adult disclaimer.",https://yt2save.com/pornhoarder/|https://yt2save.com/de/pornhoarder/
pornholding.com,pornholding,missing,,,download-pornholding-videos,/download-pornholding-videos,Pornholding Video Downloader,true,1,2,yt2save.com,yt2save.com,"Pornholding adult video downloader page; emphasize public videos, privacy, HD/MP4 formats, no popups, browser extension CTA, and legal/adult disclaimer.",https://yt2save.com/pornholding/|https://yt2save.com/de/pornholding/
pornhubb.com,pornhubb,missing,,,download-pornhubb-videos,/download-pornhubb-videos,Pornhubb Video Downloader,true,1,2,saveporn.net,saveporn.net,"Pornhubb adult video downloader page; emphasize public videos, privacy, HD/MP4 formats, no popups, browser extension CTA, and legal/adult disclaimer.",https://www.saveporn.net/hu/hogyan-t%C3%B6lts%C3%BCnk-le-vide%C3%B3kat-a-pornhubb%C3%B3l/|https://www.saveporn.net/hu/vide%C3%B3k-let%C3%B6lt%C3%A9se-a-pornhubb%C3%B3l/
pornjuan.com,pornjuan,missing,,,download-pornjuan-videos,/download-pornjuan-videos,Pornjuan Video Downloader,true,1,2,yt2save.com,yt2save.com,"Pornjuan adult video downloader page; emphasize public videos, privacy, HD/MP4 formats, no popups, browser extension CTA, and legal/adult disclaimer.",https://yt2save.com/pornjuan/|https://yt2save.com/de/pornjuan/
pornken.com,pornken,missing,,,download-pornken-videos,/download-pornken-videos,Pornken Video Downloader,true,1,2,yt2save.com,yt2save.com,"Pornken adult video downloader page; emphasize public videos, privacy, HD/MP4 formats, no popups, browser extension CTA, and legal/adult disclaimer.",https://yt2save.com/pornken/|https://yt2save.com/de/pornken/
pornkino.com,pornkino,missing,,,download-pornkino-videos,/download-pornkino-videos,Pornkino Video Downloader,true,1,2,yt2save.com,yt2save.com,"Pornkino adult video downloader page; emphasize public videos, privacy, HD/MP4 formats, no popups, browser extension CTA, and legal/adult disclaimer.",https://yt2save.com/pornkino/|https://yt2save.com/de/pornkino/
pornley.com,pornley,missing,,,download-pornley-videos,/download-pornley-videos,Pornley Video Downloader,true,1,2,yt2save.com,yt2save.com,"Pornley adult video downloader page; emphasize public videos, privacy, HD/MP4 formats, no popups, browser extension CTA, and legal/adult disclaimer.",https://yt2save.com/pornley/|https://yt2save.com/de/pornley/
pornlisa.com,pornlisa,missing,,,download-pornlisa-videos,/download-pornlisa-videos,Pornlisa Video Downloader,true,1,2,yt2save.com,yt2save.com,"Pornlisa adult video downloader page; emphasize public videos, privacy, HD/MP4 formats, no popups, browser extension CTA, and legal/adult disclaimer.",https://yt2save.com/pornlisa/|https://yt2save.com/de/pornlisa/
pornmallow.com,pornmallow,missing,,,download-pornmallow-videos,/download-pornmallow-videos,Pornmallow Video Downloader,true,1,2,yt2save.com,yt2save.com,"Pornmallow adult video downloader page; emphasize public videos, privacy, HD/MP4 formats, no popups, browser extension CTA, and legal/adult disclaimer.",https://yt2save.com/pornmallow/|https://yt2save.com/de/pornmallow/
pornmonde.com,pornmonde,missing,,,download-pornmonde-videos,/download-pornmonde-videos,Pornmonde Video Downloader,true,1,2,yt2save.com,yt2save.com,"Pornmonde adult video downloader page; emphasize public videos, privacy, HD/MP4 formats, no popups, browser extension CTA, and legal/adult disclaimer.",https://yt2save.com/pornmonde/|https://yt2save.com/de/pornmonde/
pornnod.com,pornnod,missing,,,download-pornnod-videos,/download-pornnod-videos,Pornnod Video Downloader,true,1,2,yt2save.com,yt2save.com,"Pornnod adult video downloader page; emphasize public videos, privacy, HD/MP4 formats, no popups, browser extension CTA, and legal/adult disclaimer.",https://yt2save.com/pornnod/|https://yt2save.com/de/pornnod/
pornobande.com,pornobande,missing,,,download-pornobande-videos,/download-pornobande-videos,Pornobande Video Downloader,true,1,2,yt2save.com,yt2save.com,"Pornobande adult video downloader page; emphasize public videos, privacy, HD/MP4 formats, no popups, browser extension CTA, and legal/adult disclaimer.",https://yt2save.com/pornobande/|https://yt2save.com/de/pornobande/
pornobengala.com,pornobengala,missing,,,download-pornobengala-videos,/download-pornobengala-videos,Pornobengala Video Downloader,true,1,2,yt2save.com,yt2save.com,"Pornobengala adult video downloader page; emphasize public videos, privacy, HD/MP4 formats, no popups, browser extension CTA, and legal/adult disclaimer.",https://yt2save.com/pornobengala/|https://yt2save.com/de/pornobengala/
pornobrand.com,pornobrand,missing,,,download-pornobrand-videos,/download-pornobrand-videos,Pornobrand Video Downloader,true,1,2,yt2save.com,yt2save.com,"Pornobrand adult video downloader page; emphasize public videos, privacy, HD/MP4 formats, no popups, browser extension CTA, and legal/adult disclaimer.",https://yt2save.com/pornobrand/|https://yt2save.com/de/pornobrand/
pornoflamme.com,pornoflamme,missing,,,download-pornoflamme-videos,/download-pornoflamme-videos,Pornoflamme Video Downloader,true,1,2,yt2save.com,yt2save.com,"Pornoflamme adult video downloader page; emphasize public videos, privacy, HD/MP4 formats, no popups, browser extension CTA, and legal/adult disclaimer.",https://yt2save.com/pornoflamme/|https://yt2save.com/de/pornoflamme/
pornogids.com,pornogids,missing,,,download-pornogids-videos,/download-pornogids-videos,Pornogids Video Downloader,true,1,2,yt2save.com,yt2save.com,"Pornogids adult video downloader page; emphasize public videos, privacy, HD/MP4 formats, no popups, browser extension CTA, and legal/adult disclaimer.",https://yt2save.com/pornogids/|https://yt2save.com/de/pornogids/
pornografia.com,pornografia,missing,,,download-pornografia-videos,/download-pornografia-videos,Pornografia Video Downloader,true,1,2,tubeninja.net,tubeninja.net,"Pornografia adult video downloader page; emphasize public videos, privacy, HD/MP4 formats, no popups, browser extension CTA, and legal/adult disclaimer.",http://www.tubeninja.net/es/como-descargar/pornografia|http://tubeninja.net/es/como-descargar/pornografia
pornonod.com,pornonod,missing,,,download-pornonod-videos,/download-pornonod-videos,Pornonod Video Downloader,true,1,2,yt2save.com,yt2save.com,"Pornonod adult video downloader page; emphasize public videos, privacy, HD/MP4 formats, no popups, browser extension CTA, and legal/adult disclaimer.",https://yt2save.com/pornonod/|https://yt2save.com/de/pornonod/
pornopisa.com,pornopisa,missing,,,download-pornopisa-videos,/download-pornopisa-videos,Pornopisa Video Downloader,true,1,2,yt2save.com,yt2save.com,"Pornopisa adult video downloader page; emphasize public videos, privacy, HD/MP4 formats, no popups, browser extension CTA, and legal/adult disclaimer.",https://yt2save.com/pornopisa/|https://yt2save.com/de/pornopisa/
pornovideoshub.com,pornovideoshub,missing,,,download-pornovideoshub-videos,/download-pornovideoshub-videos,Pornovideoshub Video Downloader,true,1,2,yt2save.com,yt2save.com,"Pornovideoshub adult video downloader page; emphasize public videos, privacy, HD/MP4 formats, no popups, browser extension CTA, and legal/adult disclaimer.",https://yt2save.com/pornovideoshub/|https://yt2save.com/de/pornovideoshub/
pornpeel.com,pornpeel,missing,,,download-pornpeel-videos,/download-pornpeel-videos,Pornpeel Video Downloader,true,1,2,yt2save.com,yt2save.com,"Pornpeel adult video downloader page; emphasize public videos, privacy, HD/MP4 formats, no popups, browser extension CTA, and legal/adult disclaimer.",https://yt2save.com/pornpeel/|https://yt2save.com/de/pornpeel/
pornpropeller.com,pornpropeller,missing,,,download-pornpropeller-videos,/download-pornpropeller-videos,Pornpropeller Video Downloader,true,1,2,yt2save.com,yt2save.com,"Pornpropeller adult video downloader page; emphasize public videos, privacy, HD/MP4 formats, no popups, browser extension CTA, and legal/adult disclaimer.",https://yt2save.com/pornpropeller/|https://yt2save.com/de/pornpropeller/
pornqd.com,pornqd,missing,,,download-pornqd-videos,/download-pornqd-videos,Pornqd Video Downloader,true,1,2,yt2save.com,yt2save.com,"Pornqd adult video downloader page; emphasize public videos, privacy, HD/MP4 formats, no popups, browser extension CTA, and legal/adult disclaimer.",https://yt2save.com/pornqd/|https://yt2save.com/de/pornqd/
pornroom.com,pornroom,missing,,,download-pornroom-videos,/download-pornroom-videos,Pornroom Video Downloader,true,1,2,yt2save.com,yt2save.com,"Pornroom adult video downloader page; emphasize public videos, privacy, HD/MP4 formats, no popups, browser extension CTA, and legal/adult disclaimer.",https://yt2save.com/pornroom/|https://yt2save.com/de/pornroom/
pornstarnetwork.com,pornstarnetwork,missing,,,download-pornstarnetwork-videos,/download-pornstarnetwork-videos,Pornstarnetwork Video Downloader,true,1,2,yt2save.com,yt2save.com,"Pornstarnetwork adult video downloader page; emphasize public videos, privacy, HD/MP4 formats, no popups, browser extension CTA, and legal/adult disclaimer.",https://yt2save.com/pornstarnetwork/|https://yt2save.com/de/pornstarnetwork/
porntv.com,porntv,missing,,,download-porntv-videos,/download-porntv-videos,Porntv Video Downloader,true,1,2,yt2save.com,yt2save.com,"Porntv adult video downloader page; emphasize public videos, privacy, HD/MP4 formats, no popups, browser extension CTA, and legal/adult disclaimer.",https://yt2save.com/porntv/|https://yt2save.com/de/porntv/
pornvex.com,pornvex,missing,,,download-pornvex-videos,/download-pornvex-videos,Pornvex Video Downloader,true,1,2,yt2save.com,yt2save.com,"Pornvex adult video downloader page; emphasize public videos, privacy, HD/MP4 formats, no popups, browser extension CTA, and legal/adult disclaimer.",https://yt2save.com/pornvex/|https://yt2save.com/de/pornvex/
pornvibe.com,pornvibe,missing,,,download-pornvibe-videos,/download-pornvibe-videos,Pornvibe Video Downloader,true,1,2,yt2save.com,yt2save.com,"Pornvibe adult video downloader page; emphasize public videos, privacy, HD/MP4 formats, no popups, browser extension CTA, and legal/adult disclaimer.",https://yt2save.com/pornvibe/|https://yt2save.com/de/pornvibe/
pornvideoz.com,pornvideoz,missing,,,download-pornvideoz-videos,/download-pornvideoz-videos,Pornvideoz Video Downloader,true,1,2,yt2save.com,yt2save.com,"Pornvideoz adult video downloader page; emphasize public videos, privacy, HD/MP4 formats, no popups, browser extension CTA, and legal/adult disclaimer.",https://yt2save.com/pornvideoz/|https://yt2save.com/de/pornvideoz/
pornxday.com,pornxday,missing,,,download-pornxday-videos,/download-pornxday-videos,Pornxday Video Downloader,true,1,2,yt2save.com,yt2save.com,"Pornxday adult video downloader page; emphasize public videos, privacy, HD/MP4 formats, no popups, browser extension CTA, and legal/adult disclaimer.",https://yt2save.com/pornxday/|https://yt2save.com/de/pornxday/
pornxp.com,pornxp,missing,,,download-pornxp-videos,/download-pornxp-videos,Pornxp Video Downloader,true,1,2,yt2save.com,yt2save.com,"Pornxp adult video downloader page; emphasize public videos, privacy, HD/MP4 formats, no popups, browser extension CTA, and legal/adult disclaimer.",https://yt2save.com/pornxp/|https://yt2save.com/de/pornxp/
pornxstream.com,pornxstream,missing,,,download-pornxstream-videos,/download-pornxstream-videos,Pornxstream Video Downloader,true,1,2,yt2save.com,yt2save.com,"Pornxstream adult video downloader page; emphasize public videos, privacy, HD/MP4 formats, no popups, browser extension CTA, and legal/adult disclaimer.",https://yt2save.com/pornxstream/|https://yt2save.com/de/pornxstream/
pornyteen.com,pornyteen,missing,,,download-pornyteen-videos,/download-pornyteen-videos,Pornyteen Video Downloader,true,1,2,yt2save.com,yt2save.com,"Pornyteen adult video downloader page; emphasize public videos, privacy, HD/MP4 formats, no popups, browser extension CTA, and legal/adult disclaimer.",https://yt2save.com/pornyteen/|https://yt2save.com/de/pornyteen/
pornzoovideos.com,pornzoovideos,missing,,,download-pornzoovideos-videos,/download-pornzoovideos-videos,Pornzoovideos Video Downloader,true,1,2,yt2save.com,yt2save.com,"Pornzoovideos adult video downloader page; emphasize public videos, privacy, HD/MP4 formats, no popups, browser extension CTA, and legal/adult disclaimer.",https://yt2save.com/pornzoovideos/|https://yt2save.com/de/pornzoovideos/
qqqporn.com,qqqporn,missing,,,download-qqqporn-videos,/download-qqqporn-videos,Qqqporn Video Downloader,true,1,2,yt2save.com,yt2save.com,"Qqqporn adult video downloader page; emphasize public videos, privacy, HD/MP4 formats, no popups, browser extension CTA, and legal/adult disclaimer.",https://yt2save.com/qqqporn/|https://yt2save.com/de/qqqporn/
realpornclip.com,realpornclip,missing,,,download-realpornclip-videos,/download-realpornclip-videos,Realpornclip Video Downloader,true,1,2,yt2save.com,yt2save.com,"Realpornclip adult video downloader page; emphasize public videos, privacy, HD/MP4 formats, no popups, browser extension CTA, and legal/adult disclaimer.",https://yt2save.com/realpornclip/|https://yt2save.com/de/realpornclip/
retroporno.com,retroporno,missing,,,download-retroporno-videos,/download-retroporno-videos,Retroporno Video Downloader,true,1,2,yt2save.com,yt2save.com,"Retroporno adult video downloader page; emphasize public videos, privacy, HD/MP4 formats, no popups, browser extension CTA, and legal/adult disclaimer.",https://yt2save.com/retroporno/|https://yt2save.com/de/retroporno/
rexxx.com,rexxx,missing,,,download-rexxx-videos,/download-rexxx-videos,Rexxx Video Downloader,true,1,2,yt2save.com,yt2save.com,"Rexxx adult video downloader page; emphasize public videos, privacy, HD/MP4 formats, no popups, browser extension CTA, and legal/adult disclaimer.",https://yt2save.com/rexxx/|https://yt2save.com/de/rexxx/
rosextube.com,rosextube,missing,,,download-rosextube-videos,/download-rosextube-videos,Rosextube Video Downloader,true,1,2,yt2save.com,yt2save.com,"Rosextube adult video downloader page; emphasize public videos, privacy, HD/MP4 formats, no popups, browser extension CTA, and legal/adult disclaimer.",https://yt2save.com/rosextube/|https://yt2save.com/de/rosextube/
runporn.com,runporn,missing,,,download-runporn-videos,/download-runporn-videos,Runporn Video Downloader,true,1,2,yt2save.com,yt2save.com,"Runporn adult video downloader page; emphasize public videos, privacy, HD/MP4 formats, no popups, browser extension CTA, and legal/adult disclaimer.",https://yt2save.com/runporn/|https://yt2save.com/de/runporn/
seaporn.com,seaporn,missing,,,download-seaporn-videos,/download-seaporn-videos,Seaporn Video Downloader,true,1,2,yt2save.com,yt2save.com,"Seaporn adult video downloader page; emphasize public videos, privacy, HD/MP4 formats, no popups, browser extension CTA, and legal/adult disclaimer.",https://yt2save.com/seaporn/|https://yt2save.com/de/seaporn/
seviporno.com,seviporno,missing,,,download-seviporno-videos,/download-seviporno-videos,Seviporno Video Downloader,true,1,2,yt2save.com,yt2save.com,"Seviporno adult video downloader page; emphasize public videos, privacy, HD/MP4 formats, no popups, browser extension CTA, and legal/adult disclaimer.",https://yt2save.com/seviporno/|https://yt2save.com/de/seviporno/
sexbjcam.com,sexbjcam,missing,,,download-sexbjcam-videos,/download-sexbjcam-videos,Sexbjcam Video Downloader,true,1,2,yt2save.com,yt2save.com,"Sexbjcam adult video downloader page; emphasize public videos, privacy, HD/MP4 formats, no popups, browser extension CTA, and legal/adult disclaimer.",https://yt2save.com/sexbjcam/|https://yt2save.com/de/sexbjcam/
sexbombo.com,sexbombo,missing,,,download-sexbombo-videos,/download-sexbombo-videos,Sexbombo Video Downloader,true,1,2,yt2save.com,yt2save.com,"Sexbombo adult video downloader page; emphasize public videos, privacy, HD/MP4 formats, no popups, browser extension CTA, and legal/adult disclaimer.",https://yt2save.com/sexbombo/|https://yt2save.com/de/sexbombo/
sexcams-24.com,sexcams-24,missing,,,download-sexcams-24-videos,/download-sexcams-24-videos,Sexcams 24 Video Downloader,true,1,2,yt2save.com,yt2save.com,"Sexcams 24 adult video downloader page; emphasize public videos, privacy, HD/MP4 formats, no popups, browser extension CTA, and legal/adult disclaimer.",https://yt2save.com/sexcams-24/|https://yt2save.com/de/sexcams-24/
sexgalaxy.com,sexgalaxy,missing,,,download-sexgalaxy-videos,/download-sexgalaxy-videos,Sexgalaxy Video Downloader,true,1,2,yt2save.com,yt2save.com,"Sexgalaxy adult video downloader page; emphasize public videos, privacy, HD/MP4 formats, no popups, browser extension CTA, and legal/adult disclaimer.",https://yt2save.com/sexgalaxy/|https://yt2save.com/de/sexgalaxy/
sexgayhd.com,sexgayhd,missing,,,download-sexgayhd-videos,/download-sexgayhd-videos,Sexgayhd Video Downloader,true,1,2,yt2save.com,yt2save.com,"Sexgayhd adult video downloader page; emphasize public videos, privacy, HD/MP4 formats, no popups, browser extension CTA, and legal/adult disclaimer.",https://yt2save.com/sexgayhd/|https://yt2save.com/de/sexgayhd/
sexgayplus.com,sexgayplus,missing,,,download-sexgayplus-videos,/download-sexgayplus-videos,Sexgayplus Video Downloader,true,1,2,yt2save.com,yt2save.com,"Sexgayplus adult video downloader page; emphasize public videos, privacy, HD/MP4 formats, no popups, browser extension CTA, and legal/adult disclaimer.",https://yt2save.com/sexgayplus/|https://yt2save.com/de/sexgayplus/
sexiz.com,sexiz,missing,,,download-sexiz-videos,/download-sexiz-videos,Sexiz Video Downloader,true,1,2,yt2save.com,yt2save.com,"Sexiz adult video downloader page; emphasize public videos, privacy, HD/MP4 formats, no popups, browser extension CTA, and legal/adult disclaimer.",https://yt2save.com/sexiz/|https://yt2save.com/de/sexiz/
sexkbj.com,sexkbj,missing,,,download-sexkbj-videos,/download-sexkbj-videos,Sexkbj Video Downloader,true,1,2,yt2save.com,yt2save.com,"Sexkbj adult video downloader page; emphasize public videos, privacy, HD/MP4 formats, no popups, browser extension CTA, and legal/adult disclaimer.",https://yt2save.com/sexkbj/|https://yt2save.com/de/sexkbj/
sexloving.com,sexloving,missing,,,download-sexloving-videos,/download-sexloving-videos,Sexloving Video Downloader,true,1,2,yt2save.com,yt2save.com,"Sexloving adult video downloader page; emphasize public videos, privacy, HD/MP4 formats, no popups, browser extension CTA, and legal/adult disclaimer.",https://yt2save.com/sexloving/|https://yt2save.com/de/sexloving/
sexofilm.com,sexofilm,missing,,,download-sexofilm-videos,/download-sexofilm-videos,Sexofilm Video Downloader,true,1,2,yt2save.com,yt2save.com,"Sexofilm adult video downloader page; emphasize public videos, privacy, HD/MP4 formats, no popups, browser extension CTA, and legal/adult disclaimer.",https://yt2save.com/sexofilm/|https://yt2save.com/de/sexofilm/
sexpox.com,sexpox,missing,,,download-sexpox-videos,/download-sexpox-videos,Sexpox Video Downloader,true,1,2,yt2save.com,yt2save.com,"Sexpox adult video downloader page; emphasize public videos, privacy, HD/MP4 formats, no popups, browser extension CTA, and legal/adult disclaimer.",https://yt2save.com/sexpox/|https://yt2save.com/de/sexpox/
sexseq.com,sexseq,missing,,,download-sexseq-videos,/download-sexseq-videos,Sexseq Video Downloader,true,1,2,yt2save.com,yt2save.com,"Sexseq adult video downloader page; emphasize public videos, privacy, HD/MP4 formats, no popups, browser extension CTA, and legal/adult disclaimer.",https://yt2save.com/sexseq/|https://yt2save.com/de/sexseq/
sextb.com,sextb,missing,,,download-sextb-videos,/download-sextb-videos,Sextb Video Downloader,true,1,2,yt2save.com,yt2save.com,"Sextb adult video downloader page; emphasize public videos, privacy, HD/MP4 formats, no popups, browser extension CTA, and legal/adult disclaimer.",https://yt2save.com/sextb/|https://yt2save.com/de/sextb/
sextop.com,sextop,missing,,,download-sextop-videos,/download-sextop-videos,Sextop Video Downloader,true,1,2,yt2save.com,yt2save.com,"Sextop adult video downloader page; emphasize public videos, privacy, HD/MP4 formats, no popups, browser extension CTA, and legal/adult disclaimer.",https://yt2save.com/sextop/|https://yt2save.com/de/sextop/
sextop1.com,sextop1,missing,,,download-sextop1-videos,/download-sextop1-videos,Sextop1 Video Downloader,true,1,2,yt2save.com,yt2save.com,"Sextop1 adult video downloader page; emphasize public videos, privacy, HD/MP4 formats, no popups, browser extension CTA, and legal/adult disclaimer.",https://yt2save.com/sextop1/|https://yt2save.com/de/sextop1/
sexvcc.com,sexvcc,missing,,,download-sexvcc-videos,/download-sexvcc-videos,Sexvcc Video Downloader,true,1,2,yt2save.com,yt2save.com,"Sexvcc adult video downloader page; emphasize public videos, privacy, HD/MP4 formats, no popups, browser extension CTA, and legal/adult disclaimer.",https://yt2save.com/sexvcc/|https://yt2save.com/de/sexvcc/
sexvr.com,sexvr,missing,,,download-sexvr-videos,/download-sexvr-videos,Sexvr Video Downloader,true,1,2,yt2save.com,yt2save.com,"Sexvr adult video downloader page; emphasize public videos, privacy, HD/MP4 formats, no popups, browser extension CTA, and legal/adult disclaimer.",https://yt2save.com/sexvr/|https://yt2save.com/de/sexvr/
sexy-egirls.com,sexy-egirls,missing,,,download-sexy-egirls-videos,/download-sexy-egirls-videos,Sexy Egirls Video Downloader,true,1,2,yt2save.com,yt2save.com,"Sexy Egirls adult video downloader page; emphasize public videos, privacy, HD/MP4 formats, no popups, browser extension CTA, and legal/adult disclaimer.",https://yt2save.com/sexy-egirls/|https://yt2save.com/de/sexy-egirls/
sexycandidgirls.com,sexycandidgirls,missing,,,download-sexycandidgirls-videos,/download-sexycandidgirls-videos,Sexycandidgirls Video Downloader,true,1,2,yt2save.com,yt2save.com,"Sexycandidgirls adult video downloader page; emphasize public videos, privacy, HD/MP4 formats, no popups, browser extension CTA, and legal/adult disclaimer.",https://yt2save.com/sexycandidgirls/|https://yt2save.com/de/sexycandidgirls/
sexynar.com,sexynar,missing,,,download-sexynar-videos,/download-sexynar-videos,Sexynar Video Downloader,true,1,2,yt2save.com,yt2save.com,"Sexynar adult video downloader page; emphasize public videos, privacy, HD/MP4 formats, no popups, browser extension CTA, and legal/adult disclaimer.",https://yt2save.com/sexynar/|https://yt2save.com/de/sexynar/
sexyscope.com,sexyscope,missing,,,download-sexyscope-videos,/download-sexyscope-videos,Sexyscope Video Downloader,true,1,2,yt2save.com,yt2save.com,"Sexyscope adult video downloader page; emphasize public videos, privacy, HD/MP4 formats, no popups, browser extension CTA, and legal/adult disclaimer.",https://yt2save.com/sexyscope/|https://yt2save.com/de/sexyscope/
sexysluts.com,sexysluts,missing,,,download-sexysluts-videos,/download-sexysluts-videos,Sexysluts Video Downloader,true,1,2,yt2save.com,yt2save.com,"Sexysluts adult video downloader page; emphasize public videos, privacy, HD/MP4 formats, no popups, browser extension CTA, and legal/adult disclaimer.",https://yt2save.com/sexysluts/|https://yt2save.com/de/sexysluts/
sfxporn.com,sfxporn,missing,,,download-sfxporn-videos,/download-sfxporn-videos,Sfxporn Video Downloader,true,1,2,yt2save.com,yt2save.com,"Sfxporn adult video downloader page; emphasize public videos, privacy, HD/MP4 formats, no popups, browser extension CTA, and legal/adult disclaimer.",https://yt2save.com/sfxporn/|https://yt2save.com/de/sfxporn/
shemale6.com,shemale6,missing,,,download-shemale6-videos,/download-shemale6-videos,Shemale6 Video Downloader,true,1,2,yt2save.com,yt2save.com,"Shemale6 adult video downloader page; emphasize public videos, privacy, HD/MP4 formats, no popups, browser extension CTA, and legal/adult disclaimer.",https://yt2save.com/shemale6/|https://yt2save.com/de/shemale6/
shemalestardb.com,shemalestardb,missing,,,download-shemalestardb-videos,/download-shemalestardb-videos,Shemalestardb Video Downloader,true,1,2,yt2save.com,yt2save.com,"Shemalestardb adult video downloader page; emphasize public videos, privacy, HD/MP4 formats, no popups, browser extension CTA, and legal/adult disclaimer.",https://yt2save.com/shemalestardb/|https://yt2save.com/de/shemalestardb/
shemaleup.com,shemaleup,missing,,,download-shemaleup-videos,/download-shemaleup-videos,Shemaleup Video Downloader,true,1,2,yt2save.com,yt2save.com,"Shemaleup adult video downloader page; emphasize public videos, privacy, HD/MP4 formats, no popups, browser extension CTA, and legal/adult disclaimer.",https://yt2save.com/shemaleup/|https://yt2save.com/de/shemaleup/
slutloadpornos.com,slutloadpornos,missing,,,download-slutloadpornos-videos,/download-slutloadpornos-videos,Slutloadpornos Video Downloader,true,1,2,yt2save.com,yt2save.com,"Slutloadpornos adult video downloader page; emphasize public videos, privacy, HD/MP4 formats, no popups, browser extension CTA, and legal/adult disclaimer.",https://yt2save.com/slutloadpornos/|https://yt2save.com/de/slutloadpornos/
solarporn.com,solarporn,missing,,,download-solarporn-videos,/download-solarporn-videos,Solarporn Video Downloader,true,1,2,yt2save.com,yt2save.com,"Solarporn adult video downloader page; emphasize public videos, privacy, HD/MP4 formats, no popups, browser extension CTA, and legal/adult disclaimer.",https://yt2save.com/solarporn/|https://yt2save.com/de/solarporn/
speedporn.com,speedporn,missing,,,download-speedporn-videos,/download-speedporn-videos,Speedporn Video Downloader,true,1,2,yt2save.com,yt2save.com,"Speedporn adult video downloader page; emphasize public videos, privacy, HD/MP4 formats, no popups, browser extension CTA, and legal/adult disclaimer.",https://yt2save.com/speedporn/|https://yt2save.com/de/speedporn/
stepmilf.com,stepmilf,missing,,,download-stepmilf-videos,/download-stepmilf-videos,Stepmilf Video Downloader,true,1,2,yt2save.com,yt2save.com,"Stepmilf adult video downloader page; emphasize public videos, privacy, HD/MP4 formats, no popups, browser extension CTA, and legal/adult disclaimer.",https://yt2save.com/stepmilf/|https://yt2save.com/de/stepmilf/
streamjav.com,streamjav,missing,,,download-streamjav-videos,/download-streamjav-videos,Streamjav Video Downloader,true,1,2,yt2save.com,yt2save.com,"Streamjav adult video downloader page; emphasize public videos, privacy, HD/MP4 formats, no popups, browser extension CTA, and legal/adult disclaimer.",https://yt2save.com/streamjav/|https://yt2save.com/de/streamjav/
streamxxx.com,streamxxx,missing,,,download-streamxxx-videos,/download-streamxxx-videos,Streamxxx Video Downloader,true,1,2,yt2save.com,yt2save.com,"Streamxxx adult video downloader page; emphasize public videos, privacy, HD/MP4 formats, no popups, browser extension CTA, and legal/adult disclaimer.",https://yt2save.com/streamxxx/|https://yt2save.com/de/streamxxx/
subjav.com,subjav,missing,,,download-subjav-videos,/download-subjav-videos,Subjav Video Downloader,true,1,2,yt2save.com,yt2save.com,"Subjav adult video downloader page; emphasize public videos, privacy, HD/MP4 formats, no popups, browser extension CTA, and legal/adult disclaimer.",https://yt2save.com/subjav/|https://yt2save.com/de/subjav/
supjav.com,supjav,missing,,,download-supjav-videos,/download-supjav-videos,Supjav Video Downloader,true,1,2,yt2save.com,yt2save.com,"Supjav adult video downloader page; emphasize public videos, privacy, HD/MP4 formats, no popups, browser extension CTA, and legal/adult disclaimer.",https://yt2save.com/supjav/|https://yt2save.com/de/supjav/
svjav.com,svjav,missing,,,download-svjav-videos,/download-svjav-videos,Svjav Video Downloader,true,1,2,yt2save.com,yt2save.com,"Svjav adult video downloader page; emphasize public videos, privacy, HD/MP4 formats, no popups, browser extension CTA, and legal/adult disclaimer.",https://yt2save.com/svjav/|https://yt2save.com/de/svjav/
tabooporns.com,tabooporns,missing,,,download-tabooporns-videos,/download-tabooporns-videos,Tabooporns Video Downloader,true,1,2,yt2save.com,yt2save.com,"Tabooporns adult video downloader page; emphasize public videos, privacy, HD/MP4 formats, no popups, browser extension CTA, and legal/adult disclaimer.",https://yt2save.com/tabooporns/|https://yt2save.com/de/tabooporns/
teencumpot.com,teencumpot,missing,,,download-teencumpot-videos,/download-teencumpot-videos,Teencumpot Video Downloader,true,1,2,yt2save.com,yt2save.com,"Teencumpot adult video downloader page; emphasize public videos, privacy, HD/MP4 formats, no popups, browser extension CTA, and legal/adult disclaimer.",https://yt2save.com/teencumpot/|https://yt2save.com/de/teencumpot/
teengirlerotica.com,teengirlerotica,missing,,,download-teengirlerotica-videos,/download-teengirlerotica-videos,Teengirlerotica Video Downloader,true,1,2,yt2save.com,yt2save.com,"Teengirlerotica adult video downloader page; emphasize public videos, privacy, HD/MP4 formats, no popups, browser extension CTA, and legal/adult disclaimer.",https://yt2save.com/teengirlerotica/|https://yt2save.com/de/teengirlerotica/
thaiporntv.com,thaiporntv,missing,,,download-thaiporntv-videos,/download-thaiporntv-videos,Thaiporntv Video Downloader,true,1,2,yt2save.com,yt2save.com,"Thaiporntv adult video downloader page; emphasize public videos, privacy, HD/MP4 formats, no popups, browser extension CTA, and legal/adult disclaimer.",https://yt2save.com/thaiporntv/|https://yt2save.com/de/thaiporntv/
thebestjav.com,thebestjav,missing,,,download-thebestjav-videos,/download-thebestjav-videos,Thebestjav Video Downloader,true,1,2,yt2save.com,yt2save.com,"Thebestjav adult video downloader page; emphasize public videos, privacy, HD/MP4 formats, no popups, browser extension CTA, and legal/adult disclaimer.",https://yt2save.com/thebestjav/|https://yt2save.com/de/thebestjav/
thebjav.com,thebjav,missing,,,download-thebjav-videos,/download-thebjav-videos,Thebjav Video Downloader,true,1,2,yt2save.com,yt2save.com,"Thebjav adult video downloader page; emphasize public videos, privacy, HD/MP4 formats, no popups, browser extension CTA, and legal/adult disclaimer.",https://yt2save.com/thebjav/|https://yt2save.com/de/thebjav/
theporngod.com,theporngod,missing,,,download-theporngod-videos,/download-theporngod-videos,Theporngod Video Downloader,true,1,2,yt2save.com,yt2save.com,"Theporngod adult video downloader page; emphasize public videos, privacy, HD/MP4 formats, no popups, browser extension CTA, and legal/adult disclaimer.",https://yt2save.com/theporngod/|https://yt2save.com/de/theporngod/
theteensexy.com,theteensexy,missing,,,download-theteensexy-videos,/download-theteensexy-videos,Theteensexy Video Downloader,true,1,2,yt2save.com,yt2save.com,"Theteensexy adult video downloader page; emphasize public videos, privacy, HD/MP4 formats, no popups, browser extension CTA, and legal/adult disclaimer.",https://yt2save.com/theteensexy/|https://yt2save.com/de/theteensexy/
thethothub.com,thethothub,missing,,,download-thethothub-videos,/download-thethothub-videos,Thethothub Video Downloader,true,1,2,yt2save.com,yt2save.com,"Thethothub adult video downloader page; emphasize public videos, privacy, HD/MP4 formats, no popups, browser extension CTA, and legal/adult disclaimer.",https://yt2save.com/thethothub/|https://yt2save.com/de/thethothub/
topchineseporn.com,topchineseporn,missing,,,download-topchineseporn-videos,/download-topchineseporn-videos,Topchineseporn Video Downloader,true,1,2,yt2save.com,yt2save.com,"Topchineseporn adult video downloader page; emphasize public videos, privacy, HD/MP4 formats, no popups, browser extension CTA, and legal/adult disclaimer.",https://yt2save.com/topchineseporn/|https://yt2save.com/de/topchineseporn/
trendpornvids.com,trendpornvids,missing,,,download-trendpornvids-videos,/download-trendpornvids-videos,Trendpornvids Video Downloader,true,1,2,yt2save.com,yt2save.com,"Trendpornvids adult video downloader page; emphasize public videos, privacy, HD/MP4 formats, no popups, browser extension CTA, and legal/adult disclaimer.",https://yt2save.com/trendpornvids/|https://yt2save.com/de/trendpornvids/
tryasiansex.com,tryasiansex,missing,,,download-tryasiansex-videos,/download-tryasiansex-videos,Tryasiansex Video Downloader,true,1,2,yt2save.com,yt2save.com,"Tryasiansex adult video downloader page; emphasize public videos, privacy, HD/MP4 formats, no popups, browser extension CTA, and legal/adult disclaimer.",https://yt2save.com/tryasiansex/|https://yt2save.com/de/tryasiansex/
tryindianporn.com,tryindianporn,missing,,,download-tryindianporn-videos,/download-tryindianporn-videos,Tryindianporn Video Downloader,true,1,2,yt2save.com,yt2save.com,"Tryindianporn adult video downloader page; emphasize public videos, privacy, HD/MP4 formats, no popups, browser extension CTA, and legal/adult disclaimer.",https://yt2save.com/tryindianporn/|https://yt2save.com/de/tryindianporn/
tubebdsm.com,tubebdsm,missing,,,download-tubebdsm-videos,/download-tubebdsm-videos,Tubebdsm Video Downloader,true,1,2,yt2save.com,yt2save.com,"Tubebdsm adult video downloader page; emphasize public videos, privacy, HD/MP4 formats, no popups, browser extension CTA, and legal/adult disclaimer.",https://yt2save.com/tubebdsm/|https://yt2save.com/de/tubebdsm/
twistedporn.com,twistedporn,missing,,,download-twistedporn-videos,/download-twistedporn-videos,Twistedporn Video Downloader,true,1,2,yt2save.com,yt2save.com,"Twistedporn adult video downloader page; emphasize public videos, privacy, HD/MP4 formats, no popups, browser extension CTA, and legal/adult disclaimer.",https://yt2save.com/twistedporn/|https://yt2save.com/de/twistedporn/
twizporn.com,twizporn,missing,,,download-twizporn-videos,/download-twizporn-videos,Twizporn Video Downloader,true,1,2,yt2save.com,yt2save.com,"Twizporn adult video downloader page; emphasize public videos, privacy, HD/MP4 formats, no popups, browser extension CTA, and legal/adult disclaimer.",https://yt2save.com/twizporn/|https://yt2save.com/de/twizporn/
uiporn.com,uiporn,missing,,,download-uiporn-videos,/download-uiporn-videos,Uiporn Video Downloader,true,1,2,yt2save.com,yt2save.com,"Uiporn adult video downloader page; emphasize public videos, privacy, HD/MP4 formats, no popups, browser extension CTA, and legal/adult disclaimer.",https://yt2save.com/uiporn/|https://yt2save.com/de/uiporn/
ujav.com,ujav,missing,,,download-ujav-videos,/download-ujav-videos,Ujav Video Downloader,true,1,2,yt2save.com,yt2save.com,"Ujav adult video downloader page; emphasize public videos, privacy, HD/MP4 formats, no popups, browser extension CTA, and legal/adult disclaimer.",https://yt2save.com/ujav/|https://yt2save.com/de/ujav/
universohentai.com,universohentai,missing,,,download-universohentai-videos,/download-universohentai-videos,Universohentai Video Downloader,true,1,2,yt2save.com,yt2save.com,"Universohentai adult video downloader page; emphasize public videos, privacy, HD/MP4 formats, no popups, browser extension CTA, and legal/adult disclaimer.",https://yt2save.com/universohentai/|https://yt2save.com/de/universohentai/
verhentai.com,verhentai,missing,,,download-verhentai-videos,/download-verhentai-videos,Verhentai Video Downloader,true,1,2,yt2save.com,yt2save.com,"Verhentai adult video downloader page; emphasize public videos, privacy, HD/MP4 formats, no popups, browser extension CTA, and legal/adult disclaimer.",https://yt2save.com/verhentai/|https://yt2save.com/de/verhentai/
vertiporn.com,vertiporn,missing,,,download-vertiporn-videos,/download-vertiporn-videos,Vertiporn Video Downloader,true,1,2,yt2save.com,yt2save.com,"Vertiporn adult video downloader page; emphasize public videos, privacy, HD/MP4 formats, no popups, browser extension CTA, and legal/adult disclaimer.",https://yt2save.com/vertiporn/|https://yt2save.com/de/vertiporn/
videohclips.com,videohclips,missing,,,download-videohclips-videos,/download-videohclips-videos,Videohclips Video Downloader,true,1,2,yt2save.com,yt2save.com,"Videohclips adult video downloader page; emphasize public videos, privacy, HD/MP4 formats, no popups, browser extension CTA, and legal/adult disclaimer.",https://yt2save.com/videohclips/|https://yt2save.com/de/videohclips/
videohdzog.com,videohdzog,missing,,,download-videohdzog-videos,/download-videohdzog-videos,Videohdzog Video Downloader,true,1,2,yt2save.com,yt2save.com,"Videohdzog adult video downloader page; emphasize public videos, privacy, HD/MP4 formats, no popups, browser extension CTA, and legal/adult disclaimer.",https://yt2save.com/videohdzog/|https://yt2save.com/de/videohdzog/
videohotmovs.com,videohotmovs,missing,,,download-videohotmovs-videos,/download-videohotmovs-videos,Videohotmovs Video Downloader,true,1,2,yt2save.com,yt2save.com,"Videohotmovs adult video downloader page; emphasize public videos, privacy, HD/MP4 formats, no popups, browser extension CTA, and legal/adult disclaimer.",https://yt2save.com/videohotmovs/|https://yt2save.com/de/videohotmovs/
videosdesexo.com,videosdesexo,missing,,,download-videosdesexo-videos,/download-videosdesexo-videos,Videosdesexo Video Downloader,true,1,2,yt2save.com,yt2save.com,"Videosdesexo adult video downloader page; emphasize public videos, privacy, HD/MP4 formats, no popups, browser extension CTA, and legal/adult disclaimer.",https://yt2save.com/videosdesexo/|https://yt2save.com/de/videosdesexo/
videoshemalez.com,videoshemalez,missing,,,download-videoshemalez-videos,/download-videoshemalez-videos,Videoshemalez Video Downloader,true,1,2,yt2save.com,yt2save.com,"Videoshemalez adult video downloader page; emphasize public videos, privacy, HD/MP4 formats, no popups, browser extension CTA, and legal/adult disclaimer.",https://yt2save.com/videoshemalez/|https://yt2save.com/de/videoshemalez/
videotubepornclassic.com,videotubepornclassic,missing,,,download-videotubepornclassic-videos,/download-videotubepornclassic-videos,Videotubepornclassic Video Downloader,true,1,2,yt2save.com,yt2save.com,"Videotubepornclassic adult video downloader page; emphasize public videos, privacy, HD/MP4 formats, no popups, browser extension CTA, and legal/adult disclaimer.",https://yt2save.com/videotubepornclassic/|https://yt2save.com/de/videotubepornclassic/
videoupornia.com,videoupornia,missing,,,download-videoupornia-videos,/download-videoupornia-videos,Videoupornia Video Downloader,true,1,2,yt2save.com,yt2save.com,"Videoupornia adult video downloader page; emphasize public videos, privacy, HD/MP4 formats, no popups, browser extension CTA, and legal/adult disclaimer.",https://yt2save.com/videoupornia/|https://yt2save.com/de/videoupornia/
videovjav.com,videovjav,missing,,,download-videovjav-videos,/download-videovjav-videos,Videovjav Video Downloader,true,1,2,yt2save.com,yt2save.com,"Videovjav adult video downloader page; emphasize public videos, privacy, HD/MP4 formats, no popups, browser extension CTA, and legal/adult disclaimer.",https://yt2save.com/videovjav/|https://yt2save.com/de/videovjav/
vintagepornpage.com,vintagepornpage,missing,,,download-vintagepornpage-videos,/download-vintagepornpage-videos,Vintagepornpage Video Downloader,true,1,2,yt2save.com,yt2save.com,"Vintagepornpage adult video downloader page; emphasize public videos, privacy, HD/MP4 formats, no popups, browser extension CTA, and legal/adult disclaimer.",https://yt2save.com/vintagepornpage/|https://yt2save.com/de/vintagepornpage/
visporn.com,visporn,missing,,,download-visporn-videos,/download-visporn-videos,Visporn Video Downloader,true,1,2,yt2save.com,yt2save.com,"Visporn adult video downloader page; emphasize public videos, privacy, HD/MP4 formats, no popups, browser extension CTA, and legal/adult disclaimer.",https://yt2save.com/visporn/|https://yt2save.com/de/visporn/
vporno.com,vporno,missing,,,download-vporno-videos,/download-vporno-videos,Vporno Video Downloader,true,1,2,yt2save.com,yt2save.com,"Vporno adult video downloader page; emphasize public videos, privacy, HD/MP4 formats, no popups, browser extension CTA, and legal/adult disclaimer.",https://yt2save.com/vporno/|https://yt2save.com/de/vporno/
watchgayporn.com,watchgayporn,missing,,,download-watchgayporn-videos,/download-watchgayporn-videos,Watchgayporn Video Downloader,true,1,2,yt2save.com,yt2save.com,"Watchgayporn adult video downloader page; emphasize public videos, privacy, HD/MP4 formats, no popups, browser extension CTA, and legal/adult disclaimer.",https://yt2save.com/watchgayporn/|https://yt2save.com/de/watchgayporn/
watchjavnow.com,watchjavnow,missing,,,download-watchjavnow-videos,/download-watchjavnow-videos,Watchjavnow Video Downloader,true,1,2,yt2save.com,yt2save.com,"Watchjavnow adult video downloader page; emphasize public videos, privacy, HD/MP4 formats, no popups, browser extension CTA, and legal/adult disclaimer.",https://yt2save.com/watchjavnow/|https://yt2save.com/de/watchjavnow/
watchncum.com,watchncum,missing,,,download-watchncum-videos,/download-watchncum-videos,Watchncum Video Downloader,true,1,2,yt2save.com,yt2save.com,"Watchncum adult video downloader page; emphasize public videos, privacy, HD/MP4 formats, no popups, browser extension CTA, and legal/adult disclaimer.",https://yt2save.com/watchncum/|https://yt2save.com/de/watchncum/
watchpornfree.com,watchpornfree,missing,,,download-watchpornfree-videos,/download-watchpornfree-videos,Watchpornfree Video Downloader,true,1,2,yt2save.com,yt2save.com,"Watchpornfree adult video downloader page; emphasize public videos, privacy, HD/MP4 formats, no popups, browser extension CTA, and legal/adult disclaimer.",https://yt2save.com/watchpornfree/|https://yt2save.com/de/watchpornfree/
wezporn.com,wezporn,missing,,,download-wezporn-videos,/download-wezporn-videos,Wezporn Video Downloader,true,1,2,yt2save.com,yt2save.com,"Wezporn adult video downloader page; emphasize public videos, privacy, HD/MP4 formats, no popups, browser extension CTA, and legal/adult disclaimer.",https://yt2save.com/wezporn/|https://yt2save.com/de/wezporn/
woxtube.com,woxtube,missing,,,download-woxtube-videos,/download-woxtube-videos,Woxtube Video Downloader,true,1,2,yt2save.com,yt2save.com,"Woxtube adult video downloader page; emphasize public videos, privacy, HD/MP4 formats, no popups, browser extension CTA, and legal/adult disclaimer.",https://yt2save.com/woxtube/|https://yt2save.com/de/woxtube/
wwwyouporn.com,wwwyouporn,missing,,,download-wwwyouporn-videos,/download-wwwyouporn-videos,Wwwyouporn Video Downloader,true,1,2,yt2save.com,yt2save.com,"Wwwyouporn adult video downloader page; emphasize public videos, privacy, HD/MP4 formats, no popups, browser extension CTA, and legal/adult disclaimer.",https://yt2save.com/wwwyouporn/|https://yt2save.com/de/wwwyouporn/
xcamgirlblog.com,xcamgirlblog,missing,,,download-xcamgirlblog-videos,/download-xcamgirlblog-videos,Xcamgirlblog Video Downloader,true,1,2,yt2save.com,yt2save.com,"Xcamgirlblog adult video downloader page; emphasize public videos, privacy, HD/MP4 formats, no popups, browser extension CTA, and legal/adult disclaimer.",https://yt2save.com/xcamgirlblog/|https://yt2save.com/de/xcamgirlblog/
xcamgirltube.com,xcamgirltube,missing,,,download-xcamgirltube-videos,/download-xcamgirltube-videos,Xcamgirltube Video Downloader,true,1,2,yt2save.com,yt2save.com,"Xcamgirltube adult video downloader page; emphasize public videos, privacy, HD/MP4 formats, no popups, browser extension CTA, and legal/adult disclaimer.",https://yt2save.com/xcamgirltube/|https://yt2save.com/de/xcamgirltube/
xerotica.com,xerotica,missing,,,download-xerotica-videos,/download-xerotica-videos,Xerotica Video Downloader,true,1,2,yt2save.com,yt2save.com,"Xerotica adult video downloader page; emphasize public videos, privacy, HD/MP4 formats, no popups, browser extension CTA, and legal/adult disclaimer.",https://yt2save.com/xerotica/|https://yt2save.com/de/xerotica/
xhamster13.com,xhamster13,missing,,,download-xhamster13-videos,/download-xhamster13-videos,Xhamster13 Video Downloader,true,1,2,yt2save.com,yt2save.com,"Xhamster13 adult video downloader page; emphasize public videos, privacy, HD/MP4 formats, no popups, browser extension CTA, and legal/adult disclaimer.",https://yt2save.com/xhamster13/|https://yt2save.com/de/xhamster13/
xhamster15.com,xhamster15,missing,,,download-xhamster15-videos,/download-xhamster15-videos,Xhamster15 Video Downloader,true,1,2,yt2save.com,yt2save.com,"Xhamster15 adult video downloader page; emphasize public videos, privacy, HD/MP4 formats, no popups, browser extension CTA, and legal/adult disclaimer.",https://yt2save.com/xhamster15/|https://yt2save.com/de/xhamster15/
xhamster16.com,xhamster16,missing,,,download-xhamster16-videos,/download-xhamster16-videos,Xhamster16 Video Downloader,true,1,2,yt2save.com,yt2save.com,"Xhamster16 adult video downloader page; emphasize public videos, privacy, HD/MP4 formats, no popups, browser extension CTA, and legal/adult disclaimer.",https://yt2save.com/xhamster16/|https://yt2save.com/de/xhamster16/
xhamsters.com,xhamsters,missing,,,download-xhamsters-videos,/download-xhamsters-videos,Xhamsters Video Downloader,true,1,2,yt2save.com,yt2save.com,"Xhamsters adult video downloader page; emphasize public videos, privacy, HD/MP4 formats, no popups, browser extension CTA, and legal/adult disclaimer.",https://yt2save.com/xhamsters/|https://yt2save.com/de/xhamsters/
xnxx1.com,xnxx1,missing,,,download-xnxx1-videos,/download-xnxx1-videos,Xnxx1 Video Downloader,true,1,2,yt2save.com,yt2save.com,"Xnxx1 adult video downloader page; emphasize public videos, privacy, HD/MP4 formats, no popups, browser extension CTA, and legal/adult disclaimer.",https://yt2save.com/xnxx1/|https://yt2save.com/de/xnxx1/
xojav.com,xojav,missing,,,download-xojav-videos,/download-xojav-videos,Xojav Video Downloader,true,1,2,yt2save.com,yt2save.com,"Xojav adult video downloader page; emphasize public videos, privacy, HD/MP4 formats, no popups, browser extension CTA, and legal/adult disclaimer.",https://yt2save.com/xojav/|https://yt2save.com/de/xojav/
xpornium.com,xpornium,missing,,,download-xpornium-videos,/download-xpornium-videos,Xpornium Video Downloader,true,1,2,yt2save.com,yt2save.com,"Xpornium adult video downloader page; emphasize public videos, privacy, HD/MP4 formats, no popups, browser extension CTA, and legal/adult disclaimer.",https://yt2save.com/xpornium/|https://yt2save.com/de/xpornium/
xtporn.com,xtporn,missing,,,download-xtporn-videos,/download-xtporn-videos,Xtporn Video Downloader,true,1,2,yt2save.com,yt2save.com,"Xtporn adult video downloader page; emphasize public videos, privacy, HD/MP4 formats, no popups, browser extension CTA, and legal/adult disclaimer.",https://yt2save.com/xtporn/|https://yt2save.com/de/xtporn/
xvideos1.com,xvideos1,missing,,,download-xvideos1-videos,/download-xvideos1-videos,Xvideos1 Video Downloader,true,1,2,yt2save.com,yt2save.com,"Xvideos1 adult video downloader page; emphasize public videos, privacy, HD/MP4 formats, no popups, browser extension CTA, and legal/adult disclaimer.",https://yt2save.com/xvideos1/|https://yt2save.com/de/xvideos1/
xvideosharing.com,xvideosharing,missing,,,download-xvideosharing-videos,/download-xvideosharing-videos,Xvideosharing Video Downloader,true,1,2,yt2save.com,yt2save.com,"Xvideosharing adult video downloader page; emphasize public videos, privacy, HD/MP4 formats, no popups, browser extension CTA, and legal/adult disclaimer.",https://yt2save.com/xvideosharing/|https://yt2save.com/de/xvideosharing/
xvideosrss.com,xvideosrss,missing,,,download-xvideosrss-videos,/download-xvideosrss-videos,Xvideosrss Video Downloader,true,1,2,yt2save.com,yt2save.com,"Xvideosrss adult video downloader page; emphasize public videos, privacy, HD/MP4 formats, no popups, browser extension CTA, and legal/adult disclaimer.",https://yt2save.com/xvideosrss/|https://yt2save.com/de/xvideosrss/
xxvideoss.com,xxvideoss,missing,,,download-xxvideoss-videos,/download-xxvideoss-videos,Xxvideoss Video Downloader,true,1,2,yt2save.com,yt2save.com,"Xxvideoss adult video downloader page; emphasize public videos, privacy, HD/MP4 formats, no popups, browser extension CTA, and legal/adult disclaimer.",https://yt2save.com/xxvideoss/|https://yt2save.com/de/xxvideoss/
xxx4hindi.com,xxx4hindi,missing,,,download-xxx4hindi-videos,/download-xxx4hindi-videos,Xxx4hindi Video Downloader,true,1,2,yt2save.com,yt2save.com,"Xxx4hindi adult video downloader page; emphasize public videos, privacy, HD/MP4 formats, no popups, browser extension CTA, and legal/adult disclaimer.",https://yt2save.com/xxx4hindi/|https://yt2save.com/de/xxx4hindi/
xxxdl.com,xxxdl,missing,,,download-xxxdl-videos,/download-xxxdl-videos,Xxxdl Video Downloader,true,1,2,yt2save.com,yt2save.com,"Xxxdl adult video downloader page; emphasize public videos, privacy, HD/MP4 formats, no popups, browser extension CTA, and legal/adult disclaimer.",https://yt2save.com/xxxdl/|https://yt2save.com/de/xxxdl/
xxxeater.com,xxxeater,missing,,,download-xxxeater-videos,/download-xxxeater-videos,Xxxeater Video Downloader,true,1,2,yt2save.com,yt2save.com,"Xxxeater adult video downloader page; emphasize public videos, privacy, HD/MP4 formats, no popups, browser extension CTA, and legal/adult disclaimer.",https://yt2save.com/xxxeater/|https://yt2save.com/de/xxxeater/
xxxfilm.com,xxxfilm,missing,,,download-xxxfilm-videos,/download-xxxfilm-videos,Xxxfilm Video Downloader,true,1,2,yt2save.com,yt2save.com,"Xxxfilm adult video downloader page; emphasize public videos, privacy, HD/MP4 formats, no popups, browser extension CTA, and legal/adult disclaimer.",https://yt2save.com/xxxfilm/|https://yt2save.com/de/xxxfilm/
xxxhd93.com,xxxhd93,missing,,,download-xxxhd93-videos,/download-xxxhd93-videos,Xxxhd93 Video Downloader,true,1,2,yt2save.com,yt2save.com,"Xxxhd93 adult video downloader page; emphasize public videos, privacy, HD/MP4 formats, no popups, browser extension CTA, and legal/adult disclaimer.",https://yt2save.com/xxxhd93/|https://yt2save.com/de/xxxhd93/
xxxindianporn.com,xxxindianporn,missing,,,download-xxxindianporn-videos,/download-xxxindianporn-videos,Xxxindianporn Video Downloader,true,1,2,yt2save.com,yt2save.com,"Xxxindianporn adult video downloader page; emphasize public videos, privacy, HD/MP4 formats, no popups, browser extension CTA, and legal/adult disclaimer.",https://yt2save.com/xxxindianporn/|https://yt2save.com/de/xxxindianporn/
xxxitalianporn.com,xxxitalianporn,missing,,,download-xxxitalianporn-videos,/download-xxxitalianporn-videos,Xxxitalianporn Video Downloader,true,1,2,yt2save.com,yt2save.com,"Xxxitalianporn adult video downloader page; emphasize public videos, privacy, HD/MP4 formats, no popups, browser extension CTA, and legal/adult disclaimer.",https://yt2save.com/xxxitalianporn/|https://yt2save.com/de/xxxitalianporn/
xxxmax.com,xxxmax,missing,,,download-xxxmax-videos,/download-xxxmax-videos,Xxxmax Video Downloader,true,1,2,yt2save.com,yt2save.com,"Xxxmax adult video downloader page; emphasize public videos, privacy, HD/MP4 formats, no popups, browser extension CTA, and legal/adult disclaimer.",https://yt2save.com/xxxmax/|https://yt2save.com/de/xxxmax/
xxxmoviestream.com,xxxmoviestream,missing,,,download-xxxmoviestream-videos,/download-xxxmoviestream-videos,Xxxmoviestream Video Downloader,true,1,2,yt2save.com,yt2save.com,"Xxxmoviestream adult video downloader page; emphasize public videos, privacy, HD/MP4 formats, no popups, browser extension CTA, and legal/adult disclaimer.",https://yt2save.com/xxxmoviestream/|https://yt2save.com/de/xxxmoviestream/
xxxreal.com,xxxreal,missing,,,download-xxxreal-videos,/download-xxxreal-videos,Xxxreal Video Downloader,true,1,2,yt2save.com,yt2save.com,"Xxxreal adult video downloader page; emphasize public videos, privacy, HD/MP4 formats, no popups, browser extension CTA, and legal/adult disclaimer.",https://yt2save.com/xxxreal/|https://yt2save.com/de/xxxreal/
xxxsextube.com,xxxsextube,missing,,,download-xxxsextube-videos,/download-xxxsextube-videos,Xxxsextube Video Downloader,true,1,2,yt2save.com,yt2save.com,"Xxxsextube adult video downloader page; emphasize public videos, privacy, HD/MP4 formats, no popups, browser extension CTA, and legal/adult disclaimer.",https://yt2save.com/xxxsextube/|https://yt2save.com/de/xxxsextube/
xxxstreams.com,xxxstreams,missing,,,download-xxxstreams-videos,/download-xxxstreams-videos,Xxxstreams Video Downloader,true,1,2,yt2save.com,yt2save.com,"Xxxstreams adult video downloader page; emphasize public videos, privacy, HD/MP4 formats, no popups, browser extension CTA, and legal/adult disclaimer.",https://yt2save.com/xxxstreams/|https://yt2save.com/de/xxxstreams/
xxxter.com,xxxter,missing,,,download-xxxter-videos,/download-xxxter-videos,Xxxter Video Downloader,true,1,2,yt2save.com,yt2save.com,"Xxxter adult video downloader page; emphasize public videos, privacy, HD/MP4 formats, no popups, browser extension CTA, and legal/adult disclaimer.",https://yt2save.com/xxxter/|https://yt2save.com/de/xxxter/
xxxtubebest.com,xxxtubebest,missing,,,download-xxxtubebest-videos,/download-xxxtubebest-videos,Xxxtubebest Video Downloader,true,1,2,yt2save.com,yt2save.com,"Xxxtubebest adult video downloader page; emphasize public videos, privacy, HD/MP4 formats, no popups, browser extension CTA, and legal/adult disclaimer.",https://yt2save.com/xxxtubebest/|https://yt2save.com/de/xxxtubebest/
xxxup.com,xxxup,missing,,,download-xxxup-videos,/download-xxxup-videos,Xxxup Video Downloader,true,1,2,yt2save.com,yt2save.com,"Xxxup adult video downloader page; emphasize public videos, privacy, HD/MP4 formats, no popups, browser extension CTA, and legal/adult disclaimer.",https://yt2save.com/xxxup/|https://yt2save.com/de/xxxup/
xxxvideo.com,xxxvideo,missing,,,download-xxxvideo-videos,/download-xxxvideo-videos,Xxxvideo Video Downloader,true,1,2,yt2save.com,yt2save.com,"Xxxvideo adult video downloader page; emphasize public videos, privacy, HD/MP4 formats, no popups, browser extension CTA, and legal/adult disclaimer.",https://yt2save.com/xxxvideo/|https://yt2save.com/de/xxxvideo/
xxxzhd.com,xxxzhd,missing,,,download-xxxzhd-videos,/download-xxxzhd-videos,Xxxzhd Video Downloader,true,1,2,yt2save.com,yt2save.com,"Xxxzhd adult video downloader page; emphasize public videos, privacy, HD/MP4 formats, no popups, browser extension CTA, and legal/adult disclaimer.",https://yt2save.com/xxxzhd/|https://yt2save.com/de/xxxzhd/
youfreeporntube.com,youfreeporntube,missing,,,download-youfreeporntube-videos,/download-youfreeporntube-videos,Youfreeporntube Video Downloader,true,1,2,yt2save.com,yt2save.com,"Youfreeporntube adult video downloader page; emphasize public videos, privacy, HD/MP4 formats, no popups, browser extension CTA, and legal/adult disclaimer.",https://yt2save.com/youfreeporntube/|https://yt2save.com/de/youfreeporntube/
youpornstar.com,youpornstar,missing,,,download-youpornstar-videos,/download-youpornstar-videos,Youpornstar Video Downloader,true,1,2,jaksta.com,jaksta.com,"Youpornstar adult video downloader page; emphasize public videos, privacy, HD/MP4 formats, no popups, browser extension CTA, and legal/adult disclaimer.",https://jaksta.com/best-apps/youpornstar|https://jaksta.com/how-to-guides/youpornstar
youpornvideos.com,youpornvideos,missing,,,download-youpornvideos-videos,/download-youpornvideos-videos,Youpornvideos Video Downloader,true,1,2,jaksta.com,jaksta.com,"Youpornvideos adult video downloader page; emphasize public videos, privacy, HD/MP4 formats, no popups, browser extension CTA, and legal/adult disclaimer.",https://jaksta.com/best-apps/youpornvideos|https://jaksta.com/how-to-guides/youpornvideos
yourdailypornvideos.com,yourdailypornvideos,missing,,,download-yourdailypornvideos-videos,/download-yourdailypornvideos-videos,Yourdailypornvideos Video Downloader,true,1,2,yt2save.com,yt2save.com,"Yourdailypornvideos adult video downloader page; emphasize public videos, privacy, HD/MP4 formats, no popups, browser extension CTA, and legal/adult disclaimer.",https://yt2save.com/yourdailypornvideos/|https://yt2save.com/de/yourdailypornvideos/
youteenporn.com,youteenporn,missing,,,download-youteenporn-videos,/download-youteenporn-videos,Youteenporn Video Downloader,true,1,2,yt2save.com,yt2save.com,"Youteenporn adult video downloader page; emphasize public videos, privacy, HD/MP4 formats, no popups, browser extension CTA, and legal/adult disclaimer.",https://yt2save.com/youteenporn/|https://yt2save.com/de/youteenporn/
youwatchporn.com,youwatchporn,missing,,,download-youwatchporn-videos,/download-youwatchporn-videos,Youwatchporn Video Downloader,true,1,2,yt2save.com,yt2save.com,"Youwatchporn adult video downloader page; emphasize public videos, privacy, HD/MP4 formats, no popups, browser extension CTA, and legal/adult disclaimer.",https://yt2save.com/youwatchporn/|https://yt2save.com/de/youwatchporn/
zoomobileporn.com,zoomobileporn,missing,,,download-zoomobileporn-videos,/download-zoomobileporn-videos,Zoomobileporn Video Downloader,true,1,2,yt2save.com,yt2save.com,"Zoomobileporn adult video downloader page; emphasize public videos, privacy, HD/MP4 formats, no popups, browser extension CTA, and legal/adult disclaimer.",https://yt2save.com/zoomobileporn/|https://yt2save.com/de/zoomobileporn/
zooxhamster.com,zooxhamster,missing,,,download-zooxhamster-videos,/download-zooxhamster-videos,Zooxhamster Video Downloader,true,1,2,yt2save.com,yt2save.com,"Zooxhamster adult video downloader page; emphasize public videos, privacy, HD/MP4 formats, no popups, browser extension CTA, and legal/adult disclaimer.",https://yt2save.com/zooxhamster/|https://yt2save.com/de/zooxhamster/
0dayporn.com,0dayporn,missing,,,download-0dayporn-videos,/download-0dayporn-videos,0dayporn Video Downloader,true,1,1,badassdownloader.com,badassdownloader.com,"0dayporn adult video downloader page; emphasize public videos, privacy, HD/MP4 formats, no popups, browser extension CTA, and legal/adult disclaimer.",https://badassdownloader.com/0dayporn/
502porn.com,502porn,missing,,,download-502porn-videos,/download-502porn-videos,502porn Video Downloader,true,1,1,badassdownloader.com,badassdownloader.com,"502porn adult video downloader page; emphasize public videos, privacy, HD/MP4 formats, no popups, browser extension CTA, and legal/adult disclaimer.",https://badassdownloader.com/502porn/
adult-video.com,adult-video,missing,,,download-adult-video-videos,/download-adult-video-videos,Adult Video Video Downloader,true,1,1,pastedownload.com,pastedownload.com,"Adult Video adult video downloader page; emphasize public videos, privacy, HD/MP4 formats, no popups, browser extension CTA, and legal/adult disclaimer.",https://pastedownload.com/adult-video-downloader/
asianwifeporn.com,asianwifeporn,missing,,,download-asianwifeporn-videos,/download-asianwifeporn-videos,Asianwifeporn Video Downloader,true,1,1,badassdownloader.com,badassdownloader.com,"Asianwifeporn adult video downloader page; emphasize public videos, privacy, HD/MP4 formats, no popups, browser extension CTA, and legal/adult disclaimer.",https://badassdownloader.com/asianwifeporn/
bingoporno.com,bingoporno,missing,,,download-bingoporno-videos,/download-bingoporno-videos,Bingoporno Video Downloader,true,1,1,badassdownloader.com,badassdownloader.com,"Bingoporno adult video downloader page; emphasize public videos, privacy, HD/MP4 formats, no popups, browser extension CTA, and legal/adult disclaimer.",https://badassdownloader.com/bingoporno/
boobsmo.com,boobsmo,missing,,,download-boobsmo-videos,/download-boobsmo-videos,Boobsmo Video Downloader,true,1,1,badassdownloader.com,badassdownloader.com,"Boobsmo adult video downloader page; emphasize public videos, privacy, HD/MP4 formats, no popups, browser extension CTA, and legal/adult disclaimer.",https://badassdownloader.com/boobsmo/
camporn.com,camporn,missing,,,download-camporn-videos,/download-camporn-videos,Camporn Video Downloader,true,1,1,badassdownloader.com,badassdownloader.com,"Camporn adult video downloader page; emphasize public videos, privacy, HD/MP4 formats, no popups, browser extension CTA, and legal/adult disclaimer.",https://badassdownloader.com/camporn/
camwhores.tv,camwhores,missing,,,download-camwhores-videos,/download-camwhores-videos,Camwhores Video Downloader,true,1,1,pptube.org,pptube.org,"Camwhores adult video downloader page; emphasize public videos, privacy, HD/MP4 formats, no popups, browser extension CTA, and legal/adult disclaimer.",https://pptube.org/video/download-camwhores-tv-videos/
collegesexvideo.com,collegesexvideo,missing,,,download-collegesexvideo-videos,/download-collegesexvideo-videos,Collegesexvideo Video Downloader,true,1,1,badassdownloader.com,badassdownloader.com,"Collegesexvideo adult video downloader page; emphasize public videos, privacy, HD/MP4 formats, no popups, browser extension CTA, and legal/adult disclaimer.",https://badassdownloader.com/collegesexvideo/
dsex.com,dsex,missing,,,download-dsex-videos,/download-dsex-videos,Dsex Video Downloader,true,1,1,yt2save.com,yt2save.com,"Dsex adult video downloader page; emphasize public videos, privacy, HD/MP4 formats, no popups, browser extension CTA, and legal/adult disclaimer.",https://yt2save.com/dsex/
euroxxxvidz.com,euroxxxvidz,missing,,,download-euroxxxvidz-videos,/download-euroxxxvidz-videos,Euroxxxvidz Video Downloader,true,1,1,badassdownloader.com,badassdownloader.com,"Euroxxxvidz adult video downloader page; emphasize public videos, privacy, HD/MP4 formats, no popups, browser extension CTA, and legal/adult disclaimer.",https://badassdownloader.com/euroxxxvidz/
facileporno.com,facileporno,missing,,,download-facileporno-videos,/download-facileporno-videos,Facileporno Video Downloader,true,1,1,badassdownloader.com,badassdownloader.com,"Facileporno adult video downloader page; emphasize public videos, privacy, HD/MP4 formats, no popups, browser extension CTA, and legal/adult disclaimer.",https://badassdownloader.com/facileporno/
fapcat.com,fapcat,missing,,,download-fapcat-videos,/download-fapcat-videos,Fapcat Video Downloader,true,1,1,yt2save.com,yt2save.com,"Fapcat adult video downloader page; emphasize public videos, privacy, HD/MP4 formats, no popups, browser extension CTA, and legal/adult disclaimer.",https://yt2save.com/fapcat/
fapclub.com,fapclub,missing,,,download-fapclub-videos,/download-fapclub-videos,Fapclub Video Downloader,true,1,1,badassdownloader.com,badassdownloader.com,"Fapclub adult video downloader page; emphasize public videos, privacy, HD/MP4 formats, no popups, browser extension CTA, and legal/adult disclaimer.",https://badassdownloader.com/fapclub/
fapdig.com,fapdig,missing,,,download-fapdig-videos,/download-fapdig-videos,Fapdig Video Downloader,true,1,1,badassdownloader.com,badassdownloader.com,"Fapdig adult video downloader page; emphasize public videos, privacy, HD/MP4 formats, no popups, browser extension CTA, and legal/adult disclaimer.",https://badassdownloader.com/fapdig/
fapjournal.com,fapjournal,missing,,,download-fapjournal-videos,/download-fapjournal-videos,Fapjournal Video Downloader,true,1,1,badassdownloader.com,badassdownloader.com,"Fapjournal adult video downloader page; emphasize public videos, privacy, HD/MP4 formats, no popups, browser extension CTA, and legal/adult disclaimer.",https://badassdownloader.com/fapjournal/
fappic.com,fappic,missing,,,download-fappic-videos,/download-fappic-videos,Fappic Video Downloader,true,1,1,yt2save.com,yt2save.com,"Fappic adult video downloader page; emphasize public videos, privacy, HD/MP4 formats, no popups, browser extension CTA, and legal/adult disclaimer.",https://yt2save.com/fappic/
fapsharing.com,fapsharing,missing,,,download-fapsharing-videos,/download-fapsharing-videos,Fapsharing Video Downloader,true,1,1,yt2save.com,yt2save.com,"Fapsharing adult video downloader page; emphasize public videos, privacy, HD/MP4 formats, no popups, browser extension CTA, and legal/adult disclaimer.",https://yt2save.com/fapsharing/
fikfap.com,fikfap,missing,,,download-fikfap-videos,/download-fikfap-videos,Fikfap Video Downloader,true,1,1,yt2save.com,yt2save.com,"Fikfap adult video downloader page; emphasize public videos, privacy, HD/MP4 formats, no popups, browser extension CTA, and legal/adult disclaimer.",https://yt2save.com/fikfap/
freepornhdonlinegay.com,freepornhdonlinegay,missing,,,download-freepornhdonlinegay-videos,/download-freepornhdonlinegay-videos,Freepornhdonlinegay Video Downloader,true,1,1,badassdownloader.com,badassdownloader.com,"Freepornhdonlinegay adult video downloader page; emphasize public videos, privacy, HD/MP4 formats, no popups, browser extension CTA, and legal/adult disclaimer.",https://badassdownloader.com/freepornhdonlinegay/
goodporn.com,goodporn,missing,,,download-goodporn-videos,/download-goodporn-videos,Goodporn Video Downloader,true,1,1,badassdownloader.com,badassdownloader.com,"Goodporn adult video downloader page; emphasize public videos, privacy, HD/MP4 formats, no popups, browser extension CTA, and legal/adult disclaimer.",https://badassdownloader.com/goodporn/
hardsex.com,hardsex,missing,,,download-hardsex-videos,/download-hardsex-videos,Hardsex Video Downloader,true,1,1,badassdownloader.com,badassdownloader.com,"Hardsex adult video downloader page; emphasize public videos, privacy, HD/MP4 formats, no popups, browser extension CTA, and legal/adult disclaimer.",https://badassdownloader.com/hardsex/
hentaimama.io,hentaimama,missing,,,download-hentaimama-videos,/download-hentaimama-videos,Hentaimama Video Downloader,true,1,1,badassdownloader.com,badassdownloader.com,"Hentaimama adult video downloader page; emphasize public videos, privacy, HD/MP4 formats, no popups, browser extension CTA, and legal/adult disclaimer.",https://badassdownloader.com/hentaimama-io/
hoootgayporn.com,hoootgayporn,missing,,,download-hoootgayporn-videos,/download-hoootgayporn-videos,Hoootgayporn Video Downloader,true,1,1,yt2save.com,yt2save.com,"Hoootgayporn adult video downloader page; emphasize public videos, privacy, HD/MP4 formats, no popups, browser extension CTA, and legal/adult disclaimer.",https://yt2save.com/hoootgayporn/
i-pornhub.com,i-pornhub,missing,,,download-i-pornhub-videos,/download-i-pornhub-videos,I Pornhub Video Downloader,true,1,1,saveporn.net,saveporn.net,"I Pornhub adult video downloader page; emphasize public videos, privacy, HD/MP4 formats, no popups, browser extension CTA, and legal/adult disclaimer.",https://www.saveporn.net/tr/%C3%A7evrimi%C3%A7i-pornhub-d%C3%B6n%C3%BC%C5%9Ft%C3%BCr%C3%BCc%C3%BC/
jav.com,jav,missing,,,download-jav-videos,/download-jav-videos,Jav Video Downloader,true,1,1,badassdownloader.com,badassdownloader.com,"Jav adult video downloader page; emphasize public videos, privacy, HD/MP4 formats, no popups, browser extension CTA, and legal/adult disclaimer.",https://badassdownloader.com/jav/
javbukkake.com,javbukkake,missing,,,download-javbukkake-videos,/download-javbukkake-videos,Javbukkake Video Downloader,true,1,1,yt2save.com,yt2save.com,"Javbukkake adult video downloader page; emphasize public videos, privacy, HD/MP4 formats, no popups, browser extension CTA, and legal/adult disclaimer.",https://yt2save.com/javbukkake/
javcity.com,javcity,missing,,,download-javcity-videos,/download-javcity-videos,Javcity Video Downloader,true,1,1,yt2save.com,yt2save.com,"Javcity adult video downloader page; emphasize public videos, privacy, HD/MP4 formats, no popups, browser extension CTA, and legal/adult disclaimer.",https://yt2save.com/javcity/
javfa.com,javfa,missing,,,download-javfa-videos,/download-javfa-videos,Javfa Video Downloader,true,1,1,yt2save.com,yt2save.com,"Javfa adult video downloader page; emphasize public videos, privacy, HD/MP4 formats, no popups, browser extension CTA, and legal/adult disclaimer.",https://yt2save.com/javfa/
javfree.com,javfree,missing,,,download-javfree-videos,/download-javfree-videos,Javfree Video Downloader,true,1,1,badassdownloader.com,badassdownloader.com,"Javfree adult video downloader page; emphasize public videos, privacy, HD/MP4 formats, no popups, browser extension CTA, and legal/adult disclaimer.",https://badassdownloader.com/javfree/
javgg.net,javgg,missing,,,download-javgg-videos,/download-javgg-videos,Javgg Video Downloader,true,1,1,badassdownloader.com,badassdownloader.com,"Javgg adult video downloader page; emphasize public videos, privacy, HD/MP4 formats, no popups, browser extension CTA, and legal/adult disclaimer.",https://badassdownloader.com/javgg-net/
javgrandpa.com,javgrandpa,missing,,,download-javgrandpa-videos,/download-javgrandpa-videos,Javgrandpa Video Downloader,true,1,1,yt2save.com,yt2save.com,"Javgrandpa adult video downloader page; emphasize public videos, privacy, HD/MP4 formats, no popups, browser extension CTA, and legal/adult disclaimer.",https://yt2save.com/javgrandpa/
javhay.com,javhay,missing,,,download-javhay-videos,/download-javhay-videos,Javhay Video Downloader,true,1,1,yt2save.com,yt2save.com,"Javhay adult video downloader page; emphasize public videos, privacy, HD/MP4 formats, no popups, browser extension CTA, and legal/adult disclaimer.",https://yt2save.com/javhay/
javhd3x.com,javhd3x,missing,,,download-javhd3x-videos,/download-javhd3x-videos,Javhd3x Video Downloader,true,1,1,badassdownloader.com,badassdownloader.com,"Javhd3x adult video downloader page; emphasize public videos, privacy, HD/MP4 formats, no popups, browser extension CTA, and legal/adult disclaimer.",https://badassdownloader.com/javhd3x/
javleak.com,javleak,missing,,,download-javleak-videos,/download-javleak-videos,Javleak Video Downloader,true,1,1,badassdownloader.com,badassdownloader.com,"Javleak adult video downloader page; emphasize public videos, privacy, HD/MP4 formats, no popups, browser extension CTA, and legal/adult disclaimer.",https://badassdownloader.com/javleak/
javnine.com,javnine,missing,,,download-javnine-videos,/download-javnine-videos,Javnine Video Downloader,true,1,1,yt2save.com,yt2save.com,"Javnine adult video downloader page; emphasize public videos, privacy, HD/MP4 formats, no popups, browser extension CTA, and legal/adult disclaimer.",https://yt2save.com/javnine/
javplayer.com,javplayer,missing,,,download-javplayer-videos,/download-javplayer-videos,Javplayer Video Downloader,true,1,1,yt2save.com,yt2save.com,"Javplayer adult video downloader page; emphasize public videos, privacy, HD/MP4 formats, no popups, browser extension CTA, and legal/adult disclaimer.",https://yt2save.com/javplayer/
javsky.com,javsky,missing,,,download-javsky-videos,/download-javsky-videos,Javsky Video Downloader,true,1,1,badassdownloader.com,badassdownloader.com,"Javsky adult video downloader page; emphasize public videos, privacy, HD/MP4 formats, no popups, browser extension CTA, and legal/adult disclaimer.",https://badassdownloader.com/javsky/
javsky.tv,javsky,missing,,,download-javsky-videos,/download-javsky-videos,Javsky Video Downloader,true,1,1,yt2save.com,yt2save.com,"Javsky adult video downloader page; emphasize public videos, privacy, HD/MP4 formats, no popups, browser extension CTA, and legal/adult disclaimer.",https://yt2save.com/javsky-tv/
javtubeporn.com,javtubeporn,missing,,,download-javtubeporn-videos,/download-javtubeporn-videos,Javtubeporn Video Downloader,true,1,1,badassdownloader.com,badassdownloader.com,"Javtubeporn adult video downloader page; emphasize public videos, privacy, HD/MP4 formats, no popups, browser extension CTA, and legal/adult disclaimer.",https://badassdownloader.com/javtubeporn/
javx1.com,javx1,missing,,,download-javx1-videos,/download-javx1-videos,Javx1 Video Downloader,true,1,1,badassdownloader.com,badassdownloader.com,"Javx1 adult video downloader page; emphasize public videos, privacy, HD/MP4 formats, no popups, browser extension CTA, and legal/adult disclaimer.",https://badassdownloader.com/javx1/
josporn.com,josporn,missing,,,download-josporn-videos,/download-josporn-videos,Josporn Video Downloader,true,1,1,badassdownloader.com,badassdownloader.com,"Josporn adult video downloader page; emphasize public videos, privacy, HD/MP4 formats, no popups, browser extension CTA, and legal/adult disclaimer.",https://badassdownloader.com/josporn/
justcastingporn.com,justcastingporn,missing,,,download-justcastingporn-videos,/download-justcastingporn-videos,Justcastingporn Video Downloader,true,1,1,badassdownloader.com,badassdownloader.com,"Justcastingporn adult video downloader page; emphasize public videos, privacy, HD/MP4 formats, no popups, browser extension CTA, and legal/adult disclaimer.",https://badassdownloader.com/justcastingporn/
justfamilyporn.com,justfamilyporn,missing,,,download-justfamilyporn-videos,/download-justfamilyporn-videos,Justfamilyporn Video Downloader,true,1,1,badassdownloader.com,badassdownloader.com,"Justfamilyporn adult video downloader page; emphasize public videos, privacy, HD/MP4 formats, no popups, browser extension CTA, and legal/adult disclaimer.",https://badassdownloader.com/justfamilyporn/
love4porn.com,love4porn,missing,,,download-love4porn-videos,/download-love4porn-videos,Love4porn Video Downloader,true,1,1,badassdownloader.com,badassdownloader.com,"Love4porn adult video downloader page; emphasize public videos, privacy, HD/MP4 formats, no popups, browser extension CTA, and legal/adult disclaimer.",https://badassdownloader.com/love4porn/
malinaporno.com,malinaporno,missing,,,download-malinaporno-videos,/download-malinaporno-videos,Malinaporno Video Downloader,true,1,1,badassdownloader.com,badassdownloader.com,"Malinaporno adult video downloader page; emphasize public videos, privacy, HD/MP4 formats, no popups, browser extension CTA, and legal/adult disclaimer.",https://badassdownloader.com/malinaporno/
manysex.com,manysex,missing,,,download-manysex-videos,/download-manysex-videos,Manysex Video Downloader,true,1,1,yt2save.com,yt2save.com,"Manysex adult video downloader page; emphasize public videos, privacy, HD/MP4 formats, no popups, browser extension CTA, and legal/adult disclaimer.",https://yt2save.com/manysex/
milfcaps.com,milfcaps,missing,,,download-milfcaps-videos,/download-milfcaps-videos,Milfcaps Video Downloader,true,1,1,yt2save.com,yt2save.com,"Milfcaps adult video downloader page; emphasize public videos, privacy, HD/MP4 formats, no popups, browser extension CTA, and legal/adult disclaimer.",https://yt2save.com/milfcaps/
milfvr.com,milfvr,missing,,,download-milfvr-videos,/download-milfvr-videos,Milfvr Video Downloader,true,1,1,badassdownloader.com,badassdownloader.com,"Milfvr adult video downloader page; emphasize public videos, privacy, HD/MP4 formats, no popups, browser extension CTA, and legal/adult disclaimer.",https://badassdownloader.com/milfvr/
netfapx.com,netfapx,missing,,,download-netfapx-videos,/download-netfapx-videos,Netfapx Video Downloader,true,1,1,badassdownloader.com,badassdownloader.com,"Netfapx adult video downloader page; emphasize public videos, privacy, HD/MP4 formats, no popups, browser extension CTA, and legal/adult disclaimer.",https://badassdownloader.com/netfapx/
njav.com,njav,missing,,,download-njav-videos,/download-njav-videos,Njav Video Downloader,true,1,1,yt2save.com,yt2save.com,"Njav adult video downloader page; emphasize public videos, privacy, HD/MP4 formats, no popups, browser extension CTA, and legal/adult disclaimer.",https://yt2save.com/njav/
nudes7.com,nudes7,missing,,,download-nudes7-videos,/download-nudes7-videos,Nudes7 Video Downloader,true,1,1,yt2save.com,yt2save.com,"Nudes7 adult video downloader page; emphasize public videos, privacy, HD/MP4 formats, no popups, browser extension CTA, and legal/adult disclaimer.",https://yt2save.com/nudes7/
porn4days.org,porn4days,missing,,,download-porn4days-videos,/download-porn4days-videos,Porn4days Video Downloader,true,1,1,badassdownloader.com,badassdownloader.com,"Porn4days adult video downloader page; emphasize public videos, privacy, HD/MP4 formats, no popups, browser extension CTA, and legal/adult disclaimer.",https://badassdownloader.com/porn4days-org/
pornbust.com,pornbust,missing,,,download-pornbust-videos,/download-pornbust-videos,Pornbust Video Downloader,true,1,1,badassdownloader.com,badassdownloader.com,"Pornbust adult video downloader page; emphasize public videos, privacy, HD/MP4 formats, no popups, browser extension CTA, and legal/adult disclaimer.",https://badassdownloader.com/pornbust/
porndroids.com,porndroids,missing,,,download-porndroids-videos,/download-porndroids-videos,Porndroids Video Downloader,true,1,1,badassdownloader.com,badassdownloader.com,"Porndroids adult video downloader page; emphasize public videos, privacy, HD/MP4 formats, no popups, browser extension CTA, and legal/adult disclaimer.",https://badassdownloader.com/porndroids/
pornflix.com,pornflix,missing,,,download-pornflix-videos,/download-pornflix-videos,Pornflix Video Downloader,true,1,1,badassdownloader.com,badassdownloader.com,"Pornflix adult video downloader page; emphasize public videos, privacy, HD/MP4 formats, no popups, browser extension CTA, and legal/adult disclaimer.",https://badassdownloader.com/pornflix/
pornhd3x.com,pornhd3x,missing,,,download-pornhd3x-videos,/download-pornhd3x-videos,Pornhd3x Video Downloader,true,1,1,badassdownloader.com,badassdownloader.com,"Pornhd3x adult video downloader page; emphasize public videos, privacy, HD/MP4 formats, no popups, browser extension CTA, and legal/adult disclaimer.",https://badassdownloader.com/pornhd3x/
pornhd3x.me,pornhd3x,missing,,,download-pornhd3x-videos,/download-pornhd3x-videos,Pornhd3x Video Downloader,true,1,1,badassdownloader.com,badassdownloader.com,"Pornhd3x adult video downloader page; emphasize public videos, privacy, HD/MP4 formats, no popups, browser extension CTA, and legal/adult disclaimer.",https://badassdownloader.com/pornhd3x-me/
pornhd3x.tv,pornhd3x,missing,,,download-pornhd3x-videos,/download-pornhd3x-videos,Pornhd3x Video Downloader,true,1,1,badassdownloader.com,badassdownloader.com,"Pornhd3x adult video downloader page; emphasize public videos, privacy, HD/MP4 formats, no popups, browser extension CTA, and legal/adult disclaimer.",https://badassdownloader.com/pornhd3x-tv/
pornhd4k.com,pornhd4k,missing,,,download-pornhd4k-videos,/download-pornhd4k-videos,Pornhd4k Video Downloader,true,1,1,badassdownloader.com,badassdownloader.com,"Pornhd4k adult video downloader page; emphasize public videos, privacy, HD/MP4 formats, no popups, browser extension CTA, and legal/adult disclaimer.",https://badassdownloader.com/pornhd4k/
pornhd8k.com,pornhd8k,missing,,,download-pornhd8k-videos,/download-pornhd8k-videos,Pornhd8k Video Downloader,true,1,1,badassdownloader.com,badassdownloader.com,"Pornhd8k adult video downloader page; emphasize public videos, privacy, HD/MP4 formats, no popups, browser extension CTA, and legal/adult disclaimer.",https://badassdownloader.com/pornhd8k/
pornktube.tv,pornktube,missing,,,download-pornktube-videos,/download-pornktube-videos,Pornktube Video Downloader,true,1,1,badassdownloader.com,badassdownloader.com,"Pornktube adult video downloader page; emphasize public videos, privacy, HD/MP4 formats, no popups, browser extension CTA, and legal/adult disclaimer.",https://badassdownloader.com/pornktube-tv/
pornlulu.com,pornlulu,missing,,,download-pornlulu-videos,/download-pornlulu-videos,Pornlulu Video Downloader,true,1,1,yt2save.com,yt2save.com,"Pornlulu adult video downloader page; emphasize public videos, privacy, HD/MP4 formats, no popups, browser extension CTA, and legal/adult disclaimer.",https://yt2save.com/pornlulu/
pornobr.com,pornobr,missing,,,download-pornobr-videos,/download-pornobr-videos,Pornobr Video Downloader,true,1,1,badassdownloader.com,badassdownloader.com,"Pornobr adult video downloader page; emphasize public videos, privacy, HD/MP4 formats, no popups, browser extension CTA, and legal/adult disclaimer.",https://badassdownloader.com/pornobr/
pornomovel.com,pornomovel,missing,,,download-pornomovel-videos,/download-pornomovel-videos,Pornomovel Video Downloader,true,1,1,badassdownloader.com,badassdownloader.com,"Pornomovel adult video downloader page; emphasize public videos, privacy, HD/MP4 formats, no popups, browser extension CTA, and legal/adult disclaimer.",https://badassdownloader.com/pornomovel/
pornostar.com,pornostar,missing,,,download-pornostar-videos,/download-pornostar-videos,Pornostar Video Downloader,true,1,1,saveporn.net,saveporn.net,"Pornostar adult video downloader page; emphasize public videos, privacy, HD/MP4 formats, no popups, browser extension CTA, and legal/adult disclaimer.",https://www.saveporn.net/it/pornostar/
pornostars.com,pornostars,missing,,,download-pornostars-videos,/download-pornostars-videos,Pornostars Video Downloader,true,1,1,saveporn.net,saveporn.net,"Pornostars adult video downloader page; emphasize public videos, privacy, HD/MP4 formats, no popups, browser extension CTA, and legal/adult disclaimer.",https://www.saveporn.net/de/pornostars/
pornosterren.com,pornosterren,missing,,,download-pornosterren-videos,/download-pornosterren-videos,Pornosterren Video Downloader,true,1,1,saveporn.net,saveporn.net,"Pornosterren adult video downloader page; emphasize public videos, privacy, HD/MP4 formats, no popups, browser extension CTA, and legal/adult disclaimer.",https://www.saveporn.net/nl/pornosterren/
pornovore.com,pornovore,missing,,,download-pornovore-videos,/download-pornovore-videos,Pornovore Video Downloader,true,1,1,badassdownloader.com,badassdownloader.com,"Pornovore adult video downloader page; emphasize public videos, privacy, HD/MP4 formats, no popups, browser extension CTA, and legal/adult disclaimer.",https://badassdownloader.com/pornovore/
pornrox.com,pornrox,missing,,,download-pornrox-videos,/download-pornrox-videos,Pornrox Video Downloader,true,1,1,badassdownloader.com,badassdownloader.com,"Pornrox adult video downloader page; emphasize public videos, privacy, HD/MP4 formats, no popups, browser extension CTA, and legal/adult disclaimer.",https://badassdownloader.com/pornrox/
pornsai.com,pornsai,missing,,,download-pornsai-videos,/download-pornsai-videos,Pornsai Video Downloader,true,1,1,badassdownloader.com,badassdownloader.com,"Pornsai adult video downloader page; emphasize public videos, privacy, HD/MP4 formats, no popups, browser extension CTA, and legal/adult disclaimer.",https://badassdownloader.com/pornsai/
pornwex.com,pornwex,missing,,,download-pornwex-videos,/download-pornwex-videos,Pornwex Video Downloader,true,1,1,badassdownloader.com,badassdownloader.com,"Pornwex adult video downloader page; emphasize public videos, privacy, HD/MP4 formats, no popups, browser extension CTA, and legal/adult disclaimer.",https://badassdownloader.com/pornwex/
realeporno.com,realeporno,missing,,,download-realeporno-videos,/download-realeporno-videos,Realeporno Video Downloader,true,1,1,badassdownloader.com,badassdownloader.com,"Realeporno adult video downloader page; emphasize public videos, privacy, HD/MP4 formats, no popups, browser extension CTA, and legal/adult disclaimer.",https://badassdownloader.com/realeporno/
redsex.com,redsex,missing,,,download-redsex-videos,/download-redsex-videos,Redsex Video Downloader,true,1,1,badassdownloader.com,badassdownloader.com,"Redsex adult video downloader page; emphasize public videos, privacy, HD/MP4 formats, no popups, browser extension CTA, and legal/adult disclaimer.",https://badassdownloader.com/redsex/
s-jav.com,s-jav,missing,,,download-s-jav-videos,/download-s-jav-videos,S Jav Video Downloader,true,1,1,yt2save.com,yt2save.com,"S Jav adult video downloader page; emphasize public videos, privacy, HD/MP4 formats, no popups, browser extension CTA, and legal/adult disclaimer.",https://yt2save.com/s-jav/
shemaletube.com,shemaletube,missing,,,download-shemaletube-videos,/download-shemaletube-videos,Shemaletube Video Downloader,true,1,1,yt2save.com,yt2save.com,"Shemaletube adult video downloader page; emphasize public videos, privacy, HD/MP4 formats, no popups, browser extension CTA, and legal/adult disclaimer.",https://yt2save.com/shemaletube/
swingerpornfun.com,swingerpornfun,missing,,,download-swingerpornfun-videos,/download-swingerpornfun-videos,Swingerpornfun Video Downloader,true,1,1,badassdownloader.com,badassdownloader.com,"Swingerpornfun adult video downloader page; emphasize public videos, privacy, HD/MP4 formats, no popups, browser extension CTA, and legal/adult disclaimer.",https://badassdownloader.com/swingerpornfun/
theporn.com,theporn,missing,,,download-theporn-videos,/download-theporn-videos,Theporn Video Downloader,true,1,1,badassdownloader.com,badassdownloader.com,"Theporn adult video downloader page; emphasize public videos, privacy, HD/MP4 formats, no popups, browser extension CTA, and legal/adult disclaimer.",https://badassdownloader.com/theporn/
theporndude.com,theporndude,missing,,,download-theporndude-videos,/download-theporndude-videos,Theporndude Video Downloader,true,1,1,tubeoffline.com,tubeoffline.com,"Theporndude adult video downloader page; emphasize public videos, privacy, HD/MP4 formats, no popups, browser extension CTA, and legal/adult disclaimer.",https://www.tubeoffline.com/download-ThePornDude-videos.php
tojav.com,tojav,missing,,,download-tojav-videos,/download-tojav-videos,Tojav Video Downloader,true,1,1,yt2save.com,yt2save.com,"Tojav adult video downloader page; emphasize public videos, privacy, HD/MP4 formats, no popups, browser extension CTA, and legal/adult disclaimer.",https://yt2save.com/tojav/
trashxxx.com,trashxxx,missing,,,download-trashxxx-videos,/download-trashxxx-videos,Trashxxx Video Downloader,true,1,1,badassdownloader.com,badassdownloader.com,"Trashxxx adult video downloader page; emphasize public videos, privacy, HD/MP4 formats, no popups, browser extension CTA, and legal/adult disclaimer.",https://badassdownloader.com/trashxxx/
veporn.com,veporn,missing,,,download-veporn-videos,/download-veporn-videos,Veporn Video Downloader,true,1,1,badassdownloader.com,badassdownloader.com,"Veporn adult video downloader page; emphasize public videos, privacy, HD/MP4 formats, no popups, browser extension CTA, and legal/adult disclaimer.",https://badassdownloader.com/veporn/
videomanysex.com,videomanysex,missing,,,download-videomanysex-videos,/download-videomanysex-videos,Videomanysex Video Downloader,true,1,1,yt2save.com,yt2save.com,"Videomanysex adult video downloader page; emphasize public videos, privacy, HD/MP4 formats, no popups, browser extension CTA, and legal/adult disclaimer.",https://yt2save.com/videomanysex/
whereismyporn.com,whereismyporn,missing,,,download-whereismyporn-videos,/download-whereismyporn-videos,Whereismyporn Video Downloader,true,1,1,badassdownloader.com,badassdownloader.com,"Whereismyporn adult video downloader page; emphasize public videos, privacy, HD/MP4 formats, no popups, browser extension CTA, and legal/adult disclaimer.",https://badassdownloader.com/whereismyporn/
xnxxx.com,xnxxx,missing,,,download-xnxxx-videos,/download-xnxxx-videos,Xnxxx Video Downloader,true,1,1,tubeoffline.com,tubeoffline.com,"Xnxxx adult video downloader page; emphasize public videos, privacy, HD/MP4 formats, no popups, browser extension CTA, and legal/adult disclaimer.",https://www.tubeoffline.com/download-XNxxx-videos.php
xporn.com,xporn,missing,,,download-xporn-videos,/download-xporn-videos,Xporn Video Downloader,true,1,1,badassdownloader.com,badassdownloader.com,"Xporn adult video downloader page; emphasize public videos, privacy, HD/MP4 formats, no popups, browser extension CTA, and legal/adult disclaimer.",https://badassdownloader.com/xporn/
xvideosa.com,xvideosa,missing,,,download-xvideosa-videos,/download-xvideosa-videos,Xvideosa Video Downloader,true,1,1,saveporn.net,saveporn.net,"Xvideosa adult video downloader page; emphasize public videos, privacy, HD/MP4 formats, no popups, browser extension CTA, and legal/adult disclaimer.",https://www.saveporn.net/hr/izvanmre%C5%BEno-preuzimanje-xvideosa/
xvideostream.com,xvideostream,missing,,,download-xvideostream-videos,/download-xvideostream-videos,Xvideostream Video Downloader,true,1,1,yt2save.com,yt2save.com,"Xvideostream adult video downloader page; emphasize public videos, privacy, HD/MP4 formats, no popups, browser extension CTA, and legal/adult disclaimer.",https://yt2save.com/xvideostream/
xxxdesisexvideos.com,xxxdesisexvideos,missing,,,download-xxxdesisexvideos-videos,/download-xxxdesisexvideos-videos,Xxxdesisexvideos Video Downloader,true,1,1,badassdownloader.com,badassdownloader.com,"Xxxdesisexvideos adult video downloader page; emphasize public videos, privacy, HD/MP4 formats, no popups, browser extension CTA, and legal/adult disclaimer.",https://badassdownloader.com/xxxdesisexvideos/
xxxwow.com,xxxwow,missing,,,download-xxxwow-videos,/download-xxxwow-videos,Xxxwow Video Downloader,true,1,1,yt2save.com,yt2save.com,"Xxxwow adult video downloader page; emphasize public videos, privacy, HD/MP4 formats, no popups, browser extension CTA, and legal/adult disclaimer.",https://yt2save.com/xxxwow/
youjav.com,youjav,missing,,,download-youjav-videos,/download-youjav-videos,Youjav Video Downloader,true,1,1,yt2save.com,yt2save.com,"Youjav adult video downloader page; emphasize public videos, privacy, HD/MP4 formats, no popups, browser extension CTA, and legal/adult disclaimer.",https://yt2save.com/youjav/
youpornzz.com,youpornzz,missing,,,download-youpornzz-videos,/download-youpornzz-videos,Youpornzz Video Downloader,true,1,1,yt2save.com,yt2save.com,"Youpornzz adult video downloader page; emphasize public videos, privacy, HD/MP4 formats, no popups, browser extension CTA, and legal/adult disclaimer.",https://yt2save.com/youpornzz/
