tool_id,catalog_state,operation,from,to,processing_location,engine,sweep_status,sweep_note,sweep_commit,keyword,keyword_match,alias_tool_id,same_format,global_volume,us_volume,kd,global_traffic_potential,us_traffic_potential,keyword_source,alias_keywords,alias_global_volume
3g2-to-mp4,live,convert,3g2,mp4,client-only,ffmpeg-wasm,pass,format check: signature,ca5b9a53e93a,3g2 to mp4,exact,,,200,100,0,60,60,ahrefs-2026-01,,
3gp-to-aac,live,convert,3gp,aac,client-only,ffmpeg-wasm,pass,format check: none,ca5b9a53e93a,,,,,,,,,,,,
3gp-to-aiff,live,convert,3gp,aiff,client-only,ffmpeg-wasm,pass,format check: signature,ca5b9a53e93a,,,,,,,,,,,,
3gp-to-alac,live,convert,3gp,alac,client-only,ffmpeg-wasm,pass,format check: none,ca5b9a53e93a,,,,,,,,,,,,
3gp-to-amr,live,convert,3gp,amr,client-only,ffmpeg-wasm,error,FFmpeg failed with exit code 1 [Unknown encoder 'libopencore_amrnb'],ca5b9a53e93a,,,,,,,,,,,,
3gp-to-asf,live,convert,3gp,asf,client-only,ffmpeg-wasm,pass,format check: none,ca5b9a53e93a,,,,,,,,,,,,
3gp-to-au,live,convert,3gp,au,client-only,ffmpeg-wasm,pass,format check: none,ca5b9a53e93a,,,,,,,,,,,,
3gp-to-av1,live,convert,3gp,av1,client-only,ffmpeg-wasm + webcodecs,pass,format check: signature,d0d2843e65ce,,,,,,,,,,,,
3gp-to-avchd,live,convert,3gp,avchd,client-only,ffmpeg-wasm,pass,format check: none,ca5b9a53e93a,,,,,,,,,,,,
3gp-to-avi,live,convert,3gp,avi,client-only,ffmpeg-wasm,pass,format check: signature,ca5b9a53e93a,,,,,,,,,,,,
3gp-to-caf,live,convert,3gp,caf,client-only,ffmpeg-wasm,pass,format check: none,ca5b9a53e93a,,,,,,,,,,,,
3gp-to-cdda,live,convert,3gp,cdda,client-only,ffmpeg-wasm,pass,format check: none,ca5b9a53e93a,,,,,,,,,,,,
3gp-to-divx,live,convert,3gp,divx,client-only,ffmpeg-wasm,pass,format check: none,ca5b9a53e93a,,,,,,,,,,,,
3gp-to-f4v,live,convert,3gp,f4v,client-only,ffmpeg-wasm,pass,format check: none,ca5b9a53e93a,,,,,,,,,,,,
3gp-to-flac,live,convert,3gp,flac,client-only,ffmpeg-wasm,pass,format check: signature,ca5b9a53e93a,,,,,,,,,,,,
3gp-to-flv,live,convert,3gp,flv,client-only,ffmpeg-wasm,pass,format check: signature,ca5b9a53e93a,,,,,,,,,,,,
3gp-to-gif,live,convert,3gp,gif,client-only,ffmpeg-wasm,pass,format check: signature,ca5b9a53e93a,,,,,,,,,,,,
3gp-to-hevc,live,convert,3gp,hevc,client-only,ffmpeg-wasm + webcodecs,pass,format check: signature,d0d2843e65ce,,,,,,,,,,,,
3gp-to-m2ts,live,convert,3gp,m2ts,client-only,ffmpeg-wasm,pass,format check: none,ca5b9a53e93a,,,,,,,,,,,,
3gp-to-m4a,live,convert,3gp,m4a,client-only,ffmpeg-wasm,pass,format check: signature,ca5b9a53e93a,,,,,,,,,,,,
3gp-to-m4r,live,convert,3gp,m4r,client-only,ffmpeg-wasm,pass,format check: signature,ca5b9a53e93a,,,,,,,,,,,,
3gp-to-m4v,live,convert,3gp,m4v,client-only,ffmpeg-wasm,pass,format check: signature,ca5b9a53e93a,,,,,,,,,,,,
3gp-to-mjpeg,live,convert,3gp,mjpeg,client-only,ffmpeg-wasm,pass,format check: none,ca5b9a53e93a,,,,,,,,,,,,
3gp-to-mkv,live,convert,3gp,mkv,client-only,ffmpeg-wasm,pass,format check: signature,ca5b9a53e93a,,,,,,,,,,,,
3gp-to-mov,live,convert,3gp,mov,client-only,ffmpeg-wasm,pass,format check: signature,ca5b9a53e93a,3gp to mov,exact,,,150,70,0,40,40,ahrefs-2026-01,,
3gp-to-mp2,live,convert,3gp,mp2,client-only,ffmpeg-wasm,pass,format check: none,ca5b9a53e93a,,,,,,,,,,,,
3gp-to-mp3,live,convert,3gp,mp3,client-only,ffmpeg-wasm,pass,format check: signature,ca5b9a53e93a,3gp to mp3,exact,,,1100,300,1,800,400,ahrefs-2026-01,,
3gp-to-mp4,live,convert,3gp,mp4,client-only,ffmpeg-wasm,pass,format check: signature,ca5b9a53e93a,3gp to mp4,exact,,,4400,1000,2,2700,1100,ahrefs-2026-01,,
3gp-to-mpeg,live,convert,3gp,mpeg,client-only,ffmpeg-wasm,pass,format check: none,ca5b9a53e93a,,,,,,,,,,,,
3gp-to-mpeg2,live,convert,3gp,mpeg2,client-only,ffmpeg-wasm,pass,format check: none,ca5b9a53e93a,,,,,,,,,,,,
3gp-to-mpg,live,convert,3gp,mpg,client-only,ffmpeg-wasm,pass,format check: none,ca5b9a53e93a,,,,,,,,,,,,
3gp-to-mts,live,convert,3gp,mts,client-only,ffmpeg-wasm,pass,format check: none,ca5b9a53e93a,,,,,,,,,,,,
3gp-to-mxf,live,convert,3gp,mxf,client-only,ffmpeg-wasm,pass,format check: none,5a318b697fbf,,,,,,,,,,,,
3gp-to-oga,live,convert,3gp,oga,client-only,ffmpeg-wasm,pass,format check: signature,ca5b9a53e93a,,,,,,,,,,,,
3gp-to-ogg,live,convert,3gp,ogg,client-only,ffmpeg-wasm,pass,format check: signature,ca5b9a53e93a,,,,,,,,,,,,
3gp-to-opus,live,convert,3gp,opus,client-only,ffmpeg-wasm,pass,format check: signature,ca5b9a53e93a,,,,,,,,,,,,
3gp-to-rm,live,convert,3gp,rm,server-first-client-fallback,"server-video, then ffmpeg-wasm",pass,format check: none,ca5b9a53e93a,,,,,,,,,,,,
3gp-to-rmvb,retired,convert,3gp,rmvb,unknown,,not swept,the sweep runs live Tools only,,,,,,,,,,,,,
3gp-to-ts,live,convert,3gp,ts,client-only,ffmpeg-wasm,pass,format check: none,ca5b9a53e93a,,,,,,,,,,,,
3gp-to-vob,live,convert,3gp,vob,client-only,ffmpeg-wasm,pass,format check: none,ca5b9a53e93a,,,,,,,,,,,,
3gp-to-wav,live,convert,3gp,wav,client-only,ffmpeg-wasm,pass,format check: signature,ca5b9a53e93a,,,,,,,,,,,,
3gp-to-webm,live,convert,3gp,webm,client-only,ffmpeg-wasm,pass,format check: signature,ca5b9a53e93a,,,,,,,,,,,,
3gp-to-wma,live,convert,3gp,wma,client-only,ffmpeg-wasm,pass,format check: none,ca5b9a53e93a,,,,,,,,,,,,
,not built,convert,7z,jar,,,,,,7z to jar,none,,,,,,,,ahrefs-2026-01,,
,not built,convert,7z,zip,,,,,,7z to zip,none,,,10000,3100,12,4300,1500,ahrefs-2026-01,,
aac-to-aiff,live,convert,aac,aiff,client-only,ffmpeg-wasm,pass,format check: signature,ca5b9a53e93a,,,,,,,,,,,,
aac-to-alac,live,convert,aac,alac,client-only,ffmpeg-wasm,pass,format check: none,ca5b9a53e93a,,,,,,,,,,,,
aac-to-amr,live,convert,aac,amr,client-only,ffmpeg-wasm,error,FFmpeg failed with exit code 1 [Unknown encoder 'libopencore_amrnb'],ca5b9a53e93a,,,,,,,,,,,,
aac-to-au,live,convert,aac,au,client-only,ffmpeg-wasm,pass,format check: none,ca5b9a53e93a,,,,,,,,,,,,
aac-to-caf,live,convert,aac,caf,client-only,ffmpeg-wasm,pass,format check: none,ca5b9a53e93a,,,,,,,,,,,,
aac-to-cdda,live,convert,aac,cdda,client-only,ffmpeg-wasm,pass,format check: none,ca5b9a53e93a,,,,,,,,,,,,
aac-to-flac,live,convert,aac,flac,client-only,ffmpeg-wasm,pass,format check: signature,ca5b9a53e93a,aac to flac,exact,,,80,20,0,10,10,ahrefs-2026-01,,
aac-to-m4a,live,convert,aac,m4a,client-only,ffmpeg-wasm,pass,format check: signature,ca5b9a53e93a,,,,,,,,,,,,
aac-to-m4r,live,convert,aac,m4r,client-only,ffmpeg-wasm,pass,format check: signature,ca5b9a53e93a,,,,,,,,,,,,
aac-to-mp2,live,convert,aac,mp2,client-only,ffmpeg-wasm,pass,format check: none,ca5b9a53e93a,,,,,,,,,,,,
aac-to-mp3,live,convert,aac,mp3,client-only,ffmpeg-wasm,pass,format check: signature,ca5b9a53e93a,aac to mp3,exact,,,28000,1200,27,14000,1200,ahrefs-2026-01,,
aac-to-mp4,live,convert,aac,mp4,client-only,ffmpeg-wasm,pass,format check: signature,ca5b9a53e93a,aac to mp4,exact,,,1800,150,0,600,100,ahrefs-2026-01,,
aac-to-oga,live,convert,aac,oga,client-only,ffmpeg-wasm,pass,format check: signature,ca5b9a53e93a,,,,,,,,,,,,
aac-to-ogg,live,convert,aac,ogg,client-only,ffmpeg-wasm,pass,format check: signature,ca5b9a53e93a,,,,,,,,,,,,
aac-to-opus,live,convert,aac,opus,client-only,ffmpeg-wasm,pass,format check: signature,ca5b9a53e93a,,,,,,,,,,,,
aac-to-wav,live,convert,aac,wav,client-only,ffmpeg-wasm,pass,format check: signature,ca5b9a53e93a,aac to wav,exact,,,3600,250,1,1300,90,ahrefs-2026-01,,
aac-to-wma,live,convert,aac,wma,client-only,ffmpeg-wasm,pass,format check: none,ca5b9a53e93a,,,,,,,,,,,,
aaf-to-mp4,retired,convert,aaf,mp4,unknown,,not swept,the sweep runs live Tools only,,aaf to mp4,exact,,,60,40,0,20,20,ahrefs-2026-01,,
,not built,convert,ac3,dts,,,,,,ac3 to dts,none,,,10,,,,,ahrefs-2026-01,,
,not built,convert,ai,ai,,,,,,ai to ai,none,,yes,150,40,54,2100,600,ahrefs-2026-01,,
ai-to-arw,retired,convert,ai,arw,unknown,,not swept,the sweep runs live Tools only,,ai to arw,exact,,,,,,,,ahrefs-2026-01,,
,not built,convert,ai,avif,,,,,,ai to avif,none,,,,,,,,ahrefs-2026-01,,
ai-to-bmp,live,convert,ai,bmp,client-only,pdfjs,pass,format check: signature,5a318b697fbf,ai to bmp,exact,,,20,,,,,ahrefs-2026-01,,
ai-to-cr2,retired,convert,ai,cr2,unknown,,not swept,the sweep runs live Tools only,,ai to cr2,exact,,,,,,,,ahrefs-2026-01,,
ai-to-cr3,retired,convert,ai,cr3,unknown,,not swept,the sweep runs live Tools only,,ai to cr3,exact,,,,,,,,ahrefs-2026-01,,
ai-to-cur,live,convert,ai,cur,client-only,pdfjs,pass,format check: signature,5a318b697fbf,ai to cur,exact,,,,,,,,ahrefs-2026-01,,
ai-to-dds,live,convert,ai,dds,client-only,pdfjs,pass,format check: signature,5a318b697fbf,ai to dds,exact,,,,,,,,ahrefs-2026-01,,
ai-to-dng,retired,convert,ai,dng,unknown,,not swept,the sweep runs live Tools only,,ai to dng,exact,,,,,,,,ahrefs-2026-01,,
,not built,convert,ai,dxf,,,,,,ai to dxf,none,,,900,70,0,250,100,ahrefs-2026-01,,
,not built,convert,ai,eps,,,,,,ai to eps,none,,,700,90,1,300,90,ahrefs-2026-01,,
,not built,convert,ai,fig,,,,,,ai to fig,none,,,30,,,,,ahrefs-2026-01,,
ai-to-gif,live,convert,ai,gif,client-only,pdfjs,pass,format check: signature,5a318b697fbf,ai to gif,exact,,,60,10,,,,ahrefs-2026-01,,
,not built,convert,ai,heic,,,,,,ai to heic,none,,,,,,,,ahrefs-2026-01,,
,not built,convert,ai,heif,,,,,,ai to heif,none,,,,,,,,ahrefs-2026-01,,
,not built,convert,ai,icns,,,,,,ai to icns,none,,,,,,,,ahrefs-2026-01,,
ai-to-ico,live,convert,ai,ico,client-only,pdfjs,pass,format check: signature,5a318b697fbf,ai to ico,exact,,,30,,,,,ahrefs-2026-01,,
,not built,convert,ai,jfif,,,,,,ai to jfif,none,,,,,,,,ahrefs-2026-01,,
,not built,convert,ai,jif,,,,,,ai to jif,none,,,,,,,,ahrefs-2026-01,,
ai-to-jpeg,live,convert,ai,jpeg,client-only,pdfjs,pass,format check: signature,ca5b9a53e93a,ai to jpeg,exact,,,1000,150,0,250,80,ahrefs-2026-01,,
ai-to-jpg,live,convert,ai,jpg,client-only,pdfjs,pass,format check: signature,ca5b9a53e93a,ai to jpg,exact,,,5800,700,0,4500,1000,ahrefs-2026-01,,
,not built,convert,ai,jxl,,,,,,ai to jxl,none,,,,,,,,ahrefs-2026-01,,
,not built,convert,ai,ktx,,,,,,ai to ktx,none,,,,,,,,ahrefs-2026-01,,
,not built,convert,ai,ktx2,,,,,,ai to ktx2,none,,,,,,,,ahrefs-2026-01,,
,not built,convert,ai,nef,,,,,,ai to nef,none,,,,,,,,ahrefs-2026-01,,
,not built,convert,ai,orf,,,,,,ai to orf,none,,,,,,,,ahrefs-2026-01,,
,not built,convert,ai,pam,,,,,,ai to pam,none,,,,,,,,ahrefs-2026-01,,
,not built,convert,ai,pbm,,,,,,ai to pbm,none,,,,,,,,ahrefs-2026-01,,
,not built,convert,ai,pcx,,,,,,ai to pcx,none,,,,,,,,ahrefs-2026-01,,
ai-to-pdf,live,convert,ai,pdf,client-only,pdfjs,pass,format check: signature,5a318b697fbf,ai to pdf,exact,,,11000,700,4,8400,1100,ahrefs-2026-01,,
,not built,convert,ai,pgm,,,,,,ai to pgm,none,,,,,,,,ahrefs-2026-01,,
ai-to-png,live,convert,ai,png,client-only,pdfjs,pass,format check: signature,ca5b9a53e93a,ai to png,exact,,,13000,1600,1,9100,2100,ahrefs-2026-01,,
,not built,convert,ai,ppm,,,,,,ai to ppm,none,,,,,,,,ahrefs-2026-01,,
,not built,convert,ai,psd,,,,,,ai to psd,none,,,2000,100,0,1400,100,ahrefs-2026-01,,
,not built,convert,ai,raf,,,,,,ai to raf,none,,,,,,,,ahrefs-2026-01,,
,not built,convert,ai,rw2,,,,,,ai to rw2,none,,,,,,,,ahrefs-2026-01,,
ai-to-svg,live,convert,ai,svg,client-only,pdfjs,pass,format check: signature,ca5b9a53e93a,ai to svg,exact,,,7700,700,39,4900,1200,ahrefs-2026-01,,
ai-to-tga,live,convert,ai,tga,client-only,pdfjs,pass,format check: none,56f3f6e87c66,ai to tga,exact,,,,,,,,ahrefs-2026-01,,
ai-to-tif,live,convert,ai,tif,client-only,pdfjs,pass,format check: signature,5a318b697fbf,ai to tif,exact,,,,,,,,ahrefs-2026-01,,
ai-to-tiff,live,convert,ai,tiff,client-only,pdfjs,pass,format check: signature,5a318b697fbf,ai to tiff,exact,,,90,20,,,,ahrefs-2026-01,,
ai-to-webp,live,convert,ai,webp,client-only,pdfjs,pass,format check: signature,5a318b697fbf,ai to webp,exact,,,10,,,,,ahrefs-2026-01,,
,not built,convert,ai,xbm,,,,,,ai to xbm,none,,,,,,,,ahrefs-2026-01,,
aif-to-aac,live,convert,aif,aac,client-only,ffmpeg-wasm,pass,format check: none,ca5b9a53e93a,,,,,,,,,,,,
aif-to-aiff,live,convert,aif,aiff,client-only,ffmpeg-wasm,pass,format check: signature,ca5b9a53e93a,,,,,,,,,,,,
aif-to-alac,live,convert,aif,alac,client-only,ffmpeg-wasm,pass,format check: none,ca5b9a53e93a,,,,,,,,,,,,
aif-to-amr,live,convert,aif,amr,client-only,ffmpeg-wasm,error,FFmpeg failed with exit code 1 [Unknown encoder 'libopencore_amrnb'],ca5b9a53e93a,,,,,,,,,,,,
aif-to-au,live,convert,aif,au,client-only,ffmpeg-wasm,pass,format check: none,ca5b9a53e93a,,,,,,,,,,,,
aif-to-caf,live,convert,aif,caf,client-only,ffmpeg-wasm,pass,format check: none,ca5b9a53e93a,,,,,,,,,,,,
aif-to-cdda,live,convert,aif,cdda,client-only,ffmpeg-wasm,pass,format check: none,ca5b9a53e93a,,,,,,,,,,,,
aif-to-flac,live,convert,aif,flac,client-only,ffmpeg-wasm,pass,format check: signature,ca5b9a53e93a,,,,,,,,,,,,
aif-to-m4a,live,convert,aif,m4a,client-only,ffmpeg-wasm,pass,format check: signature,ca5b9a53e93a,,,,,,,,,,,,
aif-to-m4r,live,convert,aif,m4r,client-only,ffmpeg-wasm,pass,format check: signature,ca5b9a53e93a,,,,,,,,,,,,
aif-to-mp2,live,convert,aif,mp2,client-only,ffmpeg-wasm,pass,format check: none,ca5b9a53e93a,,,,,,,,,,,,
aif-to-mp3,live,convert,aif,mp3,client-only,ffmpeg-wasm,pass,format check: signature,ca5b9a53e93a,aif to mp3,exact,,,2400,800,1,900,400,ahrefs-2026-01,,
aif-to-oga,live,convert,aif,oga,client-only,ffmpeg-wasm,pass,format check: signature,ca5b9a53e93a,,,,,,,,,,,,
aif-to-ogg,live,convert,aif,ogg,client-only,ffmpeg-wasm,pass,format check: signature,ca5b9a53e93a,,,,,,,,,,,,
aif-to-opus,live,convert,aif,opus,client-only,ffmpeg-wasm,pass,format check: signature,ca5b9a53e93a,,,,,,,,,,,,
aif-to-wav,live,convert,aif,wav,client-only,ffmpeg-wasm,pass,format check: signature,ca5b9a53e93a,,,,,,,,,,,,
aif-to-wma,live,convert,aif,wma,client-only,ffmpeg-wasm,pass,format check: none,ca5b9a53e93a,,,,,,,,,,,,
aifc-to-mp3,live,convert,aifc,mp3,client-only,ffmpeg-wasm,no_fixture,no ready aifc fixture in fixture-matrix.json,ca5b9a53e93a,aifc to mp3,exact,,,1200,300,0,450,350,ahrefs-2026-01,,
aiff-to-aac,live,convert,aiff,aac,client-only,ffmpeg-wasm,pass,format check: none,ca5b9a53e93a,,,,,,,,,,,,
aiff-to-alac,live,convert,aiff,alac,client-only,ffmpeg-wasm,pass,format check: none,ca5b9a53e93a,,,,,,,,,,,,
aiff-to-amr,live,convert,aiff,amr,client-only,ffmpeg-wasm,error,FFmpeg failed with exit code 1 [Unknown encoder 'libopencore_amrnb'],ca5b9a53e93a,,,,,,,,,,,,
aiff-to-au,live,convert,aiff,au,client-only,ffmpeg-wasm,pass,format check: none,ca5b9a53e93a,,,,,,,,,,,,
aiff-to-caf,live,convert,aiff,caf,client-only,ffmpeg-wasm,pass,format check: none,ca5b9a53e93a,,,,,,,,,,,,
aiff-to-cdda,live,convert,aiff,cdda,client-only,ffmpeg-wasm,pass,format check: none,ca5b9a53e93a,,,,,,,,,,,,
aiff-to-flac,live,convert,aiff,flac,client-only,ffmpeg-wasm,pass,format check: signature,ca5b9a53e93a,aiff to flac,exact,,,100,40,0,10,10,ahrefs-2026-01,,
aiff-to-m4a,live,convert,aiff,m4a,client-only,ffmpeg-wasm,pass,format check: signature,ca5b9a53e93a,aiff to m4a,exact,,,40,20,,,,ahrefs-2026-01,,
aiff-to-m4r,live,convert,aiff,m4r,client-only,ffmpeg-wasm,pass,format check: signature,ca5b9a53e93a,,,,,,,,,,,,
aiff-to-mp2,live,convert,aiff,mp2,client-only,ffmpeg-wasm,pass,format check: none,ca5b9a53e93a,,,,,,,,,,,,
aiff-to-mp3,live,convert,aiff,mp3,client-only,ffmpeg-wasm,pass,format check: signature,ca5b9a53e93a,aiff to mp3,exact,,,6800,1700,4,3300,1200,ahrefs-2026-01,,
aiff-to-oga,live,convert,aiff,oga,client-only,ffmpeg-wasm,pass,format check: signature,ca5b9a53e93a,,,,,,,,,,,,
aiff-to-ogg,live,convert,aiff,ogg,client-only,ffmpeg-wasm,pass,format check: signature,ca5b9a53e93a,,,,,,,,,,,,
aiff-to-opus,live,convert,aiff,opus,client-only,ffmpeg-wasm,pass,format check: signature,ca5b9a53e93a,,,,,,,,,,,,
aiff-to-wav,live,convert,aiff,wav,client-only,ffmpeg-wasm,pass,format check: signature,ca5b9a53e93a,aiff to wav,exact,,,1400,400,0,400,200,ahrefs-2026-01,,
aiff-to-wma,live,convert,aiff,wma,client-only,ffmpeg-wasm,pass,format check: none,ca5b9a53e93a,,,,,,,,,,,,
alac-to-aac,live,convert,alac,aac,client-only,ffmpeg-wasm,pass,format check: none,ca5b9a53e93a,,,,,,,,,,,,
alac-to-aiff,live,convert,alac,aiff,client-only,ffmpeg-wasm,pass,format check: signature,ca5b9a53e93a,,,,,,,,,,,,
alac-to-amr,live,convert,alac,amr,client-only,ffmpeg-wasm,error,FFmpeg failed with exit code 1 [Unknown encoder 'libopencore_amrnb'],ca5b9a53e93a,,,,,,,,,,,,
alac-to-au,live,convert,alac,au,client-only,ffmpeg-wasm,pass,format check: none,ca5b9a53e93a,,,,,,,,,,,,
alac-to-caf,live,convert,alac,caf,client-only,ffmpeg-wasm,pass,format check: none,ca5b9a53e93a,,,,,,,,,,,,
alac-to-cdda,live,convert,alac,cdda,client-only,ffmpeg-wasm,pass,format check: none,ca5b9a53e93a,,,,,,,,,,,,
alac-to-flac,live,convert,alac,flac,client-only,ffmpeg-wasm,pass,format check: signature,ca5b9a53e93a,,,,,,,,,,,,
alac-to-m4a,live,convert,alac,m4a,client-only,ffmpeg-wasm,pass,format check: signature,ca5b9a53e93a,,,,,,,,,,,,
alac-to-m4r,live,convert,alac,m4r,client-only,ffmpeg-wasm,pass,format check: signature,ca5b9a53e93a,,,,,,,,,,,,
alac-to-mp2,live,convert,alac,mp2,client-only,ffmpeg-wasm,pass,format check: none,ca5b9a53e93a,,,,,,,,,,,,
alac-to-mp3,live,convert,alac,mp3,client-only,ffmpeg-wasm,pass,format check: signature,ca5b9a53e93a,,,,,,,,,,,,
alac-to-oga,live,convert,alac,oga,client-only,ffmpeg-wasm,pass,format check: signature,ca5b9a53e93a,,,,,,,,,,,,
alac-to-ogg,live,convert,alac,ogg,client-only,ffmpeg-wasm,pass,format check: signature,ca5b9a53e93a,,,,,,,,,,,,
alac-to-opus,live,convert,alac,opus,client-only,ffmpeg-wasm,pass,format check: signature,ca5b9a53e93a,,,,,,,,,,,,
alac-to-wav,live,convert,alac,wav,client-only,ffmpeg-wasm,pass,format check: signature,ca5b9a53e93a,,,,,,,,,,,,
alac-to-wma,live,convert,alac,wma,client-only,ffmpeg-wasm,pass,format check: none,ca5b9a53e93a,,,,,,,,,,,,
amr-to-aac,live,convert,amr,aac,client-only,ffmpeg-wasm,pass,format check: none,ca5b9a53e93a,,,,,,,,,,,,
amr-to-aiff,live,convert,amr,aiff,client-only,ffmpeg-wasm,pass,format check: signature,ca5b9a53e93a,,,,,,,,,,,,
amr-to-alac,live,convert,amr,alac,client-only,ffmpeg-wasm,pass,format check: none,ca5b9a53e93a,,,,,,,,,,,,
amr-to-au,live,convert,amr,au,client-only,ffmpeg-wasm,pass,format check: none,ca5b9a53e93a,,,,,,,,,,,,
amr-to-caf,live,convert,amr,caf,client-only,ffmpeg-wasm,pass,format check: none,ca5b9a53e93a,,,,,,,,,,,,
amr-to-cdda,live,convert,amr,cdda,client-only,ffmpeg-wasm,pass,format check: none,ca5b9a53e93a,,,,,,,,,,,,
amr-to-flac,live,convert,amr,flac,client-only,ffmpeg-wasm,pass,format check: signature,ca5b9a53e93a,,,,,,,,,,,,
amr-to-m4a,live,convert,amr,m4a,client-only,ffmpeg-wasm,pass,format check: signature,ca5b9a53e93a,,,,,,,,,,,,
amr-to-m4r,live,convert,amr,m4r,client-only,ffmpeg-wasm,pass,format check: signature,ca5b9a53e93a,,,,,,,,,,,,
amr-to-mp2,live,convert,amr,mp2,server-first-client-fallback,"server-video, then ffmpeg-wasm",pass,format check: none,ca5b9a53e93a,,,,,,,,,,,,
amr-to-mp3,live,convert,amr,mp3,client-only,ffmpeg-wasm,pass,format check: signature,ca5b9a53e93a,amr to mp3,exact,,,4400,1800,3,3600,2000,ahrefs-2026-01,,
amr-to-oga,live,convert,amr,oga,server-first-client-fallback,"server-video, then ffmpeg-wasm",pass,format check: signature,ca5b9a53e93a,,,,,,,,,,,,
amr-to-ogg,live,convert,amr,ogg,server-first-client-fallback,"server-video, then ffmpeg-wasm",pass,format check: signature,ca5b9a53e93a,,,,,,,,,,,,
amr-to-opus,live,convert,amr,opus,client-only,ffmpeg-wasm,pass,format check: signature,ca5b9a53e93a,,,,,,,,,,,,
amr-to-wav,live,convert,amr,wav,client-only,ffmpeg-wasm,pass,format check: signature,ca5b9a53e93a,amr to wav,exact,,,350,150,0,100,100,ahrefs-2026-01,,
amr-to-wma,live,convert,amr,wma,client-only,ffmpeg-wasm,pass,format check: none,ca5b9a53e93a,,,,,,,,,,,,
ape-to-flac,retired,convert,ape,flac,unknown,,not swept,the sweep runs live Tools only,,ape to flac,exact,,,250,30,0,30,20,ahrefs-2026-01,,
ape-to-mp3,retired,convert,ape,mp3,unknown,,not swept,the sweep runs live Tools only,,ape to mp3,exact,,,300,50,0,30,20,ahrefs-2026-01,,
apng-to-gif,live,convert,apng,gif,client-only,browser-raster,pass,format check: signature,ca5b9a53e93a,apng to gif,exact,,,2500,700,3,6400,2000,ahrefs-2026-01,,
,not built,convert,arw,arw,,,,,,arw to arw,none,,yes,,,,,,ahrefs-2026-01,,
arw-to-avif,live,convert,arw,avif,client-only,imagemagick-wasm,pass,format check: signature,ca5b9a53e93a,arw to avif,exact,,,,,,,,ahrefs-2026-01,,
arw-to-bmp,live,convert,arw,bmp,client-only,imagemagick-wasm,pass,format check: signature,ca5b9a53e93a,arw to bmp,exact,,,,,0,,,ahrefs-2026-01,,
arw-to-cr2,retired,convert,arw,cr2,unknown,,not swept,the sweep runs live Tools only,,arw to cr2,exact,,,20,,,,,ahrefs-2026-01,,
,not built,convert,arw,cr3,,,,,,arw to cr3,none,,,,,,,,ahrefs-2026-01,,
,not built,convert,arw,cur,,,,,,arw to cur,none,,,,,,,,ahrefs-2026-01,,
arw-to-dds,live,convert,arw,dds,client-only,imagemagick-wasm,pass,format check: signature,ca5b9a53e93a,arw to dds,exact,,,,,,,,ahrefs-2026-01,,
arw-to-dng,retired,convert,arw,dng,unknown,,not swept,the sweep runs live Tools only,,arw to dng,exact,,,300,40,0,5700,3500,ahrefs-2026-01,,
,not built,convert,arw,eps,,,,,,arw to eps,none,,,,,,,,ahrefs-2026-01,,
arw-to-gif,live,convert,arw,gif,client-only,imagemagick-wasm,pass,format check: signature,ca5b9a53e93a,arw to gif,exact,,,,,,,,ahrefs-2026-01,,
arw-to-heic,retired,convert,arw,heic,unknown,,not swept,the sweep runs live Tools only,,arw to heic,exact,,,10,,,,,ahrefs-2026-01,,
,not built,convert,arw,heif,,,,,,arw to heif,none,,,,,,,,ahrefs-2026-01,,
,not built,convert,arw,icns,,,,,,arw to icns,none,,,,,,,,ahrefs-2026-01,,
,not built,convert,arw,ico,,,,,,arw to ico,none,,,,,,,,ahrefs-2026-01,,
,not built,convert,arw,jfif,,,,,,arw to jfif,none,,,,,,,,ahrefs-2026-01,,
,not built,convert,arw,jif,,,,,,arw to jif,none,,,,,,,,ahrefs-2026-01,,
arw-to-jpeg,live,convert,arw,jpeg,client-only,imagemagick-wasm,pass,format check: signature,ca5b9a53e93a,arw to jpeg,exact,,,1600,200,1,4600,1100,ahrefs-2026-01,,
arw-to-jpg,live,convert,arw,jpg,client-only,imagemagick-wasm,pass,format check: signature,ca5b9a53e93a,arw to jpg,exact,,,16000,1500,5,6200,1800,ahrefs-2026-01,,
,not built,convert,arw,jxl,,,,,,arw to jxl,none,,,,,,,,ahrefs-2026-01,,
,not built,convert,arw,ktx,,,,,,arw to ktx,none,,,,,,,,ahrefs-2026-01,,
,not built,convert,arw,ktx2,,,,,,arw to ktx2,none,,,,,,,,ahrefs-2026-01,,
,not built,convert,arw,map,,,,,,arw to map,none,,,,,,,,ahrefs-2026-01,,
arw-to-nef,retired,convert,arw,nef,unknown,,not swept,the sweep runs live Tools only,,arw to nef,exact,,,,,,,,ahrefs-2026-01,,
,not built,convert,arw,orf,,,,,,arw to orf,none,,,,,,,,ahrefs-2026-01,,
,not built,convert,arw,pam,,,,,,arw to pam,none,,,,,,,,ahrefs-2026-01,,
,not built,convert,arw,pbm,,,,,,arw to pbm,none,,,,,,,,ahrefs-2026-01,,
,not built,convert,arw,pcx,,,,,,arw to pcx,none,,,,,,,,ahrefs-2026-01,,
arw-to-pdf,live,convert,arw,pdf,client-only,imagemagick-wasm,pass,format check: signature,ca5b9a53e93a,arw to pdf,exact,,,50,10,,,,ahrefs-2026-01,,
arw-to-pgm,live,convert,arw,pgm,client-only,imagemagick-wasm,pass,format check: signature,ca5b9a53e93a,arw to pgm,exact,,,,,,,,ahrefs-2026-01,,
arw-to-png,live,convert,arw,png,client-only,imagemagick-wasm,pass,format check: signature,ca5b9a53e93a,arw to png,exact,,,3800,400,0,1100,200,ahrefs-2026-01,,
,not built,convert,arw,ppm,,,,,,arw to ppm,none,,,,,,,,ahrefs-2026-01,,
,not built,convert,arw,raf,,,,,,arw to raf,none,,,,,,,,ahrefs-2026-01,,
,not built,convert,arw,rw2,,,,,,arw to rw2,none,,,,,,,,ahrefs-2026-01,,
arw-to-svg,live,convert,arw,svg,client-only,imagemagick-wasm,pass,format check: signature,ca5b9a53e93a,arw to svg,exact,,,,,,,,ahrefs-2026-01,,
arw-to-tga,live,convert,arw,tga,client-only,imagemagick-wasm,pass,format check: none,ca5b9a53e93a,arw to tga,exact,,,,,,,,ahrefs-2026-01,,
arw-to-tif,live,convert,arw,tif,client-only,imagemagick-wasm,pass,format check: signature,ca5b9a53e93a,arw to tif,exact,,,,,,,,ahrefs-2026-01,,
arw-to-tiff,live,convert,arw,tiff,client-only,imagemagick-wasm,pass,format check: signature,ca5b9a53e93a,arw to tiff,exact,,,80,10,,,,ahrefs-2026-01,,
arw-to-webp,live,convert,arw,webp,client-only,imagemagick-wasm,pass,format check: signature,ca5b9a53e93a,arw to webp,exact,,,30,,,,,ahrefs-2026-01,,
arw-to-xbm,live,convert,arw,xbm,client-only,imagemagick-wasm,pass,format check: none,ca5b9a53e93a,arw to xbm,exact,,,,,,,,ahrefs-2026-01,,
asf-to-3gp,live,convert,asf,3gp,client-only,ffmpeg-wasm,pass,format check: signature,5a318b697fbf,,,,,,,,,,,,
asf-to-aac,live,convert,asf,aac,client-only,ffmpeg-wasm,pass,format check: none,ca5b9a53e93a,,,,,,,,,,,,
asf-to-aiff,live,convert,asf,aiff,client-only,ffmpeg-wasm,pass,format check: signature,ca5b9a53e93a,,,,,,,,,,,,
asf-to-alac,live,convert,asf,alac,client-only,ffmpeg-wasm,pass,format check: none,ca5b9a53e93a,,,,,,,,,,,,
asf-to-amr,live,convert,asf,amr,client-only,ffmpeg-wasm,error,FFmpeg failed with exit code 1 [Unknown encoder 'libopencore_amrnb'],ca5b9a53e93a,,,,,,,,,,,,
asf-to-au,live,convert,asf,au,client-only,ffmpeg-wasm,pass,format check: none,ca5b9a53e93a,,,,,,,,,,,,
asf-to-av1,live,convert,asf,av1,client-only,ffmpeg-wasm + webcodecs,pass,format check: signature,d0d2843e65ce,,,,,,,,,,,,
asf-to-avchd,live,convert,asf,avchd,client-only,ffmpeg-wasm,pass,format check: none,ca5b9a53e93a,,,,,,,,,,,,
asf-to-avi,live,convert,asf,avi,client-only,ffmpeg-wasm,pass,format check: signature,ca5b9a53e93a,,,,,,,,,,,,
asf-to-caf,live,convert,asf,caf,client-only,ffmpeg-wasm,pass,format check: none,ca5b9a53e93a,,,,,,,,,,,,
asf-to-cdda,live,convert,asf,cdda,client-only,ffmpeg-wasm,pass,format check: none,ca5b9a53e93a,,,,,,,,,,,,
asf-to-divx,live,convert,asf,divx,client-only,ffmpeg-wasm,pass,format check: none,ca5b9a53e93a,,,,,,,,,,,,
asf-to-f4v,live,convert,asf,f4v,client-only,ffmpeg-wasm,pass,format check: none,ca5b9a53e93a,,,,,,,,,,,,
asf-to-flac,live,convert,asf,flac,client-only,ffmpeg-wasm,pass,format check: signature,ca5b9a53e93a,,,,,,,,,,,,
asf-to-flv,live,convert,asf,flv,client-only,ffmpeg-wasm,pass,format check: signature,ca5b9a53e93a,,,,,,,,,,,,
asf-to-gif,live,convert,asf,gif,client-only,ffmpeg-wasm,pass,format check: signature,ca5b9a53e93a,,,,,,,,,,,,
asf-to-hevc,live,convert,asf,hevc,client-only,ffmpeg-wasm + webcodecs,pass,format check: signature,d0d2843e65ce,,,,,,,,,,,,
asf-to-m2ts,live,convert,asf,m2ts,client-only,ffmpeg-wasm,pass,format check: none,ca5b9a53e93a,,,,,,,,,,,,
asf-to-m4a,live,convert,asf,m4a,client-only,ffmpeg-wasm,pass,format check: signature,ca5b9a53e93a,,,,,,,,,,,,
asf-to-m4r,live,convert,asf,m4r,client-only,ffmpeg-wasm,pass,format check: signature,ca5b9a53e93a,,,,,,,,,,,,
asf-to-m4v,live,convert,asf,m4v,client-only,ffmpeg-wasm,pass,format check: signature,ca5b9a53e93a,,,,,,,,,,,,
asf-to-mjpeg,live,convert,asf,mjpeg,client-only,ffmpeg-wasm,pass,format check: none,ca5b9a53e93a,,,,,,,,,,,,
asf-to-mkv,live,convert,asf,mkv,client-only,ffmpeg-wasm,pass,format check: signature,ca5b9a53e93a,,,,,,,,,,,,
asf-to-mov,live,convert,asf,mov,client-only,ffmpeg-wasm,pass,format check: signature,ca5b9a53e93a,,,,,,,,,,,,
asf-to-mp2,live,convert,asf,mp2,client-only,ffmpeg-wasm,pass,format check: none,ca5b9a53e93a,,,,,,,,,,,,
asf-to-mp3,live,convert,asf,mp3,client-only,ffmpeg-wasm,pass,format check: signature,ca5b9a53e93a,,,,,,,,,,,,
asf-to-mp4,live,convert,asf,mp4,client-only,ffmpeg-wasm,pass,format check: signature,ca5b9a53e93a,asf to mp4,exact,,,1500,300,3,500,250,ahrefs-2026-01,,
asf-to-mpeg,live,convert,asf,mpeg,client-only,ffmpeg-wasm,pass,format check: none,ca5b9a53e93a,,,,,,,,,,,,
asf-to-mpeg2,live,convert,asf,mpeg2,client-only,ffmpeg-wasm,pass,format check: none,ca5b9a53e93a,,,,,,,,,,,,
asf-to-mpg,live,convert,asf,mpg,client-only,ffmpeg-wasm,pass,format check: none,ca5b9a53e93a,,,,,,,,,,,,
asf-to-mts,live,convert,asf,mts,client-only,ffmpeg-wasm,pass,format check: none,ca5b9a53e93a,,,,,,,,,,,,
asf-to-mxf,live,convert,asf,mxf,client-only,ffmpeg-wasm,pass,format check: none,5a318b697fbf,,,,,,,,,,,,
asf-to-oga,live,convert,asf,oga,client-only,ffmpeg-wasm,pass,format check: signature,ca5b9a53e93a,,,,,,,,,,,,
asf-to-ogg,live,convert,asf,ogg,client-only,ffmpeg-wasm,pass,format check: signature,ca5b9a53e93a,,,,,,,,,,,,
asf-to-opus,live,convert,asf,opus,client-only,ffmpeg-wasm,pass,format check: signature,ca5b9a53e93a,,,,,,,,,,,,
asf-to-rm,live,convert,asf,rm,server-first-client-fallback,"server-video, then ffmpeg-wasm",pass,format check: none,ca5b9a53e93a,,,,,,,,,,,,
asf-to-rmvb,retired,convert,asf,rmvb,unknown,,not swept,the sweep runs live Tools only,,,,,,,,,,,,,
asf-to-ts,live,convert,asf,ts,client-only,ffmpeg-wasm,pass,format check: none,ca5b9a53e93a,,,,,,,,,,,,
asf-to-vob,live,convert,asf,vob,client-only,ffmpeg-wasm,pass,format check: none,ca5b9a53e93a,,,,,,,,,,,,
asf-to-wav,live,convert,asf,wav,client-only,ffmpeg-wasm,pass,format check: signature,ca5b9a53e93a,,,,,,,,,,,,
asf-to-webm,live,convert,asf,webm,client-only,ffmpeg-wasm,pass,format check: signature,ca5b9a53e93a,,,,,,,,,,,,
asf-to-wma,live,convert,asf,wma,client-only,ffmpeg-wasm,pass,format check: none,ca5b9a53e93a,,,,,,,,,,,,
au-to-aac,live,convert,au,aac,client-only,ffmpeg-wasm,pass,format check: none,ca5b9a53e93a,,,,,,,,,,,,
au-to-aiff,live,convert,au,aiff,client-only,ffmpeg-wasm,pass,format check: signature,ca5b9a53e93a,,,,,,,,,,,,
au-to-alac,live,convert,au,alac,client-only,ffmpeg-wasm,pass,format check: none,ca5b9a53e93a,,,,,,,,,,,,
au-to-amr,live,convert,au,amr,client-only,ffmpeg-wasm,error,FFmpeg failed with exit code 1 [Unknown encoder 'libopencore_amrnb'],ca5b9a53e93a,,,,,,,,,,,,
au-to-caf,live,convert,au,caf,client-only,ffmpeg-wasm,pass,format check: none,ca5b9a53e93a,,,,,,,,,,,,
au-to-cdda,live,convert,au,cdda,client-only,ffmpeg-wasm,pass,format check: none,ca5b9a53e93a,,,,,,,,,,,,
au-to-flac,live,convert,au,flac,client-only,ffmpeg-wasm,pass,format check: signature,ca5b9a53e93a,,,,,,,,,,,,
au-to-m4a,live,convert,au,m4a,client-only,ffmpeg-wasm,pass,format check: signature,ca5b9a53e93a,,,,,,,,,,,,
au-to-m4r,live,convert,au,m4r,client-only,ffmpeg-wasm,pass,format check: signature,ca5b9a53e93a,,,,,,,,,,,,
au-to-mp2,live,convert,au,mp2,client-only,ffmpeg-wasm,pass,format check: none,ca5b9a53e93a,,,,,,,,,,,,
au-to-mp3,live,convert,au,mp3,client-only,ffmpeg-wasm,pass,format check: signature,ca5b9a53e93a,au to mp3,exact,,,80,30,0,450,200,ahrefs-2026-01,,
au-to-oga,live,convert,au,oga,client-only,ffmpeg-wasm,pass,format check: signature,ca5b9a53e93a,,,,,,,,,,,,
au-to-ogg,live,convert,au,ogg,client-only,ffmpeg-wasm,pass,format check: signature,ca5b9a53e93a,,,,,,,,,,,,
au-to-opus,live,convert,au,opus,client-only,ffmpeg-wasm,pass,format check: signature,ca5b9a53e93a,,,,,,,,,,,,
au-to-wav,live,convert,au,wav,client-only,ffmpeg-wasm,pass,format check: signature,ca5b9a53e93a,,,,,,,,,,,,
au-to-wma,live,convert,au,wma,client-only,ffmpeg-wasm,pass,format check: none,ca5b9a53e93a,,,,,,,,,,,,
audio-editor,live,audio-editor,audio,audio,unknown,,skipped,coming-soon placeholder: nothing to run,ca5b9a53e93a,,,,,,,,,,,,
audio-to-text,live,convert,mp3,txt,unknown,,skipped,transcription: downloads a speech model and runs for minutes per file; measure it in a separate run,ca5b9a53e93a,,,,,,,,,,,,
audio-to-transcript,live,convert,mp3,txt,unknown,,skipped,transcription: downloads a speech model and runs for minutes per file; measure it in a separate run,ca5b9a53e93a,,,,,,,,,,,,
av1-to-3gp,live,convert,av1,3gp,client-only,ffmpeg-wasm + webcodecs,pass,format check: signature,d0d2843e65ce,,,,,,,,,,,,
av1-to-aac,retired,convert,av1,aac,unknown,,not swept,the sweep runs live Tools only,,,,,,,,,,,,,
av1-to-aiff,retired,convert,av1,aiff,unknown,,not swept,the sweep runs live Tools only,,,,,,,,,,,,,
av1-to-alac,retired,convert,av1,alac,unknown,,not swept,the sweep runs live Tools only,,,,,,,,,,,,,
av1-to-amr,retired,convert,av1,amr,unknown,,not swept,the sweep runs live Tools only,,,,,,,,,,,,,
av1-to-asf,live,convert,av1,asf,client-only,ffmpeg-wasm + webcodecs,pass,format check: none,d0d2843e65ce,,,,,,,,,,,,
av1-to-au,retired,convert,av1,au,unknown,,not swept,the sweep runs live Tools only,,,,,,,,,,,,,
av1-to-avchd,live,convert,av1,avchd,client-only,ffmpeg-wasm + webcodecs,pass,format check: none,d0d2843e65ce,,,,,,,,,,,,
av1-to-avi,live,convert,av1,avi,client-only,ffmpeg-wasm + webcodecs,pass,format check: signature,d0d2843e65ce,,,,,,,,,,,,
av1-to-caf,retired,convert,av1,caf,unknown,,not swept,the sweep runs live Tools only,,,,,,,,,,,,,
av1-to-cdda,retired,convert,av1,cdda,unknown,,not swept,the sweep runs live Tools only,,,,,,,,,,,,,
av1-to-divx,live,convert,av1,divx,client-only,ffmpeg-wasm + webcodecs,pass,format check: none,d0d2843e65ce,,,,,,,,,,,,
av1-to-f4v,live,convert,av1,f4v,client-only,ffmpeg-wasm + webcodecs,pass,format check: none,d0d2843e65ce,,,,,,,,,,,,
av1-to-flac,retired,convert,av1,flac,unknown,,not swept,the sweep runs live Tools only,,,,,,,,,,,,,
av1-to-flv,live,convert,av1,flv,client-only,ffmpeg-wasm + webcodecs,pass,format check: signature,d0d2843e65ce,,,,,,,,,,,,
av1-to-gif,live,convert,av1,gif,client-only,ffmpeg-wasm + webcodecs,pass,format check: signature,d0d2843e65ce,,,,,,,,,,,,
av1-to-hevc,live,convert,av1,hevc,client-only,ffmpeg-wasm + webcodecs,pass,format check: signature,d0d2843e65ce,,,,,,,,,,,,
av1-to-m2ts,live,convert,av1,m2ts,client-only,ffmpeg-wasm + webcodecs,pass,format check: none,d0d2843e65ce,,,,,,,,,,,,
av1-to-m4a,retired,convert,av1,m4a,unknown,,not swept,the sweep runs live Tools only,,,,,,,,,,,,,
av1-to-m4r,retired,convert,av1,m4r,unknown,,not swept,the sweep runs live Tools only,,,,,,,,,,,,,
av1-to-m4v,live,convert,av1,m4v,client-only,ffmpeg-wasm + webcodecs,pass,format check: signature,d0d2843e65ce,,,,,,,,,,,,
av1-to-mjpeg,live,convert,av1,mjpeg,client-only,ffmpeg-wasm + webcodecs,pass,format check: none,d0d2843e65ce,,,,,,,,,,,,
av1-to-mkv,live,convert,av1,mkv,client-only,ffmpeg-wasm + webcodecs,pass,format check: signature,d0d2843e65ce,,,,,,,,,,,,
av1-to-mov,live,convert,av1,mov,client-only,ffmpeg-wasm + webcodecs,pass,format check: signature,d0d2843e65ce,,,,,,,,,,,,
av1-to-mp2,retired,convert,av1,mp2,unknown,,not swept,the sweep runs live Tools only,,,,,,,,,,,,,
av1-to-mp3,retired,convert,av1,mp3,unknown,,not swept,the sweep runs live Tools only,,,,,,,,,,,,,
av1-to-mp4,live,convert,av1,mp4,client-only,ffmpeg-wasm + webcodecs,pass,format check: signature,d0d2843e65ce,av1 to mp4,exact,,,2200,150,5,38000,7300,ahrefs-2026-01,,
av1-to-mpeg,live,convert,av1,mpeg,client-only,ffmpeg-wasm + webcodecs,pass,format check: none,d0d2843e65ce,,,,,,,,,,,,
av1-to-mpeg2,live,convert,av1,mpeg2,client-only,ffmpeg-wasm + webcodecs,pass,format check: none,d0d2843e65ce,,,,,,,,,,,,
av1-to-mpg,live,convert,av1,mpg,client-only,ffmpeg-wasm + webcodecs,pass,format check: none,d0d2843e65ce,,,,,,,,,,,,
av1-to-mts,live,convert,av1,mts,client-only,ffmpeg-wasm + webcodecs,pass,format check: none,d0d2843e65ce,,,,,,,,,,,,
av1-to-mxf,live,convert,av1,mxf,client-only,ffmpeg-wasm + webcodecs,pass,format check: none,d0d2843e65ce,,,,,,,,,,,,
av1-to-oga,retired,convert,av1,oga,unknown,,not swept,the sweep runs live Tools only,,,,,,,,,,,,,
av1-to-ogg,retired,convert,av1,ogg,unknown,,not swept,the sweep runs live Tools only,,,,,,,,,,,,,
av1-to-opus,retired,convert,av1,opus,unknown,,not swept,the sweep runs live Tools only,,,,,,,,,,,,,
av1-to-rm,live,convert,av1,rm,client-only,ffmpeg-wasm + webcodecs,pass,format check: none,d0d2843e65ce,,,,,,,,,,,,
av1-to-rmvb,retired,convert,av1,rmvb,unknown,,not swept,the sweep runs live Tools only,,,,,,,,,,,,,
av1-to-ts,live,convert,av1,ts,client-only,ffmpeg-wasm + webcodecs,pass,format check: none,d0d2843e65ce,,,,,,,,,,,,
av1-to-vob,live,convert,av1,vob,client-only,ffmpeg-wasm + webcodecs,pass,format check: none,d0d2843e65ce,,,,,,,,,,,,
av1-to-wav,retired,convert,av1,wav,unknown,,not swept,the sweep runs live Tools only,,,,,,,,,,,,,
av1-to-webm,live,convert,av1,webm,client-only,ffmpeg-wasm + webcodecs,pass,format check: signature,d0d2843e65ce,,,,,,,,,,,,
av1-to-wma,retired,convert,av1,wma,unknown,,not swept,the sweep runs live Tools only,,,,,,,,,,,,,
avchd-to-3gp,live,convert,avchd,3gp,client-only,ffmpeg-wasm,pass,format check: signature,5a318b697fbf,,,,,,,,,,,,
avchd-to-aac,live,convert,avchd,aac,client-only,ffmpeg-wasm,pass,format check: none,ca5b9a53e93a,,,,,,,,,,,,
avchd-to-aiff,live,convert,avchd,aiff,client-only,ffmpeg-wasm,pass,format check: signature,ca5b9a53e93a,,,,,,,,,,,,
avchd-to-alac,live,convert,avchd,alac,client-only,ffmpeg-wasm,pass,format check: none,ca5b9a53e93a,,,,,,,,,,,,
avchd-to-amr,live,convert,avchd,amr,client-only,ffmpeg-wasm,error,FFmpeg failed with exit code 1 [Unknown encoder 'libopencore_amrnb'],ca5b9a53e93a,,,,,,,,,,,,
avchd-to-asf,live,convert,avchd,asf,client-only,ffmpeg-wasm,pass,format check: none,ca5b9a53e93a,,,,,,,,,,,,
avchd-to-au,live,convert,avchd,au,client-only,ffmpeg-wasm,pass,format check: none,ca5b9a53e93a,,,,,,,,,,,,
avchd-to-av1,live,convert,avchd,av1,client-only,ffmpeg-wasm + webcodecs,pass,format check: signature,d0d2843e65ce,,,,,,,,,,,,
avchd-to-avi,live,convert,avchd,avi,client-only,ffmpeg-wasm,pass,format check: signature,ca5b9a53e93a,,,,,,,,,,,,
avchd-to-caf,live,convert,avchd,caf,client-only,ffmpeg-wasm,pass,format check: none,ca5b9a53e93a,,,,,,,,,,,,
avchd-to-cdda,live,convert,avchd,cdda,client-only,ffmpeg-wasm,pass,format check: none,ca5b9a53e93a,,,,,,,,,,,,
avchd-to-divx,live,convert,avchd,divx,client-only,ffmpeg-wasm,pass,format check: none,ca5b9a53e93a,,,,,,,,,,,,
avchd-to-f4v,live,convert,avchd,f4v,client-only,ffmpeg-wasm,pass,format check: none,ca5b9a53e93a,,,,,,,,,,,,
avchd-to-flac,live,convert,avchd,flac,client-only,ffmpeg-wasm,pass,format check: signature,ca5b9a53e93a,,,,,,,,,,,,
avchd-to-flv,live,convert,avchd,flv,client-only,ffmpeg-wasm,pass,format check: signature,ca5b9a53e93a,,,,,,,,,,,,
avchd-to-gif,live,convert,avchd,gif,client-only,ffmpeg-wasm,pass,format check: signature,ca5b9a53e93a,,,,,,,,,,,,
avchd-to-hevc,live,convert,avchd,hevc,client-only,ffmpeg-wasm + webcodecs,pass,format check: signature,d0d2843e65ce,,,,,,,,,,,,
avchd-to-m2ts,live,convert,avchd,m2ts,client-only,ffmpeg-wasm,pass,format check: none,ca5b9a53e93a,,,,,,,,,,,,
avchd-to-m4a,live,convert,avchd,m4a,client-only,ffmpeg-wasm,pass,format check: signature,ca5b9a53e93a,,,,,,,,,,,,
avchd-to-m4r,live,convert,avchd,m4r,client-only,ffmpeg-wasm,pass,format check: signature,ca5b9a53e93a,,,,,,,,,,,,
avchd-to-m4v,live,convert,avchd,m4v,client-only,ffmpeg-wasm,pass,format check: signature,ca5b9a53e93a,,,,,,,,,,,,
avchd-to-mjpeg,live,convert,avchd,mjpeg,client-only,ffmpeg-wasm,pass,format check: none,ca5b9a53e93a,,,,,,,,,,,,
avchd-to-mkv,live,convert,avchd,mkv,client-only,ffmpeg-wasm,pass,format check: signature,ca5b9a53e93a,,,,,,,,,,,,
avchd-to-mov,live,convert,avchd,mov,client-only,ffmpeg-wasm,pass,format check: signature,ca5b9a53e93a,,,,,,,,,,,,
avchd-to-mp2,live,convert,avchd,mp2,client-only,ffmpeg-wasm,pass,format check: none,ca5b9a53e93a,,,,,,,,,,,,
avchd-to-mp3,live,convert,avchd,mp3,client-only,ffmpeg-wasm,pass,format check: signature,ca5b9a53e93a,,,,,,,,,,,,
avchd-to-mp4,live,convert,avchd,mp4,client-only,ffmpeg-wasm,pass,format check: signature,ca5b9a53e93a,avchd to mp4,exact,,,1800,500,3,250,200,ahrefs-2026-01,,
avchd-to-mpeg,live,convert,avchd,mpeg,client-only,ffmpeg-wasm,pass,format check: none,ca5b9a53e93a,,,,,,,,,,,,
avchd-to-mpeg2,live,convert,avchd,mpeg2,client-only,ffmpeg-wasm,pass,format check: none,ca5b9a53e93a,,,,,,,,,,,,
avchd-to-mpg,live,convert,avchd,mpg,client-only,ffmpeg-wasm,pass,format check: none,ca5b9a53e93a,,,,,,,,,,,,
avchd-to-mts,live,convert,avchd,mts,client-only,ffmpeg-wasm,pass,format check: none,ca5b9a53e93a,,,,,,,,,,,,
avchd-to-mxf,live,convert,avchd,mxf,client-only,ffmpeg-wasm,pass,format check: none,5a318b697fbf,,,,,,,,,,,,
avchd-to-oga,live,convert,avchd,oga,client-only,ffmpeg-wasm,pass,format check: signature,ca5b9a53e93a,,,,,,,,,,,,
avchd-to-ogg,live,convert,avchd,ogg,client-only,ffmpeg-wasm,pass,format check: signature,ca5b9a53e93a,,,,,,,,,,,,
avchd-to-opus,live,convert,avchd,opus,client-only,ffmpeg-wasm,pass,format check: signature,ca5b9a53e93a,,,,,,,,,,,,
avchd-to-rm,live,convert,avchd,rm,server-first-client-fallback,"server-video, then ffmpeg-wasm",pass,format check: none,ca5b9a53e93a,,,,,,,,,,,,
avchd-to-rmvb,retired,convert,avchd,rmvb,unknown,,not swept,the sweep runs live Tools only,,,,,,,,,,,,,
avchd-to-ts,live,convert,avchd,ts,client-only,ffmpeg-wasm,pass,format check: none,ca5b9a53e93a,,,,,,,,,,,,
avchd-to-vob,live,convert,avchd,vob,client-only,ffmpeg-wasm,pass,format check: none,ca5b9a53e93a,,,,,,,,,,,,
avchd-to-wav,live,convert,avchd,wav,client-only,ffmpeg-wasm,pass,format check: signature,ca5b9a53e93a,,,,,,,,,,,,
avchd-to-webm,live,convert,avchd,webm,client-only,ffmpeg-wasm,pass,format check: signature,ca5b9a53e93a,,,,,,,,,,,,
avchd-to-wma,live,convert,avchd,wma,client-only,ffmpeg-wasm,pass,format check: none,ca5b9a53e93a,,,,,,,,,,,,
avi-to-3gp,live,convert,avi,3gp,client-only,ffmpeg-wasm,pass,format check: signature,5a318b697fbf,,,,,,,,,,,,
avi-to-aac,live,convert,avi,aac,client-only,ffmpeg-wasm,pass,format check: none,ca5b9a53e93a,,,,,,,,,,,,
avi-to-aiff,live,convert,avi,aiff,client-only,ffmpeg-wasm,pass,format check: signature,ca5b9a53e93a,,,,,,,,,,,,
avi-to-alac,live,convert,avi,alac,client-only,ffmpeg-wasm,pass,format check: none,ca5b9a53e93a,,,,,,,,,,,,
avi-to-amr,live,convert,avi,amr,client-only,ffmpeg-wasm,error,FFmpeg failed with exit code 1 [Unknown encoder 'libopencore_amrnb'],ca5b9a53e93a,,,,,,,,,,,,
avi-to-asf,live,convert,avi,asf,client-only,ffmpeg-wasm,pass,format check: none,ca5b9a53e93a,,,,,,,,,,,,
avi-to-au,live,convert,avi,au,client-only,ffmpeg-wasm,pass,format check: none,ca5b9a53e93a,,,,,,,,,,,,
avi-to-av1,live,convert,avi,av1,client-only,ffmpeg-wasm + webcodecs,pass,format check: signature,d0d2843e65ce,,,,,,,,,,,,
avi-to-avchd,live,convert,avi,avchd,client-only,ffmpeg-wasm,pass,format check: none,ca5b9a53e93a,,,,,,,,,,,,
avi-to-caf,live,convert,avi,caf,client-only,ffmpeg-wasm,pass,format check: none,ca5b9a53e93a,,,,,,,,,,,,
avi-to-cdda,live,convert,avi,cdda,client-only,ffmpeg-wasm,pass,format check: none,ca5b9a53e93a,,,,,,,,,,,,
avi-to-divx,live,convert,avi,divx,client-only,ffmpeg-wasm,pass,format check: none,ca5b9a53e93a,,,,,,,,,,,,
avi-to-f4v,live,convert,avi,f4v,client-only,ffmpeg-wasm,pass,format check: none,ca5b9a53e93a,,,,,,,,,,,,
avi-to-flac,live,convert,avi,flac,client-only,ffmpeg-wasm,pass,format check: signature,ca5b9a53e93a,,,,,,,,,,,,
avi-to-flv,live,convert,avi,flv,client-only,ffmpeg-wasm,pass,format check: signature,ca5b9a53e93a,avi to flv,exact,,,70,10,0,20,10,ahrefs-2026-01,,
avi-to-gif,live,convert,avi,gif,client-only,ffmpeg-wasm,pass,format check: signature,ca5b9a53e93a,avi to gif,exact,,,4600,1300,7,2400,500,ahrefs-2026-01,,
avi-to-hevc,live,convert,avi,hevc,client-only,ffmpeg-wasm + webcodecs,pass,format check: signature,d0d2843e65ce,,,,,,,,,,,,
avi-to-m2ts,live,convert,avi,m2ts,client-only,ffmpeg-wasm,pass,format check: none,ca5b9a53e93a,,,,,,,,,,,,
avi-to-m4a,live,convert,avi,m4a,client-only,ffmpeg-wasm,pass,format check: signature,ca5b9a53e93a,,,,,,,,,,,,
avi-to-m4r,live,convert,avi,m4r,client-only,ffmpeg-wasm,pass,format check: signature,ca5b9a53e93a,,,,,,,,,,,,
avi-to-m4v,live,convert,avi,m4v,client-only,ffmpeg-wasm,pass,format check: signature,ca5b9a53e93a,avi to m4v,exact,,,60,20,0,10,10,ahrefs-2026-01,,
avi-to-mjpeg,live,convert,avi,mjpeg,client-only,ffmpeg-wasm,pass,format check: none,ca5b9a53e93a,avi to mjpeg,exact,,,20,10,,,,ahrefs-2026-01,,
avi-to-mkv,live,convert,avi,mkv,client-only,ffmpeg-wasm,pass,format check: signature,ca5b9a53e93a,avi to mkv,exact,,,1600,100,1,500,150,ahrefs-2026-01,,
avi-to-mov,live,convert,avi,mov,client-only,ffmpeg-wasm,pass,format check: signature,ca5b9a53e93a,avi to mov,exact,,,2200,700,3,1800,1300,ahrefs-2026-01,,
avi-to-mp2,live,convert,avi,mp2,client-only,ffmpeg-wasm,pass,format check: none,ca5b9a53e93a,,,,,,,,,,,,
avi-to-mp3,live,convert,avi,mp3,client-only,ffmpeg-wasm,pass,format check: signature,ca5b9a53e93a,avi to mp3,exact,,,2000,450,1,1300,200,ahrefs-2026-01,,
avi-to-mp4,live,convert,avi,mp4,client-only,ffmpeg-wasm,pass,format check: signature,ca5b9a53e93a,avi to mp4,exact,,,52000,9400,11,35000,7400,ahrefs-2026-01,,
avi-to-mpeg,live,convert,avi,mpeg,client-only,ffmpeg-wasm,pass,format check: none,ca5b9a53e93a,avi to mpeg,exact,,,350,60,3,60,60,ahrefs-2026-01,,
avi-to-mpeg2,live,convert,avi,mpeg2,client-only,ffmpeg-wasm,pass,format check: none,ca5b9a53e93a,avi to mpeg2,exact,,,20,10,,,,ahrefs-2026-01,,
avi-to-mpg,live,convert,avi,mpg,client-only,ffmpeg-wasm,pass,format check: none,ca5b9a53e93a,avi to mpg,exact,,,250,80,0,10,10,ahrefs-2026-01,,
avi-to-mts,live,convert,avi,mts,client-only,ffmpeg-wasm,pass,format check: none,ca5b9a53e93a,,,,,,,,,,,,
avi-to-mxf,live,convert,avi,mxf,client-only,ffmpeg-wasm,pass,format check: none,5a318b697fbf,,,,,,,,,,,,
avi-to-oga,live,convert,avi,oga,client-only,ffmpeg-wasm,pass,format check: signature,ca5b9a53e93a,,,,,,,,,,,,
avi-to-ogg,live,convert,avi,ogg,client-only,ffmpeg-wasm,pass,format check: signature,ca5b9a53e93a,,,,,,,,,,,,
avi-to-opus,live,convert,avi,opus,client-only,ffmpeg-wasm,pass,format check: signature,ca5b9a53e93a,,,,,,,,,,,,
avi-to-rm,live,convert,avi,rm,server-first-client-fallback,"server-video, then ffmpeg-wasm",pass,format check: none,ca5b9a53e93a,,,,,,,,,,,,
avi-to-rmvb,retired,convert,avi,rmvb,unknown,,not swept,the sweep runs live Tools only,,,,,,,,,,,,,
avi-to-ts,live,convert,avi,ts,client-only,ffmpeg-wasm,pass,format check: none,ca5b9a53e93a,,,,,,,,,,,,
avi-to-vob,live,convert,avi,vob,client-only,ffmpeg-wasm,pass,format check: none,ca5b9a53e93a,avi to vob,exact,,,40,10,0,10,10,ahrefs-2026-01,,
avi-to-wav,live,convert,avi,wav,client-only,ffmpeg-wasm,pass,format check: signature,ca5b9a53e93a,avi to wav,exact,,,200,70,0,50,50,ahrefs-2026-01,,
avi-to-webm,live,convert,avi,webm,client-only,ffmpeg-wasm,pass,format check: signature,ca5b9a53e93a,avi to webm,exact,,,300,100,1,100,90,ahrefs-2026-01,,
avi-to-wma,live,convert,avi,wma,client-only,ffmpeg-wasm,pass,format check: none,ca5b9a53e93a,,,,,,,,,,,,
avi-to-wmv,live,convert,avi,wmv,client-only,ffmpeg-wasm,pass,format check: none,ca5b9a53e93a,avi to wmv,exact,,,300,90,1,150,150,ahrefs-2026-01,,
avif-to-avif,live,convert,avif,avif,client-only,browser-raster,pass,format check: signature,ca5b9a53e93a,avif to avif,exact,,yes,,,,,,ahrefs-2026-01,,
avif-to-bmp,live,convert,avif,bmp,client-only,browser-raster,pass,format check: signature,ca5b9a53e93a,avif to bmp,exact,,,150,20,,,,ahrefs-2026-01,,
avif-to-cr2,retired,convert,avif,cr2,unknown,,not swept,the sweep runs live Tools only,,avif to cr2,exact,,,,,,,,ahrefs-2026-01,,
avif-to-cr3,retired,convert,avif,cr3,unknown,,not swept,the sweep runs live Tools only,,avif to cr3,exact,,,,,,,,ahrefs-2026-01,,
avif-to-cur,live,convert,avif,cur,client-only,browser-raster,pass,format check: signature,ca5b9a53e93a,avif to cur,exact,,,,,,,,ahrefs-2026-01,,
avif-to-dds,live,convert,avif,dds,client-only,browser-raster,pass,format check: signature,ca5b9a53e93a,avif to dds,exact,,,30,,,,,ahrefs-2026-01,,
avif-to-dng,retired,convert,avif,dng,unknown,,not swept,the sweep runs live Tools only,,avif to dng,exact,,,,,,,,ahrefs-2026-01,,
avif-to-eps,live,convert,avif,eps,client-only,browser-raster,pass,format check: none,ca5b9a53e93a,avif to eps,exact,,,70,10,,,,ahrefs-2026-01,,
avif-to-gif,live,convert,avif,gif,client-only,browser-raster,pass,format check: signature,ca5b9a53e93a,avif to gif,exact,,,3200,800,0,800,350,ahrefs-2026-01,,
,not built,convert,avif,heic,,,,,,avif to heic,none,,,20,10,,,,ahrefs-2026-01,,
,not built,convert,avif,heif,,,,,,avif to heif,none,,,10,10,,,,ahrefs-2026-01,,
avif-to-icns,live,convert,avif,icns,client-only,browser-raster,pass,format check: signature,ca5b9a53e93a,avif to icns,exact,,,,,,,,ahrefs-2026-01,,
avif-to-ico,live,convert,avif,ico,client-only,browser-raster,pass,format check: signature,ca5b9a53e93a,avif to ico,exact,,,500,50,0,10,10,ahrefs-2026-01,,
avif-to-jfif,live,convert,avif,jfif,client-only,browser-raster,pass,format check: signature,ca5b9a53e93a,avif to jfif,exact,,,,,,,,ahrefs-2026-01,,
avif-to-jif,live,convert,avif,jif,client-only,browser-raster,pass,format check: signature,ca5b9a53e93a,avif to jif,exact,,,,,,,,ahrefs-2026-01,,
avif-to-jpeg,live,convert,avif,jpeg,client-only,browser-raster,pass,format check: signature,ca5b9a53e93a,avif to jpeg,exact,,,36000,2600,6,203000,18000,ahrefs-2026-01,,
avif-to-jpg,live,convert,avif,jpg,client-only,browser-raster,pass,format check: signature,ca5b9a53e93a,avif to jpg,exact,,,480000,34000,9,205000,18000,ahrefs-2026-01,,
avif-to-jxl,live,convert,avif,jxl,client-only,browser-raster,pass,format check: signature,ca5b9a53e93a,avif to jxl,exact,,,,,,,,ahrefs-2026-01,,
avif-to-ktx,live,convert,avif,ktx,client-only,browser-raster,pass,format check: signature,ca5b9a53e93a,avif to ktx,exact,,,,,,,,ahrefs-2026-01,,
avif-to-ktx2,live,convert,avif,ktx2,client-only,browser-raster,pass,format check: signature,ca5b9a53e93a,avif to ktx2,exact,,,,,,,,ahrefs-2026-01,,
avif-to-nef,retired,convert,avif,nef,unknown,,not swept,the sweep runs live Tools only,,avif to nef,exact,,,,,,,,ahrefs-2026-01,,
avif-to-orf,retired,convert,avif,orf,unknown,,not swept,the sweep runs live Tools only,,avif to orf,exact,,,,,,,,ahrefs-2026-01,,
avif-to-pam,live,convert,avif,pam,client-only,browser-raster,pass,format check: signature,ca5b9a53e93a,avif to pam,exact,,,,,,,,ahrefs-2026-01,,
avif-to-pbm,live,convert,avif,pbm,client-only,browser-raster,pass,format check: signature,ca5b9a53e93a,avif to pbm,exact,,,,,,,,ahrefs-2026-01,,
avif-to-pcx,live,convert,avif,pcx,client-only,browser-raster,pass,format check: none,ca5b9a53e93a,avif to pcx,exact,,,,,,,,ahrefs-2026-01,,
,not built,convert,avif,pdf,,,,,,avif to pdf,none,,,2500,450,0,500,200,ahrefs-2026-01,,
avif-to-pgm,live,convert,avif,pgm,client-only,browser-raster,pass,format check: signature,ca5b9a53e93a,avif to pgm,exact,,,,,,,,ahrefs-2026-01,,
avif-to-png,live,convert,avif,png,client-only,browser-raster,pass,format check: signature,ca5b9a53e93a,avif to png,exact,,,226000,27000,3,94000,12000,ahrefs-2026-01,,
avif-to-ppm,live,convert,avif,ppm,client-only,browser-raster,pass,format check: signature,ca5b9a53e93a,avif to ppm,exact,,,,,,,,ahrefs-2026-01,,
avif-to-raf,retired,convert,avif,raf,unknown,,not swept,the sweep runs live Tools only,,avif to raf,exact,,,,,,,,ahrefs-2026-01,,
avif-to-rw2,retired,convert,avif,rw2,unknown,,not swept,the sweep runs live Tools only,,avif to rw2,exact,,,,,,,,ahrefs-2026-01,,
avif-to-svg,live,convert,avif,svg,client-only,browser-raster,pass,format check: signature,ca5b9a53e93a,avif to svg,exact,,,2600,350,0,300,150,ahrefs-2026-01,,
avif-to-tga,live,convert,avif,tga,client-only,browser-raster,pass,format check: none,ca5b9a53e93a,avif to tga,exact,,,,,,,,ahrefs-2026-01,,
avif-to-tif,live,convert,avif,tif,client-only,browser-raster,pass,format check: signature,ca5b9a53e93a,avif to tif,exact,,,10,,,,,ahrefs-2026-01,,
avif-to-tiff,live,convert,avif,tiff,client-only,browser-raster,pass,format check: signature,ca5b9a53e93a,avif to tiff,exact,,,200,30,,,,ahrefs-2026-01,,
avif-to-webp,live,convert,avif,webp,client-only,browser-raster,pass,format check: signature,ca5b9a53e93a,avif to webp,exact,,,7400,250,0,1800,100,ahrefs-2026-01,,
avif-to-xbm,live,convert,avif,xbm,client-only,browser-raster,pass,format check: none,ca5b9a53e93a,avif to xbm,exact,,,,,,,,ahrefs-2026-01,,
,not built,convert,azw,pdf,,,,,,azw to pdf,none,,,1700,350,0,150,100,ahrefs-2026-01,,
,not built,convert,azw3,epub,,,,,,azw3 to epub,none,,,7700,1900,1,2600,800,ahrefs-2026-01,,
,not built,convert,azw3,pdf,,,,,,azw3 to pdf,none,,,16000,3700,5,9500,3200,ahrefs-2026-01,,
batch-compress-png,live,bulk,png,png,client-only,jsquash-worker,pass,format check: signature,ca5b9a53e93a,,,,,,,,,,,,
bin-to-jpeg,live,convert,bin,jpeg,client-only,browser-raster,no_fixture,no ready bin fixture in fixture-matrix.json,ca5b9a53e93a,bin to jpeg,exact,,,200,20,,,,ahrefs-2026-01,,
bin-to-jpg,live,convert,bin,jpg,client-only,browser-raster,no_fixture,no ready bin fixture in fixture-matrix.json,ca5b9a53e93a,bin to jpg,exact,,,2900,80,0,1200,40,ahrefs-2026-01,,
bin-to-png,live,convert,bin,png,client-only,browser-raster,no_fixture,no ready bin fixture in fixture-matrix.json,ca5b9a53e93a,bin to png,exact,,,1100,200,0,250,90,ahrefs-2026-01,,
bmp-to-bmp,live,convert,bmp,bmp,client-only,browser-raster,pass,format check: signature,ca5b9a53e93a,bmp to bmp,exact,,yes,10,,,,,ahrefs-2026-01,,
bmp-to-cr2,retired,convert,bmp,cr2,unknown,,not swept,the sweep runs live Tools only,,bmp to cr2,exact,,,,,,,,ahrefs-2026-01,,
bmp-to-cr3,retired,convert,bmp,cr3,unknown,,not swept,the sweep runs live Tools only,,bmp to cr3,exact,,,,,,,,ahrefs-2026-01,,
bmp-to-cur,live,convert,bmp,cur,client-only,browser-raster,pass,format check: signature,ca5b9a53e93a,bmp to cur,exact,,,,,,,,ahrefs-2026-01,,
bmp-to-dds,live,convert,bmp,dds,client-only,browser-raster,pass,format check: signature,ca5b9a53e93a,bmp to dds,exact,,,150,20,0,10,10,ahrefs-2026-01,,
bmp-to-dng,retired,convert,bmp,dng,unknown,,not swept,the sweep runs live Tools only,,bmp to dng,exact,,,,,,,,ahrefs-2026-01,,
bmp-to-dxf,retired,convert,bmp,dxf,unknown,,not swept,the sweep runs live Tools only,,bmp to dxf,exact,,,300,40,0,20,20,ahrefs-2026-01,,
bmp-to-eps,retired,convert,bmp,eps,unknown,,not swept,the sweep runs live Tools only,,bmp to eps,exact,,,30,10,,,,ahrefs-2026-01,,
bmp-to-gif,live,convert,bmp,gif,client-only,browser-raster,pass,format check: signature,ca5b9a53e93a,bmp to gif,exact,,,100,30,0,10,10,ahrefs-2026-01,,
bmp-to-heic,retired,convert,bmp,heic,unknown,,not swept,the sweep runs live Tools only,,bmp to heic,exact,,,,,,,,ahrefs-2026-01,,
bmp-to-heif,retired,convert,bmp,heif,unknown,,not swept,the sweep runs live Tools only,,bmp to heif,exact,,,,,,,,ahrefs-2026-01,,
bmp-to-icns,live,convert,bmp,icns,client-only,browser-raster,pass,format check: signature,ca5b9a53e93a,bmp to icns,exact,,,,,,,,ahrefs-2026-01,,
bmp-to-ico,live,convert,bmp,ico,client-only,browser-raster,pass,format check: signature,ca5b9a53e93a,bmp to ico,exact,,,500,90,0,70,50,ahrefs-2026-01,,
bmp-to-jfif,live,convert,bmp,jfif,client-only,browser-raster,pass,format check: signature,ca5b9a53e93a,bmp to jfif,exact,,,,,,,,ahrefs-2026-01,,
bmp-to-jif,live,convert,bmp,jif,client-only,browser-raster,pass,format check: signature,ca5b9a53e93a,bmp to jif,exact,,,,,,,,ahrefs-2026-01,,
bmp-to-jpeg,live,convert,bmp,jpeg,client-only,browser-raster,pass,format check: signature,ca5b9a53e93a,bmp to jpeg,exact,,,1300,100,0,300,50,ahrefs-2026-01,,
bmp-to-jpg,live,convert,bmp,jpg,client-only,browser-raster,pass,format check: signature,ca5b9a53e93a,bmp to jpg,exact,,,12000,1000,0,5400,1100,ahrefs-2026-01,,
bmp-to-jxl,live,convert,bmp,jxl,client-only,browser-raster,pass,format check: signature,ca5b9a53e93a,bmp to jxl,exact,,,,,,,,ahrefs-2026-01,,
bmp-to-ktx,live,convert,bmp,ktx,client-only,browser-raster,pass,format check: signature,ca5b9a53e93a,bmp to ktx,exact,,,,,,,,ahrefs-2026-01,,
bmp-to-ktx2,live,convert,bmp,ktx2,client-only,browser-raster,pass,format check: signature,ca5b9a53e93a,bmp to ktx2,exact,,,,,,,,ahrefs-2026-01,,
bmp-to-nef,retired,convert,bmp,nef,unknown,,not swept,the sweep runs live Tools only,,bmp to nef,exact,,,,,,,,ahrefs-2026-01,,
bmp-to-orf,retired,convert,bmp,orf,unknown,,not swept,the sweep runs live Tools only,,bmp to orf,exact,,,,,,,,ahrefs-2026-01,,
bmp-to-pam,live,convert,bmp,pam,client-only,browser-raster,pass,format check: signature,ca5b9a53e93a,bmp to pam,exact,,,,,,,,ahrefs-2026-01,,
bmp-to-pbm,live,convert,bmp,pbm,client-only,browser-raster,pass,format check: signature,ca5b9a53e93a,bmp to pbm,exact,,,,,,,,ahrefs-2026-01,,
bmp-to-pcx,live,convert,bmp,pcx,client-only,browser-raster,pass,format check: none,ca5b9a53e93a,bmp to pcx,exact,,,30,,,,,ahrefs-2026-01,,
bmp-to-pdf,live,convert,bmp,pdf,client-only,browser-raster,pass,format check: signature,ca5b9a53e93a,bmp to pdf,exact,,,14000,600,0,11000,500,ahrefs-2026-01,,
bmp-to-pgm,live,convert,bmp,pgm,client-only,browser-raster,pass,format check: signature,ca5b9a53e93a,bmp to pgm,exact,,,10,,,,,ahrefs-2026-01,,
bmp-to-png,live,convert,bmp,png,client-only,browser-raster,pass,format check: signature,ca5b9a53e93a,bmp to png,exact,,,6100,1300,2,2900,1500,ahrefs-2026-01,,
bmp-to-ppm,live,convert,bmp,ppm,client-only,browser-raster,pass,format check: signature,ca5b9a53e93a,bmp to ppm,exact,,,20,,,,,ahrefs-2026-01,,
bmp-to-raf,retired,convert,bmp,raf,unknown,,not swept,the sweep runs live Tools only,,bmp to raf,exact,,,,,,,,ahrefs-2026-01,,
bmp-to-rw2,retired,convert,bmp,rw2,unknown,,not swept,the sweep runs live Tools only,,bmp to rw2,exact,,,,,,,,ahrefs-2026-01,,
bmp-to-svg,live,convert,bmp,svg,client-only,browser-raster,pass,format check: signature,ca5b9a53e93a,bmp to svg,exact,,,450,80,0,100,90,ahrefs-2026-01,,
bmp-to-tga,live,convert,bmp,tga,client-only,browser-raster,pass,format check: none,ca5b9a53e93a,bmp to tga,exact,,,90,10,,,,ahrefs-2026-01,,
bmp-to-tif,live,convert,bmp,tif,client-only,browser-raster,pass,format check: signature,ca5b9a53e93a,bmp to tif,exact,,,20,10,,,,ahrefs-2026-01,,
bmp-to-tiff,live,convert,bmp,tiff,client-only,browser-raster,pass,format check: signature,ca5b9a53e93a,bmp to tiff,exact,,,150,40,0,20,20,ahrefs-2026-01,,
bmp-to-webp,live,convert,bmp,webp,client-only,browser-raster,pass,format check: signature,ca5b9a53e93a,bmp to webp,exact,,,60,10,,,,ahrefs-2026-01,,
bmp-to-xbm,live,convert,bmp,xbm,client-only,browser-raster,pass,format check: none,ca5b9a53e93a,bmp to xbm,exact,,,40,10,,,,ahrefs-2026-01,,
caf-to-aac,live,convert,caf,aac,client-only,ffmpeg-wasm,pass,format check: none,ca5b9a53e93a,,,,,,,,,,,,
caf-to-aiff,live,convert,caf,aiff,client-only,ffmpeg-wasm,pass,format check: signature,ca5b9a53e93a,,,,,,,,,,,,
caf-to-alac,live,convert,caf,alac,client-only,ffmpeg-wasm,pass,format check: none,ca5b9a53e93a,,,,,,,,,,,,
caf-to-amr,live,convert,caf,amr,client-only,ffmpeg-wasm,error,FFmpeg failed with exit code 1 [Unknown encoder 'libopencore_amrnb'],ca5b9a53e93a,,,,,,,,,,,,
caf-to-au,live,convert,caf,au,client-only,ffmpeg-wasm,pass,format check: none,ca5b9a53e93a,,,,,,,,,,,,
caf-to-cdda,live,convert,caf,cdda,client-only,ffmpeg-wasm,pass,format check: none,ca5b9a53e93a,,,,,,,,,,,,
caf-to-flac,live,convert,caf,flac,client-only,ffmpeg-wasm,pass,format check: signature,ca5b9a53e93a,,,,,,,,,,,,
caf-to-m4a,live,convert,caf,m4a,client-only,ffmpeg-wasm,pass,format check: signature,ca5b9a53e93a,,,,,,,,,,,,
caf-to-m4r,live,convert,caf,m4r,client-only,ffmpeg-wasm,pass,format check: signature,ca5b9a53e93a,,,,,,,,,,,,
caf-to-mp2,live,convert,caf,mp2,client-only,ffmpeg-wasm,pass,format check: none,ca5b9a53e93a,,,,,,,,,,,,
caf-to-mp3,live,convert,caf,mp3,client-only,ffmpeg-wasm,pass,format check: signature,ca5b9a53e93a,caf to mp3,exact,,,800,400,2,350,350,ahrefs-2026-01,,
caf-to-oga,live,convert,caf,oga,client-only,ffmpeg-wasm,pass,format check: signature,ca5b9a53e93a,,,,,,,,,,,,
caf-to-ogg,live,convert,caf,ogg,client-only,ffmpeg-wasm,pass,format check: signature,ca5b9a53e93a,,,,,,,,,,,,
caf-to-opus,live,convert,caf,opus,client-only,ffmpeg-wasm,pass,format check: signature,5a318b697fbf,,,,,,,,,,,,
caf-to-wav,live,convert,caf,wav,client-only,ffmpeg-wasm,pass,format check: signature,ca5b9a53e93a,caf to wav,exact,,,250,100,0,50,50,ahrefs-2026-01,,
caf-to-wma,live,convert,caf,wma,client-only,ffmpeg-wasm,pass,format check: none,ca5b9a53e93a,,,,,,,,,,,,
,not built,convert,cbr,pdf,,,,,,cbr to pdf,none,,,11000,1700,3,3600,900,ahrefs-2026-01,,
,not built,convert,cbz,pdf,,,,,,cbz to pdf,none,,,7000,1000,3,3400,700,ahrefs-2026-01,,
cdda-to-aac,live,convert,cdda,aac,client-only,ffmpeg-wasm,pass,format check: none,ca5b9a53e93a,,,,,,,,,,,,
cdda-to-aiff,live,convert,cdda,aiff,client-only,ffmpeg-wasm,pass,format check: signature,ca5b9a53e93a,,,,,,,,,,,,
cdda-to-alac,live,convert,cdda,alac,client-only,ffmpeg-wasm,pass,format check: none,ca5b9a53e93a,,,,,,,,,,,,
cdda-to-amr,live,convert,cdda,amr,client-only,ffmpeg-wasm,error,FFmpeg failed with exit code 1 [Unknown encoder 'libopencore_amrnb'],ca5b9a53e93a,,,,,,,,,,,,
cdda-to-au,live,convert,cdda,au,client-only,ffmpeg-wasm,pass,format check: none,ca5b9a53e93a,,,,,,,,,,,,
cdda-to-caf,live,convert,cdda,caf,client-only,ffmpeg-wasm,pass,format check: none,ca5b9a53e93a,,,,,,,,,,,,
cdda-to-flac,live,convert,cdda,flac,client-only,ffmpeg-wasm,pass,format check: signature,ca5b9a53e93a,cdda to flac,exact,,,,,,,,ahrefs-2026-01,,
cdda-to-m4a,live,convert,cdda,m4a,client-only,ffmpeg-wasm,pass,format check: signature,ca5b9a53e93a,,,,,,,,,,,,
cdda-to-m4r,live,convert,cdda,m4r,client-only,ffmpeg-wasm,pass,format check: signature,ca5b9a53e93a,,,,,,,,,,,,
cdda-to-mp2,live,convert,cdda,mp2,client-only,ffmpeg-wasm,pass,format check: none,ca5b9a53e93a,,,,,,,,,,,,
cdda-to-mp3,live,convert,cdda,mp3,client-only,ffmpeg-wasm,pass,format check: signature,ca5b9a53e93a,cdda to mp3,exact,,,20,,,,,ahrefs-2026-01,,
cdda-to-oga,live,convert,cdda,oga,client-only,ffmpeg-wasm,pass,format check: signature,ca5b9a53e93a,,,,,,,,,,,,
cdda-to-ogg,live,convert,cdda,ogg,client-only,ffmpeg-wasm,pass,format check: signature,ca5b9a53e93a,,,,,,,,,,,,
cdda-to-opus,live,convert,cdda,opus,client-only,ffmpeg-wasm,pass,format check: signature,5a318b697fbf,,,,,,,,,,,,
cdda-to-wav,live,convert,cdda,wav,client-only,ffmpeg-wasm,pass,format check: signature,ca5b9a53e93a,cdda to wav,exact,,,,,,,,ahrefs-2026-01,,
cdda-to-wma,live,convert,cdda,wma,client-only,ffmpeg-wasm,pass,format check: none,ca5b9a53e93a,,,,,,,,,,,,
,not built,convert,cdr,ai,,,,,,cdr to ai,none,,,8200,200,4,9400,300,ahrefs-2026-01,,
,not built,convert,cdr,doc,,,,,,cdr to doc,none,,,60,,,,,ahrefs-2026-01,,
,not built,convert,cdr,dxf,,,,,,cdr to dxf,none,,,5200,150,0,2100,60,ahrefs-2026-01,,
,not built,convert,cdr,eps,,,,,,cdr to eps,none,,,2200,70,0,1500,40,ahrefs-2026-01,,
cdr-to-jpeg,live,convert,cdr,jpeg,client-only,browser-raster,no_fixture,no ready cdr fixture in fixture-matrix.json,ca5b9a53e93a,cdr to jpeg,exact,,,600,20,,,,ahrefs-2026-01,,
cdr-to-jpg,live,convert,cdr,jpg,client-only,browser-raster,no_fixture,no ready cdr fixture in fixture-matrix.json,ca5b9a53e93a,cdr to jpg,exact,,,9900,100,3,13000,90,ahrefs-2026-01,,
,not built,convert,cdr,pdf,,,,,,cdr to pdf,none,,,35000,300,1,38000,400,ahrefs-2026-01,,
cdr-to-png,live,convert,cdr,png,client-only,browser-raster,no_fixture,no ready cdr fixture in fixture-matrix.json,ca5b9a53e93a,cdr to png,exact,,,6400,150,3,5900,60,ahrefs-2026-01,,
cdr-to-svg,live,convert,cdr,svg,client-only,browser-raster,no_fixture,no ready cdr fixture in fixture-matrix.json,ca5b9a53e93a,cdr to svg,exact,,,4700,350,0,1900,200,ahrefs-2026-01,,
character-counter,live,convert,,,unknown,,skipped,text statistics: saves no file,ca5b9a53e93a,,,,,,,,,,,,
,not built,compress,,,,,,,,7z compressor,none,,,,,,,,tools-planner.csv (removed 2026-10-09),,
compress-aac,live,compress,aac,aac,client-only,ffmpeg-wasm,pass,format check: none,5a318b697fbf,,,,,,,,,,,,
,not built,compress,,,,,,,,ai compressor,none,,,,,,,,tools-planner.csv (removed 2026-10-09),,
,not built,compress,,,,,,,,apk compressor,none,,,,,,,,tools-planner.csv (removed 2026-10-09),,
,not built,compress,,,,,,,,arw compressor,none,,,,,,,,tools-planner.csv (removed 2026-10-09),,
compress-avi,live,compress,avi,avi,client-only,ffmpeg-wasm,pass,format check: signature,5a318b697fbf,,,,,,,,,,,,
compress-avif,live,compress,avif,avif,server-executed,server-image-compress,error,Server image compression failed (500),ca5b9a53e93a,,,,,,,,,,,,
,not built,compress,,,,,,,,azw compressor,none,,,,,,,,tools-planner.csv (removed 2026-10-09),,
,not built,compress,,,,,,,,azw3 compressor,none,,,,,,,,tools-planner.csv (removed 2026-10-09),,
compress-bmp,live,compress,bmp,bmp,server-executed,server-image-compress,error,Server image compression failed (500),ca5b9a53e93a,,,,,,,,,,,,
,not built,compress,,,,,,,,bz2 compressor,none,,,,,,,,tools-planner.csv (removed 2026-10-09),,
,not built,compress,,,,,,,,bzip2 compressor,none,,,,,,,,tools-planner.csv (removed 2026-10-09),,
,not built,compress,,,,,,,,cr2 compressor,none,,,,,,,,tools-planner.csv (removed 2026-10-09),,
,not built,compress,,,,,,,,cr3 compressor,none,,,,,,,,tools-planner.csv (removed 2026-10-09),,
,not built,compress,,,,,,,,csv compressor,none,,,,,,,,tools-planner.csv (removed 2026-10-09),,
,not built,compress,,,,,,,,db compressor,none,,,,,,,,tools-planner.csv (removed 2026-10-09),,
,not built,compress,,,,,,,,dmg compressor,none,,,,,,,,tools-planner.csv (removed 2026-10-09),,
,not built,compress,,,,,,,,dng compressor,none,,,,,,,,tools-planner.csv (removed 2026-10-09),,
,not built,compress,,,,,,,,doc compressor,none,,,,,,,,tools-planner.csv (removed 2026-10-09),,
,not built,compress,,,,,,,,docx compressor,none,,,,,,,,tools-planner.csv (removed 2026-10-09),,
,not built,compress,,,,,,,,dwg compressor,none,,,,,,,,tools-planner.csv (removed 2026-10-09),,
,not built,compress,,,,,,,,dxf compressor,none,,,,,,,,tools-planner.csv (removed 2026-10-09),,
,not built,compress,,,,,,,,eps compressor,none,,,,,,,,tools-planner.csv (removed 2026-10-09),,
,not built,compress,,,,,,,,epub compressor,none,,,,,,,,tools-planner.csv (removed 2026-10-09),,
,not built,compress,,,,,,,,excel compressor,none,,,,,,,,tools-planner.csv (removed 2026-10-09),,
,not built,compress,,,,,,,,exe compressor,none,,,,,,,,tools-planner.csv (removed 2026-10-09),,
compress-flac,live,compress,flac,flac,client-only,ffmpeg-wasm,pass,format check: signature,5a318b697fbf,,,,,,,,,,,,
compress-flv,live,compress,flv,flv,client-only,ffmpeg-wasm,pass,format check: signature,5a318b697fbf,,,,,,,,,,,,
,not built,compress,,,,,,,,folder compressor,none,,,,,,,,tools-planner.csv (removed 2026-10-09),,
compress-gif,live,compress,gif,gif,server-executed,server-image-compress,error,Server image compression failed (500),ca5b9a53e93a,,,,,,,,,,,,
,not built,compress,,,,,,,,gz compressor,none,,,,,,,,tools-planner.csv (removed 2026-10-09),,
,not built,compress,,,,,,,,gzip compressor,none,,,,,,,,tools-planner.csv (removed 2026-10-09),,
compress-heic,retired,compress,heic,heic,unknown,,not swept,the sweep runs live Tools only,,,,,,,,,,,,,
compress-heif,retired,compress,heif,heif,unknown,,not swept,the sweep runs live Tools only,,,,,,,,,,,,,
,not built,compress,,,,,,,,html compressor,none,,,,,,,,tools-planner.csv (removed 2026-10-09),,
,not built,compress,,,,,,,,icns compressor,none,,,,,,,,tools-planner.csv (removed 2026-10-09),,
,not built,compress,,,,,,,,ico compressor,none,,,,,,,,tools-planner.csv (removed 2026-10-09),,
,not built,compress,,,,,,,,indd compressor,none,,,,,,,,tools-planner.csv (removed 2026-10-09),,
,not built,compress,,,,,,,,ipa compressor,none,,,,,,,,tools-planner.csv (removed 2026-10-09),,
,not built,compress,,,,,,,,iso compressor,none,,,,,,,,tools-planner.csv (removed 2026-10-09),,
compress-jpeg,live,compress,jpeg,jpeg,client-only,jsquash-worker,pass,format check: signature,ca5b9a53e93a,,,,,,,,,,,,
compress-jpg,live,compress,jpg,jpg,client-only,jsquash-worker,pass,format check: signature,ca5b9a53e93a,,,,,,,,,,,,
,not built,compress,,,,,,,,json compressor,none,,,,,,,,tools-planner.csv (removed 2026-10-09),,
,not built,compress,,,,,,,,jsonl compressor,none,,,,,,,,tools-planner.csv (removed 2026-10-09),,
compress-m4a,live,compress,m4a,m4a,client-only,ffmpeg-wasm,pass,format check: signature,5a318b697fbf,,,,,,,,,,,,
,not built,compress,,,,,,,,md compressor,none,,,,,,,,tools-planner.csv (removed 2026-10-09),,
compress-mkv,live,compress,mkv,mkv,client-only,ffmpeg-wasm,pass,format check: signature,5a318b697fbf,,,,,,,,,,,,
,not built,compress,,,,,,,,mobi compressor,none,,,,,,,,tools-planner.csv (removed 2026-10-09),,
compress-mov,live,compress,mov,mov,client-only,ffmpeg-wasm,pass,format check: signature,5a318b697fbf,,,,,,,,,,,,
compress-mp3,live,compress,mp3,mp3,client-only,ffmpeg-wasm,pass,format check: signature,5a318b697fbf,,,,,,,,,,,,
compress-mp4,live,compress,mp4,mp4,client-only,ffmpeg-wasm,pass,format check: signature,5a318b697fbf,,,,,,,,,,,,
,not built,compress,,,,,,,,nef compressor,none,,,,,,,,tools-planner.csv (removed 2026-10-09),,
,not built,compress,,,,,,,,obj compressor,none,,,,,,,,tools-planner.csv (removed 2026-10-09),,
compress-ogg,live,compress,ogg,ogg,client-only,ffmpeg-wasm,pass,format check: signature,5a318b697fbf,,,,,,,,,,,,
,not built,compress,,,,,,,,orf compressor,none,,,,,,,,tools-planner.csv (removed 2026-10-09),,
compress-pdf,live,compress,pdf,pdf,server-executed,server-pdf-compress,error,Server compression failed (500),ca5b9a53e93a,,,,,,,,,,,,
,not built,compress,,,,,,,,pdfa compressor,none,,,,,,,,tools-planner.csv (removed 2026-10-09),,
,not built,compress,,,,,,,,pps compressor,none,,,,,,,,tools-planner.csv (removed 2026-10-09),,
,not built,compress,,,,,,,,ppsx compressor,none,,,,,,,,tools-planner.csv (removed 2026-10-09),,
,not built,compress,,,,,,,,ppt compressor,none,,,,,,,,tools-planner.csv (removed 2026-10-09),,
,not built,compress,,,,,,,,pptm compressor,none,,,,,,,,tools-planner.csv (removed 2026-10-09),,
,not built,compress,,,,,,,,pptx compressor,none,,,,,,,,tools-planner.csv (removed 2026-10-09),,
,not built,compress,,,,,,,,presentation compressor,none,,,,,,,,tools-planner.csv (removed 2026-10-09),,
,not built,compress,,,,,,,,ps compressor,none,,,,,,,,tools-planner.csv (removed 2026-10-09),,
,not built,compress,,,,,,,,psd compressor,none,,,,,,,,tools-planner.csv (removed 2026-10-09),,
,not built,compress,,,,,,,,raf compressor,none,,,,,,,,tools-planner.csv (removed 2026-10-09),,
,not built,compress,,,,,,,,rar compressor,none,,,,,,,,tools-planner.csv (removed 2026-10-09),,
,not built,compress,,,,,,,,raw compressor,none,,,,,,,,tools-planner.csv (removed 2026-10-09),,
,not built,compress,,,,,,,,rtf compressor,none,,,,,,,,tools-planner.csv (removed 2026-10-09),,
,not built,compress,,,,,,,,rw2 compressor,none,,,,,,,,tools-planner.csv (removed 2026-10-09),,
,not built,compress,,,,,,,,spreadsheet compressor,none,,,,,,,,tools-planner.csv (removed 2026-10-09),,
,not built,compress,,,,,,,,sql compressor,none,,,,,,,,tools-planner.csv (removed 2026-10-09),,
,not built,compress,,,,,,,,sqlite compressor,none,,,,,,,,tools-planner.csv (removed 2026-10-09),,
,not built,compress,,,,,,,,stl compressor,none,,,,,,,,tools-planner.csv (removed 2026-10-09),,
compress-svg,live,compress,svg,svg,server-executed,server-image-compress,error,Server image compression failed (500),ca5b9a53e93a,,,,,,,,,,,,
,not built,compress,,,,,,,,tar compressor,none,,,,,,,,tools-planner.csv (removed 2026-10-09),,
,not built,compress,,,,,,,,tgz compressor,none,,,,,,,,tools-planner.csv (removed 2026-10-09),,
compress-tiff,live,compress,tiff,tiff,server-executed,server-image-compress,error,Server image compression failed (500),ca5b9a53e93a,,,,,,,,,,,,
,not built,compress,,,,,,,,txt compressor,none,,,,,,,,tools-planner.csv (removed 2026-10-09),,
compress-wav,live,compress,wav,wav,client-only,ffmpeg-wasm,pass,format check: signature,5a318b697fbf,,,,,,,,,,,,
compress-webm,live,compress,webm,webm,client-only,ffmpeg-wasm,pass,format check: signature,5a318b697fbf,,,,,,,,,,,,
compress-webp,live,compress,webp,webp,client-only,jsquash-worker,pass,format check: signature,ca5b9a53e93a,,,,,,,,,,,,
,not built,compress,,,,,,,,xlsx compressor,none,,,,,,,,tools-planner.csv (removed 2026-10-09),,
,not built,compress,,,,,,,,xml compressor,none,,,,,,,,tools-planner.csv (removed 2026-10-09),,
,not built,compress,,,,,,,,xz compressor,none,,,,,,,,tools-planner.csv (removed 2026-10-09),,
,not built,compress,,,,,,,,yaml compressor,none,,,,,,,,tools-planner.csv (removed 2026-10-09),,
,not built,compress,,,,,,,,yml compressor,none,,,,,,,,tools-planner.csv (removed 2026-10-09),,
,not built,compress,,,,,,,,zip compressor,none,,,,,,,,tools-planner.csv (removed 2026-10-09),,
,not built,compress,,,,,,,,zipx compressor,none,,,,,,,,tools-planner.csv (removed 2026-10-09),,
,not built,compress,,,,,,,,zst compressor,none,,,,,,,,tools-planner.csv (removed 2026-10-09),,
cr2-to-cr2,retired,convert,cr2,cr2,unknown,,not swept,the sweep runs live Tools only,,cr2 to cr2,exact,,yes,,,,,,ahrefs-2026-01,,
cr2-to-cr3,retired,convert,cr2,cr3,unknown,,not swept,the sweep runs live Tools only,,cr2 to cr3,exact,,,,,,,,ahrefs-2026-01,,
cr2-to-cur,live,convert,cr2,cur,client-only,imagemagick-wasm,pass,format check: signature,5a318b697fbf,cr2 to cur,exact,,,,,,,,ahrefs-2026-01,,
cr2-to-dds,live,convert,cr2,dds,client-only,imagemagick-wasm,pass,format check: signature,ca5b9a53e93a,cr2 to dds,exact,,,,,,,,ahrefs-2026-01,,
cr2-to-dng,retired,convert,cr2,dng,unknown,,not swept,the sweep runs live Tools only,,cr2 to dng,exact,,,150,10,0,5400,3600,ahrefs-2026-01,,
cr2-to-eps,live,convert,cr2,eps,client-only,imagemagick-wasm,pass,format check: none,ca5b9a53e93a,cr2 to eps,exact,,,,,,,,ahrefs-2026-01,,
cr2-to-gif,live,convert,cr2,gif,client-only,imagemagick-wasm,pass,format check: signature,ca5b9a53e93a,cr2 to gif,exact,,,,,,,,ahrefs-2026-01,,
cr2-to-heic,retired,convert,cr2,heic,unknown,,not swept,the sweep runs live Tools only,,cr2 to heic,exact,,,10,,,,,ahrefs-2026-01,,
cr2-to-heif,retired,convert,cr2,heif,unknown,,not swept,the sweep runs live Tools only,,cr2 to heif,exact,,,,,,,,ahrefs-2026-01,,
cr2-to-icns,live,convert,cr2,icns,client-only,imagemagick-wasm,pass,format check: signature,ca5b9a53e93a,cr2 to icns,exact,,,,,,,,ahrefs-2026-01,,
cr2-to-ico,live,convert,cr2,ico,client-only,imagemagick-wasm,pass,format check: signature,5a318b697fbf,cr2 to ico,exact,,,,,,,,ahrefs-2026-01,,
cr2-to-jfif,live,convert,cr2,jfif,client-only,imagemagick-wasm,pass,format check: signature,ca5b9a53e93a,cr2 to jfif,exact,,,,,,,,ahrefs-2026-01,,
cr2-to-jif,live,convert,cr2,jif,client-only,imagemagick-wasm,pass,format check: signature,ca5b9a53e93a,cr2 to jif,exact,,,,,,,,ahrefs-2026-01,,
cr2-to-jpeg,live,convert,cr2,jpeg,client-only,imagemagick-wasm,pass,format check: signature,ca5b9a53e93a,cr2 to jpeg,exact,,,1200,250,4,14000,3100,ahrefs-2026-01,,
cr2-to-jpg,live,convert,cr2,jpg,client-only,imagemagick-wasm,pass,format check: signature,ca5b9a53e93a,cr2 to jpg,exact,,,20000,2300,3,13000,2700,ahrefs-2026-01,,
cr2-to-jxl,live,convert,cr2,jxl,client-only,imagemagick-wasm,pass,format check: signature,ca5b9a53e93a,cr2 to jxl,exact,,,,,,,,ahrefs-2026-01,,
cr2-to-ktx,live,convert,cr2,ktx,client-only,imagemagick-wasm,pass,format check: signature,ca5b9a53e93a,cr2 to ktx,exact,,,,,,,,ahrefs-2026-01,,
cr2-to-ktx2,live,convert,cr2,ktx2,client-only,imagemagick-wasm,pass,format check: signature,ca5b9a53e93a,cr2 to ktx2,exact,,,,,,,,ahrefs-2026-01,,
cr2-to-nef,retired,convert,cr2,nef,unknown,,not swept,the sweep runs live Tools only,,cr2 to nef,exact,,,,,,,,ahrefs-2026-01,,
cr2-to-orf,retired,convert,cr2,orf,unknown,,not swept,the sweep runs live Tools only,,cr2 to orf,exact,,,,,,,,ahrefs-2026-01,,
cr2-to-pam,live,convert,cr2,pam,client-only,imagemagick-wasm,pass,format check: signature,ca5b9a53e93a,cr2 to pam,exact,,,,,,,,ahrefs-2026-01,,
cr2-to-pbm,live,convert,cr2,pbm,client-only,imagemagick-wasm,pass,format check: signature,ca5b9a53e93a,cr2 to pbm,exact,,,,,,,,ahrefs-2026-01,,
cr2-to-pcx,live,convert,cr2,pcx,client-only,imagemagick-wasm,pass,format check: none,ca5b9a53e93a,cr2 to pcx,exact,,,,,,,,ahrefs-2026-01,,
cr2-to-pdf,live,convert,cr2,pdf,client-only,imagemagick-wasm,pass,format check: signature,ca5b9a53e93a,cr2 to pdf,exact,,,50,20,,,,ahrefs-2026-01,,
cr2-to-pgm,live,convert,cr2,pgm,client-only,imagemagick-wasm,pass,format check: signature,ca5b9a53e93a,cr2 to pgm,exact,,,,,,,,ahrefs-2026-01,,
cr2-to-png,live,convert,cr2,png,client-only,imagemagick-wasm,pass,format check: signature,ca5b9a53e93a,cr2 to png,exact,,,4100,600,1,1500,350,ahrefs-2026-01,,
cr2-to-ppm,live,convert,cr2,ppm,client-only,imagemagick-wasm,pass,format check: signature,ca5b9a53e93a,cr2 to ppm,exact,,,,,,,,ahrefs-2026-01,,
cr2-to-raf,retired,convert,cr2,raf,unknown,,not swept,the sweep runs live Tools only,,cr2 to raf,exact,,,,,,,,ahrefs-2026-01,,
cr2-to-rw2,retired,convert,cr2,rw2,unknown,,not swept,the sweep runs live Tools only,,cr2 to rw2,exact,,,,,,,,ahrefs-2026-01,,
cr2-to-svg,live,convert,cr2,svg,client-only,imagemagick-wasm,pass,format check: signature,ca5b9a53e93a,cr2 to svg,exact,,,,,,,,ahrefs-2026-01,,
cr2-to-tga,live,convert,cr2,tga,client-only,imagemagick-wasm,pass,format check: none,ca5b9a53e93a,cr2 to tga,exact,,,,,,,,ahrefs-2026-01,,
cr2-to-tif,live,convert,cr2,tif,client-only,imagemagick-wasm,pass,format check: signature,ca5b9a53e93a,cr2 to tif,exact,,,,,,,,ahrefs-2026-01,,
cr2-to-tiff,live,convert,cr2,tiff,client-only,imagemagick-wasm,pass,format check: signature,ca5b9a53e93a,cr2 to tiff,exact,,,100,40,0,10,10,ahrefs-2026-01,,
cr2-to-webp,live,convert,cr2,webp,client-only,imagemagick-wasm,pass,format check: signature,ca5b9a53e93a,cr2 to webp,exact,,,30,,,,,ahrefs-2026-01,,
cr2-to-xbm,live,convert,cr2,xbm,client-only,imagemagick-wasm,pass,format check: none,ca5b9a53e93a,cr2 to xbm,exact,,,,,,,,ahrefs-2026-01,,
cr3-to-cr3,retired,convert,cr3,cr3,unknown,,not swept,the sweep runs live Tools only,,cr3 to cr3,exact,,yes,,,,,,ahrefs-2026-01,,
cr3-to-cur,live,convert,cr3,cur,client-only,imagemagick-wasm,pass,format check: signature,5a318b697fbf,cr3 to cur,exact,,,,,,,,ahrefs-2026-01,,
cr3-to-dds,live,convert,cr3,dds,client-only,imagemagick-wasm,pass,format check: signature,ca5b9a53e93a,cr3 to dds,exact,,,,,,,,ahrefs-2026-01,,
cr3-to-dng,retired,convert,cr3,dng,unknown,,not swept,the sweep runs live Tools only,,cr3 to dng,exact,,,60,10,0,5700,3600,ahrefs-2026-01,,
cr3-to-eps,live,convert,cr3,eps,client-only,imagemagick-wasm,pass,format check: none,ca5b9a53e93a,cr3 to eps,exact,,,,,,,,ahrefs-2026-01,,
cr3-to-gif,live,convert,cr3,gif,client-only,imagemagick-wasm,pass,format check: signature,ca5b9a53e93a,cr3 to gif,exact,,,,,,,,ahrefs-2026-01,,
cr3-to-heic,retired,convert,cr3,heic,unknown,,not swept,the sweep runs live Tools only,,cr3 to heic,exact,,,,,,,,ahrefs-2026-01,,
cr3-to-heif,retired,convert,cr3,heif,unknown,,not swept,the sweep runs live Tools only,,cr3 to heif,exact,,,,,,,,ahrefs-2026-01,,
cr3-to-icns,live,convert,cr3,icns,client-only,imagemagick-wasm,pass,format check: signature,ca5b9a53e93a,cr3 to icns,exact,,,,,,,,ahrefs-2026-01,,
cr3-to-ico,live,convert,cr3,ico,client-only,imagemagick-wasm,pass,format check: signature,5a318b697fbf,cr3 to ico,exact,,,,,,,,ahrefs-2026-01,,
cr3-to-jfif,live,convert,cr3,jfif,client-only,imagemagick-wasm,pass,format check: signature,ca5b9a53e93a,cr3 to jfif,exact,,,,,,,,ahrefs-2026-01,,
cr3-to-jif,live,convert,cr3,jif,client-only,imagemagick-wasm,pass,format check: signature,ca5b9a53e93a,cr3 to jif,exact,,,,,,,,ahrefs-2026-01,,
cr3-to-jpeg,live,convert,cr3,jpeg,client-only,imagemagick-wasm,pass,format check: signature,ca5b9a53e93a,cr3 to jpeg,exact,,,600,100,0,3400,500,ahrefs-2026-01,,
cr3-to-jpg,live,convert,cr3,jpg,client-only,imagemagick-wasm,pass,format check: signature,ca5b9a53e93a,,,,,,,,,,,,
cr3-to-jxl,live,convert,cr3,jxl,client-only,imagemagick-wasm,pass,format check: signature,ca5b9a53e93a,cr3 to jxl,exact,,,,,,,,ahrefs-2026-01,,
cr3-to-ktx,live,convert,cr3,ktx,client-only,imagemagick-wasm,pass,format check: signature,ca5b9a53e93a,cr3 to ktx,exact,,,,,,,,ahrefs-2026-01,,
cr3-to-ktx2,live,convert,cr3,ktx2,client-only,imagemagick-wasm,pass,format check: signature,ca5b9a53e93a,cr3 to ktx2,exact,,,,,,,,ahrefs-2026-01,,
cr3-to-nef,retired,convert,cr3,nef,unknown,,not swept,the sweep runs live Tools only,,cr3 to nef,exact,,,,,,,,ahrefs-2026-01,,
cr3-to-orf,retired,convert,cr3,orf,unknown,,not swept,the sweep runs live Tools only,,cr3 to orf,exact,,,,,,,,ahrefs-2026-01,,
cr3-to-pam,live,convert,cr3,pam,client-only,imagemagick-wasm,pass,format check: signature,ca5b9a53e93a,cr3 to pam,exact,,,,,,,,ahrefs-2026-01,,
cr3-to-pbm,live,convert,cr3,pbm,client-only,imagemagick-wasm,pass,format check: signature,ca5b9a53e93a,cr3 to pbm,exact,,,,,,,,ahrefs-2026-01,,
cr3-to-pcx,live,convert,cr3,pcx,client-only,imagemagick-wasm,pass,format check: none,ca5b9a53e93a,cr3 to pcx,exact,,,,,,,,ahrefs-2026-01,,
cr3-to-pdf,live,convert,cr3,pdf,client-only,imagemagick-wasm,pass,format check: signature,ca5b9a53e93a,cr3 to pdf,exact,,,20,10,,,,ahrefs-2026-01,,
cr3-to-pgm,live,convert,cr3,pgm,client-only,imagemagick-wasm,pass,format check: signature,ca5b9a53e93a,cr3 to pgm,exact,,,,,,,,ahrefs-2026-01,,
cr3-to-png,live,convert,cr3,png,client-only,imagemagick-wasm,pass,format check: signature,ca5b9a53e93a,cr3 to png,exact,,,1600,250,0,300,100,ahrefs-2026-01,,
cr3-to-ppm,live,convert,cr3,ppm,client-only,imagemagick-wasm,pass,format check: signature,ca5b9a53e93a,cr3 to ppm,exact,,,,,,,,ahrefs-2026-01,,
cr3-to-raf,retired,convert,cr3,raf,unknown,,not swept,the sweep runs live Tools only,,cr3 to raf,exact,,,,,,,,ahrefs-2026-01,,
cr3-to-rw2,retired,convert,cr3,rw2,unknown,,not swept,the sweep runs live Tools only,,cr3 to rw2,exact,,,,,,,,ahrefs-2026-01,,
cr3-to-svg,live,convert,cr3,svg,client-only,imagemagick-wasm,pass,format check: signature,ca5b9a53e93a,cr3 to svg,exact,,,,,,,,ahrefs-2026-01,,
cr3-to-tga,live,convert,cr3,tga,client-only,imagemagick-wasm,pass,format check: none,ca5b9a53e93a,cr3 to tga,exact,,,,,,,,ahrefs-2026-01,,
cr3-to-tif,live,convert,cr3,tif,client-only,imagemagick-wasm,pass,format check: signature,ca5b9a53e93a,cr3 to tif,exact,,,,,,,,ahrefs-2026-01,,
cr3-to-tiff,live,convert,cr3,tiff,client-only,imagemagick-wasm,pass,format check: signature,ca5b9a53e93a,cr3 to tiff,exact,,,60,10,,,,ahrefs-2026-01,,
cr3-to-webp,live,convert,cr3,webp,client-only,imagemagick-wasm,pass,format check: signature,ca5b9a53e93a,cr3 to webp,exact,,,,,,,,ahrefs-2026-01,,
cr3-to-xbm,live,convert,cr3,xbm,client-only,imagemagick-wasm,pass,format check: none,ca5b9a53e93a,cr3 to xbm,exact,,,,,,,,ahrefs-2026-01,,
crw-to-jpeg,live,convert,crw,jpeg,client-only,imagemagick-wasm,no_fixture,no ready crw fixture in fixture-matrix.json,ca5b9a53e93a,crw to jpeg,exact,,,,,,,,ahrefs-2026-01,,
crw-to-jpg,live,convert,crw,jpg,client-only,imagemagick-wasm,no_fixture,no ready crw fixture in fixture-matrix.json,ca5b9a53e93a,crw to jpg,exact,,,50,10,,,,ahrefs-2026-01,,
csv-combiner,live,combine,csv,csv,client-only,javascript,pass,format check: content,ca5b9a53e93a,,,,,,,,,,,,
csv-to-actionscript,live,convert,csv,actionscript,client-only,table-convert,pass,format check: content,ca5b9a53e93a,,,,,,,,,,,,
csv-to-ascii,live,convert,csv,ascii,client-only,table-convert,pass,format check: content,ca5b9a53e93a,csv to ascii,exact,,,,,,,,ahrefs-2026-01,,
csv-to-asciidoc,live,convert,csv,asciidoc,client-only,table-convert,pass,format check: content,ca5b9a53e93a,,,,,,,,,,,,
csv-to-asp,live,convert,csv,asp,client-only,table-convert,pass,format check: content,ca5b9a53e93a,,,,,,,,,,,,
csv-to-avro,live,convert,csv,avro,client-only,table-convert,error,AVRO output is not wired yet in the demo.,ca5b9a53e93a,csv to avro,exact,,,,,,,,ahrefs-2026-01,,
csv-to-bbcode,live,convert,csv,bbcode,client-only,table-convert,pass,format check: content,ca5b9a53e93a,,,,,,,,,,,,
csv-to-csv,live,convert,csv,csv,client-only,table-convert,pass,format check: content,ca5b9a53e93a,csv to csv,exact,,yes,,,,,,ahrefs-2026-01,,
csv-to-dax,live,convert,csv,dax,client-only,table-convert,pass,format check: content,ca5b9a53e93a,,,,,,,,,,,,
csv-to-excel,live,convert,csv,excel,client-only,table-convert,error,EXCEL output is not wired yet in the demo.,ca5b9a53e93a,csv to excel,exact,,,,,,,,ahrefs-2026-01,csv to xlsx,17000
csv-to-firebase,live,convert,csv,firebase,client-only,table-convert,pass,format check: content,ca5b9a53e93a,,,,,,,,,,,,
csv-to-html,live,convert,csv,html,client-only,table-convert,pass,format check: content,ca5b9a53e93a,csv to html,exact,,,600,90,4,150,60,ahrefs-2026-01,,
csv-to-ini,live,convert,csv,ini,client-only,table-convert,pass,format check: content,ca5b9a53e93a,,,,,,,,,,,,
csv-to-jira,live,convert,csv,jira,client-only,table-convert,pass,format check: content,ca5b9a53e93a,,,,,,,,,,,,
csv-to-jpeg,live,convert,csv,jpeg,client-only,table-convert,error,JPEG output is not wired yet in the demo.,ca5b9a53e93a,csv to jpeg,exact,,,,,,,,ahrefs-2026-01,,
csv-to-jpg,live,convert,csv,jpg,client-only,browser-raster,error,Image decode failed.,ca5b9a53e93a,csv to jpg,exact,,,400,60,0,50,10,ahrefs-2026-01,,
csv-to-json,live,convert,csv,json,client-only,table-convert,pass,format check: content,ca5b9a53e93a,csv to json,exact,,,,,,,,ahrefs-2026-01,,
csv-to-jsonlines,live,convert,csv,jsonlines,client-only,table-convert,pass,format check: content,ca5b9a53e93a,csv to jsonlines,exact,,,,,,,,ahrefs-2026-01,,
csv-to-latex,live,convert,csv,latex,client-only,table-convert,pass,format check: content,ca5b9a53e93a,csv to latex,exact,,,,,,,,ahrefs-2026-01,,
csv-to-magic,live,convert,csv,magic,client-only,table-convert,error,MAGIC output is not wired yet in the demo.,ca5b9a53e93a,csv to magic,exact,,,,,,,,ahrefs-2026-01,,
csv-to-markdown,live,convert,csv,markdown,client-only,table-convert,pass,format check: content,ca5b9a53e93a,csv to markdown,exact,,,,,,,,ahrefs-2026-01,,
csv-to-matlab,live,convert,csv,matlab,client-only,table-convert,pass,format check: content,ca5b9a53e93a,,,,,,,,,,,,
csv-to-mediawiki,live,convert,csv,mediawiki,client-only,table-convert,pass,format check: content,ca5b9a53e93a,csv to mediawiki,exact,,,,,,,,ahrefs-2026-01,,
csv-to-pandasdataframe,live,convert,csv,pandasdataframe,client-only,table-convert,pass,format check: content,ca5b9a53e93a,csv to pandasdataframe,exact,,,,,,,,ahrefs-2026-01,,
csv-to-pdf,live,convert,csv,pdf,client-only,table-convert,error,PDF output is not wired yet in the demo.,ca5b9a53e93a,csv to pdf,exact,,,18000,2500,1,8400,1900,ahrefs-2026-01,,
csv-to-php,live,convert,csv,php,client-only,table-convert,pass,format check: content,ca5b9a53e93a,csv to php,exact,,,,,,,,ahrefs-2026-01,,
csv-to-png,live,convert,csv,png,client-only,table-convert,error,PNG output is not wired yet in the demo.,ca5b9a53e93a,csv to png,exact,,,450,80,0,40,40,ahrefs-2026-01,,
csv-to-protobuf,live,convert,csv,protobuf,client-only,table-convert,error,PROTOBUF output is not wired yet in the demo.,ca5b9a53e93a,,,,,,,,,,,,
csv-to-qlik,live,convert,csv,qlik,client-only,table-convert,pass,format check: content,ca5b9a53e93a,,,,,,,,,,,,
csv-to-rdataframe,live,convert,csv,rdataframe,client-only,table-convert,pass,format check: content,ca5b9a53e93a,,,,,,,,,,,,
csv-to-rdf,live,convert,csv,rdf,client-only,table-convert,pass,format check: content,ca5b9a53e93a,,,,,,,,,,,,
csv-to-restructuredtext,live,convert,csv,restructuredtext,client-only,table-convert,pass,format check: content,ca5b9a53e93a,,,,,,,,,,,,
csv-to-ruby,live,convert,csv,ruby,client-only,table-convert,pass,format check: content,ca5b9a53e93a,,,,,,,,,,,,
csv-to-sql,live,convert,csv,sql,client-only,table-convert,pass,format check: content,ca5b9a53e93a,csv to sql,exact,,,,,,,,ahrefs-2026-01,,
csv-to-textile,live,convert,csv,textile,client-only,table-convert,pass,format check: content,ca5b9a53e93a,,,,,,,,,,,,
csv-to-toml,live,convert,csv,toml,client-only,table-convert,pass,format check: content,ca5b9a53e93a,,,,,,,,,,,,
csv-to-tracwiki,live,convert,csv,tracwiki,client-only,table-convert,pass,format check: content,ca5b9a53e93a,,,,,,,,,,,,
,not built,convert,csv,txt,,,,,,csv to txt,none,,,2200,400,0,800,250,ahrefs-2026-01,,
,not built,convert,csv,xls,,,,,,csv to xls,none,,,3600,200,6,32000,1600,ahrefs-2026-01,,
,alias page,convert,csv,xlsx,,,,,,csv to xlsx,alias,csv-to-excel,,17000,900,3,4600,600,ahrefs-2026-01,,
csv-to-xml,live,convert,csv,xml,client-only,table-convert,pass,format check: content,ca5b9a53e93a,csv to xml,exact,,,,,,,,ahrefs-2026-01,,
csv-to-yaml,live,convert,csv,yaml,client-only,table-convert,pass,format check: content,ca5b9a53e93a,csv to yaml,exact,,,,,,,,ahrefs-2026-01,,
cur-to-cur,live,convert,cur,cur,client-only,browser-raster,pass,format check: signature,ca5b9a53e93a,cur to cur,exact,,yes,,,,,,ahrefs-2026-01,,
cur-to-dds,live,convert,cur,dds,client-only,browser-raster,pass,format check: signature,ca5b9a53e93a,cur to dds,exact,,,,,,,,ahrefs-2026-01,,
cur-to-dng,retired,convert,cur,dng,unknown,,not swept,the sweep runs live Tools only,,cur to dng,exact,,,,,,,,ahrefs-2026-01,,
cur-to-eps,retired,convert,cur,eps,unknown,,not swept,the sweep runs live Tools only,,cur to eps,exact,,,,,,,,ahrefs-2026-01,,
cur-to-gif,live,convert,cur,gif,client-only,browser-raster,pass,format check: signature,ca5b9a53e93a,cur to gif,exact,,,20,10,,,,ahrefs-2026-01,,
cur-to-heic,retired,convert,cur,heic,unknown,,not swept,the sweep runs live Tools only,,cur to heic,exact,,,,,,,,ahrefs-2026-01,,
cur-to-heif,retired,convert,cur,heif,unknown,,not swept,the sweep runs live Tools only,,cur to heif,exact,,,,,,,,ahrefs-2026-01,,
cur-to-icns,live,convert,cur,icns,client-only,browser-raster,pass,format check: signature,ca5b9a53e93a,cur to icns,exact,,,,,,,,ahrefs-2026-01,,
cur-to-ico,live,convert,cur,ico,client-only,browser-raster,pass,format check: signature,ca5b9a53e93a,cur to ico,exact,,,20,,,,,ahrefs-2026-01,,
cur-to-jfif,live,convert,cur,jfif,client-only,browser-raster,pass,format check: signature,ca5b9a53e93a,cur to jfif,exact,,,,,,,,ahrefs-2026-01,,
cur-to-jif,live,convert,cur,jif,client-only,browser-raster,pass,format check: signature,ca5b9a53e93a,cur to jif,exact,,,,,,,,ahrefs-2026-01,,
cur-to-jpeg,live,convert,cur,jpeg,client-only,browser-raster,pass,format check: signature,ca5b9a53e93a,cur to jpeg,exact,,,,,,,,ahrefs-2026-01,,
cur-to-jpg,live,convert,cur,jpg,client-only,browser-raster,pass,format check: signature,ca5b9a53e93a,cur to jpg,exact,,,20,,,,,ahrefs-2026-01,,
cur-to-jxl,live,convert,cur,jxl,client-only,browser-raster,pass,format check: signature,ca5b9a53e93a,cur to jxl,exact,,,,,,,,ahrefs-2026-01,,
cur-to-ktx,live,convert,cur,ktx,client-only,browser-raster,pass,format check: signature,ca5b9a53e93a,cur to ktx,exact,,,,,,,,ahrefs-2026-01,,
cur-to-ktx2,live,convert,cur,ktx2,client-only,browser-raster,pass,format check: signature,ca5b9a53e93a,cur to ktx2,exact,,,,,,,,ahrefs-2026-01,,
cur-to-nef,retired,convert,cur,nef,unknown,,not swept,the sweep runs live Tools only,,cur to nef,exact,,,,,,,,ahrefs-2026-01,,
cur-to-orf,retired,convert,cur,orf,unknown,,not swept,the sweep runs live Tools only,,cur to orf,exact,,,,,,,,ahrefs-2026-01,,
cur-to-pam,live,convert,cur,pam,client-only,browser-raster,pass,format check: signature,ca5b9a53e93a,cur to pam,exact,,,,,,,,ahrefs-2026-01,,
cur-to-pbm,live,convert,cur,pbm,client-only,browser-raster,pass,format check: signature,ca5b9a53e93a,cur to pbm,exact,,,,,,,,ahrefs-2026-01,,
cur-to-pcx,live,convert,cur,pcx,client-only,browser-raster,pass,format check: none,ca5b9a53e93a,cur to pcx,exact,,,,,,,,ahrefs-2026-01,,
,not built,convert,cur,pdf,,,,,,cur to pdf,none,,,,,,,,ahrefs-2026-01,,
cur-to-pgm,live,convert,cur,pgm,client-only,browser-raster,pass,format check: signature,ca5b9a53e93a,cur to pgm,exact,,,,,,,,ahrefs-2026-01,,
cur-to-png,live,convert,cur,png,client-only,browser-raster,pass,format check: signature,ca5b9a53e93a,cur to png,exact,,,1300,300,0,700,500,ahrefs-2026-01,,
cur-to-ppm,live,convert,cur,ppm,client-only,browser-raster,pass,format check: signature,ca5b9a53e93a,cur to ppm,exact,,,,,,,,ahrefs-2026-01,,
cur-to-raf,retired,convert,cur,raf,unknown,,not swept,the sweep runs live Tools only,,cur to raf,exact,,,,,,,,ahrefs-2026-01,,
cur-to-rw2,retired,convert,cur,rw2,unknown,,not swept,the sweep runs live Tools only,,cur to rw2,exact,,,,,,,,ahrefs-2026-01,,
cur-to-svg,live,convert,cur,svg,client-only,browser-raster,pass,format check: signature,ca5b9a53e93a,cur to svg,exact,,,20,,,,,ahrefs-2026-01,,
cur-to-tga,live,convert,cur,tga,client-only,browser-raster,pass,format check: none,ca5b9a53e93a,cur to tga,exact,,,,,,,,ahrefs-2026-01,,
cur-to-tif,live,convert,cur,tif,client-only,browser-raster,pass,format check: signature,ca5b9a53e93a,cur to tif,exact,,,,,,,,ahrefs-2026-01,,
cur-to-tiff,live,convert,cur,tiff,client-only,browser-raster,pass,format check: signature,ca5b9a53e93a,cur to tiff,exact,,,,,,,,ahrefs-2026-01,,
cur-to-webp,live,convert,cur,webp,client-only,browser-raster,pass,format check: signature,ca5b9a53e93a,cur to webp,exact,,,,,,,,ahrefs-2026-01,,
cur-to-xbm,live,convert,cur,xbm,client-only,browser-raster,pass,format check: none,ca5b9a53e93a,cur to xbm,exact,,,,,,,,ahrefs-2026-01,,
dcm-to-jpeg,live,convert,dcm,jpeg,client-only,browser-raster,no_fixture,no ready dcm fixture in fixture-matrix.json,ca5b9a53e93a,dcm to jpeg,exact,,,250,60,0,40,30,ahrefs-2026-01,,
dcm-to-jpg,live,convert,dcm,jpg,client-only,browser-raster,no_fixture,no ready dcm fixture in fixture-matrix.json,ca5b9a53e93a,dcm to jpg,exact,,,1900,250,1,600,300,ahrefs-2026-01,,
,not built,convert,dcm,pdf,,,,,,dcm to pdf,none,,,700,100,0,50,50,ahrefs-2026-01,,
,not built,convert,dcr,hdr,,,,,,dcr to hdr,none,,,,,,,,ahrefs-2026-01,,
dds-to-dds,live,convert,dds,dds,client-only,imagemagick-wasm,pass,format check: signature,ca5b9a53e93a,dds to dds,exact,,yes,10,,,,,ahrefs-2026-01,,
dds-to-dng,retired,convert,dds,dng,unknown,,not swept,the sweep runs live Tools only,,dds to dng,exact,,,,,,,,ahrefs-2026-01,,
dds-to-eps,retired,convert,dds,eps,unknown,,not swept,the sweep runs live Tools only,,dds to eps,exact,,,,,,,,ahrefs-2026-01,,
dds-to-gif,live,convert,dds,gif,client-only,imagemagick-wasm,pass,format check: signature,ca5b9a53e93a,dds to gif,exact,,,,,,,,ahrefs-2026-01,,
dds-to-heic,retired,convert,dds,heic,unknown,,not swept,the sweep runs live Tools only,,dds to heic,exact,,,,,,,,ahrefs-2026-01,,
dds-to-heif,retired,convert,dds,heif,unknown,,not swept,the sweep runs live Tools only,,dds to heif,exact,,,,,,,,ahrefs-2026-01,,
dds-to-icns,live,convert,dds,icns,client-only,imagemagick-wasm,pass,format check: signature,ca5b9a53e93a,dds to icns,exact,,,,,,,,ahrefs-2026-01,,
dds-to-ico,live,convert,dds,ico,client-only,imagemagick-wasm,pass,format check: signature,ca5b9a53e93a,dds to ico,exact,,,,,,,,ahrefs-2026-01,,
dds-to-jfif,live,convert,dds,jfif,client-only,imagemagick-wasm,pass,format check: signature,ca5b9a53e93a,dds to jfif,exact,,,,,,,,ahrefs-2026-01,,
dds-to-jif,live,convert,dds,jif,client-only,imagemagick-wasm,pass,format check: signature,ca5b9a53e93a,dds to jif,exact,,,,,,,,ahrefs-2026-01,,
dds-to-jpeg,live,convert,dds,jpeg,client-only,imagemagick-wasm,pass,format check: signature,ca5b9a53e93a,dds to jpeg,exact,,,150,30,1,20,10,ahrefs-2026-01,,
dds-to-jpg,live,convert,dds,jpg,client-only,imagemagick-wasm,pass,format check: signature,ca5b9a53e93a,dds to jpg,exact,,,1400,150,5,400,150,ahrefs-2026-01,,
dds-to-jxl,live,convert,dds,jxl,client-only,imagemagick-wasm,pass,format check: signature,ca5b9a53e93a,dds to jxl,exact,,,,,,,,ahrefs-2026-01,,
dds-to-ktx,live,convert,dds,ktx,client-only,imagemagick-wasm,pass,format check: signature,ca5b9a53e93a,dds to ktx,exact,,,,,,,,ahrefs-2026-01,,
dds-to-ktx2,live,convert,dds,ktx2,client-only,imagemagick-wasm,pass,format check: signature,ca5b9a53e93a,dds to ktx2,exact,,,10,,,,,ahrefs-2026-01,,
dds-to-nef,retired,convert,dds,nef,unknown,,not swept,the sweep runs live Tools only,,dds to nef,exact,,,,,,,,ahrefs-2026-01,,
dds-to-orf,retired,convert,dds,orf,unknown,,not swept,the sweep runs live Tools only,,dds to orf,exact,,,,,,,,ahrefs-2026-01,,
dds-to-pam,live,convert,dds,pam,client-only,imagemagick-wasm,pass,format check: signature,ca5b9a53e93a,dds to pam,exact,,,,,,,,ahrefs-2026-01,,
dds-to-pbm,live,convert,dds,pbm,client-only,imagemagick-wasm,pass,format check: signature,ca5b9a53e93a,dds to pbm,exact,,,,,,,,ahrefs-2026-01,,
dds-to-pcx,live,convert,dds,pcx,client-only,imagemagick-wasm,pass,format check: none,ca5b9a53e93a,dds to pcx,exact,,,,,,,,ahrefs-2026-01,,
,not built,convert,dds,pdf,,,,,,dds to pdf,none,,,,,,,,ahrefs-2026-01,,
dds-to-pgm,live,convert,dds,pgm,client-only,imagemagick-wasm,pass,format check: signature,ca5b9a53e93a,dds to pgm,exact,,,,,,,,ahrefs-2026-01,,
dds-to-png,live,convert,dds,png,client-only,imagemagick-wasm,pass,format check: signature,ca5b9a53e93a,dds to png,exact,,,21000,5900,0,6500,1700,ahrefs-2026-01,,
dds-to-ppm,live,convert,dds,ppm,client-only,imagemagick-wasm,pass,format check: signature,ca5b9a53e93a,dds to ppm,exact,,,,,,,,ahrefs-2026-01,,
dds-to-raf,retired,convert,dds,raf,unknown,,not swept,the sweep runs live Tools only,,dds to raf,exact,,,,,,,,ahrefs-2026-01,,
dds-to-rw2,retired,convert,dds,rw2,unknown,,not swept,the sweep runs live Tools only,,dds to rw2,exact,,,,,,,,ahrefs-2026-01,,
dds-to-svg,live,convert,dds,svg,client-only,imagemagick-wasm,pass,format check: signature,ca5b9a53e93a,dds to svg,exact,,,40,,,,,ahrefs-2026-01,,
,not built,convert,dds,tga,,,,,,dds to tga,none,,,350,80,0,80,70,ahrefs-2026-01,,
dds-to-tif,live,convert,dds,tif,client-only,imagemagick-wasm,pass,format check: signature,ca5b9a53e93a,dds to tif,exact,,,,,,,,ahrefs-2026-01,,
dds-to-tiff,live,convert,dds,tiff,client-only,imagemagick-wasm,pass,format check: signature,ca5b9a53e93a,dds to tiff,exact,,,,,,,,ahrefs-2026-01,,
dds-to-webp,live,convert,dds,webp,client-only,imagemagick-wasm,pass,format check: signature,ca5b9a53e93a,dds to webp,exact,,,,,,,,ahrefs-2026-01,,
dds-to-xbm,live,convert,dds,xbm,client-only,imagemagick-wasm,pass,format check: none,ca5b9a53e93a,dds to xbm,exact,,,,,,,,ahrefs-2026-01,,
divx-to-3gp,live,convert,divx,3gp,client-only,ffmpeg-wasm,pass,format check: signature,5a318b697fbf,,,,,,,,,,,,
divx-to-aac,live,convert,divx,aac,client-only,ffmpeg-wasm,pass,format check: none,ca5b9a53e93a,,,,,,,,,,,,
divx-to-aiff,live,convert,divx,aiff,client-only,ffmpeg-wasm,pass,format check: signature,ca5b9a53e93a,,,,,,,,,,,,
divx-to-alac,live,convert,divx,alac,client-only,ffmpeg-wasm,pass,format check: none,ca5b9a53e93a,,,,,,,,,,,,
divx-to-amr,live,convert,divx,amr,client-only,ffmpeg-wasm,error,FFmpeg failed with exit code 1 [Unknown encoder 'libopencore_amrnb'],ca5b9a53e93a,,,,,,,,,,,,
divx-to-asf,live,convert,divx,asf,client-only,ffmpeg-wasm,pass,format check: none,ca5b9a53e93a,,,,,,,,,,,,
divx-to-au,live,convert,divx,au,client-only,ffmpeg-wasm,pass,format check: none,ca5b9a53e93a,,,,,,,,,,,,
divx-to-av1,live,convert,divx,av1,client-only,ffmpeg-wasm + webcodecs,pass,format check: signature,d0d2843e65ce,,,,,,,,,,,,
divx-to-avchd,live,convert,divx,avchd,client-only,ffmpeg-wasm,pass,format check: none,ca5b9a53e93a,,,,,,,,,,,,
divx-to-avi,live,convert,divx,avi,client-only,ffmpeg-wasm,pass,format check: signature,ca5b9a53e93a,,,,,,,,,,,,
divx-to-caf,live,convert,divx,caf,client-only,ffmpeg-wasm,pass,format check: none,ca5b9a53e93a,,,,,,,,,,,,
divx-to-cdda,live,convert,divx,cdda,client-only,ffmpeg-wasm,pass,format check: none,ca5b9a53e93a,,,,,,,,,,,,
divx-to-f4v,live,convert,divx,f4v,client-only,ffmpeg-wasm,pass,format check: none,ca5b9a53e93a,,,,,,,,,,,,
divx-to-flac,live,convert,divx,flac,client-only,ffmpeg-wasm,pass,format check: signature,ca5b9a53e93a,,,,,,,,,,,,
divx-to-flv,live,convert,divx,flv,client-only,ffmpeg-wasm,pass,format check: signature,ca5b9a53e93a,,,,,,,,,,,,
divx-to-gif,live,convert,divx,gif,client-only,ffmpeg-wasm,pass,format check: signature,ca5b9a53e93a,,,,,,,,,,,,
divx-to-hevc,live,convert,divx,hevc,client-only,ffmpeg-wasm + webcodecs,pass,format check: signature,d0d2843e65ce,,,,,,,,,,,,
divx-to-m2ts,live,convert,divx,m2ts,client-only,ffmpeg-wasm,pass,format check: none,ca5b9a53e93a,,,,,,,,,,,,
divx-to-m4a,live,convert,divx,m4a,client-only,ffmpeg-wasm,pass,format check: signature,ca5b9a53e93a,,,,,,,,,,,,
divx-to-m4r,live,convert,divx,m4r,client-only,ffmpeg-wasm,pass,format check: signature,ca5b9a53e93a,,,,,,,,,,,,
divx-to-m4v,live,convert,divx,m4v,client-only,ffmpeg-wasm,pass,format check: signature,ca5b9a53e93a,,,,,,,,,,,,
divx-to-mjpeg,live,convert,divx,mjpeg,client-only,ffmpeg-wasm,pass,format check: none,ca5b9a53e93a,,,,,,,,,,,,
divx-to-mkv,live,convert,divx,mkv,client-only,ffmpeg-wasm,pass,format check: signature,ca5b9a53e93a,,,,,,,,,,,,
divx-to-mov,live,convert,divx,mov,client-only,ffmpeg-wasm,pass,format check: signature,ca5b9a53e93a,,,,,,,,,,,,
divx-to-mp2,live,convert,divx,mp2,client-only,ffmpeg-wasm,pass,format check: none,ca5b9a53e93a,,,,,,,,,,,,
divx-to-mp3,live,convert,divx,mp3,client-only,ffmpeg-wasm,pass,format check: signature,ca5b9a53e93a,,,,,,,,,,,,
divx-to-mp4,live,convert,divx,mp4,client-only,ffmpeg-wasm,pass,format check: signature,ca5b9a53e93a,divx to mp4,exact,,,250,60,0,40,30,ahrefs-2026-01,,
divx-to-mpeg,live,convert,divx,mpeg,client-only,ffmpeg-wasm,pass,format check: none,ca5b9a53e93a,,,,,,,,,,,,
divx-to-mpeg2,live,convert,divx,mpeg2,client-only,ffmpeg-wasm,pass,format check: none,ca5b9a53e93a,,,,,,,,,,,,
divx-to-mpg,live,convert,divx,mpg,client-only,ffmpeg-wasm,pass,format check: none,ca5b9a53e93a,,,,,,,,,,,,
divx-to-mts,live,convert,divx,mts,client-only,ffmpeg-wasm,pass,format check: none,ca5b9a53e93a,,,,,,,,,,,,
divx-to-mxf,live,convert,divx,mxf,client-only,ffmpeg-wasm,pass,format check: none,5a318b697fbf,,,,,,,,,,,,
divx-to-oga,live,convert,divx,oga,client-only,ffmpeg-wasm,pass,format check: signature,ca5b9a53e93a,,,,,,,,,,,,
divx-to-ogg,live,convert,divx,ogg,client-only,ffmpeg-wasm,pass,format check: signature,ca5b9a53e93a,,,,,,,,,,,,
divx-to-opus,live,convert,divx,opus,client-only,ffmpeg-wasm,pass,format check: signature,ca5b9a53e93a,,,,,,,,,,,,
divx-to-rm,live,convert,divx,rm,server-first-client-fallback,"server-video, then ffmpeg-wasm",pass,format check: none,ca5b9a53e93a,,,,,,,,,,,,
divx-to-rmvb,retired,convert,divx,rmvb,unknown,,not swept,the sweep runs live Tools only,,,,,,,,,,,,,
divx-to-ts,live,convert,divx,ts,client-only,ffmpeg-wasm,pass,format check: none,ca5b9a53e93a,,,,,,,,,,,,
divx-to-vob,live,convert,divx,vob,client-only,ffmpeg-wasm,pass,format check: none,ca5b9a53e93a,,,,,,,,,,,,
divx-to-wav,live,convert,divx,wav,client-only,ffmpeg-wasm,pass,format check: signature,ca5b9a53e93a,,,,,,,,,,,,
divx-to-webm,live,convert,divx,webm,client-only,ffmpeg-wasm,pass,format check: signature,ca5b9a53e93a,,,,,,,,,,,,
divx-to-wma,live,convert,divx,wma,client-only,ffmpeg-wasm,pass,format check: none,ca5b9a53e93a,,,,,,,,,,,,
,not built,convert,djvu,epub,,,,,,djvu to epub,none,,,1900,250,0,450,150,ahrefs-2026-01,,
,not built,convert,djvu,pdf,,,,,,djvu to pdf,none,,,62000,8400,7,36000,8200,ahrefs-2026-01,,
dng-to-dng,retired,convert,dng,dng,unknown,,not swept,the sweep runs live Tools only,,dng to dng,exact,,yes,,,,,,ahrefs-2026-01,,
dng-to-eps,live,convert,dng,eps,client-only,imagemagick-wasm,pass,format check: none,ca5b9a53e93a,dng to eps,exact,,,,,,,,ahrefs-2026-01,,
dng-to-gif,live,convert,dng,gif,client-only,imagemagick-wasm,pass,format check: signature,ca5b9a53e93a,dng to gif,exact,,,,,,,,ahrefs-2026-01,,
,not built,convert,dng,heic,,,,,,dng to heic,none,,,80,20,,,,ahrefs-2026-01,,
dng-to-heif,retired,convert,dng,heif,unknown,,not swept,the sweep runs live Tools only,,dng to heif,exact,,,,,,,,ahrefs-2026-01,,
dng-to-icns,live,convert,dng,icns,client-only,imagemagick-wasm,pass,format check: signature,ca5b9a53e93a,dng to icns,exact,,,,,,,,ahrefs-2026-01,,
dng-to-ico,live,convert,dng,ico,client-only,imagemagick-wasm,pass,format check: signature,5a318b697fbf,dng to ico,exact,,,,,,,,ahrefs-2026-01,,
dng-to-jfif,live,convert,dng,jfif,client-only,imagemagick-wasm,pass,format check: signature,ca5b9a53e93a,dng to jfif,exact,,,,,,,,ahrefs-2026-01,,
dng-to-jif,live,convert,dng,jif,client-only,imagemagick-wasm,pass,format check: signature,ca5b9a53e93a,dng to jif,exact,,,,,,,,ahrefs-2026-01,,
dng-to-jpeg,live,convert,dng,jpeg,client-only,imagemagick-wasm,pass,format check: signature,ca5b9a53e93a,dng to jpeg,exact,,,1500,250,1,3800,700,ahrefs-2026-01,,
dng-to-jpg,live,convert,dng,jpg,client-only,imagemagick-wasm,pass,format check: signature,ca5b9a53e93a,dng to jpg,exact,,,15000,1900,1,3100,1400,ahrefs-2026-01,,
dng-to-jxl,live,convert,dng,jxl,client-only,imagemagick-wasm,pass,format check: signature,ca5b9a53e93a,dng to jxl,exact,,,,,,,,ahrefs-2026-01,,
dng-to-ktx,live,convert,dng,ktx,client-only,imagemagick-wasm,pass,format check: signature,ca5b9a53e93a,dng to ktx,exact,,,,,,,,ahrefs-2026-01,,
dng-to-ktx2,live,convert,dng,ktx2,client-only,imagemagick-wasm,pass,format check: signature,ca5b9a53e93a,dng to ktx2,exact,,,,,,,,ahrefs-2026-01,,
dng-to-nef,retired,convert,dng,nef,unknown,,not swept,the sweep runs live Tools only,,dng to nef,exact,,,,,,,,ahrefs-2026-01,,
dng-to-orf,retired,convert,dng,orf,unknown,,not swept,the sweep runs live Tools only,,dng to orf,exact,,,,,,,,ahrefs-2026-01,,
dng-to-pam,live,convert,dng,pam,client-only,imagemagick-wasm,pass,format check: signature,ca5b9a53e93a,dng to pam,exact,,,,,,,,ahrefs-2026-01,,
dng-to-pbm,live,convert,dng,pbm,client-only,imagemagick-wasm,pass,format check: signature,ca5b9a53e93a,dng to pbm,exact,,,,,,,,ahrefs-2026-01,,
dng-to-pcx,live,convert,dng,pcx,client-only,imagemagick-wasm,pass,format check: none,ca5b9a53e93a,dng to pcx,exact,,,,,,,,ahrefs-2026-01,,
dng-to-pdf,live,convert,dng,pdf,client-only,imagemagick-wasm,pass,format check: signature,ca5b9a53e93a,dng to pdf,exact,,,1100,150,0,150,60,ahrefs-2026-01,,
dng-to-pgm,live,convert,dng,pgm,client-only,imagemagick-wasm,pass,format check: signature,ca5b9a53e93a,dng to pgm,exact,,,,,,,,ahrefs-2026-01,,
dng-to-png,live,convert,dng,png,client-only,imagemagick-wasm,pass,format check: signature,ca5b9a53e93a,dng to png,exact,,,4600,700,1,1200,300,ahrefs-2026-01,,
dng-to-ppm,live,convert,dng,ppm,client-only,imagemagick-wasm,pass,format check: signature,ca5b9a53e93a,dng to ppm,exact,,,,,,,,ahrefs-2026-01,,
dng-to-raf,retired,convert,dng,raf,unknown,,not swept,the sweep runs live Tools only,,dng to raf,exact,,,,,,,,ahrefs-2026-01,,
dng-to-rw2,retired,convert,dng,rw2,unknown,,not swept,the sweep runs live Tools only,,dng to rw2,exact,,,,,,,,ahrefs-2026-01,,
dng-to-svg,live,convert,dng,svg,client-only,imagemagick-wasm,pass,format check: signature,ca5b9a53e93a,dng to svg,exact,,,,,,,,ahrefs-2026-01,,
dng-to-tga,live,convert,dng,tga,client-only,imagemagick-wasm,pass,format check: none,ca5b9a53e93a,dng to tga,exact,,,,,,,,ahrefs-2026-01,,
dng-to-tif,live,convert,dng,tif,client-only,imagemagick-wasm,pass,format check: signature,ca5b9a53e93a,dng to tif,exact,,,,,,,,ahrefs-2026-01,,
dng-to-tiff,live,convert,dng,tiff,client-only,imagemagick-wasm,pass,format check: signature,ca5b9a53e93a,dng to tiff,exact,,,100,30,,,,ahrefs-2026-01,,
dng-to-webp,live,convert,dng,webp,client-only,imagemagick-wasm,pass,format check: signature,ca5b9a53e93a,dng to webp,exact,,,40,,,,,ahrefs-2026-01,,
dng-to-xbm,live,convert,dng,xbm,client-only,imagemagick-wasm,pass,format check: none,ca5b9a53e93a,dng to xbm,exact,,,,,,,,ahrefs-2026-01,,
dng-to-xpm,live,convert,dng,xpm,client-only,imagemagick-wasm,pass,format check: none,ca5b9a53e93a,dng to xpm,exact,,,,,,,,ahrefs-2026-01,,
,not built,convert,doc,azw3,,,,,,doc to azw3,none,,,30,,,,,ahrefs-2026-01,,
,not built,convert,doc,csv,,,,,,doc to csv,none,,,150,20,0,300,70,ahrefs-2026-01,,
,not built,convert,doc,docx,,,,,,doc to docx,none,,,6600,700,2,3400,600,ahrefs-2026-01,,
,not built,convert,doc,epub,,,,,,doc to epub,none,,,1500,200,2,1300,450,ahrefs-2026-01,,
,not built,convert,doc,gif,,,,,,doc to gif,none,,,,,,,,ahrefs-2026-01,,
,not built,convert,doc,html,,,,,,doc to html,none,,,1400,150,2,24000,4900,ahrefs-2026-01,,
doc-to-jpeg,retired,convert,doc,jpeg,unknown,,not swept,the sweep runs live Tools only,,doc to jpeg,exact,,,1900,100,11,69000,2500,ahrefs-2026-01,,
,not built,convert,doc,jpg,,,,,,doc to jpg,none,,,35000,1500,7,29000,1000,ahrefs-2026-01,,
,not built,convert,doc,mobi,,,,,,doc to mobi,none,,,400,40,0,100,30,ahrefs-2026-01,,
,not built,convert,doc,pdf,,,,,,doc to pdf,none,,,464000,35000,64,6630000,300000,ahrefs-2026-01,,
doc-to-png,retired,convert,doc,png,unknown,,not swept,the sweep runs live Tools only,,doc to png,exact,,,3300,400,1,4400,400,ahrefs-2026-01,,
,not built,convert,doc,ppt,,,,,,doc to ppt,none,,,1600,40,4,6900,600,ahrefs-2026-01,,
,not built,convert,doc,pptx,,,,,,doc to pptx,none,,,200,10,,,,ahrefs-2026-01,,
,not built,convert,doc,rtf,,,,,,doc to rtf,none,,,400,30,0,400,20,ahrefs-2026-01,,
doc-to-svg,retired,convert,doc,svg,unknown,,not swept,the sweep runs live Tools only,,doc to svg,exact,,,50,10,0,20,20,ahrefs-2026-01,,
doc-to-tiff,retired,convert,doc,tiff,unknown,,not swept,the sweep runs live Tools only,,doc to tiff,exact,,,150,50,0,200,40,ahrefs-2026-01,,
,not built,convert,doc,txt,,,,,,doc to txt,none,,,800,150,2,350,100,ahrefs-2026-01,,
,not built,convert,doc,xls,,,,,,doc to xls,none,,,300,30,4,6400,150,ahrefs-2026-01,,
,not built,convert,doc,xlsx,,,,,,doc to xlsx,none,,,250,10,,,,ahrefs-2026-01,,
,not built,convert,docx,csv,,,,,,docx to csv,none,,,300,50,0,50,30,ahrefs-2026-01,,
,not built,convert,docx,doc,,,,,,docx to doc,none,,,18000,2400,4,12000,2900,ahrefs-2026-01,,
,not built,convert,docx,docm,,,,,,docx to docm,none,,,10,,,,,ahrefs-2026-01,,
,not built,convert,docx,dot,,,,,,docx to dot,none,,,,,,,,ahrefs-2026-01,,
,not built,convert,docx,dotx,,,,,,docx to dotx,none,,,30,10,,,,ahrefs-2026-01,,
,not built,convert,docx,epub,,,,,,docx to epub,none,,,2100,350,0,500,70,ahrefs-2026-01,,
,not built,convert,docx,html,,,,,,docx to html,none,,,1900,250,12,450,80,ahrefs-2026-01,,
docx-to-jpeg,live,convert,docx,jpeg,client-only,browser-raster,error,Image decode failed.,ca5b9a53e93a,docx to jpeg,exact,,,1000,150,1,300,80,ahrefs-2026-01,docx to jpg; word to jpeg; word to jpg,477000
,alias page,convert,docx,jpg,,,,,,docx to jpg,alias,docx-to-jpeg,,13000,800,,,,ahrefs-2026-01,,
,not built,convert,docx,mobi,,,,,,docx to mobi,none,,,200,50,1,50,30,ahrefs-2026-01,,
,not built,convert,docx,pdf,,,,,,docx to pdf,none,,,335000,40000,42,6630000,300000,ahrefs-2026-01,,
,not built,convert,docx,png,,,,,,docx to png,none,,,3800,500,0,1400,350,ahrefs-2026-01,,
,not built,convert,docx,ppt,,,,,,docx to ppt,none,,,1300,20,,,,ahrefs-2026-01,,
,not built,convert,docx,pptx,,,,,,docx to pptx,none,,,700,30,0,200,20,ahrefs-2026-01,,
,not built,convert,docx,rtf,,,,,,docx to rtf,none,,,450,70,0,150,80,ahrefs-2026-01,,
docx-to-svg,live,convert,docx,svg,client-only,browser-raster,error,Image decode failed.,ca5b9a53e93a,docx to svg,exact,,,70,10,,,,ahrefs-2026-01,,
docx-to-tiff,live,convert,docx,tiff,client-only,browser-raster,error,Image decode failed.,ca5b9a53e93a,docx to tiff,exact,,,50,10,,,,ahrefs-2026-01,,
,not built,convert,docx,txt,,,,,,docx to txt,none,,,1900,300,0,400,150,ahrefs-2026-01,,
,not built,convert,docx,xls,,,,,,docx to xls,none,,,60,,,,,ahrefs-2026-01,,
,not built,convert,docx,xlsx,,,,,,docx to xlsx,none,,,500,30,0,100,20,ahrefs-2026-01,,
dot-to-jpg,live,convert,dot,jpg,client-only,browser-raster,no_fixture,no ready dot fixture in fixture-matrix.json,ca5b9a53e93a,dot to jpg,exact,,,20,,,,,ahrefs-2026-01,,
,not built,convert,dot,pdf,,,,,,dot to pdf,none,,,300,70,0,60,20,ahrefs-2026-01,,
dot-to-png,live,convert,dot,png,client-only,browser-raster,no_fixture,no ready dot fixture in fixture-matrix.json,ca5b9a53e93a,dot to png,exact,,,200,30,0,10,10,ahrefs-2026-01,,
,not built,convert,dot,xls,,,,,,dot to xls,none,,,,,,,,ahrefs-2026-01,,
,not built,convert,dotx,docx,,,,,,dotx to docx,none,,,250,50,0,20,20,ahrefs-2026-01,,
,not built,convert,dotx,pdf,,,,,,dotx to pdf,none,,,600,100,0,90,40,ahrefs-2026-01,,
download-123movies-videos,live,download,123movies,mp4,server-assisted-or-extension,,skipped,downloader: needs a real third-party media URL,ca5b9a53e93a,,,,,,,,,,,,
download-321tube-videos,live,download,321Tube,mp4,server-assisted-or-extension,,skipped,downloader: needs a real third-party media URL,ca5b9a53e93a,,,,,,,,,,,,
download-3movs-videos,live,download,3movs,mp4,server-assisted-or-extension,,skipped,downloader: needs a real third-party media URL,ca5b9a53e93a,,,,,,,,,,,,
download-4k69-videos,live,download,4k69,mp4,server-assisted-or-extension,,skipped,downloader: needs a real third-party media URL,ca5b9a53e93a,,,,,,,,,,,,
download-4kporn-videos,live,download,4KPorn,mp4,server-assisted-or-extension,,skipped,downloader: needs a real third-party media URL,ca5b9a53e93a,,,,,,,,,,,,
download-5moviesporn-videos,live,download,5moviesporn,mp4,server-assisted-or-extension,,skipped,downloader: needs a real third-party media URL,ca5b9a53e93a,,,,,,,,,,,,
download-8kporner-videos,live,download,8kporner,mp4,server-assisted-or-extension,,skipped,downloader: needs a real third-party media URL,ca5b9a53e93a,,,,,,,,,,,,
download-8teenxxx18-videos,live,download,8teenxxx18,mp4,server-assisted-or-extension,,skipped,downloader: needs a real third-party media URL,ca5b9a53e93a,,,,,,,,,,,,
download-abelladangertv-videos,live,download,Abelladangertv,mp4,server-assisted-or-extension,,skipped,downloader: needs a real third-party media URL,ca5b9a53e93a,,,,,,,,,,,,
download-abxxx-videos,live,download,Abxxx,mp4,server-assisted-or-extension,,skipped,downloader: needs a real third-party media URL,ca5b9a53e93a,,,,,,,,,,,,
download-adultdvdmovies-videos,live,download,Adultdvdmovies,mp4,server-assisted-or-extension,,skipped,downloader: needs a real third-party media URL,ca5b9a53e93a,,,,,,,,,,,,
download-al4a-videos,live,download,Al4a,mp4,server-assisted-or-extension,,skipped,downloader: needs a real third-party media URL,ca5b9a53e93a,,,,,,,,,,,,
download-allpornstream-videos,live,download,Allpornstream,mp4,server-assisted-or-extension,,skipped,downloader: needs a real third-party media URL,ca5b9a53e93a,,,,,,,,,,,,
download-alpha-porno-videos,live,download,Alpha Porno,mp4,server-assisted-or-extension,,skipped,downloader: needs a real third-party media URL,ca5b9a53e93a,,,,,,,,,,,,
download-amigosporn-videos,live,download,Amigosporn,mp4,server-assisted-or-extension,,skipped,downloader: needs a real third-party media URL,ca5b9a53e93a,,,,,,,,,,,,
download-amtube-videos,live,download,Amtube,mp4,server-assisted-or-extension,,skipped,downloader: needs a real third-party media URL,ca5b9a53e93a,,,,,,,,,,,,
download-analdin-videos,live,download,Analdin,mp4,server-assisted-or-extension,,skipped,downloader: needs a real third-party media URL,ca5b9a53e93a,,,,,,,,,,,,
download-anyporn-videos,live,download,Anyporn,mp4,server-assisted-or-extension,,skipped,downloader: needs a real third-party media URL,ca5b9a53e93a,,,,,,,,,,,,
download-anysex-videos,live,download,Anysex,mp4,server-assisted-or-extension,,skipped,downloader: needs a real third-party media URL,ca5b9a53e93a,,,,,,,,,,,,
download-ashemaletube-videos,live,download,AShemaleTube,mp4,server-assisted-or-extension,,skipped,downloader: needs a real third-party media URL,ca5b9a53e93a,,,,,,,,,,,,
download-bananamovies-videos,live,download,Bananamovies,mp4,server-assisted-or-extension,,skipped,downloader: needs a real third-party media URL,ca5b9a53e93a,,,,,,,,,,,,
download-beeg-videos,live,download,Beeg,mp4,server-assisted-or-extension,,skipped,downloader: needs a real third-party media URL,ca5b9a53e93a,,,,,,,,,,,,
download-bestpornflix-videos,live,download,Bestpornflix,mp4,server-assisted-or-extension,,skipped,downloader: needs a real third-party media URL,ca5b9a53e93a,,,,,,,,,,,,
download-bibamax-videos,live,download,Bibamax,mp4,server-assisted-or-extension,,skipped,downloader: needs a real third-party media URL,ca5b9a53e93a,,,,,,,,,,,,
download-bibamaxph-videos,live,download,Bibamaxph,mp4,server-assisted-or-extension,,skipped,downloader: needs a real third-party media URL,ca5b9a53e93a,,,,,,,,,,,,
download-bigbuttshub-videos,live,download,Bigbuttshub,mp4,server-assisted-or-extension,,skipped,downloader: needs a real third-party media URL,ca5b9a53e93a,,,,,,,,,,,,
download-bingato-videos,live,download,Bingato,mp4,server-assisted-or-extension,,skipped,downloader: needs a real third-party media URL,ca5b9a53e93a,,,,,,,,,,,,
download-bipornfun-videos,live,download,Bipornfun,mp4,server-assisted-or-extension,,skipped,downloader: needs a real third-party media URL,ca5b9a53e93a,,,,,,,,,,,,
download-bongacams-videos,live,download,BongaCams,mp4,server-assisted-or-extension,,skipped,downloader: needs a real third-party media URL,ca5b9a53e93a,,,,,,,,,,,,
download-bootychristmas-videos,live,download,Bootychristmas,mp4,server-assisted-or-extension,,skipped,downloader: needs a real third-party media URL,ca5b9a53e93a,,,,,,,,,,,,
download-bootyexpo-videos,live,download,Bootyexpo,mp4,server-assisted-or-extension,,skipped,downloader: needs a real third-party media URL,ca5b9a53e93a,,,,,,,,,,,,
download-borwap-videos,live,download,Borwap,mp4,server-assisted-or-extension,,skipped,downloader: needs a real third-party media URL,ca5b9a53e93a,,,,,,,,,,,,
download-boyfriendtv-videos,live,download,Boyfriendtv,mp4,server-assisted-or-extension,,skipped,downloader: needs a real third-party media URL,ca5b9a53e93a,,,,,,,,,,,,
download-boysfood-videos,live,download,Boysfood,mp4,server-assisted-or-extension,,skipped,downloader: needs a real third-party media URL,ca5b9a53e93a,,,,,,,,,,,,
download-bravotube-videos,live,download,Bravotube,mp4,server-assisted-or-extension,,skipped,downloader: needs a real third-party media URL,ca5b9a53e93a,,,,,,,,,,,,
download-brazz-videos,live,download,Brazz,mp4,server-assisted-or-extension,,skipped,downloader: needs a real third-party media URL,ca5b9a53e93a,,,,,,,,,,,,
download-brazzers3x-videos,live,download,Brazzers3x,mp4,server-assisted-or-extension,,skipped,downloader: needs a real third-party media URL,ca5b9a53e93a,,,,,,,,,,,,
download-brazzpw-videos,live,download,Brazzpw,mp4,server-assisted-or-extension,,skipped,downloader: needs a real third-party media URL,ca5b9a53e93a,,,,,,,,,,,,
download-cam4-videos,live,download,Cam4,mp4,server-assisted-or-extension,,skipped,downloader: needs a real third-party media URL,ca5b9a53e93a,,,,,,,,,,,,
download-cams-com-videos,live,download,Cams.com,mp4,server-assisted-or-extension,,skipped,downloader: needs a real third-party media URL,ca5b9a53e93a,,,,,,,,,,,,
download-camsoda-videos,live,download,CamSoda,mp4,server-assisted-or-extension,,skipped,downloader: needs a real third-party media URL,ca5b9a53e93a,,,,,,,,,,,,
download-chaturbate-videos,live,download,Chaturbate,mp4,server-assisted-or-extension,,skipped,downloader: needs a real third-party media URL,ca5b9a53e93a,,,,,,,,,,,,
download-circle-videos,live,download,Circle,mp4,server-assisted-or-extension,,skipped,downloader: needs a real third-party media URL,ca5b9a53e93a,,,,,,,,,,,,
download-clicporn-videos,live,download,Clicporn,mp4,server-assisted-or-extension,,skipped,downloader: needs a real third-party media URL,ca5b9a53e93a,,,,,,,,,,,,
download-clientclub-videos,live,download,Clientclub,mp4,server-assisted-or-extension,,skipped,downloader: needs a real third-party media URL,ca5b9a53e93a,,,,,,,,,,,,
download-collectionofbestporn-videos,live,download,Collectionofbestporn,mp4,server-assisted-or-extension,,skipped,downloader: needs a real third-party media URL,ca5b9a53e93a,,,,,,,,,,,,
download-coomer-videos,live,download,Coomer,mp4,server-assisted-or-extension,,skipped,downloader: needs a real third-party media URL,ca5b9a53e93a,,,,,,,,,,,,
download-cumlouder-videos,live,download,Cumlouder,mp4,server-assisted-or-extension,,skipped,downloader: needs a real third-party media URL,ca5b9a53e93a,,,,,,,,,,,,
download-czechvideo-videos,live,download,Czechvideo,mp4,server-assisted-or-extension,,skipped,downloader: needs a real third-party media URL,ca5b9a53e93a,,,,,,,,,,,,
download-dailymotion-videos,live,download,Dailymotion,mp4,server-assisted-or-extension,,skipped,downloader: needs a real third-party media URL,ca5b9a53e93a,,,,,,,,,,,,
download-definebabe-videos,live,download,Definebabe,mp4,server-assisted-or-extension,,skipped,downloader: needs a real third-party media URL,ca5b9a53e93a,,,,,,,,,,,,
download-deflr-videos,live,download,Deflr,mp4,server-assisted-or-extension,,skipped,downloader: needs a real third-party media URL,ca5b9a53e93a,,,,,,,,,,,,
download-dreamcam-videos,live,download,Dreamcam,mp4,server-assisted-or-extension,,skipped,downloader: needs a real third-party media URL,ca5b9a53e93a,,,,,,,,,,,,
download-dreamcam-vr-videos,live,download,Dreamcam VR,mp4,server-assisted-or-extension,,skipped,downloader: needs a real third-party media URL,ca5b9a53e93a,,,,,,,,,,,,
download-drtuber-videos,live,download,Drtuber,mp4,server-assisted-or-extension,,skipped,downloader: needs a real third-party media URL,ca5b9a53e93a,,,,,,,,,,,,
download-empflix-videos,live,download,Empflix,mp4,server-assisted-or-extension,,skipped,downloader: needs a real third-party media URL,ca5b9a53e93a,,,,,,,,,,,,
download-entensity-videos,live,download,Entensity,mp4,server-assisted-or-extension,,skipped,downloader: needs a real third-party media URL,ca5b9a53e93a,,,,,,,,,,,,
download-eporner-videos,live,download,Eporner,mp4,server-assisted-or-extension,,skipped,downloader: needs a real third-party media URL,ca5b9a53e93a,,,,,,,,,,,,
download-erome-videos,live,download,Erome,mp4,server-assisted-or-extension,,skipped,downloader: needs a real third-party media URL,ca5b9a53e93a,,,,,,,,,,,,
download-erothots-videos,live,download,Erothots,mp4,server-assisted-or-extension,,skipped,downloader: needs a real third-party media URL,ca5b9a53e93a,,,,,,,,,,,,
download-eroticmv-videos,live,download,Eroticmv,mp4,server-assisted-or-extension,,skipped,downloader: needs a real third-party media URL,ca5b9a53e93a,,,,,,,,,,,,
download-euroxxx-videos,live,download,Euroxxx,mp4,server-assisted-or-extension,,skipped,downloader: needs a real third-party media URL,ca5b9a53e93a,,,,,,,,,,,,
download-facebook-videos,live,download,Facebook,mp4,server-assisted-or-extension,,skipped,downloader: needs a real third-party media URL,ca5b9a53e93a,,,,,,,,,,,,
download-fakingstv-videos,live,download,Fakingstv,mp4,server-assisted-or-extension,,skipped,downloader: needs a real third-party media URL,ca5b9a53e93a,,,,,,,,,,,,
download-fansly-live-videos,live,download,Fansly Live,mp4,server-assisted-or-extension,,skipped,downloader: needs a real third-party media URL,ca5b9a53e93a,,,,,,,,,,,,
download-fapality-videos,live,download,Fapality,mp4,server-assisted-or-extension,,skipped,downloader: needs a real third-party media URL,ca5b9a53e93a,,,,,,,,,,,,
download-fapnado-videos,live,download,Fapnado,mp4,server-assisted-or-extension,,skipped,downloader: needs a real third-party media URL,ca5b9a53e93a,,,,,,,,,,,,
download-faptap-videos,live,download,Faptap,mp4,server-assisted-or-extension,,skipped,downloader: needs a real third-party media URL,ca5b9a53e93a,,,,,,,,,,,,
download-flirt4free-videos,live,download,Flirt4free,mp4,server-assisted-or-extension,,skipped,downloader: needs a real third-party media URL,ca5b9a53e93a,,,,,,,,,,,,
download-foxtube-videos,live,download,Foxtube,mp4,server-assisted-or-extension,,skipped,downloader: needs a real third-party media URL,ca5b9a53e93a,,,,,,,,,,,,
download-fpoxxx-videos,live,download,Fpoxxx,mp4,server-assisted-or-extension,,skipped,downloader: needs a real third-party media URL,ca5b9a53e93a,,,,,,,,,,,,
download-freeomovie-videos,live,download,Freeomovie,mp4,server-assisted-or-extension,,skipped,downloader: needs a real third-party media URL,ca5b9a53e93a,,,,,,,,,,,,
download-freeonestube-videos,live,download,Freeonestube,mp4,server-assisted-or-extension,,skipped,downloader: needs a real third-party media URL,ca5b9a53e93a,,,,,,,,,,,,
download-freepornsexnet-videos,live,download,Freepornsexnet,mp4,server-assisted-or-extension,,skipped,downloader: needs a real third-party media URL,ca5b9a53e93a,,,,,,,,,,,,
download-freepornvideosxxx-videos,live,download,Freepornvideosxxx,mp4,server-assisted-or-extension,,skipped,downloader: needs a real third-party media URL,ca5b9a53e93a,,,,,,,,,,,,
download-fullporner-videos,live,download,Fullporner,mp4,server-assisted-or-extension,,skipped,downloader: needs a real third-party media URL,ca5b9a53e93a,,,,,,,,,,,,
download-fullxxxmovies-videos,live,download,Fullxxxmovies,mp4,server-assisted-or-extension,,skipped,downloader: needs a real third-party media URL,ca5b9a53e93a,,,,,,,,,,,,
download-fuxnxx-videos,live,download,Fuxnxx,mp4,server-assisted-or-extension,,skipped,downloader: needs a real third-party media URL,ca5b9a53e93a,,,,,,,,,,,,
download-fuxxx-videos,live,download,Fuxxx,mp4,server-assisted-or-extension,,skipped,downloader: needs a real third-party media URL,ca5b9a53e93a,,,,,,,,,,,,
download-galaxyporn-videos,live,download,Galaxyporn,mp4,server-assisted-or-extension,,skipped,downloader: needs a real third-party media URL,ca5b9a53e93a,,,,,,,,,,,,
download-gimmeporn-videos,live,download,Gimmeporn,mp4,server-assisted-or-extension,,skipped,downloader: needs a real third-party media URL,ca5b9a53e93a,,,,,,,,,,,,
download-gohighlevel-videos,live,download,Gohighlevel,mp4,server-assisted-or-extension,,skipped,downloader: needs a real third-party media URL,ca5b9a53e93a,,,,,,,,,,,,
download-gokollab-videos,live,download,Gokollab,mp4,server-assisted-or-extension,,skipped,downloader: needs a real third-party media URL,ca5b9a53e93a,,,,,,,,,,,,
download-goonchan-videos,live,download,Goonchan,mp4,server-assisted-or-extension,,skipped,downloader: needs a real third-party media URL,ca5b9a53e93a,,,,,,,,,,,,
download-goonit-videos,live,download,Goonit,mp4,server-assisted-or-extension,,skipped,downloader: needs a real third-party media URL,ca5b9a53e93a,,,,,,,,,,,,
download-hdeasyporn-videos,live,download,Hdeasyporn,mp4,server-assisted-or-extension,,skipped,downloader: needs a real third-party media URL,ca5b9a53e93a,,,,,,,,,,,,
download-hdporn92-videos,live,download,Hdporn92,mp4,server-assisted-or-extension,,skipped,downloader: needs a real third-party media URL,ca5b9a53e93a,,,,,,,,,,,,
download-hdpornwatch-videos,live,download,Hdpornwatch,mp4,server-assisted-or-extension,,skipped,downloader: needs a real third-party media URL,ca5b9a53e93a,,,,,,,,,,,,
download-hdzog-videos,live,download,Hdzog,mp4,server-assisted-or-extension,,skipped,downloader: needs a real third-party media URL,ca5b9a53e93a,,,,,,,,,,,,
download-helloporn-videos,live,download,Helloporn,mp4,server-assisted-or-extension,,skipped,downloader: needs a real third-party media URL,ca5b9a53e93a,,,,,,,,,,,,
download-hentaihaven-videos,live,download,Hentaihaven,mp4,server-assisted-or-extension,,skipped,downloader: needs a real third-party media URL,ca5b9a53e93a,,,,,,,,,,,,
download-hornybutt-videos,live,download,Hornybutt,mp4,server-assisted-or-extension,,skipped,downloader: needs a real third-party media URL,ca5b9a53e93a,,,,,,,,,,,,
download-hotmovs-videos,live,download,Hotmovs,mp4,server-assisted-or-extension,,skipped,downloader: needs a real third-party media URL,ca5b9a53e93a,,,,,,,,,,,,
download-hqfap-videos,live,download,Hqfap,mp4,server-assisted-or-extension,,skipped,downloader: needs a real third-party media URL,ca5b9a53e93a,,,,,,,,,,,,
download-hqporner-videos,live,download,Hqporner,mp4,server-assisted-or-extension,,skipped,downloader: needs a real third-party media URL,ca5b9a53e93a,,,,,,,,,,,,
download-hutporner-videos,live,download,Hutporner,mp4,server-assisted-or-extension,,skipped,downloader: needs a real third-party media URL,ca5b9a53e93a,,,,,,,,,,,,
download-iceporncasting-videos,live,download,Iceporncasting,mp4,server-assisted-or-extension,,skipped,downloader: needs a real third-party media URL,ca5b9a53e93a,,,,,,,,,,,,
download-inporn-videos,live,download,Inporn,mp4,server-assisted-or-extension,,skipped,downloader: needs a real third-party media URL,ca5b9a53e93a,,,,,,,,,,,,
download-instagram-videos,live,download,Instagram,mp4,server-assisted-or-extension,,skipped,downloader: needs a real third-party media URL,ca5b9a53e93a,,,,,,,,,,,,
download-inxxx-videos,live,download,Inxxx,mp4,server-assisted-or-extension,,skipped,downloader: needs a real third-party media URL,ca5b9a53e93a,,,,,,,,,,,,
download-iporntv-videos,live,download,Iporntv,mp4,server-assisted-or-extension,,skipped,downloader: needs a real third-party media URL,ca5b9a53e93a,,,,,,,,,,,,
download-itnaked-videos,live,download,Itnaked,mp4,server-assisted-or-extension,,skipped,downloader: needs a real third-party media URL,ca5b9a53e93a,,,,,,,,,,,,
download-jerkmotion-videos,live,download,Jerkmotion,mp4,server-assisted-or-extension,,skipped,downloader: needs a real third-party media URL,ca5b9a53e93a,,,,,,,,,,,,
download-joystube-videos,live,download,Joystube,mp4,server-assisted-or-extension,,skipped,downloader: needs a real third-party media URL,ca5b9a53e93a,,,,,,,,,,,,
download-justforfans-videos,live,download,Justforfans,mp4,server-assisted-or-extension,,skipped,downloader: needs a real third-party media URL,ca5b9a53e93a,,,,,,,,,,,,
download-justfullporn-videos,live,download,Justfullporn,mp4,server-assisted-or-extension,,skipped,downloader: needs a real third-party media URL,ca5b9a53e93a,,,,,,,,,,,,
download-justporn-videos,live,download,Justporn,mp4,server-assisted-or-extension,,skipped,downloader: needs a real third-party media URL,ca5b9a53e93a,,,,,,,,,,,,
download-kajabi-videos,live,download,Kajabi,mp4,server-assisted-or-extension,,skipped,downloader: needs a real third-party media URL,ca5b9a53e93a,,,,,,,,,,,,
download-kompoz2-videos,live,download,Kompoz2,mp4,server-assisted-or-extension,,skipped,downloader: needs a real third-party media URL,ca5b9a53e93a,,,,,,,,,,,,
download-ladybanana-videos,live,download,Ladybanana,mp4,server-assisted-or-extension,,skipped,downloader: needs a real third-party media URL,ca5b9a53e93a,,,,,,,,,,,,
download-lanarhoadestv-videos,live,download,Lanarhoadestv,mp4,server-assisted-or-extension,,skipped,downloader: needs a real third-party media URL,ca5b9a53e93a,,,,,,,,,,,,
download-latestleaks-videos,live,download,Latestleaks,mp4,server-assisted-or-extension,,skipped,downloader: needs a real third-party media URL,ca5b9a53e93a,,,,,,,,,,,,
download-latestpornvideo-videos,live,download,Latestpornvideo,mp4,server-assisted-or-extension,,skipped,downloader: needs a real third-party media URL,ca5b9a53e93a,,,,,,,,,,,,
download-letmejerk-videos,live,download,Letmejerk,mp4,server-assisted-or-extension,,skipped,downloader: needs a real third-party media URL,ca5b9a53e93a,,,,,,,,,,,,
download-letsjerk-videos,live,download,Letsjerk,mp4,server-assisted-or-extension,,skipped,downloader: needs a real third-party media URL,ca5b9a53e93a,,,,,,,,,,,,
download-linkedin-videos,live,download,LinkedIn,mp4,server-assisted-or-extension,,skipped,downloader: needs a real third-party media URL,ca5b9a53e93a,,,,,,,,,,,,
download-loom-videos,live,download,Loom,mp4,server-assisted-or-extension,,skipped,downloader: needs a real third-party media URL,ca5b9a53e93a,,,,,,,,,,,,
download-lustbb-videos,live,download,Lustbb,mp4,server-assisted-or-extension,,skipped,downloader: needs a real third-party media URL,ca5b9a53e93a,,,,,,,,,,,,
download-luxporn-videos,live,download,Luxporn,mp4,server-assisted-or-extension,,skipped,downloader: needs a real third-party media URL,ca5b9a53e93a,,,,,,,,,,,,
download-luxuretv-videos,live,download,Luxuretv,mp4,server-assisted-or-extension,,skipped,downloader: needs a real third-party media URL,ca5b9a53e93a,,,,,,,,,,,,
download-m3u8-videos,live,download,M3U8,mp4,server-assisted-or-extension,,skipped,downloader: needs a real third-party media URL,ca5b9a53e93a,,,,,,,,,,,,
download-mangoporn-videos,live,download,Mangoporn,mp4,server-assisted-or-extension,,skipped,downloader: needs a real third-party media URL,ca5b9a53e93a,,,,,,,,,,,,
download-manyvids-videos,live,download,Manyvids,mp4,server-assisted-or-extension,,skipped,downloader: needs a real third-party media URL,ca5b9a53e93a,,,,,,,,,,,,
download-maxporn-videos,live,download,Maxporn,mp4,server-assisted-or-extension,,skipped,downloader: needs a real third-party media URL,ca5b9a53e93a,,,,,,,,,,,,
download-megatube-videos,live,download,Megatube,mp4,server-assisted-or-extension,,skipped,downloader: needs a real third-party media URL,ca5b9a53e93a,,,,,,,,,,,,
download-miakhalifatv-videos,live,download,Miakhalifatv,mp4,server-assisted-or-extension,,skipped,downloader: needs a real third-party media URL,ca5b9a53e93a,,,,,,,,,,,,
download-mindvalley-videos,live,download,Mindvalley,mp4,server-assisted-or-extension,,skipped,downloader: needs a real third-party media URL,ca5b9a53e93a,,,,,,,,,,,,
download-mobifcuk-videos,live,download,Mobifcuk,mp4,server-assisted-or-extension,,skipped,downloader: needs a real third-party media URL,ca5b9a53e93a,,,,,,,,,,,,
download-modporn-videos,live,download,Modporn,mp4,server-assisted-or-extension,,skipped,downloader: needs a real third-party media URL,ca5b9a53e93a,,,,,,,,,,,,
download-monsterfap-videos,live,download,Monsterfap,mp4,server-assisted-or-extension,,skipped,downloader: needs a real third-party media URL,ca5b9a53e93a,,,,,,,,,,,,
download-motherless-videos,live,download,Motherless,mp4,server-assisted-or-extension,,skipped,downloader: needs a real third-party media URL,ca5b9a53e93a,,,,,,,,,,,,
download-myfreecams-videos,live,download,MyFreeCams,mp4,server-assisted-or-extension,,skipped,downloader: needs a real third-party media URL,ca5b9a53e93a,,,,,,,,,,,,
download-mygoodporn-videos,live,download,Mygoodporn,mp4,server-assisted-or-extension,,skipped,downloader: needs a real third-party media URL,ca5b9a53e93a,,,,,,,,,,,,
download-mypornerleak-videos,live,download,Mypornerleak,mp4,server-assisted-or-extension,,skipped,downloader: needs a real third-party media URL,ca5b9a53e93a,,,,,,,,,,,,
download-neporn-videos,live,download,Neporn,mp4,server-assisted-or-extension,,skipped,downloader: needs a real third-party media URL,ca5b9a53e93a,,,,,,,,,,,,
download-netfapx-videos,live,download,Netfapx,mp4,server-assisted-or-extension,,skipped,downloader: needs a real third-party media URL,ca5b9a53e93a,,,,,,,,,,,,
download-netfapxnet-videos,live,download,Netfapxnet,mp4,server-assisted-or-extension,,skipped,downloader: needs a real third-party media URL,ca5b9a53e93a,,,,,,,,,,,,
download-nhentai-videos,live,download,Nhentai,mp4,server-assisted-or-extension,,skipped,downloader: needs a real third-party media URL,ca5b9a53e93a,,,,,,,,,,,,
download-ogporn-videos,live,download,Ogporn,mp4,server-assisted-or-extension,,skipped,downloader: needs a real third-party media URL,ca5b9a53e93a,,,,,,,,,,,,
download-okporn-videos,live,download,Okporn,mp4,server-assisted-or-extension,,skipped,downloader: needs a real third-party media URL,ca5b9a53e93a,,,,,,,,,,,,
download-okxxx-videos,live,download,Okxxx,mp4,server-assisted-or-extension,,skipped,downloader: needs a real third-party media URL,ca5b9a53e93a,,,,,,,,,,,,
download-omgxxx-videos,live,download,Omgxxx,mp4,server-assisted-or-extension,,skipped,downloader: needs a real third-party media URL,ca5b9a53e93a,,,,,,,,,,,,
download-onlyfans-videos,live,download,OnlyFans,mp4,server-assisted-or-extension,,skipped,downloader: needs a real third-party media URL,ca5b9a53e93a,,,,,,,,,,,,
download-pandamovies-videos,live,download,Pandamovies,mp4,server-assisted-or-extension,,skipped,downloader: needs a real third-party media URL,ca5b9a53e93a,,,,,,,,,,,,
download-paradisehill-videos,live,download,Paradisehill,mp4,server-assisted-or-extension,,skipped,downloader: needs a real third-party media URL,ca5b9a53e93a,,,,,,,,,,,,
download-patreon-videos,live,download,Patreon,mp4,server-assisted-or-extension,,skipped,downloader: needs a real third-party media URL,ca5b9a53e93a,,,,,,,,,,,,
download-peekvids-videos,live,download,Peekvids,mp4,server-assisted-or-extension,,skipped,downloader: needs a real third-party media URL,ca5b9a53e93a,,,,,,,,,,,,
download-perfectgirls-videos,live,download,Perfectgirls,mp4,server-assisted-or-extension,,skipped,downloader: needs a real third-party media URL,ca5b9a53e93a,,,,,,,,,,,,
download-perverzija-videos,live,download,Perverzija,mp4,server-assisted-or-extension,,skipped,downloader: needs a real third-party media URL,ca5b9a53e93a,,,,,,,,,,,,
download-phonerotica-videos,live,download,Phonerotica,mp4,server-assisted-or-extension,,skipped,downloader: needs a real third-party media URL,ca5b9a53e93a,,,,,,,,,,,,
download-pinterest-videos,live,download,Pinterest,mp4,server-assisted-or-extension,,skipped,downloader: needs a real third-party media URL,ca5b9a53e93a,,,,,,,,,,,,
download-playhdporn-videos,live,download,Playhdporn,mp4,server-assisted-or-extension,,skipped,downloader: needs a real third-party media URL,ca5b9a53e93a,,,,,,,,,,,,
download-porn00-videos,live,download,Porn00,mp4,server-assisted-or-extension,,skipped,downloader: needs a real third-party media URL,ca5b9a53e93a,,,,,,,,,,,,
download-porn2all-videos,live,download,Porn2all,mp4,server-assisted-or-extension,,skipped,downloader: needs a real third-party media URL,ca5b9a53e93a,,,,,,,,,,,,
download-porn300-videos,live,download,Porn300,mp4,server-assisted-or-extension,,skipped,downloader: needs a real third-party media URL,ca5b9a53e93a,,,,,,,,,,,,
download-porn4days-videos,live,download,Porn4days,mp4,server-assisted-or-extension,,skipped,downloader: needs a real third-party media URL,ca5b9a53e93a,,,,,,,,,,,,
download-pornapi-videos,live,download,Pornapi,mp4,server-assisted-or-extension,,skipped,downloader: needs a real third-party media URL,ca5b9a53e93a,,,,,,,,,,,,
download-pornbaker-videos,live,download,Pornbaker,mp4,server-assisted-or-extension,,skipped,downloader: needs a real third-party media URL,ca5b9a53e93a,,,,,,,,,,,,
download-pornbusy-videos,live,download,Pornbusy,mp4,server-assisted-or-extension,,skipped,downloader: needs a real third-party media URL,ca5b9a53e93a,,,,,,,,,,,,
download-porndig-videos,live,download,Porndig,mp4,server-assisted-or-extension,,skipped,downloader: needs a real third-party media URL,ca5b9a53e93a,,,,,,,,,,,,
download-pornditt-videos,live,download,Pornditt,mp4,server-assisted-or-extension,,skipped,downloader: needs a real third-party media URL,ca5b9a53e93a,,,,,,,,,,,,
download-porndoe-videos,live,download,Porndoe,mp4,server-assisted-or-extension,,skipped,downloader: needs a real third-party media URL,ca5b9a53e93a,,,,,,,,,,,,
download-porndroids-videos,live,download,Porndroids,mp4,server-assisted-or-extension,,skipped,downloader: needs a real third-party media URL,ca5b9a53e93a,,,,,,,,,,,,
download-porneec-videos,live,download,Porneec,mp4,server-assisted-or-extension,,skipped,downloader: needs a real third-party media URL,ca5b9a53e93a,,,,,,,,,,,,
download-pornekip-videos,live,download,Pornekip,mp4,server-assisted-or-extension,,skipped,downloader: needs a real third-party media URL,ca5b9a53e93a,,,,,,,,,,,,
download-pornezcam-videos,live,download,Pornezcam,mp4,server-assisted-or-extension,,skipped,downloader: needs a real third-party media URL,ca5b9a53e93a,,,,,,,,,,,,
download-porngo-videos,live,download,Porngo,mp4,server-assisted-or-extension,,skipped,downloader: needs a real third-party media URL,ca5b9a53e93a,,,,,,,,,,,,
download-pornhat-videos,live,download,Pornhat,mp4,server-assisted-or-extension,,skipped,downloader: needs a real third-party media URL,ca5b9a53e93a,,,,,,,,,,,,
download-pornhd3x-videos,live,download,Pornhd3x,mp4,server-assisted-or-extension,,skipped,downloader: needs a real third-party media URL,ca5b9a53e93a,,,,,,,,,,,,
download-pornhd4k-videos,live,download,Pornhd4k,mp4,server-assisted-or-extension,,skipped,downloader: needs a real third-party media URL,ca5b9a53e93a,,,,,,,,,,,,
download-pornhd8k-videos,live,download,Pornhd8k,mp4,server-assisted-or-extension,,skipped,downloader: needs a real third-party media URL,ca5b9a53e93a,,,,,,,,,,,,
download-pornhits-videos,live,download,Pornhits,mp4,server-assisted-or-extension,,skipped,downloader: needs a real third-party media URL,ca5b9a53e93a,,,,,,,,,,,,
download-pornhub-videos,live,download,Pornhub,mp4,server-assisted-or-extension,,skipped,downloader: needs a real third-party media URL,ca5b9a53e93a,,,,,,,,,,,,
download-pornlib-videos,live,download,Pornlib,mp4,server-assisted-or-extension,,skipped,downloader: needs a real third-party media URL,ca5b9a53e93a,,,,,,,,,,,,
download-pornmedium-videos,live,download,Pornmedium,mp4,server-assisted-or-extension,,skipped,downloader: needs a real third-party media URL,ca5b9a53e93a,,,,,,,,,,,,
download-pornmike-videos,live,download,Pornmike,mp4,server-assisted-or-extension,,skipped,downloader: needs a real third-party media URL,ca5b9a53e93a,,,,,,,,,,,,
download-pornmk-videos,live,download,Pornmk,mp4,server-assisted-or-extension,,skipped,downloader: needs a real third-party media URL,ca5b9a53e93a,,,,,,,,,,,,
download-pornmz-videos,live,download,Pornmz,mp4,server-assisted-or-extension,,skipped,downloader: needs a real third-party media URL,ca5b9a53e93a,,,,,,,,,,,,
download-pornobae-videos,live,download,Pornobae,mp4,server-assisted-or-extension,,skipped,downloader: needs a real third-party media URL,ca5b9a53e93a,,,,,,,,,,,,
download-pornoflix-videos,live,download,Pornoflix,mp4,server-assisted-or-extension,,skipped,downloader: needs a real third-party media URL,ca5b9a53e93a,,,,,,,,,,,,
download-pornoframe-videos,live,download,Pornoframe,mp4,server-assisted-or-extension,,skipped,downloader: needs a real third-party media URL,ca5b9a53e93a,,,,,,,,,,,,
download-pornone-videos,live,download,Pornone,mp4,server-assisted-or-extension,,skipped,downloader: needs a real third-party media URL,ca5b9a53e93a,,,,,,,,,,,,
download-pornslash-videos,live,download,Pornslash,mp4,server-assisted-or-extension,,skipped,downloader: needs a real third-party media URL,ca5b9a53e93a,,,,,,,,,,,,
download-pornsok-videos,live,download,Pornsok,mp4,server-assisted-or-extension,,skipped,downloader: needs a real third-party media URL,ca5b9a53e93a,,,,,,,,,,,,
download-pornstarstube-videos,live,download,Pornstarstube,mp4,server-assisted-or-extension,,skipped,downloader: needs a real third-party media URL,ca5b9a53e93a,,,,,,,,,,,,
download-pornsy-videos,live,download,Pornsy,mp4,server-assisted-or-extension,,skipped,downloader: needs a real third-party media URL,ca5b9a53e93a,,,,,,,,,,,,
download-porntop-videos,live,download,Porntop,mp4,server-assisted-or-extension,,skipped,downloader: needs a real third-party media URL,ca5b9a53e93a,,,,,,,,,,,,
download-porntrex-videos,live,download,Porntrex,mp4,server-assisted-or-extension,,skipped,downloader: needs a real third-party media URL,ca5b9a53e93a,,,,,,,,,,,,
download-pornve-videos,live,download,Pornve,mp4,server-assisted-or-extension,,skipped,downloader: needs a real third-party media URL,ca5b9a53e93a,,,,,,,,,,,,
download-pornvibe-videos,live,download,Pornvibe,mp4,server-assisted-or-extension,,skipped,downloader: needs a real third-party media URL,ca5b9a53e93a,,,,,,,,,,,,
download-pornvideobb-videos,live,download,Pornvideobb,mp4,server-assisted-or-extension,,skipped,downloader: needs a real third-party media URL,ca5b9a53e93a,,,,,,,,,,,,
download-pornwex-videos,live,download,Pornwex,mp4,server-assisted-or-extension,,skipped,downloader: needs a real third-party media URL,ca5b9a53e93a,,,,,,,,,,,,
download-pornxp-videos,live,download,Pornxp,mp4,server-assisted-or-extension,,skipped,downloader: needs a real third-party media URL,ca5b9a53e93a,,,,,,,,,,,,
download-pussyspace-videos,live,download,Pussyspace,mp4,server-assisted-or-extension,,skipped,downloader: needs a real third-party media URL,ca5b9a53e93a,,,,,,,,,,,,
download-rajwap-videos,live,download,Rajwap,mp4,server-assisted-or-extension,,skipped,downloader: needs a real third-party media URL,ca5b9a53e93a,,,,,,,,,,,,
download-reddit-videos,live,download,Reddit,mp4,server-assisted-or-extension,,skipped,downloader: needs a real third-party media URL,ca5b9a53e93a,,,,,,,,,,,,
download-reddittube-videos,live,download,Reddittube,mp4,server-assisted-or-extension,,skipped,downloader: needs a real third-party media URL,ca5b9a53e93a,,,,,,,,,,,,
download-redgifs-videos,live,download,RedGIFs,mp4,server-assisted-or-extension,,skipped,downloader: needs a real third-party media URL,ca5b9a53e93a,,,,,,,,,,,,
download-redtube-videos,live,download,Redtube,mp4,server-assisted-or-extension,,skipped,downloader: needs a real third-party media URL,ca5b9a53e93a,,,,,,,,,,,,
download-redwap-videos,live,download,Redwap,mp4,server-assisted-or-extension,,skipped,downloader: needs a real third-party media URL,ca5b9a53e93a,,,,,,,,,,,,
download-saintporn-videos,live,download,Saintporn,mp4,server-assisted-or-extension,,skipped,downloader: needs a real third-party media URL,ca5b9a53e93a,,,,,,,,,,,,
download-severeporn-videos,live,download,Severeporn,mp4,server-assisted-or-extension,,skipped,downloader: needs a real third-party media URL,ca5b9a53e93a,,,,,,,,,,,,
download-sexchathu-videos,live,download,Sexchathu,mp4,server-assisted-or-extension,,skipped,downloader: needs a real third-party media URL,ca5b9a53e93a,,,,,,,,,,,,
download-sextu-videos,live,download,Sextu,mp4,server-assisted-or-extension,,skipped,downloader: needs a real third-party media URL,ca5b9a53e93a,,,,,,,,,,,,
download-sextvx-videos,live,download,Sextvx,mp4,server-assisted-or-extension,,skipped,downloader: needs a real third-party media URL,ca5b9a53e93a,,,,,,,,,,,,
download-sexu-videos,live,download,Sexu,mp4,server-assisted-or-extension,,skipped,downloader: needs a real third-party media URL,ca5b9a53e93a,,,,,,,,,,,,
download-sexvid-videos,live,download,Sexvid,mp4,server-assisted-or-extension,,skipped,downloader: needs a real third-party media URL,ca5b9a53e93a,,,,,,,,,,,,
download-shooshtime-videos,live,download,Shooshtime,mp4,server-assisted-or-extension,,skipped,downloader: needs a real third-party media URL,ca5b9a53e93a,,,,,,,,,,,,
download-sinpartytube-videos,live,download,Sinpartytube,mp4,server-assisted-or-extension,,skipped,downloader: needs a real third-party media URL,ca5b9a53e93a,,,,,,,,,,,,
download-siska-videos,live,download,Siska,mp4,server-assisted-or-extension,,skipped,downloader: needs a real third-party media URL,ca5b9a53e93a,,,,,,,,,,,,
download-skool-videos,live,download,Skool,mp4,server-assisted-or-extension,,skipped,downloader: needs a real third-party media URL,ca5b9a53e93a,,,,,,,,,,,,
download-soundgasm-videos,live,download,Soundgasm,mp4,server-assisted-or-extension,,skipped,downloader: needs a real third-party media URL,ca5b9a53e93a,,,,,,,,,,,,
download-spankbang-videos,live,download,Spankbang,mp4,server-assisted-or-extension,,skipped,downloader: needs a real third-party media URL,ca5b9a53e93a,,,,,,,,,,,,
download-speedporn-videos,live,download,Speedporn,mp4,server-assisted-or-extension,,skipped,downloader: needs a real third-party media URL,ca5b9a53e93a,,,,,,,,,,,,
download-sprout-videos,live,download,Sprout,mp4,server-assisted-or-extension,,skipped,downloader: needs a real third-party media URL,ca5b9a53e93a,,,,,,,,,,,,
download-squirtvideos-videos,live,download,Squirtvideos,mp4,server-assisted-or-extension,,skipped,downloader: needs a real third-party media URL,ca5b9a53e93a,,,,,,,,,,,,
download-streamate-videos,live,download,Streamate,mp4,server-assisted-or-extension,,skipped,downloader: needs a real third-party media URL,ca5b9a53e93a,,,,,,,,,,,,
download-streamporn-videos,live,download,Streamporn,mp4,server-assisted-or-extension,,skipped,downloader: needs a real third-party media URL,ca5b9a53e93a,,,,,,,,,,,,
download-stripchat-videos,live,download,Stripchat,mp4,server-assisted-or-extension,,skipped,downloader: needs a real third-party media URL,ca5b9a53e93a,,,,,,,,,,,,
download-stripchat-vr-videos,live,download,Stripchat VR,mp4,server-assisted-or-extension,,skipped,downloader: needs a real third-party media URL,ca5b9a53e93a,,,,,,,,,,,,
download-sunporno-videos,live,download,Sunporno,mp4,server-assisted-or-extension,,skipped,downloader: needs a real third-party media URL,ca5b9a53e93a,,,,,,,,,,,,
download-superporn-videos,live,download,Superporn,mp4,server-assisted-or-extension,,skipped,downloader: needs a real third-party media URL,ca5b9a53e93a,,,,,,,,,,,,
download-swingerpornfun-videos,live,download,Swingerpornfun,mp4,server-assisted-or-extension,,skipped,downloader: needs a real third-party media URL,ca5b9a53e93a,,,,,,,,,,,,
download-sxyland-videos,live,download,Sxyland,mp4,server-assisted-or-extension,,skipped,downloader: needs a real third-party media URL,ca5b9a53e93a,,,,,,,,,,,,
download-taxi69-videos,live,download,Taxi69,mp4,server-assisted-or-extension,,skipped,downloader: needs a real third-party media URL,ca5b9a53e93a,,,,,,,,,,,,
download-tellatv-videos,live,download,TellaTV,mp4,server-assisted-or-extension,,skipped,downloader: needs a real third-party media URL,ca5b9a53e93a,,,,,,,,,,,,
download-thepornarea-videos,live,download,Thepornarea,mp4,server-assisted-or-extension,,skipped,downloader: needs a real third-party media URL,ca5b9a53e93a,,,,,,,,,,,,
download-thinkific-videos,live,download,Thinkific,mp4,server-assisted-or-extension,,skipped,downloader: needs a real third-party media URL,ca5b9a53e93a,,,,,,,,,,,,
download-thisvid-videos,live,download,Thisvid,mp4,server-assisted-or-extension,,skipped,downloader: needs a real third-party media URL,ca5b9a53e93a,,,,,,,,,,,,
download-tiktok-videos,live,download,TikTok,mp4,server-assisted-or-extension,,skipped,downloader: needs a real third-party media URL,ca5b9a53e93a,,,,,,,,,,,,
download-tnaflix-videos,live,download,Tnaflix,mp4,server-assisted-or-extension,,skipped,downloader: needs a real third-party media URL,ca5b9a53e93a,,,,,,,,,,,,
download-tokyomotion-videos,live,download,Tokyomotion,mp4,server-assisted-or-extension,,skipped,downloader: needs a real third-party media URL,ca5b9a53e93a,,,,,,,,,,,,
download-trendyporn-videos,live,download,Trendyporn,mp4,server-assisted-or-extension,,skipped,downloader: needs a real third-party media URL,ca5b9a53e93a,,,,,,,,,,,,
download-tube8-videos,live,download,Tube8,mp4,server-assisted-or-extension,,skipped,downloader: needs a real third-party media URL,ca5b9a53e93a,,,,,,,,,,,,
download-tubeorigin-videos,live,download,Tubeorigin,mp4,server-assisted-or-extension,,skipped,downloader: needs a real third-party media URL,ca5b9a53e93a,,,,,,,,,,,,
download-tubev-videos,live,download,Tubev,mp4,server-assisted-or-extension,,skipped,downloader: needs a real third-party media URL,ca5b9a53e93a,,,,,,,,,,,,
download-twitch-videos,live,download,Twitch,mp4,server-assisted-or-extension,,skipped,downloader: needs a real third-party media URL,ca5b9a53e93a,,,,,,,,,,,,
download-twitter-x-videos,live,download,Twitter/X,mp4,server-assisted-or-extension,,skipped,downloader: needs a real third-party media URL,ca5b9a53e93a,,,,,,,,,,,,
download-twpornstars-videos,live,download,Twpornstars,mp4,server-assisted-or-extension,,skipped,downloader: needs a real third-party media URL,ca5b9a53e93a,,,,,,,,,,,,
download-txxx-videos,live,download,Txxx,mp4,server-assisted-or-extension,,skipped,downloader: needs a real third-party media URL,ca5b9a53e93a,,,,,,,,,,,,
download-upornia-videos,live,download,Upornia,mp4,server-assisted-or-extension,,skipped,downloader: needs a real third-party media URL,ca5b9a53e93a,,,,,,,,,,,,
download-usersporn-videos,live,download,Usersporn,mp4,server-assisted-or-extension,,skipped,downloader: needs a real third-party media URL,ca5b9a53e93a,,,,,,,,,,,,
download-veporn-videos,live,download,Veporn,mp4,server-assisted-or-extension,,skipped,downloader: needs a real third-party media URL,ca5b9a53e93a,,,,,,,,,,,,
download-vimeo-videos,live,download,Vimeo,mp4,server-assisted-or-extension,,skipped,downloader: needs a real third-party media URL,ca5b9a53e93a,,,,,,,,,,,,
download-vivamaxsexscene-videos,live,download,Vivamaxsexscene,mp4,server-assisted-or-extension,,skipped,downloader: needs a real third-party media URL,ca5b9a53e93a,,,,,,,,,,,,
download-vrsmash-videos,live,download,Vrsmash,mp4,server-assisted-or-extension,,skipped,downloader: needs a real third-party media URL,ca5b9a53e93a,,,,,,,,,,,,
download-vxxx-videos,live,download,Vxxx,mp4,server-assisted-or-extension,,skipped,downloader: needs a real third-party media URL,ca5b9a53e93a,,,,,,,,,,,,
download-watchporn-videos,live,download,Watchporn,mp4,server-assisted-or-extension,,skipped,downloader: needs a real third-party media URL,ca5b9a53e93a,,,,,,,,,,,,
download-watchxxxfree-videos,live,download,Watchxxxfree,mp4,server-assisted-or-extension,,skipped,downloader: needs a real third-party media URL,ca5b9a53e93a,,,,,,,,,,,,
download-whatboyswant-videos,live,download,Whatboyswant,mp4,server-assisted-or-extension,,skipped,downloader: needs a real third-party media URL,ca5b9a53e93a,,,,,,,,,,,,
download-whop-videos,live,download,Whop,mp4,server-assisted-or-extension,,skipped,downloader: needs a real third-party media URL,ca5b9a53e93a,,,,,,,,,,,,
download-whoreshub-videos,live,download,Whoreshub,mp4,server-assisted-or-extension,,skipped,downloader: needs a real third-party media URL,ca5b9a53e93a,,,,,,,,,,,,
download-wistia-videos,live,download,Wistia,mp4,server-assisted-or-extension,,skipped,downloader: needs a real third-party media URL,ca5b9a53e93a,,,,,,,,,,,,
download-worldsex-videos,live,download,Worldsex,mp4,server-assisted-or-extension,,skipped,downloader: needs a real third-party media URL,ca5b9a53e93a,,,,,,,,,,,,
download-wowxxx-videos,live,download,Wowxxx,mp4,server-assisted-or-extension,,skipped,downloader: needs a real third-party media URL,ca5b9a53e93a,,,,,,,,,,,,
download-wtfpeople-videos,live,download,Wtfpeople,mp4,server-assisted-or-extension,,skipped,downloader: needs a real third-party media URL,ca5b9a53e93a,,,,,,,,,,,,
download-xcafe-videos,live,download,Xcafe,mp4,server-assisted-or-extension,,skipped,downloader: needs a real third-party media URL,ca5b9a53e93a,,,,,,,,,,,,
download-xcum-videos,live,download,Xcum,mp4,server-assisted-or-extension,,skipped,downloader: needs a real third-party media URL,ca5b9a53e93a,,,,,,,,,,,,
download-xfantazy-videos,live,download,Xfantazy,mp4,server-assisted-or-extension,,skipped,downloader: needs a real third-party media URL,ca5b9a53e93a,,,,,,,,,,,,
download-xfreehd-videos,live,download,Xfreehd,mp4,server-assisted-or-extension,,skipped,downloader: needs a real third-party media URL,ca5b9a53e93a,,,,,,,,,,,,
download-xfuntaxy-videos,live,download,Xfuntaxy,mp4,server-assisted-or-extension,,skipped,downloader: needs a real third-party media URL,ca5b9a53e93a,,,,,,,,,,,,
download-xgroovy-videos,live,download,Xgroovy,mp4,server-assisted-or-extension,,skipped,downloader: needs a real third-party media URL,ca5b9a53e93a,,,,,,,,,,,,
download-xhamster-videos,live,download,xHamster,mp4,server-assisted-or-extension,,skipped,downloader: needs a real third-party media URL,ca5b9a53e93a,,,,,,,,,,,,
download-xhamsterlive-videos,live,download,XHamsterLive,mp4,server-assisted-or-extension,,skipped,downloader: needs a real third-party media URL,ca5b9a53e93a,,,,,,,,,,,,
download-xkeezmovies-videos,live,download,Xkeezmovies,mp4,server-assisted-or-extension,,skipped,downloader: needs a real third-party media URL,ca5b9a53e93a,,,,,,,,,,,,
download-xlovecam-videos,live,download,XLoveCam,mp4,server-assisted-or-extension,,skipped,downloader: needs a real third-party media URL,ca5b9a53e93a,,,,,,,,,,,,
download-xmegadrive-videos,live,download,Xmegadrive,mp4,server-assisted-or-extension,,skipped,downloader: needs a real third-party media URL,ca5b9a53e93a,,,,,,,,,,,,
download-xmonter-videos,live,download,Xmonter,mp4,server-assisted-or-extension,,skipped,downloader: needs a real third-party media URL,ca5b9a53e93a,,,,,,,,,,,,
download-xmoviesforyou-videos,live,download,Xmoviesforyou,mp4,server-assisted-or-extension,,skipped,downloader: needs a real third-party media URL,ca5b9a53e93a,,,,,,,,,,,,
download-xnxx-videos,live,download,XNXX,mp4,server-assisted-or-extension,,skipped,downloader: needs a real third-party media URL,ca5b9a53e93a,,,,,,,,,,,,
download-xozilla-videos,live,download,Xozilla,mp4,server-assisted-or-extension,,skipped,downloader: needs a real third-party media URL,ca5b9a53e93a,,,,,,,,,,,,
download-xtapes-videos,live,download,Xtapes,mp4,server-assisted-or-extension,,skipped,downloader: needs a real third-party media URL,ca5b9a53e93a,,,,,,,,,,,,
download-xvgold-videos,live,download,Xvgold,mp4,server-assisted-or-extension,,skipped,downloader: needs a real third-party media URL,ca5b9a53e93a,,,,,,,,,,,,
download-xvideos-videos,live,download,XVideos,mp4,server-assisted-or-extension,,skipped,downloader: needs a real third-party media URL,ca5b9a53e93a,,,,,,,,,,,,
download-xxvideoss-videos,live,download,Xxvideoss,mp4,server-assisted-or-extension,,skipped,downloader: needs a real third-party media URL,ca5b9a53e93a,,,,,,,,,,,,
download-xxxbp-videos,live,download,Xxxbp,mp4,server-assisted-or-extension,,skipped,downloader: needs a real third-party media URL,ca5b9a53e93a,,,,,,,,,,,,
download-xxxfiles-videos,live,download,Xxxfiles,mp4,server-assisted-or-extension,,skipped,downloader: needs a real third-party media URL,ca5b9a53e93a,,,,,,,,,,,,
download-xxxshut-videos,live,download,Xxxshut,mp4,server-assisted-or-extension,,skipped,downloader: needs a real third-party media URL,ca5b9a53e93a,,,,,,,,,,,,
download-xxxtube-videos,live,download,Xxxtube,mp4,server-assisted-or-extension,,skipped,downloader: needs a real third-party media URL,ca5b9a53e93a,,,,,,,,,,,,
download-xxxtv-videos,live,download,Xxxtv,mp4,server-assisted-or-extension,,skipped,downloader: needs a real third-party media URL,ca5b9a53e93a,,,,,,,,,,,,
download-yesporn-videos,live,download,Yesporn,mp4,server-assisted-or-extension,,skipped,downloader: needs a real third-party media URL,ca5b9a53e93a,,,,,,,,,,,,
download-yespornplease-videos,live,download,Yespornplease,mp4,server-assisted-or-extension,,skipped,downloader: needs a real third-party media URL,ca5b9a53e93a,,,,,,,,,,,,
download-yespornpleasexxx-videos,live,download,Yespornpleasexxx,mp4,server-assisted-or-extension,,skipped,downloader: needs a real third-party media URL,ca5b9a53e93a,,,,,,,,,,,,
download-yespornvip-videos,live,download,Yespornvip,mp4,server-assisted-or-extension,,skipped,downloader: needs a real third-party media URL,ca5b9a53e93a,,,,,,,,,,,,
download-youjizz-videos,live,download,Youjizz,mp4,server-assisted-or-extension,,skipped,downloader: needs a real third-party media URL,ca5b9a53e93a,,,,,,,,,,,,
download-youperv-videos,live,download,Youperv,mp4,server-assisted-or-extension,,skipped,downloader: needs a real third-party media URL,ca5b9a53e93a,,,,,,,,,,,,
download-youporn-videos,live,download,Youporn,mp4,server-assisted-or-extension,,skipped,downloader: needs a real third-party media URL,ca5b9a53e93a,,,,,,,,,,,,
download-yourdailypornvideos-videos,live,download,Yourdailypornvideos,mp4,server-assisted-or-extension,,skipped,downloader: needs a real third-party media URL,ca5b9a53e93a,,,,,,,,,,,,
download-yourporn-videos,live,download,Yourporn,mp4,server-assisted-or-extension,,skipped,downloader: needs a real third-party media URL,ca5b9a53e93a,,,,,,,,,,,,
download-youtube-videos,live,download,YouTube,mp4,server-assisted-or-extension,,skipped,downloader: needs a real third-party media URL,ca5b9a53e93a,,,,,,,,,,,,
download-zbporn-videos,live,download,Zbporn,mp4,server-assisted-or-extension,,skipped,downloader: needs a real third-party media URL,ca5b9a53e93a,,,,,,,,,,,,
dss-to-mp3,live,convert,dss,mp3,client-only,ffmpeg-wasm,pass,format check: signature,ca5b9a53e93a,dss to mp3,exact,,,50,10,0,40,10,ahrefs-2026-01,,
,not built,convert,dst,ai,,,,,,dst to ai,none,,,10,,,,,ahrefs-2026-01,,
,not built,convert,dst,dot,,,,,,dst to dot,none,,,,,,,,ahrefs-2026-01,,
,not built,convert,dst,dxf,,,,,,dst to dxf,none,,,,,,,,ahrefs-2026-01,,
,not built,convert,dst,eps,,,,,,dst to eps,none,,,,,,,,ahrefs-2026-01,,
dst-to-jpeg,live,convert,dst,jpeg,client-only,browser-raster,no_fixture,no ready dst fixture in fixture-matrix.json,ca5b9a53e93a,dst to jpeg,exact,,,30,10,,,,ahrefs-2026-01,,
dst-to-jpg,live,convert,dst,jpg,client-only,browser-raster,no_fixture,no ready dst fixture in fixture-matrix.json,ca5b9a53e93a,dst to jpg,exact,,,300,50,0,150,70,ahrefs-2026-01,,
,not built,convert,dst,pdf,,,,,,dst to pdf,none,,,300,60,0,90,40,ahrefs-2026-01,,
dst-to-png,live,convert,dst,png,client-only,browser-raster,no_fixture,no ready dst fixture in fixture-matrix.json,ca5b9a53e93a,dst to png,exact,,,100,30,0,100,100,ahrefs-2026-01,,
dst-to-psd,live,convert,dst,psd,client-only,browser-raster,no_fixture,no ready dst fixture in fixture-matrix.json,ca5b9a53e93a,dst to psd,exact,,,,,,,,ahrefs-2026-01,,
dst-to-svg,live,convert,dst,svg,client-only,browser-raster,no_fixture,no ready dst fixture in fixture-matrix.json,ca5b9a53e93a,dst to svg,exact,,,20,20,,,,ahrefs-2026-01,,
,not built,convert,dts,ac3,,,,,,dts to ac3,none,,,200,20,0,20,20,ahrefs-2026-01,,
,not built,convert,dv,m4v,,,,,,dv to m4v,none,,,,,,,,ahrefs-2026-01,,
dv-to-mp4,live,convert,dv,mp4,client-only,ffmpeg-wasm,pass,format check: signature,ca5b9a53e93a,dv to mp4,exact,,,80,20,0,10,10,ahrefs-2026-01,,
,not built,convert,dxf,ai,,,,,,dxf to ai,none,,,450,10,0,20,10,ahrefs-2026-01,,
dxf-to-jpg,live,convert,dxf,jpg,client-only,browser-raster,error,Image decode failed.,ca5b9a53e93a,dxf to jpg,exact,,,800,100,2,150,50,ahrefs-2026-01,,
,not built,convert,dxf,pdf,,,,,,dxf to pdf,none,,,7300,700,1,3100,500,ahrefs-2026-01,,
dxf-to-png,live,convert,dxf,png,client-only,browser-raster,error,Image decode failed.,ca5b9a53e93a,dxf to png,exact,,,1000,200,0,150,100,ahrefs-2026-01,,
,not built,convert,dxf,svg,,,,,,dxf to svg,none,,,3800,1100,0,900,600,ahrefs-2026-01,,
,not built,convert,emf,pdf,,,,,,emf to pdf,none,,,500,100,0,50,40,ahrefs-2026-01,,
emf-to-png,live,convert,emf,png,client-only,browser-raster,no_fixture,no ready emf fixture in fixture-matrix.json,ca5b9a53e93a,emf to png,exact,,,600,100,0,60,50,ahrefs-2026-01,,
,not built,convert,eml,html,,,,,,eml to html,none,,,1000,150,0,200,150,ahrefs-2026-01,,
,not built,convert,eml,pdf,,,,,,eml to pdf,none,,,24000,2500,3,18000,2500,ahrefs-2026-01,,
,not built,convert,eps,ai,,,,,,eps to ai,none,,,1500,100,2,500,90,ahrefs-2026-01,,
,not built,convert,eps,dxf,,,,,,eps to dxf,none,,,1200,150,0,450,100,ahrefs-2026-01,,
,not built,convert,eps,emf,,,,,,eps to emf,none,,,450,40,0,100,30,ahrefs-2026-01,,
eps-to-eps,retired,convert,eps,eps,unknown,,not swept,the sweep runs live Tools only,,eps to eps,exact,,yes,30,,,,,ahrefs-2026-01,,
eps-to-gif,retired,convert,eps,gif,unknown,,not swept,the sweep runs live Tools only,,eps to gif,exact,,,20,,,,,ahrefs-2026-01,,
,not built,convert,eps,heic,,,,,,eps to heic,none,,,,,,,,ahrefs-2026-01,,
,not built,convert,eps,heif,,,,,,eps to heif,none,,,,,,,,ahrefs-2026-01,,
,not built,convert,eps,icns,,,,,,eps to icns,none,,,,,,,,ahrefs-2026-01,,
eps-to-ico,retired,convert,eps,ico,unknown,,not swept,the sweep runs live Tools only,,eps to ico,exact,,,40,10,,,,ahrefs-2026-01,,
,not built,convert,eps,jfif,,,,,,eps to jfif,none,,,,,,,,ahrefs-2026-01,,
,not built,convert,eps,jif,,,,,,eps to jif,none,,,,,,,,ahrefs-2026-01,,
eps-to-jpeg,retired,convert,eps,jpeg,unknown,,not swept,the sweep runs live Tools only,,eps to jpeg,exact,,,600,90,1,3700,1200,ahrefs-2026-01,,
eps-to-jpg,retired,convert,eps,jpg,unknown,,not swept,the sweep runs live Tools only,,eps to jpg,exact,,,4900,800,1,3700,1200,ahrefs-2026-01,,
,not built,convert,eps,jxl,,,,,,eps to jxl,none,,,,,,,,ahrefs-2026-01,,
,not built,convert,eps,ktx,,,,,,eps to ktx,none,,,,,,,,ahrefs-2026-01,,
,not built,convert,eps,ktx2,,,,,,eps to ktx2,none,,,,,,,,ahrefs-2026-01,,
eps-to-nef,retired,convert,eps,nef,unknown,,not swept,the sweep runs live Tools only,,eps to nef,exact,,,,,,,,ahrefs-2026-01,,
eps-to-orf,retired,convert,eps,orf,unknown,,not swept,the sweep runs live Tools only,,eps to orf,exact,,,,,,,,ahrefs-2026-01,,
,not built,convert,eps,pam,,,,,,eps to pam,none,,,,,,,,ahrefs-2026-01,,
,not built,convert,eps,pbm,,,,,,eps to pbm,none,,,,,,,,ahrefs-2026-01,,
,not built,convert,eps,pcx,,,,,,eps to pcx,none,,,,,,,,ahrefs-2026-01,,
eps-to-pdf,live,convert,eps,pdf,client-only,browser-raster,error,Image decode failed.,ca5b9a53e93a,eps to pdf,exact,,,7100,700,0,3800,700,ahrefs-2026-01,,
,not built,convert,eps,pgm,,,,,,eps to pgm,none,,,,,,,,ahrefs-2026-01,,
eps-to-png,retired,convert,eps,png,unknown,,not swept,the sweep runs live Tools only,,eps to png,exact,,,14000,2500,4,9400,3400,ahrefs-2026-01,,
,not built,convert,eps,ppm,,,,,,eps to ppm,none,,,,,,,,ahrefs-2026-01,,
,not built,convert,eps,psd,,,,,,eps to psd,none,,,2200,70,0,700,40,ahrefs-2026-01,,
eps-to-raf,retired,convert,eps,raf,unknown,,not swept,the sweep runs live Tools only,,eps to raf,exact,,,,,,,,ahrefs-2026-01,,
,not built,convert,eps,rw2,,,,,,eps to rw2,none,,,,,,,,ahrefs-2026-01,,
eps-to-svg,retired,convert,eps,svg,unknown,,not swept,the sweep runs live Tools only,,eps to svg,exact,,,24000,2200,2,18000,2800,ahrefs-2026-01,,
eps-to-tga,retired,convert,eps,tga,unknown,,not swept,the sweep runs live Tools only,,eps to tga,exact,,,,,,,,ahrefs-2026-01,,
eps-to-tif,retired,convert,eps,tif,unknown,,not swept,the sweep runs live Tools only,,eps to tif,exact,,,,,,,,ahrefs-2026-01,,
eps-to-tiff,retired,convert,eps,tiff,unknown,,not swept,the sweep runs live Tools only,,eps to tiff,exact,,,150,50,2,20,20,ahrefs-2026-01,,
eps-to-webp,retired,convert,eps,webp,unknown,,not swept,the sweep runs live Tools only,,eps to webp,exact,,,60,10,,,,ahrefs-2026-01,,
,not built,convert,eps,xbm,,,,,,eps to xbm,none,,,,,,,,ahrefs-2026-01,,
,not built,convert,epub,azw3,,,,,,epub to azw3,none,,,9400,2800,0,6900,2600,ahrefs-2026-01,,
,not built,convert,epub,djvu,,,,,,epub to djvu,none,,,20,,,,,ahrefs-2026-01,,
,not built,convert,epub,doc,,,,,,epub to doc,none,,,900,100,0,500,150,ahrefs-2026-01,,
,not built,convert,epub,docx,,,,,,epub to docx,none,,,3700,350,0,900,200,ahrefs-2026-01,,
,not built,convert,epub,fb2,,,,,,epub to fb2,none,,,700,10,,,,ahrefs-2026-01,,
,not built,convert,epub,html,,,,,,epub to html,none,,,600,150,0,70,60,ahrefs-2026-01,,
,not built,convert,epub,mobi,,,,,,epub to mobi,none,,,53000,8200,12,44000,9500,ahrefs-2026-01,,
,not built,convert,epub,pdf,,,,,,epub to pdf,none,,,412000,66000,31,238000,48000,ahrefs-2026-01,,
,not built,convert,epub,txt,,,,,,epub to txt,none,,,5700,900,1,1300,500,ahrefs-2026-01,,
,not built,convert,epub,word,,,,,,epub to word,none,,,3000,300,1,600,150,ahrefs-2026-01,,
,not built,convert,excel,ascii,,,,,,excel to ascii,none,,,,,,,,ahrefs-2026-01,,
,not built,convert,excel,bbcode,,,,,,excel to bbcode,none,,,,,,,,ahrefs-2026-01,,
excel-to-csv,live,convert,excel,csv,client-only,table-convert,no_fixture,no ready excel fixture in fixture-matrix.json,ca5b9a53e93a,excel to csv,exact,,,,,,,,ahrefs-2026-01,xlsx to csv,26000
,not built,convert,excel,excel,,,,,,excel to excel,none,,yes,,,,,,ahrefs-2026-01,,
,not built,convert,excel,html,,,,,,excel to html,none,,,,,,,,ahrefs-2026-01,,
,not built,convert,excel,jira,,,,,,excel to jira,none,,,,,,,,ahrefs-2026-01,,
,not built,convert,excel,json,,,,,,excel to json,none,,,,,,,,ahrefs-2026-01,,
,not built,convert,excel,jsonlines,,,,,,excel to jsonlines,none,,,,,,,,ahrefs-2026-01,,
,not built,convert,excel,latex,,,,,,excel to latex,none,,,,,,,,ahrefs-2026-01,,
excel-to-markdown,live,convert,excel,markdown,client-only,table-convert,no_fixture,no ready excel fixture in fixture-matrix.json,ca5b9a53e93a,excel to markdown,exact,,,,,,,,ahrefs-2026-01,,
,not built,convert,excel,pandasdataframe,,,,,,excel to pandasdataframe,none,,,,,,,,ahrefs-2026-01,,
,not built,convert,excel,php,,,,,,excel to php,none,,,,,,,,ahrefs-2026-01,,
,alias page,convert,excel,png,,,,,,excel to png,alias,xlsx-to-png,,,,,,,ahrefs-2026-01,,
,not built,convert,excel,sql,,,,,,excel to sql,none,,,,,,,,ahrefs-2026-01,,
,not built,convert,excel,xml,,,,,,excel to xml,none,,,,,,,,ahrefs-2026-01,,
,not built,convert,excel,yaml,,,,,,excel to yaml,none,,,,,,,,ahrefs-2026-01,,
,not built,convert,exp,eps,,,,,,exp to eps,none,,,,,,,,ahrefs-2026-01,,
,not built,convert,exp,svg,,,,,,exp to svg,none,,,,,,,,ahrefs-2026-01,,
,not built,convert,exr,hdr,,,,,,exr to hdr,none,,,450,40,0,70,30,ahrefs-2026-01,,
exr-to-jpeg,live,convert,exr,jpeg,client-only,browser-raster,no_fixture,no ready exr fixture in fixture-matrix.json,ca5b9a53e93a,exr to jpeg,exact,,,70,10,,,,ahrefs-2026-01,,
exr-to-jpg,live,convert,exr,jpg,client-only,browser-raster,no_fixture,no ready exr fixture in fixture-matrix.json,ca5b9a53e93a,exr to jpg,exact,,,600,70,1,100,30,ahrefs-2026-01,,
exr-to-png,live,convert,exr,png,client-only,browser-raster,no_fixture,no ready exr fixture in fixture-matrix.json,ca5b9a53e93a,exr to png,exact,,,1500,250,0,300,100,ahrefs-2026-01,,
f4v-to-3gp,live,convert,f4v,3gp,client-only,ffmpeg-wasm,pass,format check: signature,5a318b697fbf,,,,,,,,,,,,
f4v-to-aac,live,convert,f4v,aac,client-only,ffmpeg-wasm,pass,format check: none,ca5b9a53e93a,,,,,,,,,,,,
f4v-to-aiff,live,convert,f4v,aiff,client-only,ffmpeg-wasm,pass,format check: signature,ca5b9a53e93a,,,,,,,,,,,,
f4v-to-alac,live,convert,f4v,alac,client-only,ffmpeg-wasm,pass,format check: none,ca5b9a53e93a,,,,,,,,,,,,
f4v-to-amr,live,convert,f4v,amr,client-only,ffmpeg-wasm,error,FFmpeg failed with exit code 1 [Unknown encoder 'libopencore_amrnb'],ca5b9a53e93a,,,,,,,,,,,,
f4v-to-asf,live,convert,f4v,asf,client-only,ffmpeg-wasm,pass,format check: none,ca5b9a53e93a,,,,,,,,,,,,
f4v-to-au,live,convert,f4v,au,client-only,ffmpeg-wasm,pass,format check: none,ca5b9a53e93a,,,,,,,,,,,,
f4v-to-av1,live,convert,f4v,av1,client-only,ffmpeg-wasm + webcodecs,pass,format check: signature,d0d2843e65ce,,,,,,,,,,,,
f4v-to-avchd,live,convert,f4v,avchd,client-only,ffmpeg-wasm,pass,format check: none,ca5b9a53e93a,,,,,,,,,,,,
f4v-to-avi,live,convert,f4v,avi,client-only,ffmpeg-wasm,pass,format check: signature,ca5b9a53e93a,,,,,,,,,,,,
f4v-to-caf,live,convert,f4v,caf,client-only,ffmpeg-wasm,pass,format check: none,ca5b9a53e93a,,,,,,,,,,,,
f4v-to-cdda,live,convert,f4v,cdda,client-only,ffmpeg-wasm,pass,format check: none,ca5b9a53e93a,,,,,,,,,,,,
f4v-to-divx,live,convert,f4v,divx,client-only,ffmpeg-wasm,pass,format check: none,ca5b9a53e93a,,,,,,,,,,,,
f4v-to-flac,live,convert,f4v,flac,client-only,ffmpeg-wasm,pass,format check: signature,ca5b9a53e93a,,,,,,,,,,,,
f4v-to-flv,live,convert,f4v,flv,client-only,ffmpeg-wasm,pass,format check: signature,ca5b9a53e93a,,,,,,,,,,,,
f4v-to-gif,live,convert,f4v,gif,client-only,ffmpeg-wasm,pass,format check: signature,ca5b9a53e93a,,,,,,,,,,,,
f4v-to-hevc,live,convert,f4v,hevc,client-only,ffmpeg-wasm + webcodecs,pass,format check: signature,d0d2843e65ce,,,,,,,,,,,,
f4v-to-m2ts,live,convert,f4v,m2ts,client-only,ffmpeg-wasm,pass,format check: none,ca5b9a53e93a,,,,,,,,,,,,
f4v-to-m4a,live,convert,f4v,m4a,client-only,ffmpeg-wasm,pass,format check: signature,ca5b9a53e93a,,,,,,,,,,,,
f4v-to-m4r,live,convert,f4v,m4r,client-only,ffmpeg-wasm,pass,format check: signature,ca5b9a53e93a,,,,,,,,,,,,
f4v-to-m4v,live,convert,f4v,m4v,client-only,ffmpeg-wasm,pass,format check: signature,ca5b9a53e93a,,,,,,,,,,,,
f4v-to-mjpeg,live,convert,f4v,mjpeg,client-only,ffmpeg-wasm,pass,format check: none,ca5b9a53e93a,,,,,,,,,,,,
f4v-to-mkv,live,convert,f4v,mkv,client-only,ffmpeg-wasm,pass,format check: signature,ca5b9a53e93a,,,,,,,,,,,,
f4v-to-mov,live,convert,f4v,mov,client-only,ffmpeg-wasm,pass,format check: signature,ca5b9a53e93a,,,,,,,,,,,,
f4v-to-mp2,live,convert,f4v,mp2,client-only,ffmpeg-wasm,pass,format check: none,ca5b9a53e93a,,,,,,,,,,,,
f4v-to-mp3,live,convert,f4v,mp3,client-only,ffmpeg-wasm,pass,format check: signature,ca5b9a53e93a,,,,,,,,,,,,
f4v-to-mp4,live,convert,f4v,mp4,client-only,ffmpeg-wasm,pass,format check: signature,ca5b9a53e93a,f4v to mp4,exact,,,300,80,1,70,60,ahrefs-2026-01,,
f4v-to-mpeg,live,convert,f4v,mpeg,client-only,ffmpeg-wasm,pass,format check: none,ca5b9a53e93a,,,,,,,,,,,,
f4v-to-mpeg2,live,convert,f4v,mpeg2,client-only,ffmpeg-wasm,pass,format check: none,ca5b9a53e93a,,,,,,,,,,,,
f4v-to-mpg,live,convert,f4v,mpg,client-only,ffmpeg-wasm,pass,format check: none,ca5b9a53e93a,,,,,,,,,,,,
f4v-to-mts,live,convert,f4v,mts,client-only,ffmpeg-wasm,pass,format check: none,ca5b9a53e93a,,,,,,,,,,,,
f4v-to-mxf,live,convert,f4v,mxf,client-only,ffmpeg-wasm,pass,format check: none,5a318b697fbf,,,,,,,,,,,,
f4v-to-oga,live,convert,f4v,oga,client-only,ffmpeg-wasm,pass,format check: signature,ca5b9a53e93a,,,,,,,,,,,,
f4v-to-ogg,live,convert,f4v,ogg,client-only,ffmpeg-wasm,pass,format check: signature,ca5b9a53e93a,,,,,,,,,,,,
f4v-to-opus,live,convert,f4v,opus,client-only,ffmpeg-wasm,pass,format check: signature,ca5b9a53e93a,,,,,,,,,,,,
f4v-to-rm,live,convert,f4v,rm,server-first-client-fallback,"server-video, then ffmpeg-wasm",pass,format check: none,ca5b9a53e93a,,,,,,,,,,,,
f4v-to-rmvb,retired,convert,f4v,rmvb,unknown,,not swept,the sweep runs live Tools only,,,,,,,,,,,,,
f4v-to-ts,live,convert,f4v,ts,client-only,ffmpeg-wasm,pass,format check: none,ca5b9a53e93a,,,,,,,,,,,,
f4v-to-vob,live,convert,f4v,vob,client-only,ffmpeg-wasm,pass,format check: none,ca5b9a53e93a,,,,,,,,,,,,
f4v-to-wav,live,convert,f4v,wav,client-only,ffmpeg-wasm,pass,format check: signature,ca5b9a53e93a,,,,,,,,,,,,
f4v-to-webm,live,convert,f4v,webm,client-only,ffmpeg-wasm,pass,format check: signature,ca5b9a53e93a,,,,,,,,,,,,
f4v-to-wma,live,convert,f4v,wma,client-only,ffmpeg-wasm,pass,format check: none,ca5b9a53e93a,,,,,,,,,,,,
,not built,convert,fb2,epub,,,,,,fb2 to epub,none,,,3300,200,1,1000,250,ahrefs-2026-01,,
,not built,convert,fb2,mobi,,,,,,fb2 to mobi,none,,,2200,80,0,450,40,ahrefs-2026-01,,
fig-to-tiff,live,convert,fig,tiff,client-only,browser-raster,no_fixture,no ready fig fixture in fixture-matrix.json,ca5b9a53e93a,fig to tiff,exact,,,,,,,,ahrefs-2026-01,,
flac-to-aac,live,convert,flac,aac,client-only,ffmpeg-wasm,pass,format check: none,ca5b9a53e93a,flac to aac,exact,,,400,150,0,80,70,ahrefs-2026-01,,
flac-to-aiff,live,convert,flac,aiff,client-only,ffmpeg-wasm,pass,format check: signature,ca5b9a53e93a,flac to aiff,exact,,,600,150,0,150,90,ahrefs-2026-01,,
flac-to-alac,live,convert,flac,alac,client-only,ffmpeg-wasm,pass,format check: none,ca5b9a53e93a,flac to alac,exact,,,1400,600,2,500,300,ahrefs-2026-01,,
flac-to-amr,live,convert,flac,amr,client-only,ffmpeg-wasm,error,FFmpeg failed with exit code 1 [Unknown encoder 'libopencore_amrnb'],ca5b9a53e93a,,,,,,,,,,,,
flac-to-au,live,convert,flac,au,client-only,ffmpeg-wasm,pass,format check: none,ca5b9a53e93a,,,,,,,,,,,,
flac-to-caf,live,convert,flac,caf,client-only,ffmpeg-wasm,pass,format check: none,ca5b9a53e93a,,,,,,,,,,,,
flac-to-cdda,live,convert,flac,cdda,client-only,ffmpeg-wasm,pass,format check: none,ca5b9a53e93a,,,,,,,,,,,,
flac-to-m4a,live,convert,flac,m4a,client-only,ffmpeg-wasm,pass,format check: signature,ca5b9a53e93a,flac to m4a,exact,,,600,250,0,200,200,ahrefs-2026-01,,
flac-to-m4r,live,convert,flac,m4r,client-only,ffmpeg-wasm,pass,format check: signature,ca5b9a53e93a,,,,,,,,,,,,
flac-to-mp2,live,convert,flac,mp2,client-only,ffmpeg-wasm,pass,format check: none,ca5b9a53e93a,,,,,,,,,,,,
flac-to-mp3,live,convert,flac,mp3,client-only,ffmpeg-wasm,pass,format check: signature,ca5b9a53e93a,flac to mp3,exact,,,28000,7600,8,14000,4800,ahrefs-2026-01,,
flac-to-oga,live,convert,flac,oga,client-only,ffmpeg-wasm,pass,format check: signature,ca5b9a53e93a,,,,,,,,,,,,
flac-to-ogg,live,convert,flac,ogg,client-only,ffmpeg-wasm,pass,format check: signature,ca5b9a53e93a,,,,,,,,,,,,
flac-to-opus,live,convert,flac,opus,client-only,ffmpeg-wasm,pass,format check: signature,ca5b9a53e93a,,,,,,,,,,,,
flac-to-wav,live,convert,flac,wav,client-only,ffmpeg-wasm,pass,format check: signature,ca5b9a53e93a,flac to wav,exact,,,5800,1300,2,2400,1000,ahrefs-2026-01,,
flac-to-wma,live,convert,flac,wma,client-only,ffmpeg-wasm,pass,format check: none,ca5b9a53e93a,flac to wma,exact,,,60,10,,,,ahrefs-2026-01,,
flv-to-3gp,live,convert,flv,3gp,client-only,ffmpeg-wasm,pass,format check: signature,5a318b697fbf,,,,,,,,,,,,
flv-to-aac,live,convert,flv,aac,client-only,ffmpeg-wasm,pass,format check: none,ca5b9a53e93a,,,,,,,,,,,,
flv-to-aiff,live,convert,flv,aiff,client-only,ffmpeg-wasm,pass,format check: signature,ca5b9a53e93a,,,,,,,,,,,,
flv-to-alac,live,convert,flv,alac,client-only,ffmpeg-wasm,pass,format check: none,ca5b9a53e93a,,,,,,,,,,,,
flv-to-amr,live,convert,flv,amr,client-only,ffmpeg-wasm,error,FFmpeg failed with exit code 1 [Unknown encoder 'libopencore_amrnb'],ca5b9a53e93a,,,,,,,,,,,,
flv-to-asf,live,convert,flv,asf,client-only,ffmpeg-wasm,pass,format check: none,ca5b9a53e93a,,,,,,,,,,,,
flv-to-au,live,convert,flv,au,client-only,ffmpeg-wasm,pass,format check: none,ca5b9a53e93a,,,,,,,,,,,,
flv-to-av1,live,convert,flv,av1,client-only,ffmpeg-wasm + webcodecs,pass,format check: signature,d0d2843e65ce,,,,,,,,,,,,
flv-to-avchd,live,convert,flv,avchd,client-only,ffmpeg-wasm,pass,format check: none,ca5b9a53e93a,,,,,,,,,,,,
flv-to-avi,live,convert,flv,avi,client-only,ffmpeg-wasm,pass,format check: signature,ca5b9a53e93a,flv to avi,exact,,,300,90,1,90,90,ahrefs-2026-01,,
flv-to-caf,live,convert,flv,caf,client-only,ffmpeg-wasm,pass,format check: none,ca5b9a53e93a,,,,,,,,,,,,
flv-to-cdda,live,convert,flv,cdda,client-only,ffmpeg-wasm,pass,format check: none,ca5b9a53e93a,,,,,,,,,,,,
flv-to-divx,live,convert,flv,divx,client-only,ffmpeg-wasm,pass,format check: none,ca5b9a53e93a,,,,,,,,,,,,
flv-to-f4v,live,convert,flv,f4v,client-only,ffmpeg-wasm,pass,format check: none,ca5b9a53e93a,,,,,,,,,,,,
flv-to-flac,live,convert,flv,flac,client-only,ffmpeg-wasm,pass,format check: signature,ca5b9a53e93a,,,,,,,,,,,,
flv-to-gif,live,convert,flv,gif,client-only,ffmpeg-wasm,pass,format check: signature,ca5b9a53e93a,,,,,,,,,,,,
flv-to-hevc,live,convert,flv,hevc,client-only,ffmpeg-wasm + webcodecs,pass,format check: signature,d0d2843e65ce,,,,,,,,,,,,
flv-to-m2ts,live,convert,flv,m2ts,client-only,ffmpeg-wasm,pass,format check: none,ca5b9a53e93a,,,,,,,,,,,,
flv-to-m4a,live,convert,flv,m4a,client-only,ffmpeg-wasm,pass,format check: signature,ca5b9a53e93a,,,,,,,,,,,,
flv-to-m4r,live,convert,flv,m4r,client-only,ffmpeg-wasm,pass,format check: signature,ca5b9a53e93a,,,,,,,,,,,,
flv-to-m4v,live,convert,flv,m4v,client-only,ffmpeg-wasm,pass,format check: signature,ca5b9a53e93a,,,,,,,,,,,,
flv-to-mjpeg,live,convert,flv,mjpeg,client-only,ffmpeg-wasm,pass,format check: none,ca5b9a53e93a,,,,,,,,,,,,
flv-to-mkv,live,convert,flv,mkv,client-only,ffmpeg-wasm,pass,format check: signature,ca5b9a53e93a,,,,,,,,,,,,
flv-to-mov,live,convert,flv,mov,client-only,ffmpeg-wasm,pass,format check: signature,ca5b9a53e93a,flv to mov,exact,,,150,60,1,50,40,ahrefs-2026-01,,
flv-to-mp2,live,convert,flv,mp2,client-only,ffmpeg-wasm,pass,format check: none,ca5b9a53e93a,,,,,,,,,,,,
flv-to-mp3,live,convert,flv,mp3,client-only,ffmpeg-wasm,pass,format check: signature,ca5b9a53e93a,flv to mp3,exact,,,6100,1000,2,500,150,ahrefs-2026-01,,
flv-to-mp4,live,convert,flv,mp4,client-only,ffmpeg-wasm,pass,format check: signature,ca5b9a53e93a,flv to mp4,exact,,,9800,2600,7,9400,4200,ahrefs-2026-01,,
flv-to-mpeg,live,convert,flv,mpeg,client-only,ffmpeg-wasm,pass,format check: none,ca5b9a53e93a,flv to mpeg,exact,,,40,10,1,0,0,ahrefs-2026-01,,
flv-to-mpeg2,live,convert,flv,mpeg2,client-only,ffmpeg-wasm,pass,format check: none,ca5b9a53e93a,,,,,,,,,,,,
flv-to-mpg,live,convert,flv,mpg,client-only,ffmpeg-wasm,pass,format check: none,ca5b9a53e93a,,,,,,,,,,,,
flv-to-mts,live,convert,flv,mts,client-only,ffmpeg-wasm,pass,format check: none,ca5b9a53e93a,,,,,,,,,,,,
flv-to-mxf,live,convert,flv,mxf,client-only,ffmpeg-wasm,pass,format check: none,5a318b697fbf,,,,,,,,,,,,
flv-to-oga,live,convert,flv,oga,client-only,ffmpeg-wasm,pass,format check: signature,ca5b9a53e93a,,,,,,,,,,,,
flv-to-ogg,live,convert,flv,ogg,client-only,ffmpeg-wasm,pass,format check: signature,ca5b9a53e93a,,,,,,,,,,,,
flv-to-opus,live,convert,flv,opus,client-only,ffmpeg-wasm,pass,format check: signature,ca5b9a53e93a,,,,,,,,,,,,
flv-to-rm,live,convert,flv,rm,server-first-client-fallback,"server-video, then ffmpeg-wasm",pass,format check: none,ca5b9a53e93a,,,,,,,,,,,,
flv-to-rmvb,retired,convert,flv,rmvb,unknown,,not swept,the sweep runs live Tools only,,,,,,,,,,,,,
flv-to-swf,live,convert,flv,swf,client-only,ffmpeg-wasm,pass,format check: none,ca5b9a53e93a,flv to swf,exact,,,30,10,,,,ahrefs-2026-01,,
flv-to-ts,live,convert,flv,ts,client-only,ffmpeg-wasm,pass,format check: none,ca5b9a53e93a,,,,,,,,,,,,
flv-to-vob,live,convert,flv,vob,client-only,ffmpeg-wasm,pass,format check: none,ca5b9a53e93a,,,,,,,,,,,,
flv-to-wav,live,convert,flv,wav,client-only,ffmpeg-wasm,pass,format check: signature,ca5b9a53e93a,,,,,,,,,,,,
flv-to-webm,live,convert,flv,webm,client-only,ffmpeg-wasm,pass,format check: signature,ca5b9a53e93a,,,,,,,,,,,,
flv-to-wma,live,convert,flv,wma,client-only,ffmpeg-wasm,pass,format check: none,ca5b9a53e93a,,,,,,,,,,,,
flv-to-wmv,live,convert,flv,wmv,client-only,ffmpeg-wasm,pass,format check: none,ca5b9a53e93a,flv to wmv,exact,,,150,60,0,80,80,ahrefs-2026-01,,
gif-to-avi,live,convert,gif,avi,client-only,ffmpeg-wasm,pass,format check: signature,ca5b9a53e93a,gif to avi,exact,,,450,100,3,200,150,ahrefs-2026-01,,
gif-to-avif,live,convert,gif,avif,client-only,browser-raster,pass,format check: signature,ca5b9a53e93a,gif to avif,exact,,,450,80,0,30,30,ahrefs-2026-01,,
gif-to-bmp,live,convert,gif,bmp,client-only,browser-raster,pass,format check: signature,ca5b9a53e93a,gif to bmp,exact,,,300,60,0,30,30,ahrefs-2026-01,,
gif-to-cur,live,convert,gif,cur,client-only,browser-raster,pass,format check: signature,ca5b9a53e93a,gif to cur,exact,,,100,30,0,40,40,ahrefs-2026-01,,
gif-to-gif,live,convert,gif,gif,client-only,browser-raster,pass,format check: signature,ca5b9a53e93a,gif to gif,exact,,yes,1000,300,82,20000,6600,ahrefs-2026-01,,
gif-to-hdr,live,convert,gif,hdr,client-only,browser-raster,pass,format check: none,ca5b9a53e93a,gif to hdr,exact,,,,,,,,ahrefs-2026-01,,
,not built,convert,gif,heic,,,,,,gif to heic,none,,,100,50,0,10,10,ahrefs-2026-01,,
,not built,convert,gif,heif,,,,,,gif to heif,none,,,60,20,,,,ahrefs-2026-01,,
gif-to-icns,live,convert,gif,icns,client-only,browser-raster,pass,format check: signature,ca5b9a53e93a,gif to icns,exact,,,,,,,,ahrefs-2026-01,,
gif-to-ico,live,convert,gif,ico,client-only,browser-raster,pass,format check: signature,ca5b9a53e93a,gif to ico,exact,,,600,90,1,100,30,ahrefs-2026-01,,
gif-to-jfif,live,convert,gif,jfif,client-only,browser-raster,pass,format check: signature,ca5b9a53e93a,gif to jfif,exact,,,10,,,,,ahrefs-2026-01,,
gif-to-jif,live,convert,gif,jif,client-only,browser-raster,pass,format check: signature,ca5b9a53e93a,gif to jif,exact,,,,,,,,ahrefs-2026-01,,
gif-to-jpeg,live,convert,gif,jpeg,client-only,browser-raster,pass,format check: signature,ca5b9a53e93a,gif to jpeg,exact,,,2600,350,10,9100,1900,ahrefs-2026-01,,
gif-to-jpg,live,convert,gif,jpg,client-only,browser-raster,pass,format check: signature,ca5b9a53e93a,gif to jpg,exact,,,28000,3700,11,7800,2200,ahrefs-2026-01,,
gif-to-jxl,live,convert,gif,jxl,client-only,browser-raster,pass,format check: signature,ca5b9a53e93a,gif to jxl,exact,,,10,10,,,,ahrefs-2026-01,,
gif-to-ktx,live,convert,gif,ktx,client-only,browser-raster,pass,format check: signature,ca5b9a53e93a,gif to ktx,exact,,,,,,,,ahrefs-2026-01,,
gif-to-ktx2,live,convert,gif,ktx2,client-only,browser-raster,pass,format check: signature,ca5b9a53e93a,gif to ktx2,exact,,,,,,,,ahrefs-2026-01,,
gif-to-mkv,live,convert,gif,mkv,client-only,ffmpeg-wasm,pass,format check: signature,ca5b9a53e93a,gif to mkv,exact,,,40,10,,,,ahrefs-2026-01,,
gif-to-mov,live,convert,gif,mov,client-only,ffmpeg-wasm,pass,format check: signature,ca5b9a53e93a,gif to mov,exact,,,1900,700,6,1200,600,ahrefs-2026-01,,
gif-to-mp4,live,convert,gif,mp4,client-only,ffmpeg-wasm,pass,format check: signature,ca5b9a53e93a,gif to mp4,exact,,,117000,33000,28,116000,44000,ahrefs-2026-01,,
gif-to-nef,retired,convert,gif,nef,unknown,,not swept,the sweep runs live Tools only,,gif to nef,exact,,,,,,,,ahrefs-2026-01,,
gif-to-orf,retired,convert,gif,orf,unknown,,not swept,the sweep runs live Tools only,,gif to orf,exact,,,,,,,,ahrefs-2026-01,,
gif-to-pam,live,convert,gif,pam,client-only,browser-raster,pass,format check: signature,ca5b9a53e93a,gif to pam,exact,,,,,,,,ahrefs-2026-01,,
gif-to-pbm,live,convert,gif,pbm,client-only,browser-raster,pass,format check: signature,ca5b9a53e93a,gif to pbm,exact,,,,,,,,ahrefs-2026-01,,
gif-to-pcx,live,convert,gif,pcx,client-only,browser-raster,pass,format check: none,ca5b9a53e93a,gif to pcx,exact,,,,,,,,ahrefs-2026-01,,
gif-to-pdf,live,convert,gif,pdf,client-only,browser-raster,pass,format check: signature,ca5b9a53e93a,gif to pdf,exact,,,5400,600,1,4300,700,ahrefs-2026-01,,
gif-to-pgm,live,convert,gif,pgm,client-only,browser-raster,pass,format check: signature,ca5b9a53e93a,gif to pgm,exact,,,,,,,,ahrefs-2026-01,,
gif-to-png,live,convert,gif,png,client-only,browser-raster,pass,format check: signature,ca5b9a53e93a,gif to png,exact,,,36000,9400,5,27000,9700,ahrefs-2026-01,,
gif-to-ppm,live,convert,gif,ppm,client-only,browser-raster,pass,format check: signature,ca5b9a53e93a,gif to ppm,exact,,,,,,,,ahrefs-2026-01,,
gif-to-psd,live,convert,gif,psd,client-only,browser-raster,pass,format check: signature,ca5b9a53e93a,gif to psd,exact,,,60,20,,,,ahrefs-2026-01,,
gif-to-raf,retired,convert,gif,raf,unknown,,not swept,the sweep runs live Tools only,,gif to raf,exact,,,,,,,,ahrefs-2026-01,,
gif-to-rw2,retired,convert,gif,rw2,unknown,,not swept,the sweep runs live Tools only,,gif to rw2,exact,,,,,,,,ahrefs-2026-01,,
gif-to-svg,live,convert,gif,svg,client-only,browser-raster,pass,format check: signature,ca5b9a53e93a,gif to svg,exact,,,1300,200,0,150,50,ahrefs-2026-01,,
gif-to-swf,live,convert,gif,swf,client-only,ffmpeg-wasm,pass,format check: none,ca5b9a53e93a,gif to swf,exact,,,150,20,0,10,10,ahrefs-2026-01,,
gif-to-tga,live,convert,gif,tga,client-only,browser-raster,pass,format check: none,ca5b9a53e93a,gif to tga,exact,,,200,60,0,40,20,ahrefs-2026-01,,
gif-to-tif,live,convert,gif,tif,client-only,browser-raster,pass,format check: signature,ca5b9a53e93a,gif to tif,exact,,,10,10,,,,ahrefs-2026-01,,
gif-to-tiff,live,convert,gif,tiff,client-only,browser-raster,pass,format check: signature,ca5b9a53e93a,gif to tiff,exact,,,100,30,0,20,20,ahrefs-2026-01,,
gif-to-webm,live,convert,gif,webm,client-only,ffmpeg-wasm,pass,format check: signature,ca5b9a53e93a,gif to webm,exact,,,5900,1100,4,2500,1000,ahrefs-2026-01,,
gif-to-webp,live,convert,gif,webp,client-only,browser-raster,pass,format check: signature,ca5b9a53e93a,gif to webp,exact,,,8300,1000,7,3400,700,ahrefs-2026-01,,
gif-to-wmv,live,convert,gif,wmv,client-only,ffmpeg-wasm,pass,format check: none,ca5b9a53e93a,gif to wmv,exact,,,90,30,0,30,20,ahrefs-2026-01,,
gif-to-xbm,live,convert,gif,xbm,client-only,browser-raster,pass,format check: none,ca5b9a53e93a,gif to xbm,exact,,,,,,,,ahrefs-2026-01,,
gsm-to-mp3,live,convert,gsm,mp3,client-only,ffmpeg-wasm,pass,format check: signature,ca5b9a53e93a,gsm to mp3,exact,,,1300,40,0,450,10,ahrefs-2026-01,,
hdr-to-jpeg,live,convert,hdr,jpeg,client-only,browser-raster,no_fixture,no ready hdr fixture in fixture-matrix.json,ca5b9a53e93a,hdr to jpeg,exact,,,70,10,,,,ahrefs-2026-01,,
hdr-to-jpg,live,convert,hdr,jpg,client-only,browser-raster,no_fixture,no ready hdr fixture in fixture-matrix.json,ca5b9a53e93a,hdr to jpg,exact,,,700,40,0,200,20,ahrefs-2026-01,,
,not built,convert,heic,gif,,,,,,heic to gif,none,,,350,100,0,50,50,ahrefs-2026-01,,
heic-to-heic,retired,convert,heic,heic,unknown,,not swept,the sweep runs live Tools only,,heic to heic,exact,,yes,,,,,,ahrefs-2026-01,,
heic-to-heif,retired,convert,heic,heif,unknown,,not swept,the sweep runs live Tools only,,heic to heif,exact,,,10,,,,,ahrefs-2026-01,,
heic-to-icns,live,convert,heic,icns,client-only,heif-decoder,pass,format check: signature,ca5b9a53e93a,heic to icns,exact,,,,,,,,ahrefs-2026-01,,
,not built,convert,heic,ico,,,,,,heic to ico,none,,,20,10,,,,ahrefs-2026-01,,
heic-to-jfif,live,convert,heic,jfif,client-only,heif-decoder,pass,format check: signature,ca5b9a53e93a,heic to jfif,exact,,,,,,,,ahrefs-2026-01,,
heic-to-jif,live,convert,heic,jif,client-only,heif-decoder,pass,format check: signature,ca5b9a53e93a,heic to jif,exact,,,,,,,,ahrefs-2026-01,,
heic-to-jpeg,live,convert,heic,jpeg,client-only,heif-decoder,pass,format check: signature,ca5b9a53e93a,heic to jpeg,exact,,,76000,18000,39,963000,380000,ahrefs-2026-01,,
heic-to-jpg,live,convert,heic,jpg,client-only,heif-decoder,pass,format check: signature,ca5b9a53e93a,heic to jpg,exact,,,1070000,226000,28,964000,380000,ahrefs-2026-01,,
heic-to-jxl,live,convert,heic,jxl,client-only,heif-decoder,pass,format check: signature,ca5b9a53e93a,heic to jxl,exact,,,,,,,,ahrefs-2026-01,,
heic-to-ktx,live,convert,heic,ktx,client-only,heif-decoder,pass,format check: signature,ca5b9a53e93a,heic to ktx,exact,,,,,,,,ahrefs-2026-01,,
heic-to-ktx2,live,convert,heic,ktx2,client-only,heif-decoder,pass,format check: signature,ca5b9a53e93a,heic to ktx2,exact,,,,,,,,ahrefs-2026-01,,
heic-to-mp4,retired,convert,heic,mp4,unknown,,not swept,the sweep runs live Tools only,,heic to mp4,exact,,,3300,450,1,900,250,ahrefs-2026-01,,
heic-to-nef,retired,convert,heic,nef,unknown,,not swept,the sweep runs live Tools only,,heic to nef,exact,,,,,,,,ahrefs-2026-01,,
heic-to-orf,retired,convert,heic,orf,unknown,,not swept,the sweep runs live Tools only,,heic to orf,exact,,,,,,,,ahrefs-2026-01,,
heic-to-pam,live,convert,heic,pam,client-only,heif-decoder,pass,format check: signature,ca5b9a53e93a,heic to pam,exact,,,,,,,,ahrefs-2026-01,,
heic-to-pbm,live,convert,heic,pbm,client-only,heif-decoder,pass,format check: signature,ca5b9a53e93a,heic to pbm,exact,,,,,,,,ahrefs-2026-01,,
heic-to-pcx,live,convert,heic,pcx,client-only,heif-decoder,pass,format check: none,ca5b9a53e93a,heic to pcx,exact,,,,,,,,ahrefs-2026-01,,
heic-to-pdf,live,convert,heic,pdf,client-only,heif-decoder,pass,format check: signature,ca5b9a53e93a,heic to pdf,exact,,,106000,33000,2,39000,21000,ahrefs-2026-01,,
heic-to-pgm,live,convert,heic,pgm,client-only,heif-decoder,pass,format check: signature,ca5b9a53e93a,heic to pgm,exact,,,,,,,,ahrefs-2026-01,,
heic-to-png,live,convert,heic,png,client-only,heif-decoder,pass,format check: signature,ca5b9a53e93a,heic to png,exact,,,163000,42000,7,75000,15000,ahrefs-2026-01,,
heic-to-ppm,live,convert,heic,ppm,client-only,heif-decoder,pass,format check: signature,ca5b9a53e93a,heic to ppm,exact,,,,,,,,ahrefs-2026-01,,
,not built,convert,heic,psd,,,,,,heic to psd,none,,,100,20,,,,ahrefs-2026-01,,
heic-to-raf,retired,convert,heic,raf,unknown,,not swept,the sweep runs live Tools only,,heic to raf,exact,,,,,,,,ahrefs-2026-01,,
heic-to-rw2,retired,convert,heic,rw2,unknown,,not swept,the sweep runs live Tools only,,heic to rw2,exact,,,,,,,,ahrefs-2026-01,,
heic-to-svg,live,convert,heic,svg,client-only,heif-decoder,pass,format check: signature,ca5b9a53e93a,heic to svg,exact,,,80,60,0,20,20,ahrefs-2026-01,,
heic-to-tga,live,convert,heic,tga,client-only,heif-decoder,pass,format check: none,ca5b9a53e93a,heic to tga,exact,,,,,,,,ahrefs-2026-01,,
,not built,convert,heic,tif,,,,,,heic to tif,none,,,40,10,,,,ahrefs-2026-01,,
,not built,convert,heic,tiff,,,,,,heic to tiff,none,,,450,100,0,50,50,ahrefs-2026-01,,
heic-to-webp,live,convert,heic,webp,client-only,heif-decoder,pass,format check: signature,ca5b9a53e93a,heic to webp,exact,,,1800,200,0,150,70,ahrefs-2026-01,,
heic-to-xbm,live,convert,heic,xbm,client-only,heif-decoder,pass,format check: none,ca5b9a53e93a,heic to xbm,exact,,,,,,,,ahrefs-2026-01,,
heif-to-heif,retired,convert,heif,heif,unknown,,not swept,the sweep runs live Tools only,,heif to heif,exact,,yes,,,,,,ahrefs-2026-01,,
heif-to-icns,live,convert,heif,icns,client-only,heif-decoder,pass,format check: signature,ca5b9a53e93a,heif to icns,exact,,,,,,,,ahrefs-2026-01,,
heif-to-ico,live,convert,heif,ico,client-only,heif-decoder,pass,format check: signature,ca5b9a53e93a,heif to ico,exact,,,,,,,,ahrefs-2026-01,,
heif-to-jfif,live,convert,heif,jfif,client-only,heif-decoder,pass,format check: signature,ca5b9a53e93a,heif to jfif,exact,,,,,,,,ahrefs-2026-01,,
heif-to-jif,live,convert,heif,jif,client-only,heif-decoder,pass,format check: signature,ca5b9a53e93a,heif to jif,exact,,,,,,,,ahrefs-2026-01,,
,alias page,convert,heif,jpeg,,,,,,heif to jpeg,alias,heif-to-jpg,,1900,600,1,11000,2800,ahrefs-2026-01,,
heif-to-jpg,live,convert,heif,jpg,client-only,heif-decoder,pass,format check: signature,ca5b9a53e93a,heif to jpg,exact,,,26000,4900,1,10000,2800,ahrefs-2026-01,heif to jpeg,1900
heif-to-jxl,live,convert,heif,jxl,client-only,heif-decoder,pass,format check: signature,ca5b9a53e93a,heif to jxl,exact,,,,,,,,ahrefs-2026-01,,
heif-to-ktx,live,convert,heif,ktx,client-only,heif-decoder,pass,format check: signature,ca5b9a53e93a,heif to ktx,exact,,,,,,,,ahrefs-2026-01,,
heif-to-ktx2,live,convert,heif,ktx2,client-only,heif-decoder,pass,format check: signature,ca5b9a53e93a,heif to ktx2,exact,,,,,,,,ahrefs-2026-01,,
heif-to-nef,retired,convert,heif,nef,unknown,,not swept,the sweep runs live Tools only,,heif to nef,exact,,,,,,,,ahrefs-2026-01,,
heif-to-orf,retired,convert,heif,orf,unknown,,not swept,the sweep runs live Tools only,,heif to orf,exact,,,,,,,,ahrefs-2026-01,,
heif-to-pam,live,convert,heif,pam,client-only,heif-decoder,pass,format check: signature,ca5b9a53e93a,heif to pam,exact,,,,,,,,ahrefs-2026-01,,
heif-to-pbm,live,convert,heif,pbm,client-only,heif-decoder,pass,format check: signature,ca5b9a53e93a,heif to pbm,exact,,,,,,,,ahrefs-2026-01,,
heif-to-pcx,live,convert,heif,pcx,client-only,heif-decoder,pass,format check: none,ca5b9a53e93a,heif to pcx,exact,,,,,,,,ahrefs-2026-01,,
heif-to-pdf,live,convert,heif,pdf,client-only,heif-decoder,pass,format check: signature,ca5b9a53e93a,heif to pdf,exact,,,3800,1400,1,1100,600,ahrefs-2026-01,,
heif-to-pgm,live,convert,heif,pgm,client-only,heif-decoder,pass,format check: signature,ca5b9a53e93a,heif to pgm,exact,,,,,,,,ahrefs-2026-01,,
heif-to-png,live,convert,heif,png,client-only,heif-decoder,pass,format check: signature,ca5b9a53e93a,heif to png,exact,,,3200,900,1,1000,450,ahrefs-2026-01,,
heif-to-ppm,live,convert,heif,ppm,client-only,heif-decoder,pass,format check: signature,ca5b9a53e93a,heif to ppm,exact,,,,,,,,ahrefs-2026-01,,
heif-to-raf,retired,convert,heif,raf,unknown,,not swept,the sweep runs live Tools only,,heif to raf,exact,,,,,,,,ahrefs-2026-01,,
heif-to-rw2,retired,convert,heif,rw2,unknown,,not swept,the sweep runs live Tools only,,heif to rw2,exact,,,,,,,,ahrefs-2026-01,,
,not built,convert,heif,svg,,,,,,heif to svg,none,,,,,,,,ahrefs-2026-01,,
heif-to-tga,live,convert,heif,tga,client-only,heif-decoder,pass,format check: none,ca5b9a53e93a,heif to tga,exact,,,,,,,,ahrefs-2026-01,,
heif-to-tif,live,convert,heif,tif,client-only,heif-decoder,pass,format check: signature,ca5b9a53e93a,heif to tif,exact,,,,,,,,ahrefs-2026-01,heif to tiff,10
,alias page,convert,heif,tiff,,,,,,heif to tiff,alias,heif-to-tif,,10,10,,,,ahrefs-2026-01,,
heif-to-webp,live,convert,heif,webp,client-only,heif-decoder,pass,format check: signature,ca5b9a53e93a,heif to webp,exact,,,30,10,,,,ahrefs-2026-01,,
heif-to-xbm,live,convert,heif,xbm,client-only,heif-decoder,pass,format check: none,ca5b9a53e93a,heif to xbm,exact,,,,,,,,ahrefs-2026-01,,
hevc-to-3gp,live,convert,hevc,3gp,client-only,ffmpeg-wasm,pass,format check: signature,5a318b697fbf,,,,,,,,,,,,
hevc-to-aac,retired,convert,hevc,aac,unknown,,not swept,the sweep runs live Tools only,,,,,,,,,,,,,
hevc-to-aiff,retired,convert,hevc,aiff,unknown,,not swept,the sweep runs live Tools only,,,,,,,,,,,,,
hevc-to-alac,retired,convert,hevc,alac,unknown,,not swept,the sweep runs live Tools only,,,,,,,,,,,,,
hevc-to-amr,retired,convert,hevc,amr,unknown,,not swept,the sweep runs live Tools only,,,,,,,,,,,,,
hevc-to-asf,live,convert,hevc,asf,client-only,ffmpeg-wasm,pass,format check: none,ca5b9a53e93a,,,,,,,,,,,,
hevc-to-au,retired,convert,hevc,au,unknown,,not swept,the sweep runs live Tools only,,,,,,,,,,,,,
hevc-to-av1,live,convert,hevc,av1,client-only,ffmpeg-wasm + webcodecs,pass,format check: signature,d0d2843e65ce,,,,,,,,,,,,
hevc-to-avchd,live,convert,hevc,avchd,client-only,ffmpeg-wasm,pass,format check: none,ca5b9a53e93a,,,,,,,,,,,,
hevc-to-avi,live,convert,hevc,avi,client-only,ffmpeg-wasm,pass,format check: signature,ca5b9a53e93a,,,,,,,,,,,,
hevc-to-caf,retired,convert,hevc,caf,unknown,,not swept,the sweep runs live Tools only,,,,,,,,,,,,,
hevc-to-cdda,retired,convert,hevc,cdda,unknown,,not swept,the sweep runs live Tools only,,,,,,,,,,,,,
hevc-to-divx,live,convert,hevc,divx,client-only,ffmpeg-wasm,pass,format check: none,ca5b9a53e93a,,,,,,,,,,,,
hevc-to-f4v,live,convert,hevc,f4v,client-only,ffmpeg-wasm,pass,format check: none,ca5b9a53e93a,,,,,,,,,,,,
hevc-to-flac,retired,convert,hevc,flac,unknown,,not swept,the sweep runs live Tools only,,,,,,,,,,,,,
hevc-to-flv,live,convert,hevc,flv,client-only,ffmpeg-wasm,pass,format check: signature,ca5b9a53e93a,,,,,,,,,,,,
hevc-to-gif,live,convert,hevc,gif,client-only,ffmpeg-wasm,pass,format check: signature,ca5b9a53e93a,,,,,,,,,,,,
hevc-to-m2ts,live,convert,hevc,m2ts,client-only,ffmpeg-wasm,pass,format check: none,ca5b9a53e93a,,,,,,,,,,,,
hevc-to-m4a,retired,convert,hevc,m4a,unknown,,not swept,the sweep runs live Tools only,,,,,,,,,,,,,
hevc-to-m4r,retired,convert,hevc,m4r,unknown,,not swept,the sweep runs live Tools only,,,,,,,,,,,,,
hevc-to-m4v,live,convert,hevc,m4v,client-only,ffmpeg-wasm,pass,format check: signature,ca5b9a53e93a,,,,,,,,,,,,
hevc-to-mjpeg,live,convert,hevc,mjpeg,client-only,ffmpeg-wasm,pass,format check: none,ca5b9a53e93a,hevc to mjpeg,exact,,,,,,,,ahrefs-2026-01,,
hevc-to-mkv,live,convert,hevc,mkv,client-only,ffmpeg-wasm,pass,format check: signature,ca5b9a53e93a,,,,,,,,,,,,
hevc-to-mov,live,convert,hevc,mov,client-only,ffmpeg-wasm,pass,format check: signature,ca5b9a53e93a,hevc to mov,exact,,,500,100,0,70,60,ahrefs-2026-01,,
hevc-to-mp2,retired,convert,hevc,mp2,unknown,,not swept,the sweep runs live Tools only,,,,,,,,,,,,,
hevc-to-mp3,retired,convert,hevc,mp3,unknown,,not swept,the sweep runs live Tools only,,,,,,,,,,,,,
hevc-to-mp4,live,convert,hevc,mp4,client-only,ffmpeg-wasm,pass,format check: signature,ca5b9a53e93a,hevc to mp4,exact,,,23000,2600,3,14000,2400,ahrefs-2026-01,,
hevc-to-mpeg,live,convert,hevc,mpeg,client-only,ffmpeg-wasm,pass,format check: none,ca5b9a53e93a,,,,,,,,,,,,
hevc-to-mpeg2,live,convert,hevc,mpeg2,client-only,ffmpeg-wasm,pass,format check: none,ca5b9a53e93a,,,,,,,,,,,,
hevc-to-mpg,live,convert,hevc,mpg,client-only,ffmpeg-wasm,pass,format check: none,ca5b9a53e93a,,,,,,,,,,,,
hevc-to-mts,live,convert,hevc,mts,client-only,ffmpeg-wasm,pass,format check: none,ca5b9a53e93a,,,,,,,,,,,,
hevc-to-mxf,live,convert,hevc,mxf,client-only,ffmpeg-wasm,pass,format check: none,5a318b697fbf,,,,,,,,,,,,
hevc-to-oga,retired,convert,hevc,oga,unknown,,not swept,the sweep runs live Tools only,,,,,,,,,,,,,
hevc-to-ogg,retired,convert,hevc,ogg,unknown,,not swept,the sweep runs live Tools only,,,,,,,,,,,,,
hevc-to-opus,retired,convert,hevc,opus,unknown,,not swept,the sweep runs live Tools only,,,,,,,,,,,,,
hevc-to-rm,live,convert,hevc,rm,server-first-client-fallback,"server-video, then ffmpeg-wasm",pass,format check: none,ca5b9a53e93a,,,,,,,,,,,,
hevc-to-rmvb,retired,convert,hevc,rmvb,unknown,,not swept,the sweep runs live Tools only,,,,,,,,,,,,,
hevc-to-ts,live,convert,hevc,ts,client-only,ffmpeg-wasm,pass,format check: none,ca5b9a53e93a,,,,,,,,,,,,
hevc-to-vob,live,convert,hevc,vob,client-only,ffmpeg-wasm,pass,format check: none,ca5b9a53e93a,,,,,,,,,,,,
hevc-to-wav,retired,convert,hevc,wav,unknown,,not swept,the sweep runs live Tools only,,,,,,,,,,,,,
hevc-to-webm,live,convert,hevc,webm,client-only,ffmpeg-wasm,pass,format check: signature,ca5b9a53e93a,,,,,,,,,,,,
hevc-to-wma,retired,convert,hevc,wma,unknown,,not swept,the sweep runs live Tools only,,,,,,,,,,,,,
,not built,convert,htm,pdf,,,,,,htm to pdf,none,,,7800,800,0,7300,1300,ahrefs-2026-01,,
,not built,convert,html,bbcode,,,,,,html to bbcode,none,,,,,,,,ahrefs-2026-01,,
html-to-csv,live,convert,html,csv,client-only,table-convert,pass,format check: content,ca5b9a53e93a,html to csv,exact,,,1600,350,4,1500,600,ahrefs-2026-01,,
,not built,convert,html,doc,,,,,,html to doc,none,,,800,100,4,1500,250,ahrefs-2026-01,,
,not built,convert,html,docx,,,,,,html to docx,none,,,2000,300,6,800,200,ahrefs-2026-01,,
,not built,convert,html,epub,,,,,,html to epub,none,,,600,150,2,150,90,ahrefs-2026-01,,
,not built,convert,html,excel,,,,,,html to excel,none,,,,,,,,ahrefs-2026-01,,
html-to-gif,live,convert,html,gif,client-only,browser-raster,error,Image decode failed.,ca5b9a53e93a,html to gif,exact,,,1700,300,0,800,450,ahrefs-2026-01,,
,not built,convert,html,html,,,,,,html to html,none,,yes,,,,,,ahrefs-2026-01,,
,not built,convert,html,jpeg,,,,,,html to jpeg,none,,,4100,500,1,2600,150,ahrefs-2026-01,,
,not built,convert,html,jpg,,,,,,html to jpg,none,,,37000,2500,8,38000,3900,ahrefs-2026-01,,
,not built,convert,html,json,,,,,,html to json,none,,,,,,,,ahrefs-2026-01,,
,not built,convert,html,latex,,,,,,html to latex,none,,,,,,,,ahrefs-2026-01,,
,not built,convert,html,lrf,,,,,,html to lrf,none,,,,,,,,ahrefs-2026-01,,
html-to-markdown,live,convert,html,markdown,client-only,html-to-markdown-wasm,pass,format check: content,ca5b9a53e93a,html to markdown,exact,,,,,,,,ahrefs-2026-01,,
html-to-mp3,retired,convert,html,mp3,unknown,,not swept,the sweep runs live Tools only,,html to mp3,exact,,,800,200,30,200,150,ahrefs-2026-01,,
,not built,convert,html,pdf,,,,,,html to pdf,none,,,119000,12000,37,71000,9400,ahrefs-2026-01,,
,not built,convert,html,png,,,,,,html to png,none,,,17000,2700,0,8800,2800,ahrefs-2026-01,,
,not built,convert,html,ppt,,,,,,html to ppt,none,,,1300,80,0,350,60,ahrefs-2026-01,,
,not built,convert,html,psd,,,,,,html to psd,none,,,250,30,0,30,10,ahrefs-2026-01,,
,not built,convert,html,rtf,,,,,,html to rtf,none,,,150,60,0,60,60,ahrefs-2026-01,,
,not built,convert,html,six,,,,,,html to six,none,,,,,,,,ahrefs-2026-01,,
html-to-svg,live,convert,html,svg,client-only,browser-raster,error,Image decode failed.,ca5b9a53e93a,html to svg,exact,,,800,150,22,250,90,ahrefs-2026-01,,
,not built,convert,html,txt,,,,,,html to txt,none,,,1500,200,1,600,200,ahrefs-2026-01,,
html-to-webp,live,convert,html,webp,client-only,browser-raster,error,Image decode failed.,ca5b9a53e93a,html to webp,exact,,,200,30,,,,ahrefs-2026-01,,
,not built,convert,html,word,,,,,,html to word,none,,,9100,700,7,5900,450,ahrefs-2026-01,,
,not built,convert,html,xls,,,,,,html to xls,none,,,300,60,1,2700,150,ahrefs-2026-01,,
,not built,convert,html,xlsx,,,,,,html to xlsx,none,,,600,50,1,100,30,ahrefs-2026-01,,
,not built,convert,html,xml,,,,,,html to xml,none,,,,,,,,ahrefs-2026-01,,
,not built,convert,html,xps,,,,,,html to xps,none,,,,,,,,ahrefs-2026-01,,
icns-to-icns,live,convert,icns,icns,client-only,browser-raster,no_fixture,no ready icns fixture in fixture-matrix.json,ca5b9a53e93a,icns to icns,exact,,yes,,,,,,ahrefs-2026-01,,
icns-to-ico,live,convert,icns,ico,client-only,browser-raster,no_fixture,no ready icns fixture in fixture-matrix.json,ca5b9a53e93a,icns to ico,exact,,,500,80,0,70,40,ahrefs-2026-01,,
icns-to-jfif,live,convert,icns,jfif,client-only,browser-raster,no_fixture,no ready icns fixture in fixture-matrix.json,ca5b9a53e93a,icns to jfif,exact,,,,,,,,ahrefs-2026-01,,
icns-to-jif,live,convert,icns,jif,client-only,browser-raster,no_fixture,no ready icns fixture in fixture-matrix.json,ca5b9a53e93a,icns to jif,exact,,,,,,,,ahrefs-2026-01,,
icns-to-jpeg,live,convert,icns,jpeg,client-only,browser-raster,no_fixture,no ready icns fixture in fixture-matrix.json,ca5b9a53e93a,icns to jpeg,exact,,,,,,,,ahrefs-2026-01,,
icns-to-jpg,live,convert,icns,jpg,client-only,browser-raster,no_fixture,no ready icns fixture in fixture-matrix.json,ca5b9a53e93a,icns to jpg,exact,,,20,,,,,ahrefs-2026-01,,
icns-to-jxl,live,convert,icns,jxl,client-only,browser-raster,no_fixture,no ready icns fixture in fixture-matrix.json,ca5b9a53e93a,icns to jxl,exact,,,,,,,,ahrefs-2026-01,,
icns-to-ktx,live,convert,icns,ktx,client-only,browser-raster,no_fixture,no ready icns fixture in fixture-matrix.json,ca5b9a53e93a,icns to ktx,exact,,,,,,,,ahrefs-2026-01,,
icns-to-ktx2,live,convert,icns,ktx2,client-only,browser-raster,no_fixture,no ready icns fixture in fixture-matrix.json,ca5b9a53e93a,icns to ktx2,exact,,,,,,,,ahrefs-2026-01,,
icns-to-nef,retired,convert,icns,nef,unknown,,not swept,the sweep runs live Tools only,,icns to nef,exact,,,,,,,,ahrefs-2026-01,,
icns-to-orf,retired,convert,icns,orf,unknown,,not swept,the sweep runs live Tools only,,icns to orf,exact,,,,,,,,ahrefs-2026-01,,
icns-to-pam,live,convert,icns,pam,client-only,browser-raster,no_fixture,no ready icns fixture in fixture-matrix.json,ca5b9a53e93a,icns to pam,exact,,,,,,,,ahrefs-2026-01,,
icns-to-pbm,live,convert,icns,pbm,client-only,browser-raster,no_fixture,no ready icns fixture in fixture-matrix.json,ca5b9a53e93a,icns to pbm,exact,,,,,,,,ahrefs-2026-01,,
icns-to-pcx,live,convert,icns,pcx,client-only,browser-raster,no_fixture,no ready icns fixture in fixture-matrix.json,ca5b9a53e93a,icns to pcx,exact,,,,,,,,ahrefs-2026-01,,
,not built,convert,icns,pdf,,,,,,icns to pdf,none,,,,,,,,ahrefs-2026-01,,
icns-to-pgm,live,convert,icns,pgm,client-only,browser-raster,no_fixture,no ready icns fixture in fixture-matrix.json,ca5b9a53e93a,icns to pgm,exact,,,,,,,,ahrefs-2026-01,,
icns-to-png,live,convert,icns,png,client-only,browser-raster,no_fixture,no ready icns fixture in fixture-matrix.json,ca5b9a53e93a,icns to png,exact,,,1200,200,0,250,80,ahrefs-2026-01,,
icns-to-ppm,live,convert,icns,ppm,client-only,browser-raster,no_fixture,no ready icns fixture in fixture-matrix.json,ca5b9a53e93a,icns to ppm,exact,,,,,,,,ahrefs-2026-01,,
icns-to-raf,retired,convert,icns,raf,unknown,,not swept,the sweep runs live Tools only,,icns to raf,exact,,,,,,,,ahrefs-2026-01,,
icns-to-rw2,retired,convert,icns,rw2,unknown,,not swept,the sweep runs live Tools only,,icns to rw2,exact,,,,,,,,ahrefs-2026-01,,
icns-to-svg,live,convert,icns,svg,client-only,browser-raster,no_fixture,no ready icns fixture in fixture-matrix.json,ca5b9a53e93a,icns to svg,exact,,,50,10,,,,ahrefs-2026-01,,
icns-to-tga,live,convert,icns,tga,client-only,browser-raster,no_fixture,no ready icns fixture in fixture-matrix.json,ca5b9a53e93a,icns to tga,exact,,,,,,,,ahrefs-2026-01,,
icns-to-tif,live,convert,icns,tif,client-only,browser-raster,no_fixture,no ready icns fixture in fixture-matrix.json,ca5b9a53e93a,icns to tif,exact,,,,,,,,ahrefs-2026-01,,
icns-to-tiff,live,convert,icns,tiff,client-only,browser-raster,no_fixture,no ready icns fixture in fixture-matrix.json,ca5b9a53e93a,icns to tiff,exact,,,,,,,,ahrefs-2026-01,,
icns-to-webp,live,convert,icns,webp,client-only,browser-raster,no_fixture,no ready icns fixture in fixture-matrix.json,ca5b9a53e93a,icns to webp,exact,,,,,,,,ahrefs-2026-01,,
icns-to-xbm,live,convert,icns,xbm,client-only,browser-raster,no_fixture,no ready icns fixture in fixture-matrix.json,ca5b9a53e93a,icns to xbm,exact,,,,,,,,ahrefs-2026-01,,
ico-to-ico,live,convert,ico,ico,client-only,browser-raster,pass,format check: signature,ca5b9a53e93a,ico to ico,exact,,yes,30,,,,,ahrefs-2026-01,,
ico-to-jfif,live,convert,ico,jfif,client-only,browser-raster,pass,format check: signature,ca5b9a53e93a,ico to jfif,exact,,,,,,,,ahrefs-2026-01,,
ico-to-jif,live,convert,ico,jif,client-only,browser-raster,pass,format check: signature,ca5b9a53e93a,ico to jif,exact,,,,,,,,ahrefs-2026-01,,
ico-to-jpg,live,convert,ico,jpg,client-only,browser-raster,pass,format check: signature,ca5b9a53e93a,ico to jpg,exact,,,900,100,0,150,70,ahrefs-2026-01,,
ico-to-jxl,live,convert,ico,jxl,client-only,browser-raster,pass,format check: signature,ca5b9a53e93a,ico to jxl,exact,,,,,,,,ahrefs-2026-01,,
ico-to-ktx,live,convert,ico,ktx,client-only,browser-raster,pass,format check: signature,ca5b9a53e93a,ico to ktx,exact,,,,,,,,ahrefs-2026-01,,
ico-to-ktx2,live,convert,ico,ktx2,client-only,browser-raster,pass,format check: signature,ca5b9a53e93a,ico to ktx2,exact,,,,,,,,ahrefs-2026-01,,
ico-to-nef,retired,convert,ico,nef,unknown,,not swept,the sweep runs live Tools only,,ico to nef,exact,,,,,,,,ahrefs-2026-01,,
ico-to-orf,retired,convert,ico,orf,unknown,,not swept,the sweep runs live Tools only,,ico to orf,exact,,,,,,,,ahrefs-2026-01,,
ico-to-pam,live,convert,ico,pam,client-only,browser-raster,pass,format check: signature,ca5b9a53e93a,ico to pam,exact,,,,,,,,ahrefs-2026-01,,
ico-to-pbm,live,convert,ico,pbm,client-only,browser-raster,pass,format check: signature,ca5b9a53e93a,ico to pbm,exact,,,,,,,,ahrefs-2026-01,,
ico-to-pcx,live,convert,ico,pcx,client-only,browser-raster,pass,format check: none,ca5b9a53e93a,ico to pcx,exact,,,,,,,,ahrefs-2026-01,,
ico-to-pdf,live,convert,ico,pdf,client-only,browser-raster,pass,format check: signature,ca5b9a53e93a,ico to pdf,exact,,,20,10,,,,ahrefs-2026-01,,
ico-to-pgm,live,convert,ico,pgm,client-only,browser-raster,pass,format check: signature,ca5b9a53e93a,ico to pgm,exact,,,,,,,,ahrefs-2026-01,,
ico-to-png,live,convert,ico,png,client-only,browser-raster,pass,format check: signature,ca5b9a53e93a,ico to png,exact,,,12000,1900,6,5500,800,ahrefs-2026-01,,
ico-to-ppm,live,convert,ico,ppm,client-only,browser-raster,pass,format check: signature,ca5b9a53e93a,ico to ppm,exact,,,,,,,,ahrefs-2026-01,,
ico-to-raf,retired,convert,ico,raf,unknown,,not swept,the sweep runs live Tools only,,ico to raf,exact,,,,,,,,ahrefs-2026-01,,
ico-to-rw2,retired,convert,ico,rw2,unknown,,not swept,the sweep runs live Tools only,,ico to rw2,exact,,,,,,,,ahrefs-2026-01,,
ico-to-svg,live,convert,ico,svg,client-only,browser-raster,pass,format check: signature,ca5b9a53e93a,ico to svg,exact,,,1100,150,0,300,80,ahrefs-2026-01,,
ico-to-tga,live,convert,ico,tga,client-only,browser-raster,pass,format check: none,ca5b9a53e93a,ico to tga,exact,,,40,10,,,,ahrefs-2026-01,,
ico-to-tif,live,convert,ico,tif,client-only,browser-raster,pass,format check: signature,ca5b9a53e93a,ico to tif,exact,,,,,,,,ahrefs-2026-01,,
ico-to-tiff,live,convert,ico,tiff,client-only,browser-raster,pass,format check: signature,ca5b9a53e93a,ico to tiff,exact,,,,,,,,ahrefs-2026-01,,
ico-to-webp,live,convert,ico,webp,client-only,browser-raster,pass,format check: signature,ca5b9a53e93a,ico to webp,exact,,,100,10,,,,ahrefs-2026-01,,
ico-to-xbm,live,convert,ico,xbm,client-only,browser-raster,pass,format check: none,ca5b9a53e93a,ico to xbm,exact,,,10,,,,,ahrefs-2026-01,,
image-editor,live,image-editor,image,image,unknown,,skipped,coming-soon placeholder: nothing to run,ca5b9a53e93a,,,,,,,,,,,,
,not built,convert,image,pdf,,,,,,image to pdf,none,,,1880000,34000,64,10970000,255000,ahrefs-2026-01,,
,not built,convert,jar,zip,,,,,,jar to zip,none,,,1900,600,0,500,350,ahrefs-2026-01,,
jfif-to-ico,live,convert,jfif,ico,client-only,browser-raster,pass,format check: signature,ca5b9a53e93a,jfif to ico,exact,,,450,60,0,30,30,ahrefs-2026-01,,
,not built,convert,jfif,jfif,,,,,,jfif to jfif,none,,yes,,,,,,ahrefs-2026-01,,
,not built,convert,jfif,jif,,,,,,jfif to jif,none,,,,,,,,ahrefs-2026-01,,
jfif-to-jpeg,live,convert,jfif,jpeg,client-only,browser-raster,pass,format check: signature,ca5b9a53e93a,jfif to jpeg,exact,,,16000,1500,4,209000,27000,ahrefs-2026-01,,
jfif-to-jpg,live,convert,jfif,jpg,client-only,browser-raster,pass,format check: signature,ca5b9a53e93a,jfif to jpg,exact,,,268000,28000,4,206000,28000,ahrefs-2026-01,,
,not built,convert,jfif,jxl,,,,,,jfif to jxl,none,,,,,,,,ahrefs-2026-01,,
,not built,convert,jfif,ktx,,,,,,jfif to ktx,none,,,,,,,,ahrefs-2026-01,,
,not built,convert,jfif,ktx2,,,,,,jfif to ktx2,none,,,,,,,,ahrefs-2026-01,,
jfif-to-nef,retired,convert,jfif,nef,unknown,,not swept,the sweep runs live Tools only,,jfif to nef,exact,,,,,,,,ahrefs-2026-01,,
jfif-to-orf,retired,convert,jfif,orf,unknown,,not swept,the sweep runs live Tools only,,jfif to orf,exact,,,,,,,,ahrefs-2026-01,,
,not built,convert,jfif,pam,,,,,,jfif to pam,none,,,,,,,,ahrefs-2026-01,,
jfif-to-pbm,live,convert,jfif,pbm,client-only,browser-raster,pass,format check: signature,ca5b9a53e93a,jfif to pbm,exact,,,,,,,,ahrefs-2026-01,,
,not built,convert,jfif,pcx,,,,,,jfif to pcx,none,,,,,,,,ahrefs-2026-01,,
jfif-to-pdf,live,convert,jfif,pdf,client-only,browser-raster,pass,format check: signature,ca5b9a53e93a,jfif to pdf,exact,,,63000,1300,1,22000,700,ahrefs-2026-01,,
jfif-to-pgm,live,convert,jfif,pgm,client-only,browser-raster,pass,format check: signature,ca5b9a53e93a,jfif to pgm,exact,,,,,,,,ahrefs-2026-01,,
jfif-to-png,live,convert,jfif,png,client-only,browser-raster,pass,format check: signature,ca5b9a53e93a,jfif to png,exact,,,55000,5100,1,24000,5300,ahrefs-2026-01,,
jfif-to-ppm,live,convert,jfif,ppm,client-only,browser-raster,pass,format check: signature,ca5b9a53e93a,jfif to ppm,exact,,,,,,,,ahrefs-2026-01,,
jfif-to-raf,retired,convert,jfif,raf,unknown,,not swept,the sweep runs live Tools only,,jfif to raf,exact,,,,,,,,ahrefs-2026-01,,
,not built,convert,jfif,rw2,,,,,,jfif to rw2,none,,,,,,,,ahrefs-2026-01,,
jfif-to-svg,live,convert,jfif,svg,client-only,browser-raster,pass,format check: signature,ca5b9a53e93a,jfif to svg,exact,,,150,40,0,10,10,ahrefs-2026-01,,
jfif-to-tga,live,convert,jfif,tga,client-only,browser-raster,pass,format check: none,ca5b9a53e93a,jfif to tga,exact,,,,,,,,ahrefs-2026-01,,
jfif-to-tif,live,convert,jfif,tif,client-only,browser-raster,pass,format check: signature,ca5b9a53e93a,jfif to tif,exact,,,,,,,,ahrefs-2026-01,,
jfif-to-tiff,live,convert,jfif,tiff,client-only,browser-raster,pass,format check: signature,ca5b9a53e93a,jfif to tiff,exact,,,40,,,,,ahrefs-2026-01,,
jfif-to-webp,live,convert,jfif,webp,client-only,browser-raster,pass,format check: signature,ca5b9a53e93a,jfif to webp,exact,,,1000,50,0,200,20,ahrefs-2026-01,,
,not built,convert,jfif,xbm,,,,,,jfif to xbm,none,,,,,,,,ahrefs-2026-01,,
,not built,convert,jif,jif,,,,,,jif to jif,none,,yes,,,,,,ahrefs-2026-01,,
jif-to-jpeg,live,convert,jif,jpeg,client-only,browser-raster,no_fixture,no ready jif fixture in fixture-matrix.json,ca5b9a53e93a,jif to jpeg,exact,,,250,30,3,3000,200,ahrefs-2026-01,,
jif-to-jpg,live,convert,jif,jpg,client-only,browser-raster,no_fixture,no ready jif fixture in fixture-matrix.json,ca5b9a53e93a,jif to jpg,exact,,,7400,250,2,3000,200,ahrefs-2026-01,,
,not built,convert,jif,jxl,,,,,,jif to jxl,none,,,,,,,,ahrefs-2026-01,,
,not built,convert,jif,ktx,,,,,,jif to ktx,none,,,,,,,,ahrefs-2026-01,,
,not built,convert,jif,ktx2,,,,,,jif to ktx2,none,,,,,,,,ahrefs-2026-01,,
jif-to-nef,retired,convert,jif,nef,unknown,,not swept,the sweep runs live Tools only,,jif to nef,exact,,,,,,,,ahrefs-2026-01,,
jif-to-orf,retired,convert,jif,orf,unknown,,not swept,the sweep runs live Tools only,,jif to orf,exact,,,,,,,,ahrefs-2026-01,,
,not built,convert,jif,pam,,,,,,jif to pam,none,,,,,,,,ahrefs-2026-01,,
jif-to-pbm,live,convert,jif,pbm,client-only,browser-raster,no_fixture,no ready jif fixture in fixture-matrix.json,ca5b9a53e93a,jif to pbm,exact,,,,,,,,ahrefs-2026-01,,
,not built,convert,jif,pcx,,,,,,jif to pcx,none,,,,,,,,ahrefs-2026-01,,
,not built,convert,jif,pdf,,,,,,jif to pdf,none,,,2300,30,0,350,10,ahrefs-2026-01,,
jif-to-pgm,live,convert,jif,pgm,client-only,browser-raster,no_fixture,no ready jif fixture in fixture-matrix.json,ca5b9a53e93a,jif to pgm,exact,,,,,,,,ahrefs-2026-01,,
jif-to-png,live,convert,jif,png,client-only,browser-raster,no_fixture,no ready jif fixture in fixture-matrix.json,ca5b9a53e93a,jif to png,exact,,,1300,150,0,700,150,ahrefs-2026-01,,
jif-to-ppm,live,convert,jif,ppm,client-only,browser-raster,no_fixture,no ready jif fixture in fixture-matrix.json,ca5b9a53e93a,jif to ppm,exact,,,,,,,,ahrefs-2026-01,,
jif-to-raf,retired,convert,jif,raf,unknown,,not swept,the sweep runs live Tools only,,jif to raf,exact,,,,,,,,ahrefs-2026-01,,
,not built,convert,jif,rw2,,,,,,jif to rw2,none,,,,,,,,ahrefs-2026-01,,
,not built,convert,jif,svg,,,,,,jif to svg,none,,,,,,,,ahrefs-2026-01,,
jif-to-tga,live,convert,jif,tga,client-only,browser-raster,no_fixture,no ready jif fixture in fixture-matrix.json,ca5b9a53e93a,jif to tga,exact,,,,,,,,ahrefs-2026-01,,
jif-to-tif,live,convert,jif,tif,client-only,browser-raster,no_fixture,no ready jif fixture in fixture-matrix.json,ca5b9a53e93a,jif to tif,exact,,,,,,,,ahrefs-2026-01,,
jif-to-tiff,live,convert,jif,tiff,client-only,browser-raster,no_fixture,no ready jif fixture in fixture-matrix.json,ca5b9a53e93a,jif to tiff,exact,,,,,,,,ahrefs-2026-01,,
jif-to-webp,live,convert,jif,webp,client-only,browser-raster,no_fixture,no ready jif fixture in fixture-matrix.json,ca5b9a53e93a,jif to webp,exact,,,10,,,,,ahrefs-2026-01,,
,not built,convert,jif,xbm,,,,,,jif to xbm,none,,,,,,,,ahrefs-2026-01,,
jp2-to-jpeg,live,convert,jp2,jpeg,client-only,browser-raster,no_fixture,no ready jp2 fixture in fixture-matrix.json,ca5b9a53e93a,jp2 to jpeg,exact,,,90,20,0,350,100,ahrefs-2026-01,,
jp2-to-jpg,live,convert,jp2,jpg,client-only,browser-raster,no_fixture,no ready jp2 fixture in fixture-matrix.json,ca5b9a53e93a,jp2 to jpg,exact,,,1600,200,0,350,100,ahrefs-2026-01,,
jpeg-to-ai,live,convert,jpeg,ai,client-only,browser-raster,error,Converting to AI isn't supported.,ca5b9a53e93a,jpeg to ai,exact,,,1300,90,0,600,70,ahrefs-2026-01,,
jpeg-to-avif,live,convert,jpeg,avif,client-only,browser-raster,pass,format check: signature,ca5b9a53e93a,jpeg to avif,exact,,,800,70,2,4500,250,ahrefs-2026-01,,
jpeg-to-bmp,live,convert,jpeg,bmp,client-only,browser-raster,pass,format check: signature,ca5b9a53e93a,jpeg to bmp,exact,,,1700,200,0,700,200,ahrefs-2026-01,,
jpeg-to-doc,retired,convert,jpeg,doc,unknown,,not swept,the sweep runs live Tools only,,jpeg to doc,exact,,,1000,90,0,14000,400,ahrefs-2026-01,,
jpeg-to-dxf,retired,convert,jpeg,dxf,unknown,,not swept,the sweep runs live Tools only,,jpeg to dxf,exact,,,5400,450,0,3100,500,ahrefs-2026-01,,
jpeg-to-eps,retired,convert,jpeg,eps,unknown,,not swept,the sweep runs live Tools only,,jpeg to eps,exact,,,800,100,0,300,150,ahrefs-2026-01,,
jpeg-to-gif,live,convert,jpeg,gif,client-only,browser-raster,pass,format check: signature,ca5b9a53e93a,jpeg to gif,exact,,,2800,350,4,1700,500,ahrefs-2026-01,,
jpeg-to-hdr,live,convert,jpeg,hdr,client-only,browser-raster,pass,format check: none,ca5b9a53e93a,jpeg to hdr,exact,,,150,10,0,20,10,ahrefs-2026-01,,
,not built,convert,jpeg,heic,,,,,,jpeg to heic,none,,,450,60,,,,ahrefs-2026-01,,
jpeg-to-ico,live,convert,jpeg,ico,client-only,browser-raster,pass,format check: signature,ca5b9a53e93a,jpeg to ico,exact,,,6300,1100,1,3600,1100,ahrefs-2026-01,,
jpeg-to-jpeg,live,convert,jpeg,jpeg,client-only,browser-raster,pass,format check: signature,ca5b9a53e93a,jpeg to jpeg,exact,,yes,2000,60,30,507000,12000,ahrefs-2026-01,,
jpeg-to-jpg,live,convert,jpeg,jpg,client-only,browser-raster,pass,format check: signature,ca5b9a53e93a,jpeg to jpg,exact,,,411000,7100,46,503000,12000,ahrefs-2026-01,,
jpeg-to-jxl,live,convert,jpeg,jxl,client-only,browser-raster,pass,format check: signature,ca5b9a53e93a,jpeg to jxl,exact,,,10,10,,,,ahrefs-2026-01,,
jpeg-to-ktx,live,convert,jpeg,ktx,client-only,browser-raster,pass,format check: signature,ca5b9a53e93a,jpeg to ktx,exact,,,,,,,,ahrefs-2026-01,,
jpeg-to-ktx2,live,convert,jpeg,ktx2,client-only,browser-raster,pass,format check: signature,ca5b9a53e93a,jpeg to ktx2,exact,,,,,,,,ahrefs-2026-01,,
jpeg-to-nef,retired,convert,jpeg,nef,unknown,,not swept,the sweep runs live Tools only,,jpeg to nef,exact,,,10,,,,,ahrefs-2026-01,,
jpeg-to-orf,retired,convert,jpeg,orf,unknown,,not swept,the sweep runs live Tools only,,jpeg to orf,exact,,,,,,,,ahrefs-2026-01,,
jpeg-to-pam,live,convert,jpeg,pam,client-only,browser-raster,pass,format check: signature,ca5b9a53e93a,jpeg to pam,exact,,,,,,,,ahrefs-2026-01,,
jpeg-to-pbm,live,convert,jpeg,pbm,client-only,browser-raster,pass,format check: signature,ca5b9a53e93a,jpeg to pbm,exact,,,,,,,,ahrefs-2026-01,,
jpeg-to-pcx,live,convert,jpeg,pcx,client-only,browser-raster,pass,format check: none,ca5b9a53e93a,jpeg to pcx,exact,,,10,,,,,ahrefs-2026-01,,
jpeg-to-pdf,live,convert,jpeg,pdf,client-only,browser-raster,pass,format check: signature,ca5b9a53e93a,jpeg to pdf,exact,,,723000,39000,73,11080000,275000,ahrefs-2026-01,,
jpeg-to-pgm,live,convert,jpeg,pgm,client-only,browser-raster,pass,format check: signature,ca5b9a53e93a,jpeg to pgm,exact,,,10,,,,,ahrefs-2026-01,,
jpeg-to-png,live,convert,jpeg,png,client-only,browser-raster,pass,format check: signature,ca5b9a53e93a,jpeg to png,exact,,,105000,8100,42,64000,9700,ahrefs-2026-01,,
jpeg-to-ppm,live,convert,jpeg,ppm,client-only,browser-raster,pass,format check: signature,ca5b9a53e93a,jpeg to ppm,exact,,,30,10,0,0,0,ahrefs-2026-01,,
jpeg-to-psd,live,convert,jpeg,psd,client-only,browser-raster,pass,format check: signature,ca5b9a53e93a,jpeg to psd,exact,,,1100,70,0,400,40,ahrefs-2026-01,,
jpeg-to-raf,retired,convert,jpeg,raf,unknown,,not swept,the sweep runs live Tools only,,jpeg to raf,exact,,,,,,,,ahrefs-2026-01,,
jpeg-to-rgb,live,convert,jpeg,rgb,client-only,browser-raster,pass,format check: none,ca5b9a53e93a,jpeg to rgb,exact,,,40,10,,,,ahrefs-2026-01,,
jpeg-to-rw2,retired,convert,jpeg,rw2,unknown,,not swept,the sweep runs live Tools only,,jpeg to rw2,exact,,,,,,,,ahrefs-2026-01,,
jpeg-to-svg,live,convert,jpeg,svg,client-only,browser-raster,pass,format check: signature,ca5b9a53e93a,jpeg to svg,exact,,,14000,4000,61,54000,25000,ahrefs-2026-01,,
jpeg-to-tga,live,convert,jpeg,tga,client-only,browser-raster,pass,format check: none,ca5b9a53e93a,jpeg to tga,exact,,,150,20,0,250,200,ahrefs-2026-01,,
jpeg-to-tif,live,convert,jpeg,tif,client-only,browser-raster,pass,format check: signature,ca5b9a53e93a,jpeg to tif,exact,,,300,30,0,100,20,ahrefs-2026-01,,
jpeg-to-tiff,live,convert,jpeg,tiff,client-only,browser-raster,pass,format check: signature,ca5b9a53e93a,jpeg to tiff,exact,,,2100,250,1,1800,300,ahrefs-2026-01,,
jpeg-to-webp,live,convert,jpeg,webp,client-only,browser-raster,pass,format check: signature,ca5b9a53e93a,jpeg to webp,exact,,,25000,1400,27,8500,600,ahrefs-2026-01,,
jpeg-to-xbm,live,convert,jpeg,xbm,client-only,browser-raster,pass,format check: none,ca5b9a53e93a,jpeg to xbm,exact,,,,,,,,ahrefs-2026-01,,
jpg-to-ai,live,convert,jpg,ai,client-only,browser-raster,error,Converting to AI isn't supported.,ca5b9a53e93a,jpg to ai,exact,,,4900,200,4,5500,500,ahrefs-2026-01,,
jpg-to-avif,live,convert,jpg,avif,client-only,browser-raster,pass,format check: signature,ca5b9a53e93a,jpg to avif,exact,,,3800,250,2,2900,200,ahrefs-2026-01,,
jpg-to-bmp,live,convert,jpg,bmp,client-only,browser-raster,pass,format check: signature,ca5b9a53e93a,jpg to bmp,exact,,,8400,800,3,9700,1200,ahrefs-2026-01,,
jpg-to-cur,live,convert,jpg,cur,client-only,browser-raster,pass,format check: signature,ca5b9a53e93a,jpg to cur,exact,,,300,40,0,10,10,ahrefs-2026-01,,
jpg-to-dds,live,convert,jpg,dds,client-only,browser-raster,pass,format check: signature,ca5b9a53e93a,jpg to dds,exact,,,2300,200,1,700,100,ahrefs-2026-01,,
jpg-to-doc,retired,convert,jpg,doc,unknown,,not swept,the sweep runs live Tools only,,jpg to doc,exact,,,7900,350,6,32000,900,ahrefs-2026-01,,
jpg-to-docx,live,convert,jpg,docx,client-only,browser-raster,error,Converting to DOCX isn't supported.,ca5b9a53e93a,jpg to docx,exact,,,3700,250,2,2700,150,ahrefs-2026-01,,
jpg-to-dot,live,convert,jpg,dot,client-only,browser-raster,error,Converting to DOT isn't supported.,ca5b9a53e93a,jpg to dot,exact,,,,,,,,ahrefs-2026-01,,
,not built,convert,jpg,dxf,,,,,,jpg to dxf,none,,,22000,1000,2,40000,2100,ahrefs-2026-01,,
jpg-to-eps,retired,convert,jpg,eps,unknown,,not swept,the sweep runs live Tools only,,jpg to eps,exact,,,3200,400,3,2600,700,ahrefs-2026-01,,
jpg-to-gif,live,convert,jpg,gif,client-only,browser-raster,pass,format check: signature,ca5b9a53e93a,jpg to gif,exact,,,16000,1300,10,13000,900,ahrefs-2026-01,,
jpg-to-hdr,live,convert,jpg,hdr,client-only,browser-raster,pass,format check: none,ca5b9a53e93a,jpg to hdr,exact,,,800,80,0,2000,80,ahrefs-2026-01,,
,not built,convert,jpg,heic,,,,,,jpg to heic,none,,,1400,400,6,350,90,ahrefs-2026-01,,
,not built,convert,jpg,heif,,,,,,jpg to heif,none,,,450,70,0,30,30,ahrefs-2026-01,,
jpg-to-ico,live,convert,jpg,ico,client-only,browser-raster,pass,format check: signature,ca5b9a53e93a,jpg to ico,exact,,,23000,2700,7,9600,2600,ahrefs-2026-01,,
jpg-to-jfif,live,convert,jpg,jfif,client-only,browser-raster,pass,format check: signature,ca5b9a53e93a,jpg to jfif,exact,,,500,30,0,60,10,ahrefs-2026-01,,
jpg-to-jpeg,live,convert,jpg,jpeg,client-only,browser-raster,pass,format check: signature,ca5b9a53e93a,jpg to jpeg,exact,,,139000,3400,7,76000,3200,ahrefs-2026-01,,
jpg-to-jpg,live,convert,jpg,jpg,client-only,browser-raster,pass,format check: signature,ca5b9a53e93a,jpg to jpg,exact,,yes,19000,450,26,505000,12000,ahrefs-2026-01,,
jpg-to-jxl,live,convert,jpg,jxl,client-only,browser-raster,pass,format check: signature,ca5b9a53e93a,jpg to jxl,exact,,,90,30,,,,ahrefs-2026-01,,
jpg-to-ktx,live,convert,jpg,ktx,client-only,browser-raster,pass,format check: signature,ca5b9a53e93a,jpg to ktx,exact,,,,,,,,ahrefs-2026-01,,
jpg-to-ktx2,live,convert,jpg,ktx2,client-only,browser-raster,pass,format check: signature,ca5b9a53e93a,jpg to ktx2,exact,,,,,,,,ahrefs-2026-01,,
,not built,convert,jpg,odt,,,,,,jpg to odt,none,,,40,,,,,ahrefs-2026-01,,
jpg-to-orf,retired,convert,jpg,orf,unknown,,not swept,the sweep runs live Tools only,,jpg to orf,exact,,,,,,,,ahrefs-2026-01,,
jpg-to-pam,live,convert,jpg,pam,client-only,browser-raster,pass,format check: signature,ca5b9a53e93a,jpg to pam,exact,,,,,,,,ahrefs-2026-01,,
jpg-to-pbm,live,convert,jpg,pbm,client-only,browser-raster,pass,format check: signature,ca5b9a53e93a,jpg to pbm,exact,,,40,10,,,,ahrefs-2026-01,,
jpg-to-pcd,live,convert,jpg,pcd,client-only,browser-raster,error,Converting to PCD isn't supported.,ca5b9a53e93a,jpg to pcd,exact,,,,,,,,ahrefs-2026-01,,
jpg-to-pcx,live,convert,jpg,pcx,client-only,browser-raster,pass,format check: none,ca5b9a53e93a,jpg to pcx,exact,,,70,10,0,,,ahrefs-2026-01,,
jpg-to-pdf,live,convert,jpg,pdf,client-only,browser-raster,pass,format check: signature,ca5b9a53e93a,,,,,,,,,,,,
jpg-to-pgm,live,convert,jpg,pgm,client-only,browser-raster,pass,format check: signature,ca5b9a53e93a,jpg to pgm,exact,,,90,10,0,0,0,ahrefs-2026-01,,
jpg-to-plt,retired,convert,jpg,plt,unknown,,not swept,the sweep runs live Tools only,,jpg to plt,exact,,,2400,20,0,1400,10,ahrefs-2026-01,,
jpg-to-png,live,convert,jpg,png,client-only,browser-raster,pass,format check: signature,ca5b9a53e93a,jpg to png,exact,,,478000,39000,39,418000,31000,ahrefs-2026-01,,
jpg-to-ppm,live,convert,jpg,ppm,client-only,browser-raster,pass,format check: signature,ca5b9a53e93a,jpg to ppm,exact,,,200,50,0,20,20,ahrefs-2026-01,,
jpg-to-psd,live,convert,jpg,psd,client-only,browser-raster,pass,format check: signature,ca5b9a53e93a,jpg to psd,exact,,,5600,250,0,3500,150,ahrefs-2026-01,,
jpg-to-raf,retired,convert,jpg,raf,unknown,,not swept,the sweep runs live Tools only,,jpg to raf,exact,,,10,,,,,ahrefs-2026-01,,
jpg-to-rgb,live,convert,jpg,rgb,client-only,browser-raster,pass,format check: none,ca5b9a53e93a,jpg to rgb,exact,,,200,20,0,30,30,ahrefs-2026-01,,
jpg-to-rw2,retired,convert,jpg,rw2,unknown,,not swept,the sweep runs live Tools only,,jpg to rw2,exact,,,,,,,,ahrefs-2026-01,,
jpg-to-sk,retired,convert,jpg,sk,unknown,,not swept,the sweep runs live Tools only,,jpg to sk,exact,,,,,,,,ahrefs-2026-01,,
jpg-to-svg,live,convert,jpg,svg,client-only,browser-raster,pass,format check: signature,ca5b9a53e93a,jpg to svg,exact,,,49000,9600,57,35000,8500,ahrefs-2026-01,,
,alias page,convert,jpg,text,,,,,,jpg to text,alias,jpg-to-txt,,82000,1700,67,202000,4000,ahrefs-2026-01,,
jpg-to-tga,live,convert,jpg,tga,client-only,browser-raster,pass,format check: none,ca5b9a53e93a,jpg to tga,exact,,,900,150,0,250,200,ahrefs-2026-01,,
jpg-to-tiff,live,convert,jpg,tiff,client-only,browser-raster,pass,format check: signature,ca5b9a53e93a,jpg to tiff,exact,,,6400,600,4,7200,900,ahrefs-2026-01,,
jpg-to-txt,live,convert,jpg,txt,client-only,browser-raster,error,Converting to TXT isn't supported.,ca5b9a53e93a,jpg to txt,exact,,,5600,250,12,2400,150,ahrefs-2026-01,jpg to text,82000
jpg-to-wbmp,live,convert,jpg,wbmp,client-only,browser-raster,pass,format check: none,ca5b9a53e93a,jpg to wbmp,exact,,,,,,,,ahrefs-2026-01,,
jpg-to-webp,live,convert,jpg,webp,client-only,browser-raster,pass,format check: signature,ca5b9a53e93a,jpg to webp,exact,,,114000,5400,32,60000,2700,ahrefs-2026-01,,
jpg-to-xbm,live,convert,jpg,xbm,client-only,browser-raster,pass,format check: none,ca5b9a53e93a,jpg to xbm,exact,,,20,,,,,ahrefs-2026-01,,
,not built,convert,jps,pdf,,,,,,jps to pdf,none,,,200,40,69,11240000,249000,ahrefs-2026-01,,
,not built,convert,json,avro,,,,,,json to avro,none,,,,,,,,ahrefs-2026-01,,
json-to-csv,live,convert,json,csv,client-only,javascript,pass,format check: content,ca5b9a53e93a,json to csv,exact,,,,,,,,ahrefs-2026-01,,
,not built,convert,json,excel,,,,,,json to excel,none,,,,,,,,ahrefs-2026-01,,
,not built,convert,json,html,,,,,,json to html,none,,,,,,,,ahrefs-2026-01,,
,not built,convert,json,jpeg,,,,,,json to jpeg,none,,,,,,,,ahrefs-2026-01,,
,not built,convert,json,json,,,,,,json to json,none,,yes,,,,,,ahrefs-2026-01,,
,not built,convert,json,magic,,,,,,json to magic,none,,,,,,,,ahrefs-2026-01,,
json-to-markdown,live,convert,json,markdown,client-only,table-convert,pass,format check: content,ca5b9a53e93a,json to markdown,exact,,,,,,,,ahrefs-2026-01,,
,not built,convert,json,pandasdataframe,,,,,,json to pandasdataframe,none,,,,,,,,ahrefs-2026-01,,
,not built,convert,json,pdf,,,,,,json to pdf,none,,,,,,,,ahrefs-2026-01,,
,not built,convert,json,php,,,,,,json to php,none,,,,,,,,ahrefs-2026-01,,
,not built,convert,json,png,,,,,,json to png,none,,,,,,,,ahrefs-2026-01,,
,not built,convert,json,protobuf,,,,,,json to protobuf,none,,,,,,,,ahrefs-2026-01,,
,not built,convert,json,sql,,,,,,json to sql,none,,,,,,,,ahrefs-2026-01,,
,not built,convert,json,xml,,,,,,json to xml,none,,,,,,,,ahrefs-2026-01,,
,not built,convert,jxl,jxl,,,,,,jxl to jxl,none,,yes,,,,,,ahrefs-2026-01,,
,not built,convert,jxl,ktx,,,,,,jxl to ktx,none,,,,,,,,ahrefs-2026-01,,
,not built,convert,jxl,ktx2,,,,,,jxl to ktx2,none,,,,,,,,ahrefs-2026-01,,
jxl-to-nef,retired,convert,jxl,nef,unknown,,not swept,the sweep runs live Tools only,,jxl to nef,exact,,,,,,,,ahrefs-2026-01,,
jxl-to-orf,retired,convert,jxl,orf,unknown,,not swept,the sweep runs live Tools only,,jxl to orf,exact,,,,,,,,ahrefs-2026-01,,
,not built,convert,jxl,pam,,,,,,jxl to pam,none,,,,,,,,ahrefs-2026-01,,
jxl-to-pbm,live,convert,jxl,pbm,client-only,browser-raster,no_fixture,no ready jxl fixture in fixture-matrix.json,ca5b9a53e93a,jxl to pbm,exact,,,,,,,,ahrefs-2026-01,,
,not built,convert,jxl,pcx,,,,,,jxl to pcx,none,,,,,,,,ahrefs-2026-01,,
,not built,convert,jxl,pdf,,,,,,jxl to pdf,none,,,,,,,,ahrefs-2026-01,,
jxl-to-pgm,live,convert,jxl,pgm,client-only,browser-raster,no_fixture,no ready jxl fixture in fixture-matrix.json,ca5b9a53e93a,jxl to pgm,exact,,,,,,,,ahrefs-2026-01,,
jxl-to-png,live,convert,jxl,png,client-only,browser-raster,no_fixture,no ready jxl fixture in fixture-matrix.json,ca5b9a53e93a,jxl to png,exact,,,300,70,,,,ahrefs-2026-01,,
jxl-to-ppm,live,convert,jxl,ppm,client-only,browser-raster,no_fixture,no ready jxl fixture in fixture-matrix.json,ca5b9a53e93a,jxl to ppm,exact,,,,,,,,ahrefs-2026-01,,
jxl-to-raf,retired,convert,jxl,raf,unknown,,not swept,the sweep runs live Tools only,,jxl to raf,exact,,,,,,,,ahrefs-2026-01,,
,not built,convert,jxl,rw2,,,,,,jxl to rw2,none,,,,,,,,ahrefs-2026-01,,
,not built,convert,jxl,svg,,,,,,jxl to svg,none,,,,,,,,ahrefs-2026-01,,
jxl-to-tga,live,convert,jxl,tga,client-only,browser-raster,no_fixture,no ready jxl fixture in fixture-matrix.json,ca5b9a53e93a,jxl to tga,exact,,,,,,,,ahrefs-2026-01,,
jxl-to-tif,live,convert,jxl,tif,client-only,browser-raster,no_fixture,no ready jxl fixture in fixture-matrix.json,ca5b9a53e93a,jxl to tif,exact,,,,,,,,ahrefs-2026-01,,
jxl-to-tiff,live,convert,jxl,tiff,client-only,browser-raster,no_fixture,no ready jxl fixture in fixture-matrix.json,ca5b9a53e93a,jxl to tiff,exact,,,,,,,,ahrefs-2026-01,,
jxl-to-webp,live,convert,jxl,webp,client-only,browser-raster,no_fixture,no ready jxl fixture in fixture-matrix.json,ca5b9a53e93a,jxl to webp,exact,,,,,,,,ahrefs-2026-01,,
,not built,convert,jxl,xbm,,,,,,jxl to xbm,none,,,,,,,,ahrefs-2026-01,,
,not built,convert,ktx,ktx,,,,,,ktx to ktx,none,,yes,,,,,,ahrefs-2026-01,,
,not built,convert,ktx,ktx2,,,,,,ktx to ktx2,none,,,,,,,,ahrefs-2026-01,,
ktx-to-nef,retired,convert,ktx,nef,unknown,,not swept,the sweep runs live Tools only,,ktx to nef,exact,,,,,,,,ahrefs-2026-01,,
ktx-to-orf,retired,convert,ktx,orf,unknown,,not swept,the sweep runs live Tools only,,ktx to orf,exact,,,,,,,,ahrefs-2026-01,,
,not built,convert,ktx,pam,,,,,,ktx to pam,none,,,,,,,,ahrefs-2026-01,,
ktx-to-pbm,live,convert,ktx,pbm,client-only,browser-raster,no_fixture,no ready ktx fixture in fixture-matrix.json,ca5b9a53e93a,ktx to pbm,exact,,,,,,,,ahrefs-2026-01,,
,not built,convert,ktx,pcx,,,,,,ktx to pcx,none,,,,,,,,ahrefs-2026-01,,
,not built,convert,ktx,pdf,,,,,,ktx to pdf,none,,,,,,,,ahrefs-2026-01,,
ktx-to-pgm,live,convert,ktx,pgm,client-only,browser-raster,no_fixture,no ready ktx fixture in fixture-matrix.json,ca5b9a53e93a,ktx to pgm,exact,,,,,,,,ahrefs-2026-01,,
ktx-to-png,live,convert,ktx,png,client-only,browser-raster,no_fixture,no ready ktx fixture in fixture-matrix.json,ca5b9a53e93a,ktx to png,exact,,,150,20,0,10,10,ahrefs-2026-01,,
ktx-to-ppm,live,convert,ktx,ppm,client-only,browser-raster,no_fixture,no ready ktx fixture in fixture-matrix.json,ca5b9a53e93a,ktx to ppm,exact,,,,,,,,ahrefs-2026-01,,
ktx-to-raf,retired,convert,ktx,raf,unknown,,not swept,the sweep runs live Tools only,,ktx to raf,exact,,,,,,,,ahrefs-2026-01,,
,not built,convert,ktx,rw2,,,,,,ktx to rw2,none,,,,,,,,ahrefs-2026-01,,
,not built,convert,ktx,svg,,,,,,ktx to svg,none,,,,,,,,ahrefs-2026-01,,
ktx-to-tga,live,convert,ktx,tga,client-only,browser-raster,no_fixture,no ready ktx fixture in fixture-matrix.json,ca5b9a53e93a,ktx to tga,exact,,,,,,,,ahrefs-2026-01,,
ktx-to-tif,live,convert,ktx,tif,client-only,browser-raster,no_fixture,no ready ktx fixture in fixture-matrix.json,ca5b9a53e93a,ktx to tif,exact,,,,,,,,ahrefs-2026-01,,
ktx-to-tiff,live,convert,ktx,tiff,client-only,browser-raster,no_fixture,no ready ktx fixture in fixture-matrix.json,ca5b9a53e93a,ktx to tiff,exact,,,,,,,,ahrefs-2026-01,,
ktx-to-webp,live,convert,ktx,webp,client-only,browser-raster,no_fixture,no ready ktx fixture in fixture-matrix.json,ca5b9a53e93a,ktx to webp,exact,,,,,,,,ahrefs-2026-01,,
,not built,convert,ktx,xbm,,,,,,ktx to xbm,none,,,,,,,,ahrefs-2026-01,,
,not built,convert,ktx2,ktx2,,,,,,ktx2 to ktx2,none,,yes,,,,,,ahrefs-2026-01,,
ktx2-to-nef,retired,convert,ktx2,nef,unknown,,not swept,the sweep runs live Tools only,,ktx2 to nef,exact,,,,,,,,ahrefs-2026-01,,
ktx2-to-orf,retired,convert,ktx2,orf,unknown,,not swept,the sweep runs live Tools only,,ktx2 to orf,exact,,,,,,,,ahrefs-2026-01,,
,not built,convert,ktx2,pam,,,,,,ktx2 to pam,none,,,,,,,,ahrefs-2026-01,,
ktx2-to-pbm,live,convert,ktx2,pbm,client-only,browser-raster,no_fixture,no ready ktx2 fixture in fixture-matrix.json,ca5b9a53e93a,ktx2 to pbm,exact,,,,,,,,ahrefs-2026-01,,
,not built,convert,ktx2,pcx,,,,,,ktx2 to pcx,none,,,,,,,,ahrefs-2026-01,,
,not built,convert,ktx2,pdf,,,,,,ktx2 to pdf,none,,,,,,,,ahrefs-2026-01,,
ktx2-to-pgm,live,convert,ktx2,pgm,client-only,browser-raster,no_fixture,no ready ktx2 fixture in fixture-matrix.json,ca5b9a53e93a,ktx2 to pgm,exact,,,,,,,,ahrefs-2026-01,,
ktx2-to-png,live,convert,ktx2,png,client-only,browser-raster,no_fixture,no ready ktx2 fixture in fixture-matrix.json,ca5b9a53e93a,ktx2 to png,exact,,,90,10,,,,ahrefs-2026-01,,
ktx2-to-ppm,live,convert,ktx2,ppm,client-only,browser-raster,no_fixture,no ready ktx2 fixture in fixture-matrix.json,ca5b9a53e93a,ktx2 to ppm,exact,,,,,,,,ahrefs-2026-01,,
ktx2-to-raf,retired,convert,ktx2,raf,unknown,,not swept,the sweep runs live Tools only,,ktx2 to raf,exact,,,,,,,,ahrefs-2026-01,,
,not built,convert,ktx2,rw2,,,,,,ktx2 to rw2,none,,,,,,,,ahrefs-2026-01,,
,not built,convert,ktx2,svg,,,,,,ktx2 to svg,none,,,,,,,,ahrefs-2026-01,,
ktx2-to-tga,live,convert,ktx2,tga,client-only,browser-raster,no_fixture,no ready ktx2 fixture in fixture-matrix.json,ca5b9a53e93a,ktx2 to tga,exact,,,,,,,,ahrefs-2026-01,,
ktx2-to-tif,live,convert,ktx2,tif,client-only,browser-raster,no_fixture,no ready ktx2 fixture in fixture-matrix.json,ca5b9a53e93a,ktx2 to tif,exact,,,,,,,,ahrefs-2026-01,,
ktx2-to-tiff,live,convert,ktx2,tiff,client-only,browser-raster,no_fixture,no ready ktx2 fixture in fixture-matrix.json,ca5b9a53e93a,ktx2 to tiff,exact,,,,,,,,ahrefs-2026-01,,
ktx2-to-webp,live,convert,ktx2,webp,client-only,browser-raster,no_fixture,no ready ktx2 fixture in fixture-matrix.json,ca5b9a53e93a,ktx2 to webp,exact,,,,,,,,ahrefs-2026-01,,
,not built,convert,ktx2,xbm,,,,,,ktx2 to xbm,none,,,,,,,,ahrefs-2026-01,,
latex-to-csv,live,convert,latex,csv,client-only,table-convert,no_fixture,no ready latex fixture in fixture-matrix.json,ca5b9a53e93a,latex to csv,exact,,,,,,,,ahrefs-2026-01,,
,not built,convert,latex,excel,,,,,,latex to excel,none,,,,,,,,ahrefs-2026-01,,
,not built,convert,latex,html,,,,,,latex to html,none,,,,,,,,ahrefs-2026-01,,
,not built,convert,latex,jpeg,,,,,,latex to jpeg,none,,,,,,,,ahrefs-2026-01,,
,not built,convert,latex,latex,,,,,,latex to latex,none,,yes,,,,,,ahrefs-2026-01,,
latex-to-markdown,live,convert,latex,markdown,client-only,table-convert,no_fixture,no ready latex fixture in fixture-matrix.json,ca5b9a53e93a,latex to markdown,exact,,,,,,,,ahrefs-2026-01,,
,not built,convert,latex,pdf,,,,,,latex to pdf,none,,,,,,,,ahrefs-2026-01,,
,not built,convert,latex,png,,,,,,latex to png,none,,,,,,,,ahrefs-2026-01,,
m2ts-to-3gp,live,convert,m2ts,3gp,client-only,ffmpeg-wasm,pass,format check: signature,5a318b697fbf,,,,,,,,,,,,
m2ts-to-aac,live,convert,m2ts,aac,client-only,ffmpeg-wasm,pass,format check: none,ca5b9a53e93a,,,,,,,,,,,,
m2ts-to-aiff,live,convert,m2ts,aiff,client-only,ffmpeg-wasm,pass,format check: signature,ca5b9a53e93a,,,,,,,,,,,,
m2ts-to-alac,live,convert,m2ts,alac,client-only,ffmpeg-wasm,pass,format check: none,ca5b9a53e93a,,,,,,,,,,,,
m2ts-to-amr,live,convert,m2ts,amr,client-only,ffmpeg-wasm,error,FFmpeg failed with exit code 1 [Unknown encoder 'libopencore_amrnb'],ca5b9a53e93a,,,,,,,,,,,,
m2ts-to-asf,live,convert,m2ts,asf,client-only,ffmpeg-wasm,pass,format check: none,ca5b9a53e93a,,,,,,,,,,,,
m2ts-to-au,live,convert,m2ts,au,client-only,ffmpeg-wasm,pass,format check: none,ca5b9a53e93a,,,,,,,,,,,,
m2ts-to-av1,live,convert,m2ts,av1,client-only,ffmpeg-wasm + webcodecs,pass,format check: signature,d0d2843e65ce,,,,,,,,,,,,
m2ts-to-avchd,live,convert,m2ts,avchd,client-only,ffmpeg-wasm,pass,format check: none,ca5b9a53e93a,,,,,,,,,,,,
m2ts-to-avi,live,convert,m2ts,avi,client-only,ffmpeg-wasm,pass,format check: signature,ca5b9a53e93a,,,,,,,,,,,,
m2ts-to-caf,live,convert,m2ts,caf,client-only,ffmpeg-wasm,pass,format check: none,ca5b9a53e93a,,,,,,,,,,,,
m2ts-to-cdda,live,convert,m2ts,cdda,client-only,ffmpeg-wasm,pass,format check: none,ca5b9a53e93a,,,,,,,,,,,,
m2ts-to-divx,live,convert,m2ts,divx,client-only,ffmpeg-wasm,pass,format check: none,ca5b9a53e93a,,,,,,,,,,,,
m2ts-to-f4v,live,convert,m2ts,f4v,client-only,ffmpeg-wasm,pass,format check: none,ca5b9a53e93a,,,,,,,,,,,,
m2ts-to-flac,live,convert,m2ts,flac,client-only,ffmpeg-wasm,pass,format check: signature,ca5b9a53e93a,,,,,,,,,,,,
m2ts-to-flv,live,convert,m2ts,flv,client-only,ffmpeg-wasm,pass,format check: signature,ca5b9a53e93a,,,,,,,,,,,,
m2ts-to-gif,live,convert,m2ts,gif,client-only,ffmpeg-wasm,pass,format check: signature,ca5b9a53e93a,,,,,,,,,,,,
m2ts-to-hevc,live,convert,m2ts,hevc,client-only,ffmpeg-wasm + webcodecs,pass,format check: signature,d0d2843e65ce,,,,,,,,,,,,
m2ts-to-m4a,live,convert,m2ts,m4a,client-only,ffmpeg-wasm,pass,format check: signature,ca5b9a53e93a,,,,,,,,,,,,
m2ts-to-m4r,live,convert,m2ts,m4r,client-only,ffmpeg-wasm,pass,format check: signature,ca5b9a53e93a,,,,,,,,,,,,
m2ts-to-m4v,live,convert,m2ts,m4v,client-only,ffmpeg-wasm,pass,format check: signature,ca5b9a53e93a,,,,,,,,,,,,
m2ts-to-mjpeg,live,convert,m2ts,mjpeg,client-only,ffmpeg-wasm,pass,format check: none,ca5b9a53e93a,,,,,,,,,,,,
m2ts-to-mkv,live,convert,m2ts,mkv,client-only,ffmpeg-wasm,pass,format check: signature,ca5b9a53e93a,m2ts to mkv,exact,,,600,100,0,150,60,ahrefs-2026-01,,
m2ts-to-mov,live,convert,m2ts,mov,client-only,ffmpeg-wasm,pass,format check: signature,ca5b9a53e93a,,,,,,,,,,,,
m2ts-to-mp2,live,convert,m2ts,mp2,client-only,ffmpeg-wasm,pass,format check: none,ca5b9a53e93a,,,,,,,,,,,,
m2ts-to-mp3,live,convert,m2ts,mp3,client-only,ffmpeg-wasm,pass,format check: signature,ca5b9a53e93a,,,,,,,,,,,,
m2ts-to-mp4,live,convert,m2ts,mp4,client-only,ffmpeg-wasm,pass,format check: signature,ca5b9a53e93a,m2ts to mp4,exact,,,1100,200,2,350,200,ahrefs-2026-01,,
m2ts-to-mpeg,live,convert,m2ts,mpeg,client-only,ffmpeg-wasm,pass,format check: none,ca5b9a53e93a,,,,,,,,,,,,
m2ts-to-mpeg2,live,convert,m2ts,mpeg2,client-only,ffmpeg-wasm,pass,format check: none,ca5b9a53e93a,,,,,,,,,,,,
m2ts-to-mpg,live,convert,m2ts,mpg,client-only,ffmpeg-wasm,pass,format check: none,ca5b9a53e93a,,,,,,,,,,,,
m2ts-to-mts,live,convert,m2ts,mts,client-only,ffmpeg-wasm,pass,format check: none,ca5b9a53e93a,,,,,,,,,,,,
m2ts-to-mxf,live,convert,m2ts,mxf,client-only,ffmpeg-wasm,pass,format check: none,5a318b697fbf,,,,,,,,,,,,
m2ts-to-oga,live,convert,m2ts,oga,client-only,ffmpeg-wasm,pass,format check: signature,ca5b9a53e93a,,,,,,,,,,,,
m2ts-to-ogg,live,convert,m2ts,ogg,client-only,ffmpeg-wasm,pass,format check: signature,ca5b9a53e93a,,,,,,,,,,,,
m2ts-to-opus,live,convert,m2ts,opus,client-only,ffmpeg-wasm,pass,format check: signature,ca5b9a53e93a,,,,,,,,,,,,
m2ts-to-rm,live,convert,m2ts,rm,server-first-client-fallback,"server-video, then ffmpeg-wasm",pass,format check: none,ca5b9a53e93a,,,,,,,,,,,,
m2ts-to-rmvb,retired,convert,m2ts,rmvb,unknown,,not swept,the sweep runs live Tools only,,,,,,,,,,,,,
m2ts-to-ts,live,convert,m2ts,ts,client-only,ffmpeg-wasm,pass,format check: none,ca5b9a53e93a,,,,,,,,,,,,
m2ts-to-vob,live,convert,m2ts,vob,client-only,ffmpeg-wasm,pass,format check: none,ca5b9a53e93a,,,,,,,,,,,,
m2ts-to-wav,live,convert,m2ts,wav,client-only,ffmpeg-wasm,pass,format check: signature,ca5b9a53e93a,,,,,,,,,,,,
m2ts-to-webm,live,convert,m2ts,webm,client-only,ffmpeg-wasm,pass,format check: signature,ca5b9a53e93a,,,,,,,,,,,,
m2ts-to-wma,live,convert,m2ts,wma,client-only,ffmpeg-wasm,pass,format check: none,ca5b9a53e93a,,,,,,,,,,,,
m2v-to-mp4,live,convert,m2v,mp4,client-only,ffmpeg-wasm,pass,format check: signature,ca5b9a53e93a,m2v to mp4,exact,,,150,20,0,10,10,ahrefs-2026-01,,
m4a-to-aac,live,convert,m4a,aac,client-only,ffmpeg-wasm,pass,format check: none,ca5b9a53e93a,m4a to aac,exact,,,350,80,0,50,50,ahrefs-2026-01,,
m4a-to-aiff,live,convert,m4a,aiff,client-only,ffmpeg-wasm,pass,format check: signature,ca5b9a53e93a,m4a to aiff,exact,,,200,90,0,50,50,ahrefs-2026-01,,
m4a-to-alac,live,convert,m4a,alac,client-only,ffmpeg-wasm,pass,format check: none,ca5b9a53e93a,,,,,,,,,,,,
m4a-to-amr,live,convert,m4a,amr,client-only,ffmpeg-wasm,error,FFmpeg failed with exit code 1 [Unknown encoder 'libopencore_amrnb'],ca5b9a53e93a,,,,,,,,,,,,
m4a-to-au,live,convert,m4a,au,client-only,ffmpeg-wasm,pass,format check: none,ca5b9a53e93a,,,,,,,,,,,,
m4a-to-caf,live,convert,m4a,caf,client-only,ffmpeg-wasm,pass,format check: none,ca5b9a53e93a,,,,,,,,,,,,
m4a-to-cdda,live,convert,m4a,cdda,client-only,ffmpeg-wasm,pass,format check: none,ca5b9a53e93a,,,,,,,,,,,,
m4a-to-flac,live,convert,m4a,flac,client-only,ffmpeg-wasm,pass,format check: signature,ca5b9a53e93a,m4a to flac,exact,,,1000,300,0,150,100,ahrefs-2026-01,,
m4a-to-m4r,live,convert,m4a,m4r,client-only,ffmpeg-wasm,pass,format check: signature,ca5b9a53e93a,m4a to m4r,exact,,,500,200,0,300,300,ahrefs-2026-01,,
m4a-to-mp2,live,convert,m4a,mp2,client-only,ffmpeg-wasm,pass,format check: none,ca5b9a53e93a,,,,,,,,,,,,
m4a-to-mp3,live,convert,m4a,mp3,client-only,ffmpeg-wasm,pass,format check: signature,ca5b9a53e93a,m4a to mp3,exact,,,258000,62000,28,152000,41000,ahrefs-2026-01,,
m4a-to-mp4,live,convert,m4a,mp4,client-only,ffmpeg-wasm,pass,format check: signature,ca5b9a53e93a,m4a to mp4,exact,,,12000,2900,1,7200,3800,ahrefs-2026-01,,
m4a-to-oga,live,convert,m4a,oga,client-only,ffmpeg-wasm,pass,format check: signature,ca5b9a53e93a,,,,,,,,,,,,
m4a-to-ogg,live,convert,m4a,ogg,client-only,ffmpeg-wasm,pass,format check: signature,ca5b9a53e93a,m4a to ogg,exact,,,1400,500,1,700,500,ahrefs-2026-01,,
m4a-to-opus,live,convert,m4a,opus,client-only,ffmpeg-wasm,pass,format check: signature,ca5b9a53e93a,,,,,,,,,,,,
m4a-to-wav,live,convert,m4a,wav,client-only,ffmpeg-wasm,pass,format check: signature,ca5b9a53e93a,m4a to wav,exact,,,60000,19000,0,31000,10000,ahrefs-2026-01,,
m4a-to-wma,live,convert,m4a,wma,client-only,ffmpeg-wasm,pass,format check: none,ca5b9a53e93a,m4a to wma,exact,,,150,50,0,30,30,ahrefs-2026-01,,
m4b-to-mp3,live,convert,m4b,mp3,client-only,ffmpeg-wasm,pass,format check: signature,ca5b9a53e93a,m4b to mp3,exact,,,4400,1500,5,1800,700,ahrefs-2026-01,,
m4p-to-mp3,live,convert,m4p,mp3,client-only,ffmpeg-wasm,no_fixture,no ready m4p fixture in fixture-matrix.json,ca5b9a53e93a,m4p to mp3,exact,,,3200,1000,3,58000,18000,ahrefs-2026-01,,
m4r-to-aac,live,convert,m4r,aac,client-only,ffmpeg-wasm,pass,format check: none,ca5b9a53e93a,,,,,,,,,,,,
m4r-to-aiff,live,convert,m4r,aiff,client-only,ffmpeg-wasm,pass,format check: signature,ca5b9a53e93a,,,,,,,,,,,,
m4r-to-alac,live,convert,m4r,alac,client-only,ffmpeg-wasm,pass,format check: none,ca5b9a53e93a,,,,,,,,,,,,
m4r-to-amr,live,convert,m4r,amr,client-only,ffmpeg-wasm,error,FFmpeg failed with exit code 1 [Unknown encoder 'libopencore_amrnb'],ca5b9a53e93a,,,,,,,,,,,,
m4r-to-au,live,convert,m4r,au,client-only,ffmpeg-wasm,pass,format check: none,ca5b9a53e93a,,,,,,,,,,,,
m4r-to-caf,live,convert,m4r,caf,client-only,ffmpeg-wasm,pass,format check: none,ca5b9a53e93a,,,,,,,,,,,,
m4r-to-cdda,live,convert,m4r,cdda,client-only,ffmpeg-wasm,pass,format check: none,ca5b9a53e93a,,,,,,,,,,,,
m4r-to-flac,live,convert,m4r,flac,client-only,ffmpeg-wasm,pass,format check: signature,ca5b9a53e93a,,,,,,,,,,,,
m4r-to-m4a,live,convert,m4r,m4a,client-only,ffmpeg-wasm,pass,format check: signature,ca5b9a53e93a,,,,,,,,,,,,
m4r-to-mp2,live,convert,m4r,mp2,client-only,ffmpeg-wasm,pass,format check: none,ca5b9a53e93a,,,,,,,,,,,,
m4r-to-mp3,live,convert,m4r,mp3,client-only,ffmpeg-wasm,pass,format check: signature,ca5b9a53e93a,m4r to mp3,exact,,,450,150,0,500,200,ahrefs-2026-01,,
m4r-to-oga,live,convert,m4r,oga,client-only,ffmpeg-wasm,pass,format check: signature,ca5b9a53e93a,,,,,,,,,,,,
m4r-to-ogg,live,convert,m4r,ogg,client-only,ffmpeg-wasm,pass,format check: signature,ca5b9a53e93a,,,,,,,,,,,,
m4r-to-opus,live,convert,m4r,opus,client-only,ffmpeg-wasm,pass,format check: signature,ca5b9a53e93a,,,,,,,,,,,,
m4r-to-wav,live,convert,m4r,wav,client-only,ffmpeg-wasm,pass,format check: signature,ca5b9a53e93a,m4r to wav,exact,,,100,50,0,30,30,ahrefs-2026-01,,
m4r-to-wma,live,convert,m4r,wma,client-only,ffmpeg-wasm,pass,format check: none,ca5b9a53e93a,,,,,,,,,,,,
m4v-to-3gp,live,convert,m4v,3gp,client-only,ffmpeg-wasm,pass,format check: signature,5a318b697fbf,,,,,,,,,,,,
m4v-to-aac,live,convert,m4v,aac,client-only,ffmpeg-wasm,pass,format check: none,ca5b9a53e93a,,,,,,,,,,,,
m4v-to-aiff,live,convert,m4v,aiff,client-only,ffmpeg-wasm,pass,format check: signature,ca5b9a53e93a,,,,,,,,,,,,
m4v-to-alac,live,convert,m4v,alac,client-only,ffmpeg-wasm,pass,format check: none,ca5b9a53e93a,,,,,,,,,,,,
m4v-to-amr,live,convert,m4v,amr,client-only,ffmpeg-wasm,error,FFmpeg failed with exit code 1 [Unknown encoder 'libopencore_amrnb'],ca5b9a53e93a,,,,,,,,,,,,
m4v-to-asf,live,convert,m4v,asf,client-only,ffmpeg-wasm,pass,format check: none,ca5b9a53e93a,,,,,,,,,,,,
m4v-to-au,live,convert,m4v,au,client-only,ffmpeg-wasm,pass,format check: none,ca5b9a53e93a,,,,,,,,,,,,
m4v-to-av1,live,convert,m4v,av1,client-only,ffmpeg-wasm + webcodecs,pass,format check: signature,d0d2843e65ce,,,,,,,,,,,,
m4v-to-avchd,live,convert,m4v,avchd,client-only,ffmpeg-wasm,pass,format check: none,ca5b9a53e93a,,,,,,,,,,,,
m4v-to-avi,live,convert,m4v,avi,client-only,ffmpeg-wasm,pass,format check: signature,ca5b9a53e93a,m4v to avi,exact,,,150,50,0,40,40,ahrefs-2026-01,,
m4v-to-caf,live,convert,m4v,caf,client-only,ffmpeg-wasm,pass,format check: none,ca5b9a53e93a,,,,,,,,,,,,
m4v-to-cdda,live,convert,m4v,cdda,client-only,ffmpeg-wasm,pass,format check: none,ca5b9a53e93a,,,,,,,,,,,,
m4v-to-divx,live,convert,m4v,divx,client-only,ffmpeg-wasm,pass,format check: none,ca5b9a53e93a,,,,,,,,,,,,
m4v-to-f4v,live,convert,m4v,f4v,client-only,ffmpeg-wasm,pass,format check: none,ca5b9a53e93a,,,,,,,,,,,,
m4v-to-flac,live,convert,m4v,flac,client-only,ffmpeg-wasm,pass,format check: signature,ca5b9a53e93a,,,,,,,,,,,,
m4v-to-flv,live,convert,m4v,flv,client-only,ffmpeg-wasm,pass,format check: signature,ca5b9a53e93a,,,,,,,,,,,,
m4v-to-gif,live,convert,m4v,gif,client-only,ffmpeg-wasm,pass,format check: signature,ca5b9a53e93a,,,,,,,,,,,,
m4v-to-hevc,live,convert,m4v,hevc,client-only,ffmpeg-wasm + webcodecs,pass,format check: signature,d0d2843e65ce,,,,,,,,,,,,
m4v-to-m2ts,live,convert,m4v,m2ts,client-only,ffmpeg-wasm,pass,format check: none,ca5b9a53e93a,,,,,,,,,,,,
m4v-to-m4a,live,convert,m4v,m4a,client-only,ffmpeg-wasm,pass,format check: signature,ca5b9a53e93a,,,,,,,,,,,,
m4v-to-m4r,live,convert,m4v,m4r,client-only,ffmpeg-wasm,pass,format check: signature,ca5b9a53e93a,,,,,,,,,,,,
m4v-to-mjpeg,live,convert,m4v,mjpeg,client-only,ffmpeg-wasm,pass,format check: none,ca5b9a53e93a,,,,,,,,,,,,
m4v-to-mkv,live,convert,m4v,mkv,client-only,ffmpeg-wasm,pass,format check: signature,ca5b9a53e93a,,,,,,,,,,,,
m4v-to-mov,live,convert,m4v,mov,client-only,ffmpeg-wasm,pass,format check: signature,ca5b9a53e93a,m4v to mov,exact,,,250,150,1,100,100,ahrefs-2026-01,,
m4v-to-mp2,live,convert,m4v,mp2,client-only,ffmpeg-wasm,pass,format check: none,ca5b9a53e93a,,,,,,,,,,,,
m4v-to-mp3,live,convert,m4v,mp3,client-only,ffmpeg-wasm,pass,format check: signature,ca5b9a53e93a,m4v to mp3,exact,,,900,250,0,2100,450,ahrefs-2026-01,,
m4v-to-mp4,live,convert,m4v,mp4,client-only,ffmpeg-wasm,pass,format check: signature,ca5b9a53e93a,m4v to mp4,exact,,,8200,2100,0,5100,1800,ahrefs-2026-01,,
m4v-to-mpeg,live,convert,m4v,mpeg,client-only,ffmpeg-wasm,pass,format check: none,ca5b9a53e93a,,,,,,,,,,,,
m4v-to-mpeg2,live,convert,m4v,mpeg2,client-only,ffmpeg-wasm,pass,format check: none,ca5b9a53e93a,,,,,,,,,,,,
m4v-to-mpg,live,convert,m4v,mpg,client-only,ffmpeg-wasm,pass,format check: none,ca5b9a53e93a,,,,,,,,,,,,
m4v-to-mts,live,convert,m4v,mts,client-only,ffmpeg-wasm,pass,format check: none,ca5b9a53e93a,,,,,,,,,,,,
m4v-to-mxf,live,convert,m4v,mxf,client-only,ffmpeg-wasm,pass,format check: none,5a318b697fbf,,,,,,,,,,,,
m4v-to-oga,live,convert,m4v,oga,client-only,ffmpeg-wasm,pass,format check: signature,ca5b9a53e93a,,,,,,,,,,,,
m4v-to-ogg,live,convert,m4v,ogg,client-only,ffmpeg-wasm,pass,format check: signature,ca5b9a53e93a,,,,,,,,,,,,
m4v-to-opus,live,convert,m4v,opus,client-only,ffmpeg-wasm,pass,format check: signature,ca5b9a53e93a,,,,,,,,,,,,
m4v-to-rm,live,convert,m4v,rm,server-first-client-fallback,"server-video, then ffmpeg-wasm",pass,format check: none,ca5b9a53e93a,,,,,,,,,,,,
m4v-to-rmvb,retired,convert,m4v,rmvb,unknown,,not swept,the sweep runs live Tools only,,,,,,,,,,,,,
m4v-to-ts,live,convert,m4v,ts,client-only,ffmpeg-wasm,pass,format check: none,ca5b9a53e93a,,,,,,,,,,,,
m4v-to-vob,live,convert,m4v,vob,client-only,ffmpeg-wasm,pass,format check: none,ca5b9a53e93a,,,,,,,,,,,,
m4v-to-wav,live,convert,m4v,wav,client-only,ffmpeg-wasm,pass,format check: signature,ca5b9a53e93a,,,,,,,,,,,,
m4v-to-webm,live,convert,m4v,webm,client-only,ffmpeg-wasm,pass,format check: signature,ca5b9a53e93a,,,,,,,,,,,,
m4v-to-wma,live,convert,m4v,wma,client-only,ffmpeg-wasm,pass,format check: none,ca5b9a53e93a,,,,,,,,,,,,
mac-to-gif,live,convert,mac,gif,client-only,browser-raster,no_fixture,no ready mac fixture in fixture-matrix.json,ca5b9a53e93a,mac to gif,exact,,,,,,,,ahrefs-2026-01,,
mac-to-jpeg,live,convert,mac,jpeg,client-only,browser-raster,no_fixture,no ready mac fixture in fixture-matrix.json,ca5b9a53e93a,mac to jpeg,exact,,,,,,,,ahrefs-2026-01,,
mac-to-jpg,live,convert,mac,jpg,client-only,browser-raster,no_fixture,no ready mac fixture in fixture-matrix.json,ca5b9a53e93a,mac to jpg,exact,,,10,,,,,ahrefs-2026-01,,
,not built,convert,mac,pdf,,,,,,mac to pdf,none,,,20,,,,,ahrefs-2026-01,,
mac-to-png,live,convert,mac,png,client-only,browser-raster,no_fixture,no ready mac fixture in fixture-matrix.json,ca5b9a53e93a,mac to png,exact,,,30,20,,,,ahrefs-2026-01,,
,not built,convert,mac,svg,,,,,,mac to svg,none,,,,,,,,ahrefs-2026-01,,
markdown-to-actionscript,live,convert,markdown,actionscript,client-only,table-convert,no_fixture,no ready markdown fixture in fixture-matrix.json,ca5b9a53e93a,,,,,,,,,,,,
markdown-to-ascii,live,convert,markdown,ascii,client-only,table-convert,no_fixture,no ready markdown fixture in fixture-matrix.json,ca5b9a53e93a,,,,,,,,,,,,
markdown-to-asciidoc,live,convert,markdown,asciidoc,client-only,table-convert,no_fixture,no ready markdown fixture in fixture-matrix.json,ca5b9a53e93a,,,,,,,,,,,,
markdown-to-asp,live,convert,markdown,asp,client-only,table-convert,no_fixture,no ready markdown fixture in fixture-matrix.json,ca5b9a53e93a,,,,,,,,,,,,
markdown-to-avro,live,convert,markdown,avro,client-only,table-convert,no_fixture,no ready markdown fixture in fixture-matrix.json,ca5b9a53e93a,,,,,,,,,,,,
markdown-to-bbcode,live,convert,markdown,bbcode,client-only,table-convert,no_fixture,no ready markdown fixture in fixture-matrix.json,ca5b9a53e93a,,,,,,,,,,,,
markdown-to-csv,live,convert,markdown,csv,client-only,table-convert,no_fixture,no ready markdown fixture in fixture-matrix.json,ca5b9a53e93a,markdown to csv,exact,,,,,,,,ahrefs-2026-01,,
markdown-to-dax,live,convert,markdown,dax,client-only,table-convert,no_fixture,no ready markdown fixture in fixture-matrix.json,ca5b9a53e93a,,,,,,,,,,,,
markdown-to-excel,live,convert,markdown,excel,client-only,table-convert,no_fixture,no ready markdown fixture in fixture-matrix.json,ca5b9a53e93a,markdown to excel,exact,,,,,,,,ahrefs-2026-01,,
markdown-to-firebase,live,convert,markdown,firebase,client-only,table-convert,no_fixture,no ready markdown fixture in fixture-matrix.json,ca5b9a53e93a,,,,,,,,,,,,
markdown-to-html,live,convert,markdown,html,client-only,table-convert,no_fixture,no ready markdown fixture in fixture-matrix.json,ca5b9a53e93a,markdown to html,exact,,,,,,,,ahrefs-2026-01,,
markdown-to-ini,live,convert,markdown,ini,client-only,table-convert,no_fixture,no ready markdown fixture in fixture-matrix.json,ca5b9a53e93a,,,,,,,,,,,,
markdown-to-jira,live,convert,markdown,jira,client-only,table-convert,no_fixture,no ready markdown fixture in fixture-matrix.json,ca5b9a53e93a,markdown to jira,exact,,,,,,,,ahrefs-2026-01,,
markdown-to-jpeg,live,convert,markdown,jpeg,client-only,table-convert,no_fixture,no ready markdown fixture in fixture-matrix.json,ca5b9a53e93a,markdown to jpeg,exact,,,,,,,,ahrefs-2026-01,,
markdown-to-json,live,convert,markdown,json,client-only,table-convert,no_fixture,no ready markdown fixture in fixture-matrix.json,ca5b9a53e93a,markdown to json,exact,,,,,,,,ahrefs-2026-01,,
markdown-to-jsonlines,live,convert,markdown,jsonlines,client-only,table-convert,no_fixture,no ready markdown fixture in fixture-matrix.json,ca5b9a53e93a,,,,,,,,,,,,
markdown-to-latex,live,convert,markdown,latex,client-only,table-convert,no_fixture,no ready markdown fixture in fixture-matrix.json,ca5b9a53e93a,markdown to latex,exact,,,,,,,,ahrefs-2026-01,,
markdown-to-magic,live,convert,markdown,magic,client-only,table-convert,no_fixture,no ready markdown fixture in fixture-matrix.json,ca5b9a53e93a,markdown to magic,exact,,,,,,,,ahrefs-2026-01,,
markdown-to-markdown,live,convert,markdown,markdown,client-only,table-convert,no_fixture,no ready markdown fixture in fixture-matrix.json,ca5b9a53e93a,markdown to markdown,exact,,yes,,,,,,ahrefs-2026-01,,
markdown-to-matlab,live,convert,markdown,matlab,client-only,table-convert,no_fixture,no ready markdown fixture in fixture-matrix.json,ca5b9a53e93a,,,,,,,,,,,,
markdown-to-mediawiki,live,convert,markdown,mediawiki,client-only,table-convert,no_fixture,no ready markdown fixture in fixture-matrix.json,ca5b9a53e93a,,,,,,,,,,,,
markdown-to-pandasdataframe,live,convert,markdown,pandasdataframe,client-only,table-convert,no_fixture,no ready markdown fixture in fixture-matrix.json,ca5b9a53e93a,markdown to pandasdataframe,exact,,,,,,,,ahrefs-2026-01,,
markdown-to-pdf,live,convert,markdown,pdf,client-only,table-convert,no_fixture,no ready markdown fixture in fixture-matrix.json,ca5b9a53e93a,markdown to pdf,exact,,,,,,,,ahrefs-2026-01,,
markdown-to-php,live,convert,markdown,php,client-only,table-convert,no_fixture,no ready markdown fixture in fixture-matrix.json,ca5b9a53e93a,,,,,,,,,,,,
markdown-to-png,live,convert,markdown,png,client-only,table-convert,no_fixture,no ready markdown fixture in fixture-matrix.json,ca5b9a53e93a,markdown to png,exact,,,,,,,,ahrefs-2026-01,,
markdown-to-protobuf,live,convert,markdown,protobuf,client-only,table-convert,no_fixture,no ready markdown fixture in fixture-matrix.json,ca5b9a53e93a,,,,,,,,,,,,
markdown-to-qlik,live,convert,markdown,qlik,client-only,table-convert,no_fixture,no ready markdown fixture in fixture-matrix.json,ca5b9a53e93a,,,,,,,,,,,,
markdown-to-rdataframe,live,convert,markdown,rdataframe,client-only,table-convert,no_fixture,no ready markdown fixture in fixture-matrix.json,ca5b9a53e93a,,,,,,,,,,,,
markdown-to-rdf,live,convert,markdown,rdf,client-only,table-convert,no_fixture,no ready markdown fixture in fixture-matrix.json,ca5b9a53e93a,,,,,,,,,,,,
markdown-to-restructuredtext,live,convert,markdown,restructuredtext,client-only,table-convert,no_fixture,no ready markdown fixture in fixture-matrix.json,ca5b9a53e93a,markdown to restructuredtext,exact,,,,,,,,ahrefs-2026-01,,
markdown-to-ruby,live,convert,markdown,ruby,client-only,table-convert,no_fixture,no ready markdown fixture in fixture-matrix.json,ca5b9a53e93a,,,,,,,,,,,,
markdown-to-sql,live,convert,markdown,sql,client-only,table-convert,no_fixture,no ready markdown fixture in fixture-matrix.json,ca5b9a53e93a,,,,,,,,,,,,
markdown-to-textile,live,convert,markdown,textile,client-only,table-convert,no_fixture,no ready markdown fixture in fixture-matrix.json,ca5b9a53e93a,,,,,,,,,,,,
markdown-to-toml,live,convert,markdown,toml,client-only,table-convert,no_fixture,no ready markdown fixture in fixture-matrix.json,ca5b9a53e93a,,,,,,,,,,,,
markdown-to-tracwiki,live,convert,markdown,tracwiki,client-only,table-convert,no_fixture,no ready markdown fixture in fixture-matrix.json,ca5b9a53e93a,,,,,,,,,,,,
markdown-to-xml,live,convert,markdown,xml,client-only,table-convert,no_fixture,no ready markdown fixture in fixture-matrix.json,ca5b9a53e93a,markdown to xml,exact,,,,,,,,ahrefs-2026-01,,
markdown-to-yaml,live,convert,markdown,yaml,client-only,table-convert,no_fixture,no ready markdown fixture in fixture-matrix.json,ca5b9a53e93a,,,,,,,,,,,,
mediawiki-to-csv,live,convert,mediawiki,csv,client-only,table-convert,no_fixture,no ready mediawiki fixture in fixture-matrix.json,ca5b9a53e93a,mediawiki to csv,exact,,,,,,,,ahrefs-2026-01,,
mediawiki-to-markdown,live,convert,mediawiki,markdown,client-only,table-convert,no_fixture,no ready mediawiki fixture in fixture-matrix.json,ca5b9a53e93a,,,,,,,,,,,,
midi-to-mp3,retired,convert,midi,mp3,unknown,,not swept,the sweep runs live Tools only,,midi to mp3,exact,,,9600,4100,7,6500,4400,ahrefs-2026-01,,
midi-to-wav,retired,convert,midi,wav,unknown,,not swept,the sweep runs live Tools only,,midi to wav,exact,,,800,350,0,250,200,ahrefs-2026-01,,
mjpeg-to-3gp,live,convert,mjpeg,3gp,client-only,ffmpeg-wasm,pass,format check: signature,5a318b697fbf,,,,,,,,,,,,
mjpeg-to-aac,retired,convert,mjpeg,aac,unknown,,not swept,the sweep runs live Tools only,,,,,,,,,,,,,
mjpeg-to-aiff,retired,convert,mjpeg,aiff,unknown,,not swept,the sweep runs live Tools only,,,,,,,,,,,,,
mjpeg-to-alac,retired,convert,mjpeg,alac,unknown,,not swept,the sweep runs live Tools only,,,,,,,,,,,,,
mjpeg-to-amr,retired,convert,mjpeg,amr,unknown,,not swept,the sweep runs live Tools only,,,,,,,,,,,,,
mjpeg-to-asf,live,convert,mjpeg,asf,client-only,ffmpeg-wasm,pass,format check: none,ca5b9a53e93a,,,,,,,,,,,,
mjpeg-to-au,retired,convert,mjpeg,au,unknown,,not swept,the sweep runs live Tools only,,,,,,,,,,,,,
mjpeg-to-av1,live,convert,mjpeg,av1,client-only,ffmpeg-wasm + webcodecs,pass,format check: signature,d0d2843e65ce,,,,,,,,,,,,
mjpeg-to-avchd,live,convert,mjpeg,avchd,client-only,ffmpeg-wasm,pass,format check: none,ca5b9a53e93a,,,,,,,,,,,,
mjpeg-to-avi,live,convert,mjpeg,avi,client-only,ffmpeg-wasm,pass,format check: signature,ca5b9a53e93a,,,,,,,,,,,,
mjpeg-to-caf,retired,convert,mjpeg,caf,unknown,,not swept,the sweep runs live Tools only,,,,,,,,,,,,,
mjpeg-to-cdda,retired,convert,mjpeg,cdda,unknown,,not swept,the sweep runs live Tools only,,,,,,,,,,,,,
mjpeg-to-divx,live,convert,mjpeg,divx,client-only,ffmpeg-wasm,pass,format check: none,ca5b9a53e93a,,,,,,,,,,,,
mjpeg-to-f4v,live,convert,mjpeg,f4v,client-only,ffmpeg-wasm,pass,format check: none,ca5b9a53e93a,,,,,,,,,,,,
mjpeg-to-flac,retired,convert,mjpeg,flac,unknown,,not swept,the sweep runs live Tools only,,,,,,,,,,,,,
mjpeg-to-flv,live,convert,mjpeg,flv,client-only,ffmpeg-wasm,pass,format check: signature,ca5b9a53e93a,,,,,,,,,,,,
mjpeg-to-gif,live,convert,mjpeg,gif,client-only,ffmpeg-wasm,pass,format check: signature,ca5b9a53e93a,,,,,,,,,,,,
mjpeg-to-hevc,live,convert,mjpeg,hevc,client-only,ffmpeg-wasm + webcodecs,pass,format check: signature,d0d2843e65ce,,,,,,,,,,,,
mjpeg-to-m2ts,live,convert,mjpeg,m2ts,client-only,ffmpeg-wasm,pass,format check: none,ca5b9a53e93a,,,,,,,,,,,,
mjpeg-to-m4a,retired,convert,mjpeg,m4a,unknown,,not swept,the sweep runs live Tools only,,,,,,,,,,,,,
mjpeg-to-m4r,retired,convert,mjpeg,m4r,unknown,,not swept,the sweep runs live Tools only,,,,,,,,,,,,,
mjpeg-to-m4v,live,convert,mjpeg,m4v,client-only,ffmpeg-wasm,pass,format check: signature,ca5b9a53e93a,,,,,,,,,,,,
mjpeg-to-mkv,live,convert,mjpeg,mkv,client-only,ffmpeg-wasm,pass,format check: signature,ca5b9a53e93a,,,,,,,,,,,,
mjpeg-to-mov,live,convert,mjpeg,mov,client-only,ffmpeg-wasm,pass,format check: signature,ca5b9a53e93a,,,,,,,,,,,,
mjpeg-to-mp2,retired,convert,mjpeg,mp2,unknown,,not swept,the sweep runs live Tools only,,,,,,,,,,,,,
mjpeg-to-mp3,retired,convert,mjpeg,mp3,unknown,,not swept,the sweep runs live Tools only,,,,,,,,,,,,,
mjpeg-to-mp4,live,convert,mjpeg,mp4,client-only,ffmpeg-wasm,pass,format check: signature,ca5b9a53e93a,mjpeg to mp4,exact,,,90,20,,,,ahrefs-2026-01,,
mjpeg-to-mpeg,live,convert,mjpeg,mpeg,client-only,ffmpeg-wasm,pass,format check: none,ca5b9a53e93a,,,,,,,,,,,,
mjpeg-to-mpeg2,live,convert,mjpeg,mpeg2,client-only,ffmpeg-wasm,pass,format check: none,ca5b9a53e93a,,,,,,,,,,,,
mjpeg-to-mpg,live,convert,mjpeg,mpg,client-only,ffmpeg-wasm,pass,format check: none,ca5b9a53e93a,,,,,,,,,,,,
mjpeg-to-mts,live,convert,mjpeg,mts,client-only,ffmpeg-wasm,pass,format check: none,ca5b9a53e93a,,,,,,,,,,,,
mjpeg-to-mxf,live,convert,mjpeg,mxf,client-only,ffmpeg-wasm,pass,format check: none,5a318b697fbf,,,,,,,,,,,,
mjpeg-to-oga,retired,convert,mjpeg,oga,unknown,,not swept,the sweep runs live Tools only,,,,,,,,,,,,,
mjpeg-to-ogg,retired,convert,mjpeg,ogg,unknown,,not swept,the sweep runs live Tools only,,,,,,,,,,,,,
mjpeg-to-opus,retired,convert,mjpeg,opus,unknown,,not swept,the sweep runs live Tools only,,,,,,,,,,,,,
mjpeg-to-rm,live,convert,mjpeg,rm,server-first-client-fallback,"server-video, then ffmpeg-wasm",pass,format check: none,ca5b9a53e93a,,,,,,,,,,,,
mjpeg-to-rmvb,retired,convert,mjpeg,rmvb,unknown,,not swept,the sweep runs live Tools only,,,,,,,,,,,,,
mjpeg-to-ts,live,convert,mjpeg,ts,client-only,ffmpeg-wasm,pass,format check: none,ca5b9a53e93a,,,,,,,,,,,,
mjpeg-to-vob,live,convert,mjpeg,vob,client-only,ffmpeg-wasm,pass,format check: none,ca5b9a53e93a,,,,,,,,,,,,
mjpeg-to-wav,retired,convert,mjpeg,wav,unknown,,not swept,the sweep runs live Tools only,,,,,,,,,,,,,
mjpeg-to-webm,live,convert,mjpeg,webm,client-only,ffmpeg-wasm,pass,format check: signature,ca5b9a53e93a,,,,,,,,,,,,
mjpeg-to-wma,retired,convert,mjpeg,wma,unknown,,not swept,the sweep runs live Tools only,,,,,,,,,,,,,
mkv-to-3gp,live,convert,mkv,3gp,client-only,ffmpeg-wasm,pass,format check: signature,5a318b697fbf,,,,,,,,,,,,
mkv-to-aac,live,convert,mkv,aac,client-only,ffmpeg-wasm,pass,format check: none,ca5b9a53e93a,,,,,,,,,,,,
mkv-to-aiff,live,convert,mkv,aiff,client-only,ffmpeg-wasm,pass,format check: signature,ca5b9a53e93a,,,,,,,,,,,,
mkv-to-alac,live,convert,mkv,alac,client-only,ffmpeg-wasm,pass,format check: none,ca5b9a53e93a,,,,,,,,,,,,
mkv-to-amr,live,convert,mkv,amr,client-only,ffmpeg-wasm,error,FFmpeg failed with exit code 1 [Unknown encoder 'libopencore_amrnb'],ca5b9a53e93a,,,,,,,,,,,,
mkv-to-asf,live,convert,mkv,asf,client-only,ffmpeg-wasm,pass,format check: none,ca5b9a53e93a,,,,,,,,,,,,
mkv-to-au,live,convert,mkv,au,client-only,ffmpeg-wasm,pass,format check: none,ca5b9a53e93a,,,,,,,,,,,,
mkv-to-av1,live,convert,mkv,av1,client-only,ffmpeg-wasm + webcodecs,pass,format check: signature,d0d2843e65ce,mkv to av1,exact,,,,,,,,ahrefs-2026-01,,
mkv-to-avchd,live,convert,mkv,avchd,client-only,ffmpeg-wasm,pass,format check: none,ca5b9a53e93a,,,,,,,,,,,,
mkv-to-avi,live,convert,mkv,avi,client-only,ffmpeg-wasm,pass,format check: signature,ca5b9a53e93a,mkv to avi,exact,,,3900,450,1,1700,250,ahrefs-2026-01,,
mkv-to-caf,live,convert,mkv,caf,client-only,ffmpeg-wasm,pass,format check: none,ca5b9a53e93a,,,,,,,,,,,,
mkv-to-cdda,live,convert,mkv,cdda,client-only,ffmpeg-wasm,pass,format check: none,ca5b9a53e93a,,,,,,,,,,,,
mkv-to-divx,live,convert,mkv,divx,client-only,ffmpeg-wasm,pass,format check: none,ca5b9a53e93a,,,,,,,,,,,,
mkv-to-f4v,live,convert,mkv,f4v,client-only,ffmpeg-wasm,pass,format check: none,ca5b9a53e93a,,,,,,,,,,,,
mkv-to-flac,live,convert,mkv,flac,client-only,ffmpeg-wasm,pass,format check: signature,ca5b9a53e93a,,,,,,,,,,,,
mkv-to-flv,live,convert,mkv,flv,client-only,ffmpeg-wasm,pass,format check: signature,ca5b9a53e93a,,,,,,,,,,,,
mkv-to-gif,live,convert,mkv,gif,client-only,ffmpeg-wasm,pass,format check: signature,ca5b9a53e93a,mkv to gif,exact,,,3800,800,10,1100,350,ahrefs-2026-01,,
mkv-to-hevc,live,convert,mkv,hevc,client-only,ffmpeg-wasm + webcodecs,pass,format check: signature,d0d2843e65ce,,,,,,,,,,,,
mkv-to-m2ts,live,convert,mkv,m2ts,client-only,ffmpeg-wasm,pass,format check: none,ca5b9a53e93a,,,,,,,,,,,,
mkv-to-m4a,live,convert,mkv,m4a,client-only,ffmpeg-wasm,pass,format check: signature,ca5b9a53e93a,,,,,,,,,,,,
mkv-to-m4r,live,convert,mkv,m4r,client-only,ffmpeg-wasm,pass,format check: signature,ca5b9a53e93a,,,,,,,,,,,,
mkv-to-m4v,live,convert,mkv,m4v,client-only,ffmpeg-wasm,pass,format check: signature,ca5b9a53e93a,,,,,,,,,,,,
mkv-to-mjpeg,live,convert,mkv,mjpeg,client-only,ffmpeg-wasm,pass,format check: none,ca5b9a53e93a,,,,,,,,,,,,
mkv-to-mov,live,convert,mkv,mov,client-only,ffmpeg-wasm,pass,format check: signature,ca5b9a53e93a,mkv to mov,exact,,,4200,1500,1,2000,1100,ahrefs-2026-01,,
mkv-to-mp2,live,convert,mkv,mp2,client-only,ffmpeg-wasm,pass,format check: none,ca5b9a53e93a,,,,,,,,,,,,
mkv-to-mp3,live,convert,mkv,mp3,client-only,ffmpeg-wasm,pass,format check: signature,ca5b9a53e93a,mkv to mp3,exact,,,20000,5200,0,7700,1700,ahrefs-2026-01,,
mkv-to-mp4,live,convert,mkv,mp4,client-only,ffmpeg-wasm,pass,format check: signature,ca5b9a53e93a,mkv to mp4,exact,,,192000,38000,6,117000,27000,ahrefs-2026-01,,
mkv-to-mpeg,live,convert,mkv,mpeg,client-only,ffmpeg-wasm,pass,format check: none,ca5b9a53e93a,,,,,,,,,,,,
mkv-to-mpeg2,live,convert,mkv,mpeg2,client-only,ffmpeg-wasm,pass,format check: none,ca5b9a53e93a,,,,,,,,,,,,
mkv-to-mpg,live,convert,mkv,mpg,client-only,ffmpeg-wasm,pass,format check: none,ca5b9a53e93a,,,,,,,,,,,,
mkv-to-mts,live,convert,mkv,mts,client-only,ffmpeg-wasm,pass,format check: none,ca5b9a53e93a,,,,,,,,,,,,
mkv-to-mxf,live,convert,mkv,mxf,client-only,ffmpeg-wasm,pass,format check: none,5a318b697fbf,,,,,,,,,,,,
mkv-to-oga,live,convert,mkv,oga,client-only,ffmpeg-wasm,pass,format check: signature,ca5b9a53e93a,,,,,,,,,,,,
mkv-to-ogg,live,convert,mkv,ogg,client-only,ffmpeg-wasm,pass,format check: signature,ca5b9a53e93a,,,,,,,,,,,,
mkv-to-opus,live,convert,mkv,opus,client-only,ffmpeg-wasm,pass,format check: signature,ca5b9a53e93a,,,,,,,,,,,,
mkv-to-rm,live,convert,mkv,rm,server-first-client-fallback,"server-video, then ffmpeg-wasm",pass,format check: none,ca5b9a53e93a,,,,,,,,,,,,
mkv-to-rmvb,retired,convert,mkv,rmvb,unknown,,not swept,the sweep runs live Tools only,,,,,,,,,,,,,
mkv-to-ts,live,convert,mkv,ts,client-only,ffmpeg-wasm,pass,format check: none,ca5b9a53e93a,mkv to ts,exact,,,30,10,,,,ahrefs-2026-01,,
mkv-to-vob,live,convert,mkv,vob,client-only,ffmpeg-wasm,pass,format check: none,ca5b9a53e93a,,,,,,,,,,,,
mkv-to-wav,live,convert,mkv,wav,client-only,ffmpeg-wasm,pass,format check: signature,ca5b9a53e93a,mkv to wav,exact,,,1800,600,0,450,250,ahrefs-2026-01,,
mkv-to-webm,live,convert,mkv,webm,client-only,ffmpeg-wasm,pass,format check: signature,ca5b9a53e93a,mkv to webm,exact,,,450,150,0,80,60,ahrefs-2026-01,,
mkv-to-wma,live,convert,mkv,wma,client-only,ffmpeg-wasm,pass,format check: none,ca5b9a53e93a,,,,,,,,,,,,
mkv-to-wmv,live,convert,mkv,wmv,client-only,ffmpeg-wasm,pass,format check: none,ca5b9a53e93a,mkv to wmv,exact,,,90,20,0,20,20,ahrefs-2026-01,,
,not built,convert,mobi,azw3,,,,,,mobi to azw3,none,,,700,80,0,100,30,ahrefs-2026-01,,
,not built,convert,mobi,epub,,,,,,mobi to epub,none,,,15000,1800,2,8800,1900,ahrefs-2026-01,,
,not built,convert,mobi,fb2,,,,,,mobi to fb2,none,,,30,,,,,ahrefs-2026-01,,
,not built,convert,mobi,pdf,,,,,,mobi to pdf,none,,,21000,2600,5,12000,1400,ahrefs-2026-01,,
mod-to-avi,retired,convert,mod,avi,unknown,,not swept,the sweep runs live Tools only,,mod to avi,exact,,,100,30,0,10,10,ahrefs-2026-01,,
mod-to-mov,retired,convert,mod,mov,unknown,,not swept,the sweep runs live Tools only,,mod to mov,exact,,,150,70,0,50,50,ahrefs-2026-01,,
mod-to-mp4,retired,convert,mod,mp4,unknown,,not swept,the sweep runs live Tools only,,mod to mp4,exact,,,2500,500,2,900,450,ahrefs-2026-01,,
,not built,convert,mod,mpeg,,,,,,mod to mpeg,none,,,,,,,,ahrefs-2026-01,,
mov-to-3gp,live,convert,mov,3gp,client-only,ffmpeg-wasm,pass,format check: signature,5a318b697fbf,,,,,,,,,,,,
mov-to-aac,live,convert,mov,aac,client-only,ffmpeg-wasm,pass,format check: none,ca5b9a53e93a,,,,,,,,,,,,
mov-to-aiff,live,convert,mov,aiff,client-only,ffmpeg-wasm,pass,format check: signature,ca5b9a53e93a,,,,,,,,,,,,
mov-to-alac,live,convert,mov,alac,client-only,ffmpeg-wasm,pass,format check: none,ca5b9a53e93a,,,,,,,,,,,,
mov-to-amr,live,convert,mov,amr,client-only,ffmpeg-wasm,error,FFmpeg failed with exit code 1 [Unknown encoder 'libopencore_amrnb'],ca5b9a53e93a,,,,,,,,,,,,
mov-to-asf,live,convert,mov,asf,client-only,ffmpeg-wasm,pass,format check: none,ca5b9a53e93a,,,,,,,,,,,,
mov-to-au,live,convert,mov,au,client-only,ffmpeg-wasm,pass,format check: none,ca5b9a53e93a,,,,,,,,,,,,
mov-to-av1,live,convert,mov,av1,client-only,ffmpeg-wasm + webcodecs,pass,format check: signature,d0d2843e65ce,,,,,,,,,,,,
mov-to-avchd,live,convert,mov,avchd,client-only,ffmpeg-wasm,pass,format check: none,ca5b9a53e93a,,,,,,,,,,,,
mov-to-avi,live,convert,mov,avi,client-only,ffmpeg-wasm,pass,format check: signature,ca5b9a53e93a,,,,,,,,,,,,
mov-to-caf,live,convert,mov,caf,client-only,ffmpeg-wasm,pass,format check: none,ca5b9a53e93a,,,,,,,,,,,,
mov-to-cdda,live,convert,mov,cdda,client-only,ffmpeg-wasm,pass,format check: none,ca5b9a53e93a,,,,,,,,,,,,
mov-to-divx,live,convert,mov,divx,client-only,ffmpeg-wasm,pass,format check: none,ca5b9a53e93a,,,,,,,,,,,,
mov-to-f4v,live,convert,mov,f4v,client-only,ffmpeg-wasm,pass,format check: none,ca5b9a53e93a,,,,,,,,,,,,
mov-to-flac,live,convert,mov,flac,client-only,ffmpeg-wasm,pass,format check: signature,ca5b9a53e93a,,,,,,,,,,,,
mov-to-flv,live,convert,mov,flv,client-only,ffmpeg-wasm,pass,format check: signature,ca5b9a53e93a,mov to flv,exact,,,150,50,0,50,30,ahrefs-2026-01,,
mov-to-gif,live,convert,mov,gif,client-only,ffmpeg-wasm,pass,format check: signature,ca5b9a53e93a,mov to gif,exact,,,28000,6800,12,22000,7600,ahrefs-2026-01,,
mov-to-hevc,live,convert,mov,hevc,client-only,ffmpeg-wasm + webcodecs,pass,format check: signature,d0d2843e65ce,mov to hevc,exact,,,150,30,0,10,10,ahrefs-2026-01,,
mov-to-m2ts,live,convert,mov,m2ts,client-only,ffmpeg-wasm,pass,format check: none,ca5b9a53e93a,,,,,,,,,,,,
mov-to-m4a,live,convert,mov,m4a,client-only,ffmpeg-wasm,pass,format check: signature,ca5b9a53e93a,mov to m4a,exact,,,250,150,0,80,70,ahrefs-2026-01,,
mov-to-m4r,live,convert,mov,m4r,client-only,ffmpeg-wasm,pass,format check: signature,ca5b9a53e93a,,,,,,,,,,,,
mov-to-m4v,live,convert,mov,m4v,client-only,ffmpeg-wasm,pass,format check: signature,ca5b9a53e93a,mov to m4v,exact,,,80,30,0,10,10,ahrefs-2026-01,,
mov-to-mjpeg,live,convert,mov,mjpeg,client-only,ffmpeg-wasm,pass,format check: none,ca5b9a53e93a,mov to mjpeg,exact,,,20,10,,,,ahrefs-2026-01,,
mov-to-mkv,live,convert,mov,mkv,client-only,ffmpeg-wasm,pass,format check: signature,ca5b9a53e93a,mov to mkv,exact,,,350,60,0,60,30,ahrefs-2026-01,,
mov-to-mp2,live,convert,mov,mp2,client-only,ffmpeg-wasm,pass,format check: none,ca5b9a53e93a,,,,,,,,,,,,
mov-to-mp3,live,convert,mov,mp3,client-only,ffmpeg-wasm,pass,format check: signature,ca5b9a53e93a,mov to mp3,exact,,,42000,16000,3,26000,14000,ahrefs-2026-01,,
mov-to-mp4,live,convert,mov,mp4,client-only,ffmpeg-wasm,pass,format check: signature,ca5b9a53e93a,mov to mp4,exact,,,292000,52000,12,264000,75000,ahrefs-2026-01,,
mov-to-mpeg,live,convert,mov,mpeg,client-only,ffmpeg-wasm,pass,format check: none,ca5b9a53e93a,mov to mpeg,exact,,,700,100,2,250,150,ahrefs-2026-01,,
mov-to-mpeg2,live,convert,mov,mpeg2,client-only,ffmpeg-wasm,pass,format check: none,ca5b9a53e93a,mov to mpeg2,exact,,,10,,,,,ahrefs-2026-01,,
mov-to-mpg,live,convert,mov,mpg,client-only,ffmpeg-wasm,pass,format check: none,ca5b9a53e93a,mov to mpg,exact,,,300,100,0,90,90,ahrefs-2026-01,,
mov-to-mts,live,convert,mov,mts,client-only,ffmpeg-wasm,pass,format check: none,ca5b9a53e93a,,,,,,,,,,,,
mov-to-mxf,live,convert,mov,mxf,client-only,ffmpeg-wasm,pass,format check: none,5a318b697fbf,mov to mxf,exact,,,50,10,,,,ahrefs-2026-01,,
mov-to-oga,live,convert,mov,oga,client-only,ffmpeg-wasm,pass,format check: signature,ca5b9a53e93a,,,,,,,,,,,,
mov-to-ogg,live,convert,mov,ogg,client-only,ffmpeg-wasm,pass,format check: signature,ca5b9a53e93a,,,,,,,,,,,,
mov-to-opus,live,convert,mov,opus,client-only,ffmpeg-wasm,pass,format check: signature,ca5b9a53e93a,,,,,,,,,,,,
mov-to-rm,live,convert,mov,rm,server-first-client-fallback,"server-video, then ffmpeg-wasm",pass,format check: none,ca5b9a53e93a,,,,,,,,,,,,
mov-to-rmvb,retired,convert,mov,rmvb,unknown,,not swept,the sweep runs live Tools only,,,,,,,,,,,,,
mov-to-ts,live,convert,mov,ts,client-only,ffmpeg-wasm,pass,format check: none,ca5b9a53e93a,,,,,,,,,,,,
mov-to-vob,live,convert,mov,vob,client-only,ffmpeg-wasm,pass,format check: none,ca5b9a53e93a,mov to vob,exact,,,10,10,,,,ahrefs-2026-01,,
mov-to-wav,live,convert,mov,wav,client-only,ffmpeg-wasm,pass,format check: signature,ca5b9a53e93a,mov to wav,exact,,,4200,2100,0,2700,2100,ahrefs-2026-01,,
mov-to-webm,live,convert,mov,webm,client-only,ffmpeg-wasm,pass,format check: signature,ca5b9a53e93a,mov to webm,exact,,,3500,700,0,1400,800,ahrefs-2026-01,,
mov-to-wma,live,convert,mov,wma,client-only,ffmpeg-wasm,pass,format check: none,ca5b9a53e93a,,,,,,,,,,,,
mov-to-wmv,live,convert,mov,wmv,client-only,ffmpeg-wasm,pass,format check: none,ca5b9a53e93a,mov to wmv,exact,,,400,150,2,250,200,ahrefs-2026-01,,
mp2-to-aac,live,convert,mp2,aac,client-only,ffmpeg-wasm,pass,format check: none,ca5b9a53e93a,,,,,,,,,,,,
mp2-to-aiff,live,convert,mp2,aiff,client-only,ffmpeg-wasm,pass,format check: signature,ca5b9a53e93a,,,,,,,,,,,,
mp2-to-alac,live,convert,mp2,alac,client-only,ffmpeg-wasm,pass,format check: none,ca5b9a53e93a,,,,,,,,,,,,
mp2-to-amr,live,convert,mp2,amr,client-only,ffmpeg-wasm,error,FFmpeg failed with exit code 1 [Unknown encoder 'libopencore_amrnb'],ca5b9a53e93a,,,,,,,,,,,,
mp2-to-au,live,convert,mp2,au,client-only,ffmpeg-wasm,pass,format check: none,ca5b9a53e93a,,,,,,,,,,,,
mp2-to-caf,live,convert,mp2,caf,client-only,ffmpeg-wasm,pass,format check: none,ca5b9a53e93a,,,,,,,,,,,,
mp2-to-cdda,live,convert,mp2,cdda,client-only,ffmpeg-wasm,pass,format check: none,ca5b9a53e93a,,,,,,,,,,,,
mp2-to-flac,live,convert,mp2,flac,client-only,ffmpeg-wasm,pass,format check: signature,ca5b9a53e93a,,,,,,,,,,,,
mp2-to-m4a,live,convert,mp2,m4a,client-only,ffmpeg-wasm,pass,format check: signature,ca5b9a53e93a,,,,,,,,,,,,
mp2-to-m4r,live,convert,mp2,m4r,client-only,ffmpeg-wasm,pass,format check: signature,ca5b9a53e93a,,,,,,,,,,,,
mp2-to-mp3,live,convert,mp2,mp3,client-only,ffmpeg-wasm,pass,format check: signature,ca5b9a53e93a,mp2 to mp3,exact,,,600,70,0,300,100,ahrefs-2026-01,,
mp2-to-oga,live,convert,mp2,oga,client-only,ffmpeg-wasm,pass,format check: signature,ca5b9a53e93a,,,,,,,,,,,,
mp2-to-ogg,live,convert,mp2,ogg,client-only,ffmpeg-wasm,pass,format check: signature,ca5b9a53e93a,,,,,,,,,,,,
mp2-to-opus,live,convert,mp2,opus,client-only,ffmpeg-wasm,pass,format check: signature,ca5b9a53e93a,,,,,,,,,,,,
mp2-to-wav,live,convert,mp2,wav,client-only,ffmpeg-wasm,pass,format check: signature,ca5b9a53e93a,,,,,,,,,,,,
mp2-to-wma,live,convert,mp2,wma,client-only,ffmpeg-wasm,pass,format check: none,ca5b9a53e93a,,,,,,,,,,,,
,not built,convert,mp3,8svx,,,,,,mp3 to 8svx,none,,,,,,,,ahrefs-2026-01,,
mp3-to-aac,live,convert,mp3,aac,client-only,ffmpeg-wasm,pass,format check: none,ca5b9a53e93a,mp3 to aac,exact,,,3700,700,3,2300,1000,ahrefs-2026-01,,
mp3-to-aiff,live,convert,mp3,aiff,client-only,ffmpeg-wasm,pass,format check: signature,ca5b9a53e93a,mp3 to aiff,exact,,,1100,350,0,500,350,ahrefs-2026-01,,
mp3-to-alac,live,convert,mp3,alac,client-only,ffmpeg-wasm,pass,format check: none,ca5b9a53e93a,,,,,,,,,,,,
mp3-to-amr,live,convert,mp3,amr,client-only,ffmpeg-wasm,error,FFmpeg failed with exit code 1 [Unknown encoder 'libopencore_amrnb'],ca5b9a53e93a,mp3 to amr,exact,,,500,40,0,150,20,ahrefs-2026-01,,
mp3-to-au,live,convert,mp3,au,client-only,ffmpeg-wasm,pass,format check: none,ca5b9a53e93a,mp3 to au,exact,,,30,10,,,,ahrefs-2026-01,,
mp3-to-caf,live,convert,mp3,caf,client-only,ffmpeg-wasm,pass,format check: none,ca5b9a53e93a,mp3 to caf,exact,,,150,20,,,,ahrefs-2026-01,,
mp3-to-cdda,live,convert,mp3,cdda,client-only,ffmpeg-wasm,pass,format check: none,ca5b9a53e93a,mp3 to cdda,exact,,,70,20,,,,ahrefs-2026-01,,
,not built,convert,mp3,dts,,,,,,mp3 to dts,none,,,30,,,,,ahrefs-2026-01,,
mp3-to-flac,live,convert,mp3,flac,client-only,ffmpeg-wasm,pass,format check: signature,ca5b9a53e93a,mp3 to flac,exact,,,3600,700,1,2300,1300,ahrefs-2026-01,,
,not built,convert,mp3,fssd,,,,,,mp3 to fssd,none,,,,,,,,ahrefs-2026-01,,
mp3-to-m4a,live,convert,mp3,m4a,client-only,ffmpeg-wasm,pass,format check: signature,ca5b9a53e93a,mp3 to m4a,exact,,,11000,2900,5,9400,4100,ahrefs-2026-01,,
mp3-to-m4r,live,convert,mp3,m4r,client-only,ffmpeg-wasm,pass,format check: signature,ca5b9a53e93a,mp3 to m4r,exact,,,5100,1700,2,3900,2300,ahrefs-2026-01,,
mp3-to-mp2,live,convert,mp3,mp2,client-only,ffmpeg-wasm,pass,format check: none,ca5b9a53e93a,mp3 to mp2,exact,,,250,40,0,60,30,ahrefs-2026-01,,
mp3-to-mp4,live,convert,mp3,mp4,client-only,ffmpeg-wasm,pass,format check: signature,ca5b9a53e93a,mp3 to mp4,exact,,,69000,17000,12,54000,11000,ahrefs-2026-01,,
mp3-to-oga,live,convert,mp3,oga,client-only,ffmpeg-wasm,pass,format check: signature,ca5b9a53e93a,mp3 to oga,exact,,,150,30,1,10,10,ahrefs-2026-01,,
mp3-to-ogg,live,convert,mp3,ogg,client-only,ffmpeg-wasm,pass,format check: signature,ca5b9a53e93a,mp3 to ogg,exact,,,48000,16000,8,37000,21000,ahrefs-2026-01,,
mp3-to-opus,live,convert,mp3,opus,client-only,ffmpeg-wasm,pass,format check: signature,ca5b9a53e93a,mp3 to opus,exact,,,4500,400,3,400,100,ahrefs-2026-01,,
,not built,convert,mp3,ra,,,,,,mp3 to ra,none,,,10,,,,,ahrefs-2026-01,,
,not built,convert,mp3,sd2,,,,,,mp3 to sd2,none,,,,,,,,ahrefs-2026-01,,
mp3-to-transcript,live,convert,mp3,txt,unknown,,skipped,transcription: downloads a speech model and runs for minutes per file; measure it in a separate run,ca5b9a53e93a,,,,,,,,,,,,
mp3-to-wav,live,convert,mp3,wav,client-only,ffmpeg-wasm,pass,format check: signature,ca5b9a53e93a,mp3 to wav,exact,,,156000,41000,12,178000,65000,ahrefs-2026-01,,
mp3-to-webm,live,convert,mp3,webm,client-only,ffmpeg-wasm,pass,format check: signature,ca5b9a53e93a,mp3 to webm,exact,,,500,150,0,150,100,ahrefs-2026-01,,
mp3-to-wma,live,convert,mp3,wma,client-only,ffmpeg-wasm,pass,format check: none,ca5b9a53e93a,mp3 to wma,exact,,,1400,200,0,800,300,ahrefs-2026-01,,
mp4-to-3gp,live,convert,mp4,3gp,client-only,ffmpeg-wasm,pass,format check: signature,5a318b697fbf,mp4 to 3gp,exact,,,2400,200,3,6800,150,ahrefs-2026-01,,
mp4-to-aac,live,convert,mp4,aac,client-only,ffmpeg-wasm,pass,format check: none,ca5b9a53e93a,mp4 to aac,exact,,,700,100,0,200,80,ahrefs-2026-01,,
mp4-to-aiff,live,convert,mp4,aiff,client-only,ffmpeg-wasm,pass,format check: signature,ca5b9a53e93a,mp4 to aiff,exact,,,150,60,0,90,30,ahrefs-2026-01,,
mp4-to-alac,live,convert,mp4,alac,client-only,ffmpeg-wasm,pass,format check: none,ca5b9a53e93a,,,,,,,,,,,,
,not built,convert,mp4,amb,,,,,,mp4 to amb,none,,,,,,,,ahrefs-2026-01,,
mp4-to-amr,live,convert,mp4,amr,client-only,ffmpeg-wasm,error,FFmpeg failed with exit code 1 [Unknown encoder 'libopencore_amrnb'],ca5b9a53e93a,mp4 to amr,exact,,,100,10,,,,ahrefs-2026-01,,
mp4-to-asf,live,convert,mp4,asf,client-only,ffmpeg-wasm,pass,format check: none,ca5b9a53e93a,mp4 to asf,exact,,,100,20,0,10,10,ahrefs-2026-01,,
mp4-to-au,live,convert,mp4,au,client-only,ffmpeg-wasm,pass,format check: none,ca5b9a53e93a,,,,,,,,,,,,
mp4-to-av1,live,convert,mp4,av1,client-only,ffmpeg-wasm + webcodecs,pass,format check: signature,d0d2843e65ce,mp4 to av1,exact,,,250,50,,,,ahrefs-2026-01,,
mp4-to-avchd,live,convert,mp4,avchd,client-only,ffmpeg-wasm,pass,format check: none,ca5b9a53e93a,mp4 to avchd,exact,,,100,40,0,40,40,ahrefs-2026-01,,
mp4-to-avi,live,convert,mp4,avi,client-only,ffmpeg-wasm,pass,format check: signature,ca5b9a53e93a,,,,,,,,,,,,
mp4-to-caf,live,convert,mp4,caf,client-only,ffmpeg-wasm,pass,format check: none,ca5b9a53e93a,,,,,,,,,,,,
mp4-to-cdda,live,convert,mp4,cdda,client-only,ffmpeg-wasm,pass,format check: none,ca5b9a53e93a,mp4 to cdda,exact,,,,,,,,ahrefs-2026-01,,
mp4-to-divx,live,convert,mp4,divx,client-only,ffmpeg-wasm,pass,format check: none,ca5b9a53e93a,mp4 to divx,exact,,,700,80,0,200,70,ahrefs-2026-01,,
mp4-to-f4v,live,convert,mp4,f4v,client-only,ffmpeg-wasm,pass,format check: none,ca5b9a53e93a,mp4 to f4v,exact,,,30,10,,,,ahrefs-2026-01,,
mp4-to-flac,live,convert,mp4,flac,client-only,ffmpeg-wasm,pass,format check: signature,ca5b9a53e93a,mp4 to flac,exact,,,900,300,0,300,150,ahrefs-2026-01,,
mp4-to-flv,live,convert,mp4,flv,client-only,ffmpeg-wasm,pass,format check: signature,ca5b9a53e93a,mp4 to flv,exact,,,1100,250,3,800,400,ahrefs-2026-01,,
mp4-to-gif,live,convert,mp4,gif,client-only,ffmpeg-wasm,pass,format check: signature,ca5b9a53e93a,mp4 to gif,exact,,,383000,102000,47,600000,246000,ahrefs-2026-01,,
mp4-to-hevc,live,convert,mp4,hevc,client-only,ffmpeg-wasm + webcodecs,pass,format check: signature,d0d2843e65ce,mp4 to hevc,exact,,,1300,200,0,350,70,ahrefs-2026-01,,
mp4-to-m2ts,live,convert,mp4,m2ts,client-only,ffmpeg-wasm,pass,format check: none,ca5b9a53e93a,mp4 to m2ts,exact,,,20,10,,,,ahrefs-2026-01,,
mp4-to-m4a,live,convert,mp4,m4a,client-only,ffmpeg-wasm,pass,format check: signature,ca5b9a53e93a,mp4 to m4a,exact,,,3600,700,1,1700,700,ahrefs-2026-01,,
mp4-to-m4r,live,convert,mp4,m4r,client-only,ffmpeg-wasm,pass,format check: signature,ca5b9a53e93a,mp4 to m4r,exact,,,400,150,0,100,90,ahrefs-2026-01,,
mp4-to-m4v,live,convert,mp4,m4v,client-only,ffmpeg-wasm,pass,format check: signature,ca5b9a53e93a,mp4 to m4v,exact,,,800,150,0,100,80,ahrefs-2026-01,,
mp4-to-mjpeg,live,convert,mp4,mjpeg,client-only,ffmpeg-wasm,pass,format check: none,ca5b9a53e93a,mp4 to mjpeg,exact,,,250,70,0,70,70,ahrefs-2026-01,,
mp4-to-mkv,live,convert,mp4,mkv,client-only,ffmpeg-wasm,pass,format check: signature,ca5b9a53e93a,mp4 to mkv,exact,,,7000,900,1,5000,900,ahrefs-2026-01,,
mp4-to-mov,live,convert,mp4,mov,client-only,ffmpeg-wasm,pass,format check: signature,ca5b9a53e93a,mp4 to mov,exact,,,50000,9400,9,57000,16000,ahrefs-2026-01,,
mp4-to-mp2,live,convert,mp4,mp2,client-only,ffmpeg-wasm,pass,format check: none,ca5b9a53e93a,mp4 to mp2,exact,,,600,200,0,80,50,ahrefs-2026-01,,
mp4-to-mp3,live,convert,mp4,mp3,client-only,ffmpeg-wasm,pass,format check: signature,ca5b9a53e93a,mp4 to mp3,exact,,,934000,156000,53,1320000,250000,ahrefs-2026-01,,
mp4-to-mpeg,live,convert,mp4,mpeg,client-only,ffmpeg-wasm,pass,format check: none,ca5b9a53e93a,mp4 to mpeg,exact,,,3900,450,1,2800,1000,ahrefs-2026-01,,
mp4-to-mpeg2,live,convert,mp4,mpeg2,client-only,ffmpeg-wasm,pass,format check: none,ca5b9a53e93a,mp4 to mpeg2,exact,,,600,200,0,250,200,ahrefs-2026-01,,
mp4-to-mpg,live,convert,mp4,mpg,client-only,ffmpeg-wasm,pass,format check: none,ca5b9a53e93a,mp4 to mpg,exact,,,2300,250,0,1200,250,ahrefs-2026-01,,
mp4-to-mts,live,convert,mp4,mts,client-only,ffmpeg-wasm,pass,format check: none,ca5b9a53e93a,mp4 to mts,exact,,,150,20,0,30,10,ahrefs-2026-01,,
mp4-to-mxf,live,convert,mp4,mxf,client-only,ffmpeg-wasm,pass,format check: none,5a318b697fbf,mp4 to mxf,exact,,,300,40,0,20,20,ahrefs-2026-01,,
mp4-to-oga,live,convert,mp4,oga,client-only,ffmpeg-wasm,pass,format check: signature,ca5b9a53e93a,,,,,,,,,,,,
mp4-to-ogg,live,convert,mp4,ogg,client-only,ffmpeg-wasm,pass,format check: signature,ca5b9a53e93a,mp4 to ogg,exact,,,6700,1900,2,2100,800,ahrefs-2026-01,,
mp4-to-ogv,live,convert,mp4,ogv,client-only,ffmpeg-wasm,pass,format check: signature,ca5b9a53e93a,mp4 to ogv,exact,,,1700,350,1,300,200,ahrefs-2026-01,,
mp4-to-opus,live,convert,mp4,opus,client-only,ffmpeg-wasm,pass,format check: signature,ca5b9a53e93a,mp4 to opus,exact,,,450,90,,,,ahrefs-2026-01,,
mp4-to-rm,live,convert,mp4,rm,server-first-client-fallback,"server-video, then ffmpeg-wasm",pass,format check: none,ca5b9a53e93a,mp4 to rm,exact,,,20,10,,,,ahrefs-2026-01,,
mp4-to-rmvb,retired,convert,mp4,rmvb,unknown,,not swept,the sweep runs live Tools only,,mp4 to rmvb,exact,,,70,10,0,20,10,ahrefs-2026-01,,
mp4-to-swf,live,convert,mp4,swf,client-only,ffmpeg-wasm,pass,format check: none,ca5b9a53e93a,mp4 to swf,exact,,,600,100,3,250,150,ahrefs-2026-01,,
mp4-to-transcript,live,convert,mp4,txt,unknown,,skipped,transcription: downloads a speech model and runs for minutes per file; measure it in a separate run,ca5b9a53e93a,,,,,,,,,,,,
mp4-to-ts,live,convert,mp4,ts,client-only,ffmpeg-wasm,pass,format check: none,ca5b9a53e93a,mp4 to ts,exact,,,350,30,1,300,20,ahrefs-2026-01,,
mp4-to-vob,live,convert,mp4,vob,client-only,ffmpeg-wasm,pass,format check: none,ca5b9a53e93a,mp4 to vob,exact,,,600,150,0,350,250,ahrefs-2026-01,,
,not built,convert,mp4,w64,,,,,,mp4 to w64,none,,,,,,,,ahrefs-2026-01,,
mp4-to-wav,live,convert,mp4,wav,client-only,ffmpeg-wasm,pass,format check: signature,ca5b9a53e93a,mp4 to wav,exact,,,66000,17000,6,33000,9300,ahrefs-2026-01,,
mp4-to-webm,live,convert,mp4,webm,client-only,ffmpeg-wasm,pass,format check: signature,ca5b9a53e93a,mp4 to webm,exact,,,40000,12000,7,22000,2600,ahrefs-2026-01,,
mp4-to-wma,live,convert,mp4,wma,client-only,ffmpeg-wasm,pass,format check: none,ca5b9a53e93a,mp4 to wma,exact,,,350,70,0,60,50,ahrefs-2026-01,,
mp4-to-wmv,live,convert,mp4,wmv,client-only,ffmpeg-wasm,pass,format check: none,ca5b9a53e93a,mp4 to wmv,exact,,,8600,1500,2,10000,2600,ahrefs-2026-01,,
,not built,convert,mp4,wtv,,,,,,mp4 to wtv,none,,,,,,,,ahrefs-2026-01,,
mpeg-to-3gp,live,convert,mpeg,3gp,client-only,ffmpeg-wasm,pass,format check: signature,5a318b697fbf,,,,,,,,,,,,
mpeg-to-aac,live,convert,mpeg,aac,client-only,ffmpeg-wasm,pass,format check: none,ca5b9a53e93a,,,,,,,,,,,,
mpeg-to-aiff,live,convert,mpeg,aiff,client-only,ffmpeg-wasm,pass,format check: signature,ca5b9a53e93a,,,,,,,,,,,,
mpeg-to-alac,live,convert,mpeg,alac,client-only,ffmpeg-wasm,pass,format check: none,ca5b9a53e93a,,,,,,,,,,,,
mpeg-to-amr,live,convert,mpeg,amr,client-only,ffmpeg-wasm,error,FFmpeg failed with exit code 1 [Unknown encoder 'libopencore_amrnb'],ca5b9a53e93a,,,,,,,,,,,,
mpeg-to-asf,live,convert,mpeg,asf,client-only,ffmpeg-wasm,pass,format check: none,ca5b9a53e93a,,,,,,,,,,,,
mpeg-to-au,live,convert,mpeg,au,client-only,ffmpeg-wasm,pass,format check: none,ca5b9a53e93a,,,,,,,,,,,,
mpeg-to-av1,live,convert,mpeg,av1,client-only,ffmpeg-wasm + webcodecs,pass,format check: signature,d0d2843e65ce,,,,,,,,,,,,
mpeg-to-avchd,live,convert,mpeg,avchd,client-only,ffmpeg-wasm,pass,format check: none,ca5b9a53e93a,,,,,,,,,,,,
mpeg-to-avi,live,convert,mpeg,avi,client-only,ffmpeg-wasm,pass,format check: signature,ca5b9a53e93a,mpeg to avi,exact,,,200,60,1,50,50,ahrefs-2026-01,,
mpeg-to-caf,live,convert,mpeg,caf,client-only,ffmpeg-wasm,pass,format check: none,ca5b9a53e93a,,,,,,,,,,,,
mpeg-to-cdda,live,convert,mpeg,cdda,client-only,ffmpeg-wasm,pass,format check: none,ca5b9a53e93a,,,,,,,,,,,,
mpeg-to-divx,live,convert,mpeg,divx,client-only,ffmpeg-wasm,pass,format check: none,ca5b9a53e93a,,,,,,,,,,,,
mpeg-to-f4v,live,convert,mpeg,f4v,client-only,ffmpeg-wasm,pass,format check: none,ca5b9a53e93a,,,,,,,,,,,,
mpeg-to-flac,live,convert,mpeg,flac,client-only,ffmpeg-wasm,pass,format check: signature,ca5b9a53e93a,,,,,,,,,,,,
mpeg-to-flv,live,convert,mpeg,flv,client-only,ffmpeg-wasm,pass,format check: signature,ca5b9a53e93a,,,,,,,,,,,,
mpeg-to-gif,live,convert,mpeg,gif,client-only,ffmpeg-wasm,pass,format check: signature,ca5b9a53e93a,mpeg to gif,exact,,,600,200,16,150,90,ahrefs-2026-01,,
mpeg-to-hevc,live,convert,mpeg,hevc,client-only,ffmpeg-wasm + webcodecs,pass,format check: signature,d0d2843e65ce,,,,,,,,,,,,
mpeg-to-m2ts,live,convert,mpeg,m2ts,client-only,ffmpeg-wasm,pass,format check: none,ca5b9a53e93a,,,,,,,,,,,,
mpeg-to-m4a,live,convert,mpeg,m4a,client-only,ffmpeg-wasm,pass,format check: signature,ca5b9a53e93a,,,,,,,,,,,,
mpeg-to-m4r,live,convert,mpeg,m4r,client-only,ffmpeg-wasm,pass,format check: signature,ca5b9a53e93a,,,,,,,,,,,,
mpeg-to-m4v,live,convert,mpeg,m4v,client-only,ffmpeg-wasm,pass,format check: signature,ca5b9a53e93a,,,,,,,,,,,,
mpeg-to-mjpeg,live,convert,mpeg,mjpeg,client-only,ffmpeg-wasm,pass,format check: none,ca5b9a53e93a,,,,,,,,,,,,
mpeg-to-mkv,live,convert,mpeg,mkv,client-only,ffmpeg-wasm,pass,format check: signature,ca5b9a53e93a,,,,,,,,,,,,
mpeg-to-mov,live,convert,mpeg,mov,client-only,ffmpeg-wasm,pass,format check: signature,ca5b9a53e93a,mpeg to mov,exact,,,450,150,0,100,100,ahrefs-2026-01,,
mpeg-to-mp2,live,convert,mpeg,mp2,client-only,ffmpeg-wasm,pass,format check: none,ca5b9a53e93a,,,,,,,,,,,,
mpeg-to-mp3,live,convert,mpeg,mp3,client-only,ffmpeg-wasm,pass,format check: signature,ca5b9a53e93a,mpeg to mp3,exact,,,55000,4000,3,32000,3100,ahrefs-2026-01,,
mpeg-to-mp4,live,convert,mpeg,mp4,client-only,ffmpeg-wasm,pass,format check: signature,ca5b9a53e93a,mpeg to mp4,exact,,,21000,1900,3,18000,4600,ahrefs-2026-01,,
mpeg-to-mpeg2,live,convert,mpeg,mpeg2,client-only,ffmpeg-wasm,pass,format check: none,ca5b9a53e93a,mpeg to mpeg2,exact,,,,,,,,ahrefs-2026-01,,
mpeg-to-mpg,live,convert,mpeg,mpg,client-only,ffmpeg-wasm,pass,format check: none,ca5b9a53e93a,,,,,,,,,,,,
mpeg-to-mts,live,convert,mpeg,mts,client-only,ffmpeg-wasm,pass,format check: none,ca5b9a53e93a,,,,,,,,,,,,
mpeg-to-mxf,live,convert,mpeg,mxf,client-only,ffmpeg-wasm,pass,format check: none,5a318b697fbf,,,,,,,,,,,,
mpeg-to-oga,live,convert,mpeg,oga,client-only,ffmpeg-wasm,pass,format check: signature,ca5b9a53e93a,,,,,,,,,,,,
mpeg-to-ogg,live,convert,mpeg,ogg,client-only,ffmpeg-wasm,pass,format check: signature,ca5b9a53e93a,,,,,,,,,,,,
mpeg-to-opus,live,convert,mpeg,opus,client-only,ffmpeg-wasm,pass,format check: signature,ca5b9a53e93a,,,,,,,,,,,,
mpeg-to-rm,live,convert,mpeg,rm,server-first-client-fallback,"server-video, then ffmpeg-wasm",pass,format check: none,ca5b9a53e93a,,,,,,,,,,,,
mpeg-to-rmvb,retired,convert,mpeg,rmvb,unknown,,not swept,the sweep runs live Tools only,,,,,,,,,,,,,
mpeg-to-ts,live,convert,mpeg,ts,client-only,ffmpeg-wasm,pass,format check: none,ca5b9a53e93a,,,,,,,,,,,,
mpeg-to-vob,live,convert,mpeg,vob,client-only,ffmpeg-wasm,pass,format check: none,ca5b9a53e93a,,,,,,,,,,,,
mpeg-to-wav,live,convert,mpeg,wav,client-only,ffmpeg-wasm,pass,format check: signature,ca5b9a53e93a,mpeg to wav,exact,,,3600,300,0,1500,200,ahrefs-2026-01,,
mpeg-to-webm,live,convert,mpeg,webm,client-only,ffmpeg-wasm,pass,format check: signature,ca5b9a53e93a,,,,,,,,,,,,
mpeg-to-wma,live,convert,mpeg,wma,client-only,ffmpeg-wasm,pass,format check: none,ca5b9a53e93a,,,,,,,,,,,,
mpeg-to-wmv,live,convert,mpeg,wmv,client-only,ffmpeg-wasm,pass,format check: none,ca5b9a53e93a,mpeg to wmv,exact,,,30,10,,,,ahrefs-2026-01,,
mpeg2-to-3gp,live,convert,mpeg2,3gp,client-only,ffmpeg-wasm,no_fixture,no ready mpeg2 fixture in fixture-matrix.json,ca5b9a53e93a,,,,,,,,,,,,
mpeg2-to-aac,live,convert,mpeg2,aac,client-only,ffmpeg-wasm,no_fixture,no ready mpeg2 fixture in fixture-matrix.json,ca5b9a53e93a,,,,,,,,,,,,
mpeg2-to-aiff,live,convert,mpeg2,aiff,client-only,ffmpeg-wasm,no_fixture,no ready mpeg2 fixture in fixture-matrix.json,ca5b9a53e93a,,,,,,,,,,,,
mpeg2-to-alac,live,convert,mpeg2,alac,client-only,ffmpeg-wasm,no_fixture,no ready mpeg2 fixture in fixture-matrix.json,ca5b9a53e93a,,,,,,,,,,,,
mpeg2-to-amr,live,convert,mpeg2,amr,client-only,ffmpeg-wasm,no_fixture,no ready mpeg2 fixture in fixture-matrix.json,ca5b9a53e93a,,,,,,,,,,,,
mpeg2-to-asf,live,convert,mpeg2,asf,client-only,ffmpeg-wasm,no_fixture,no ready mpeg2 fixture in fixture-matrix.json,ca5b9a53e93a,,,,,,,,,,,,
mpeg2-to-au,live,convert,mpeg2,au,client-only,ffmpeg-wasm,no_fixture,no ready mpeg2 fixture in fixture-matrix.json,ca5b9a53e93a,,,,,,,,,,,,
mpeg2-to-av1,live,convert,mpeg2,av1,client-only,ffmpeg-wasm + webcodecs,no_fixture,no ready mpeg2 fixture in fixture-matrix.json,d0d2843e65ce,,,,,,,,,,,,
mpeg2-to-avchd,live,convert,mpeg2,avchd,client-only,ffmpeg-wasm,no_fixture,no ready mpeg2 fixture in fixture-matrix.json,ca5b9a53e93a,,,,,,,,,,,,
mpeg2-to-avi,live,convert,mpeg2,avi,client-only,ffmpeg-wasm,no_fixture,no ready mpeg2 fixture in fixture-matrix.json,ca5b9a53e93a,mpeg2 to avi,exact,,,,,,,,ahrefs-2026-01,,
mpeg2-to-caf,live,convert,mpeg2,caf,client-only,ffmpeg-wasm,no_fixture,no ready mpeg2 fixture in fixture-matrix.json,ca5b9a53e93a,,,,,,,,,,,,
mpeg2-to-cdda,live,convert,mpeg2,cdda,client-only,ffmpeg-wasm,no_fixture,no ready mpeg2 fixture in fixture-matrix.json,ca5b9a53e93a,,,,,,,,,,,,
mpeg2-to-divx,live,convert,mpeg2,divx,client-only,ffmpeg-wasm,no_fixture,no ready mpeg2 fixture in fixture-matrix.json,ca5b9a53e93a,,,,,,,,,,,,
mpeg2-to-f4v,live,convert,mpeg2,f4v,client-only,ffmpeg-wasm,no_fixture,no ready mpeg2 fixture in fixture-matrix.json,ca5b9a53e93a,,,,,,,,,,,,
mpeg2-to-flac,live,convert,mpeg2,flac,client-only,ffmpeg-wasm,no_fixture,no ready mpeg2 fixture in fixture-matrix.json,ca5b9a53e93a,,,,,,,,,,,,
mpeg2-to-flv,live,convert,mpeg2,flv,client-only,ffmpeg-wasm,no_fixture,no ready mpeg2 fixture in fixture-matrix.json,ca5b9a53e93a,,,,,,,,,,,,
mpeg2-to-gif,live,convert,mpeg2,gif,client-only,ffmpeg-wasm,no_fixture,no ready mpeg2 fixture in fixture-matrix.json,ca5b9a53e93a,mpeg2 to gif,exact,,,,,,,,ahrefs-2026-01,,
mpeg2-to-hevc,live,convert,mpeg2,hevc,client-only,ffmpeg-wasm + webcodecs,no_fixture,no ready mpeg2 fixture in fixture-matrix.json,d0d2843e65ce,,,,,,,,,,,,
mpeg2-to-m2ts,live,convert,mpeg2,m2ts,client-only,ffmpeg-wasm,no_fixture,no ready mpeg2 fixture in fixture-matrix.json,ca5b9a53e93a,,,,,,,,,,,,
mpeg2-to-m4a,live,convert,mpeg2,m4a,client-only,ffmpeg-wasm,no_fixture,no ready mpeg2 fixture in fixture-matrix.json,ca5b9a53e93a,,,,,,,,,,,,
mpeg2-to-m4r,live,convert,mpeg2,m4r,client-only,ffmpeg-wasm,no_fixture,no ready mpeg2 fixture in fixture-matrix.json,ca5b9a53e93a,,,,,,,,,,,,
mpeg2-to-m4v,live,convert,mpeg2,m4v,client-only,ffmpeg-wasm,no_fixture,no ready mpeg2 fixture in fixture-matrix.json,ca5b9a53e93a,,,,,,,,,,,,
mpeg2-to-mjpeg,live,convert,mpeg2,mjpeg,client-only,ffmpeg-wasm,no_fixture,no ready mpeg2 fixture in fixture-matrix.json,ca5b9a53e93a,,,,,,,,,,,,
mpeg2-to-mkv,live,convert,mpeg2,mkv,client-only,ffmpeg-wasm,no_fixture,no ready mpeg2 fixture in fixture-matrix.json,ca5b9a53e93a,,,,,,,,,,,,
mpeg2-to-mov,live,convert,mpeg2,mov,client-only,ffmpeg-wasm,no_fixture,no ready mpeg2 fixture in fixture-matrix.json,ca5b9a53e93a,,,,,,,,,,,,
mpeg2-to-mp2,live,convert,mpeg2,mp2,client-only,ffmpeg-wasm,no_fixture,no ready mpeg2 fixture in fixture-matrix.json,ca5b9a53e93a,,,,,,,,,,,,
mpeg2-to-mp3,live,convert,mpeg2,mp3,client-only,ffmpeg-wasm,no_fixture,no ready mpeg2 fixture in fixture-matrix.json,ca5b9a53e93a,mpeg2 to mp3,exact,,,10,,,,,ahrefs-2026-01,,
mpeg2-to-mp4,live,convert,mpeg2,mp4,client-only,ffmpeg-wasm,no_fixture,no ready mpeg2 fixture in fixture-matrix.json,ca5b9a53e93a,mpeg2 to mp4,exact,,,300,70,4,18000,4600,ahrefs-2026-01,,
mpeg2-to-mpeg,live,convert,mpeg2,mpeg,client-only,ffmpeg-wasm,no_fixture,no ready mpeg2 fixture in fixture-matrix.json,ca5b9a53e93a,,,,,,,,,,,,
mpeg2-to-mpg,live,convert,mpeg2,mpg,client-only,ffmpeg-wasm,no_fixture,no ready mpeg2 fixture in fixture-matrix.json,ca5b9a53e93a,,,,,,,,,,,,
mpeg2-to-mts,live,convert,mpeg2,mts,client-only,ffmpeg-wasm,no_fixture,no ready mpeg2 fixture in fixture-matrix.json,ca5b9a53e93a,,,,,,,,,,,,
mpeg2-to-mxf,live,convert,mpeg2,mxf,client-only,ffmpeg-wasm,no_fixture,no ready mpeg2 fixture in fixture-matrix.json,56f3f6e87c66,,,,,,,,,,,,
mpeg2-to-oga,live,convert,mpeg2,oga,client-only,ffmpeg-wasm,no_fixture,no ready mpeg2 fixture in fixture-matrix.json,ca5b9a53e93a,,,,,,,,,,,,
mpeg2-to-ogg,live,convert,mpeg2,ogg,client-only,ffmpeg-wasm,no_fixture,no ready mpeg2 fixture in fixture-matrix.json,ca5b9a53e93a,,,,,,,,,,,,
mpeg2-to-opus,live,convert,mpeg2,opus,client-only,ffmpeg-wasm,no_fixture,no ready mpeg2 fixture in fixture-matrix.json,ca5b9a53e93a,,,,,,,,,,,,
mpeg2-to-rm,live,convert,mpeg2,rm,server-first-client-fallback,"server-video, then ffmpeg-wasm",no_fixture,no ready mpeg2 fixture in fixture-matrix.json,ca5b9a53e93a,,,,,,,,,,,,
mpeg2-to-rmvb,live,convert,mpeg2,rmvb,server-first-client-fallback,"server-video, then ffmpeg-wasm",no_fixture,no ready mpeg2 fixture in fixture-matrix.json,ca5b9a53e93a,,,,,,,,,,,,
mpeg2-to-ts,live,convert,mpeg2,ts,client-only,ffmpeg-wasm,no_fixture,no ready mpeg2 fixture in fixture-matrix.json,ca5b9a53e93a,,,,,,,,,,,,
mpeg2-to-vob,live,convert,mpeg2,vob,client-only,ffmpeg-wasm,no_fixture,no ready mpeg2 fixture in fixture-matrix.json,ca5b9a53e93a,,,,,,,,,,,,
mpeg2-to-wav,live,convert,mpeg2,wav,client-only,ffmpeg-wasm,no_fixture,no ready mpeg2 fixture in fixture-matrix.json,ca5b9a53e93a,mpeg2 to wav,exact,,,,,,,,ahrefs-2026-01,,
mpeg2-to-webm,live,convert,mpeg2,webm,client-only,ffmpeg-wasm,no_fixture,no ready mpeg2 fixture in fixture-matrix.json,ca5b9a53e93a,,,,,,,,,,,,
mpeg2-to-wma,live,convert,mpeg2,wma,client-only,ffmpeg-wasm,no_fixture,no ready mpeg2 fixture in fixture-matrix.json,ca5b9a53e93a,,,,,,,,,,,,
,not built,convert,mpeg2,wmv,,,,,,mpeg2 to wmv,none,,,,,,,,ahrefs-2026-01,,
mpg-to-3gp,live,convert,mpg,3gp,client-only,ffmpeg-wasm,pass,format check: signature,5a318b697fbf,,,,,,,,,,,,
mpg-to-aac,live,convert,mpg,aac,client-only,ffmpeg-wasm,pass,format check: none,ca5b9a53e93a,,,,,,,,,,,,
mpg-to-aiff,live,convert,mpg,aiff,client-only,ffmpeg-wasm,pass,format check: signature,ca5b9a53e93a,,,,,,,,,,,,
mpg-to-alac,live,convert,mpg,alac,client-only,ffmpeg-wasm,pass,format check: none,ca5b9a53e93a,,,,,,,,,,,,
mpg-to-amr,live,convert,mpg,amr,client-only,ffmpeg-wasm,error,FFmpeg failed with exit code 1 [Unknown encoder 'libopencore_amrnb'],ca5b9a53e93a,,,,,,,,,,,,
mpg-to-asf,live,convert,mpg,asf,client-only,ffmpeg-wasm,pass,format check: none,ca5b9a53e93a,,,,,,,,,,,,
mpg-to-au,live,convert,mpg,au,client-only,ffmpeg-wasm,pass,format check: none,ca5b9a53e93a,,,,,,,,,,,,
mpg-to-av1,live,convert,mpg,av1,client-only,ffmpeg-wasm + webcodecs,pass,format check: signature,d0d2843e65ce,,,,,,,,,,,,
mpg-to-avchd,live,convert,mpg,avchd,client-only,ffmpeg-wasm,pass,format check: none,ca5b9a53e93a,,,,,,,,,,,,
mpg-to-avi,live,convert,mpg,avi,client-only,ffmpeg-wasm,pass,format check: signature,ca5b9a53e93a,mpg to avi,exact,,,350,90,0,40,30,ahrefs-2026-01,,
mpg-to-caf,live,convert,mpg,caf,client-only,ffmpeg-wasm,pass,format check: none,ca5b9a53e93a,,,,,,,,,,,,
mpg-to-cdda,live,convert,mpg,cdda,client-only,ffmpeg-wasm,pass,format check: none,ca5b9a53e93a,,,,,,,,,,,,
mpg-to-divx,live,convert,mpg,divx,client-only,ffmpeg-wasm,pass,format check: none,ca5b9a53e93a,,,,,,,,,,,,
mpg-to-f4v,live,convert,mpg,f4v,client-only,ffmpeg-wasm,pass,format check: none,ca5b9a53e93a,,,,,,,,,,,,
mpg-to-flac,live,convert,mpg,flac,client-only,ffmpeg-wasm,pass,format check: signature,ca5b9a53e93a,,,,,,,,,,,,
mpg-to-flv,live,convert,mpg,flv,client-only,ffmpeg-wasm,pass,format check: signature,ca5b9a53e93a,,,,,,,,,,,,
mpg-to-gif,live,convert,mpg,gif,client-only,ffmpeg-wasm,pass,format check: signature,ca5b9a53e93a,mpg to gif,exact,,,300,150,5,70,70,ahrefs-2026-01,,
mpg-to-hevc,live,convert,mpg,hevc,client-only,ffmpeg-wasm + webcodecs,pass,format check: signature,d0d2843e65ce,,,,,,,,,,,,
mpg-to-m2ts,live,convert,mpg,m2ts,client-only,ffmpeg-wasm,pass,format check: none,ca5b9a53e93a,,,,,,,,,,,,
mpg-to-m4a,live,convert,mpg,m4a,client-only,ffmpeg-wasm,pass,format check: signature,ca5b9a53e93a,,,,,,,,,,,,
mpg-to-m4r,live,convert,mpg,m4r,client-only,ffmpeg-wasm,pass,format check: signature,ca5b9a53e93a,,,,,,,,,,,,
mpg-to-m4v,live,convert,mpg,m4v,client-only,ffmpeg-wasm,pass,format check: signature,ca5b9a53e93a,,,,,,,,,,,,
mpg-to-mjpeg,live,convert,mpg,mjpeg,client-only,ffmpeg-wasm,pass,format check: none,ca5b9a53e93a,,,,,,,,,,,,
mpg-to-mkv,live,convert,mpg,mkv,client-only,ffmpeg-wasm,pass,format check: signature,ca5b9a53e93a,,,,,,,,,,,,
mpg-to-mov,live,convert,mpg,mov,client-only,ffmpeg-wasm,pass,format check: signature,ca5b9a53e93a,mpg to mov,exact,,,600,200,0,150,100,ahrefs-2026-01,,
mpg-to-mp2,live,convert,mpg,mp2,client-only,ffmpeg-wasm,pass,format check: none,ca5b9a53e93a,,,,,,,,,,,,
mpg-to-mp3,live,convert,mpg,mp3,client-only,ffmpeg-wasm,pass,format check: signature,ca5b9a53e93a,mpg to mp3,exact,,,800,60,0,250,60,ahrefs-2026-01,,
mpg-to-mp4,live,convert,mpg,mp4,client-only,ffmpeg-wasm,pass,format check: signature,ca5b9a53e93a,mpg to mp4,exact,,,13000,1800,1,7900,1300,ahrefs-2026-01,,
mpg-to-mpeg,live,convert,mpg,mpeg,client-only,ffmpeg-wasm,pass,format check: none,ca5b9a53e93a,,,,,,,,,,,,
mpg-to-mpeg2,live,convert,mpg,mpeg2,client-only,ffmpeg-wasm,pass,format check: none,ca5b9a53e93a,,,,,,,,,,,,
mpg-to-mts,live,convert,mpg,mts,client-only,ffmpeg-wasm,pass,format check: none,ca5b9a53e93a,,,,,,,,,,,,
mpg-to-mxf,live,convert,mpg,mxf,client-only,ffmpeg-wasm,pass,format check: none,5a318b697fbf,,,,,,,,,,,,
mpg-to-oga,live,convert,mpg,oga,client-only,ffmpeg-wasm,pass,format check: signature,ca5b9a53e93a,,,,,,,,,,,,
mpg-to-ogg,live,convert,mpg,ogg,client-only,ffmpeg-wasm,pass,format check: signature,ca5b9a53e93a,,,,,,,,,,,,
mpg-to-opus,live,convert,mpg,opus,client-only,ffmpeg-wasm,pass,format check: signature,ca5b9a53e93a,,,,,,,,,,,,
mpg-to-rm,live,convert,mpg,rm,server-first-client-fallback,"server-video, then ffmpeg-wasm",pass,format check: none,ca5b9a53e93a,,,,,,,,,,,,
mpg-to-rmvb,retired,convert,mpg,rmvb,unknown,,not swept,the sweep runs live Tools only,,,,,,,,,,,,,
mpg-to-ts,live,convert,mpg,ts,client-only,ffmpeg-wasm,pass,format check: none,ca5b9a53e93a,,,,,,,,,,,,
mpg-to-vob,live,convert,mpg,vob,client-only,ffmpeg-wasm,pass,format check: none,ca5b9a53e93a,,,,,,,,,,,,
mpg-to-wav,live,convert,mpg,wav,client-only,ffmpeg-wasm,pass,format check: signature,ca5b9a53e93a,,,,,,,,,,,,
mpg-to-webm,live,convert,mpg,webm,client-only,ffmpeg-wasm,pass,format check: signature,ca5b9a53e93a,,,,,,,,,,,,
mpg-to-wma,live,convert,mpg,wma,client-only,ffmpeg-wasm,pass,format check: none,ca5b9a53e93a,,,,,,,,,,,,
mpg-to-wmv,live,convert,mpg,wmv,client-only,ffmpeg-wasm,pass,format check: none,ca5b9a53e93a,mpg to wmv,exact,,,50,30,,,,ahrefs-2026-01,,
mpv-to-mp4,live,convert,mpv,mp4,client-only,ffmpeg-wasm,pass,format check: signature,ca5b9a53e93a,mpv to mp4,exact,,,1100,250,0,300,150,ahrefs-2026-01,,
mts-to-3gp,live,convert,mts,3gp,client-only,ffmpeg-wasm,no_fixture,no ready mts fixture in fixture-matrix.json,ca5b9a53e93a,,,,,,,,,,,,
mts-to-aac,live,convert,mts,aac,client-only,ffmpeg-wasm,no_fixture,no ready mts fixture in fixture-matrix.json,ca5b9a53e93a,,,,,,,,,,,,
mts-to-aiff,live,convert,mts,aiff,client-only,ffmpeg-wasm,no_fixture,no ready mts fixture in fixture-matrix.json,ca5b9a53e93a,,,,,,,,,,,,
mts-to-alac,live,convert,mts,alac,client-only,ffmpeg-wasm,no_fixture,no ready mts fixture in fixture-matrix.json,ca5b9a53e93a,,,,,,,,,,,,
mts-to-amr,live,convert,mts,amr,client-only,ffmpeg-wasm,no_fixture,no ready mts fixture in fixture-matrix.json,ca5b9a53e93a,,,,,,,,,,,,
mts-to-asf,live,convert,mts,asf,client-only,ffmpeg-wasm,no_fixture,no ready mts fixture in fixture-matrix.json,ca5b9a53e93a,,,,,,,,,,,,
mts-to-au,live,convert,mts,au,client-only,ffmpeg-wasm,no_fixture,no ready mts fixture in fixture-matrix.json,ca5b9a53e93a,,,,,,,,,,,,
mts-to-av1,live,convert,mts,av1,client-only,ffmpeg-wasm + webcodecs,no_fixture,no ready mts fixture in fixture-matrix.json,d0d2843e65ce,,,,,,,,,,,,
mts-to-avchd,live,convert,mts,avchd,client-only,ffmpeg-wasm,no_fixture,no ready mts fixture in fixture-matrix.json,ca5b9a53e93a,,,,,,,,,,,,
mts-to-avi,live,convert,mts,avi,client-only,ffmpeg-wasm,no_fixture,no ready mts fixture in fixture-matrix.json,ca5b9a53e93a,,,,,,,,,,,,
mts-to-caf,live,convert,mts,caf,client-only,ffmpeg-wasm,no_fixture,no ready mts fixture in fixture-matrix.json,ca5b9a53e93a,,,,,,,,,,,,
mts-to-cdda,live,convert,mts,cdda,client-only,ffmpeg-wasm,no_fixture,no ready mts fixture in fixture-matrix.json,ca5b9a53e93a,,,,,,,,,,,,
mts-to-divx,live,convert,mts,divx,client-only,ffmpeg-wasm,no_fixture,no ready mts fixture in fixture-matrix.json,ca5b9a53e93a,,,,,,,,,,,,
mts-to-f4v,live,convert,mts,f4v,client-only,ffmpeg-wasm,no_fixture,no ready mts fixture in fixture-matrix.json,ca5b9a53e93a,,,,,,,,,,,,
mts-to-flac,live,convert,mts,flac,client-only,ffmpeg-wasm,no_fixture,no ready mts fixture in fixture-matrix.json,ca5b9a53e93a,,,,,,,,,,,,
mts-to-flv,live,convert,mts,flv,client-only,ffmpeg-wasm,no_fixture,no ready mts fixture in fixture-matrix.json,ca5b9a53e93a,,,,,,,,,,,,
mts-to-gif,live,convert,mts,gif,client-only,ffmpeg-wasm,no_fixture,no ready mts fixture in fixture-matrix.json,ca5b9a53e93a,,,,,,,,,,,,
mts-to-hevc,live,convert,mts,hevc,client-only,ffmpeg-wasm + webcodecs,no_fixture,no ready mts fixture in fixture-matrix.json,d0d2843e65ce,,,,,,,,,,,,
mts-to-m2ts,live,convert,mts,m2ts,client-only,ffmpeg-wasm,no_fixture,no ready mts fixture in fixture-matrix.json,ca5b9a53e93a,,,,,,,,,,,,
mts-to-m4a,live,convert,mts,m4a,client-only,ffmpeg-wasm,no_fixture,no ready mts fixture in fixture-matrix.json,ca5b9a53e93a,,,,,,,,,,,,
mts-to-m4r,live,convert,mts,m4r,client-only,ffmpeg-wasm,no_fixture,no ready mts fixture in fixture-matrix.json,ca5b9a53e93a,,,,,,,,,,,,
mts-to-m4v,live,convert,mts,m4v,client-only,ffmpeg-wasm,no_fixture,no ready mts fixture in fixture-matrix.json,ca5b9a53e93a,,,,,,,,,,,,
mts-to-mjpeg,live,convert,mts,mjpeg,client-only,ffmpeg-wasm,no_fixture,no ready mts fixture in fixture-matrix.json,ca5b9a53e93a,,,,,,,,,,,,
mts-to-mkv,live,convert,mts,mkv,client-only,ffmpeg-wasm,no_fixture,no ready mts fixture in fixture-matrix.json,ca5b9a53e93a,,,,,,,,,,,,
mts-to-mov,live,convert,mts,mov,client-only,ffmpeg-wasm,no_fixture,no ready mts fixture in fixture-matrix.json,ca5b9a53e93a,mts to mov,exact,,,600,150,0,150,100,ahrefs-2026-01,,
mts-to-mp2,live,convert,mts,mp2,client-only,ffmpeg-wasm,no_fixture,no ready mts fixture in fixture-matrix.json,ca5b9a53e93a,,,,,,,,,,,,
mts-to-mp3,live,convert,mts,mp3,client-only,ffmpeg-wasm,no_fixture,no ready mts fixture in fixture-matrix.json,ca5b9a53e93a,,,,,,,,,,,,
mts-to-mp4,live,convert,mts,mp4,client-only,ffmpeg-wasm,no_fixture,no ready mts fixture in fixture-matrix.json,ca5b9a53e93a,mts to mp4,exact,,,11000,1000,5,7200,900,ahrefs-2026-01,,
mts-to-mpeg,live,convert,mts,mpeg,client-only,ffmpeg-wasm,no_fixture,no ready mts fixture in fixture-matrix.json,ca5b9a53e93a,,,,,,,,,,,,
mts-to-mpeg2,live,convert,mts,mpeg2,client-only,ffmpeg-wasm,no_fixture,no ready mts fixture in fixture-matrix.json,ca5b9a53e93a,,,,,,,,,,,,
mts-to-mpg,live,convert,mts,mpg,client-only,ffmpeg-wasm,no_fixture,no ready mts fixture in fixture-matrix.json,ca5b9a53e93a,,,,,,,,,,,,
mts-to-mxf,live,convert,mts,mxf,client-only,ffmpeg-wasm,no_fixture,no ready mts fixture in fixture-matrix.json,56f3f6e87c66,,,,,,,,,,,,
mts-to-oga,live,convert,mts,oga,client-only,ffmpeg-wasm,no_fixture,no ready mts fixture in fixture-matrix.json,ca5b9a53e93a,,,,,,,,,,,,
mts-to-ogg,live,convert,mts,ogg,client-only,ffmpeg-wasm,no_fixture,no ready mts fixture in fixture-matrix.json,ca5b9a53e93a,,,,,,,,,,,,
mts-to-opus,live,convert,mts,opus,client-only,ffmpeg-wasm,no_fixture,no ready mts fixture in fixture-matrix.json,ca5b9a53e93a,,,,,,,,,,,,
mts-to-rm,live,convert,mts,rm,server-first-client-fallback,"server-video, then ffmpeg-wasm",no_fixture,no ready mts fixture in fixture-matrix.json,ca5b9a53e93a,,,,,,,,,,,,
mts-to-rmvb,live,convert,mts,rmvb,server-first-client-fallback,"server-video, then ffmpeg-wasm",no_fixture,no ready mts fixture in fixture-matrix.json,ca5b9a53e93a,,,,,,,,,,,,
mts-to-ts,live,convert,mts,ts,client-only,ffmpeg-wasm,no_fixture,no ready mts fixture in fixture-matrix.json,ca5b9a53e93a,,,,,,,,,,,,
mts-to-vob,live,convert,mts,vob,client-only,ffmpeg-wasm,no_fixture,no ready mts fixture in fixture-matrix.json,ca5b9a53e93a,,,,,,,,,,,,
mts-to-wav,live,convert,mts,wav,client-only,ffmpeg-wasm,no_fixture,no ready mts fixture in fixture-matrix.json,ca5b9a53e93a,,,,,,,,,,,,
mts-to-webm,live,convert,mts,webm,client-only,ffmpeg-wasm,no_fixture,no ready mts fixture in fixture-matrix.json,ca5b9a53e93a,,,,,,,,,,,,
mts-to-wma,live,convert,mts,wma,client-only,ffmpeg-wasm,no_fixture,no ready mts fixture in fixture-matrix.json,ca5b9a53e93a,,,,,,,,,,,,
mxf-to-3gp,live,convert,mxf,3gp,client-only,ffmpeg-wasm,pass,format check: signature,5a318b697fbf,,,,,,,,,,,,
mxf-to-aac,live,convert,mxf,aac,client-only,ffmpeg-wasm,pass,format check: none,ca5b9a53e93a,,,,,,,,,,,,
mxf-to-aiff,live,convert,mxf,aiff,client-only,ffmpeg-wasm,pass,format check: signature,ca5b9a53e93a,,,,,,,,,,,,
mxf-to-alac,live,convert,mxf,alac,client-only,ffmpeg-wasm,pass,format check: none,ca5b9a53e93a,,,,,,,,,,,,
mxf-to-amr,live,convert,mxf,amr,client-only,ffmpeg-wasm,error,FFmpeg failed with exit code 1 [Unknown encoder 'libopencore_amrnb'],ca5b9a53e93a,,,,,,,,,,,,
mxf-to-asf,live,convert,mxf,asf,client-only,ffmpeg-wasm,pass,format check: none,ca5b9a53e93a,,,,,,,,,,,,
mxf-to-au,live,convert,mxf,au,client-only,ffmpeg-wasm,pass,format check: none,ca5b9a53e93a,,,,,,,,,,,,
mxf-to-av1,live,convert,mxf,av1,client-only,ffmpeg-wasm + webcodecs,pass,format check: signature,d0d2843e65ce,,,,,,,,,,,,
mxf-to-avchd,live,convert,mxf,avchd,client-only,ffmpeg-wasm,pass,format check: none,ca5b9a53e93a,,,,,,,,,,,,
mxf-to-avi,live,convert,mxf,avi,client-only,ffmpeg-wasm,pass,format check: signature,ca5b9a53e93a,,,,,,,,,,,,
mxf-to-caf,live,convert,mxf,caf,client-only,ffmpeg-wasm,pass,format check: none,ca5b9a53e93a,,,,,,,,,,,,
mxf-to-cdda,live,convert,mxf,cdda,client-only,ffmpeg-wasm,pass,format check: none,ca5b9a53e93a,,,,,,,,,,,,
mxf-to-divx,live,convert,mxf,divx,client-only,ffmpeg-wasm,pass,format check: none,ca5b9a53e93a,,,,,,,,,,,,
mxf-to-f4v,live,convert,mxf,f4v,client-only,ffmpeg-wasm,pass,format check: none,ca5b9a53e93a,,,,,,,,,,,,
mxf-to-flac,live,convert,mxf,flac,client-only,ffmpeg-wasm,pass,format check: signature,ca5b9a53e93a,,,,,,,,,,,,
mxf-to-flv,live,convert,mxf,flv,client-only,ffmpeg-wasm,pass,format check: signature,ca5b9a53e93a,,,,,,,,,,,,
mxf-to-gif,live,convert,mxf,gif,client-only,ffmpeg-wasm,pass,format check: signature,ca5b9a53e93a,,,,,,,,,,,,
mxf-to-hevc,live,convert,mxf,hevc,client-only,ffmpeg-wasm + webcodecs,pass,format check: signature,d0d2843e65ce,,,,,,,,,,,,
mxf-to-m2ts,live,convert,mxf,m2ts,client-only,ffmpeg-wasm,pass,format check: none,ca5b9a53e93a,,,,,,,,,,,,
mxf-to-m4a,live,convert,mxf,m4a,client-only,ffmpeg-wasm,pass,format check: signature,ca5b9a53e93a,,,,,,,,,,,,
mxf-to-m4r,live,convert,mxf,m4r,client-only,ffmpeg-wasm,pass,format check: signature,ca5b9a53e93a,,,,,,,,,,,,
mxf-to-m4v,live,convert,mxf,m4v,client-only,ffmpeg-wasm,pass,format check: signature,ca5b9a53e93a,,,,,,,,,,,,
mxf-to-mjpeg,live,convert,mxf,mjpeg,client-only,ffmpeg-wasm,pass,format check: none,ca5b9a53e93a,,,,,,,,,,,,
mxf-to-mkv,live,convert,mxf,mkv,client-only,ffmpeg-wasm,pass,format check: signature,ca5b9a53e93a,,,,,,,,,,,,
mxf-to-mov,live,convert,mxf,mov,client-only,ffmpeg-wasm,pass,format check: signature,ca5b9a53e93a,mxf to mov,exact,,,250,90,0,70,70,ahrefs-2026-01,,
mxf-to-mp2,live,convert,mxf,mp2,client-only,ffmpeg-wasm,pass,format check: none,ca5b9a53e93a,,,,,,,,,,,,
mxf-to-mp3,live,convert,mxf,mp3,client-only,ffmpeg-wasm,pass,format check: signature,ca5b9a53e93a,,,,,,,,,,,,
mxf-to-mp4,live,convert,mxf,mp4,client-only,ffmpeg-wasm,pass,format check: signature,ca5b9a53e93a,mxf to mp4,exact,,,4700,900,6,2200,700,ahrefs-2026-01,,
mxf-to-mpeg,live,convert,mxf,mpeg,client-only,ffmpeg-wasm,pass,format check: none,ca5b9a53e93a,,,,,,,,,,,,
mxf-to-mpeg2,live,convert,mxf,mpeg2,client-only,ffmpeg-wasm,pass,format check: none,ca5b9a53e93a,,,,,,,,,,,,
mxf-to-mpg,live,convert,mxf,mpg,client-only,ffmpeg-wasm,pass,format check: none,ca5b9a53e93a,,,,,,,,,,,,
mxf-to-mts,live,convert,mxf,mts,client-only,ffmpeg-wasm,pass,format check: none,ca5b9a53e93a,,,,,,,,,,,,
mxf-to-oga,live,convert,mxf,oga,client-only,ffmpeg-wasm,pass,format check: signature,ca5b9a53e93a,,,,,,,,,,,,
mxf-to-ogg,live,convert,mxf,ogg,client-only,ffmpeg-wasm,pass,format check: signature,ca5b9a53e93a,,,,,,,,,,,,
mxf-to-opus,live,convert,mxf,opus,client-only,ffmpeg-wasm,pass,format check: signature,ca5b9a53e93a,,,,,,,,,,,,
mxf-to-rm,live,convert,mxf,rm,server-first-client-fallback,"server-video, then ffmpeg-wasm",pass,format check: none,ca5b9a53e93a,,,,,,,,,,,,
mxf-to-rmvb,retired,convert,mxf,rmvb,unknown,,not swept,the sweep runs live Tools only,,,,,,,,,,,,,
mxf-to-ts,live,convert,mxf,ts,client-only,ffmpeg-wasm,pass,format check: none,ca5b9a53e93a,,,,,,,,,,,,
mxf-to-vob,live,convert,mxf,vob,client-only,ffmpeg-wasm,pass,format check: none,ca5b9a53e93a,,,,,,,,,,,,
mxf-to-wav,live,convert,mxf,wav,client-only,ffmpeg-wasm,pass,format check: signature,ca5b9a53e93a,,,,,,,,,,,,
mxf-to-webm,live,convert,mxf,webm,client-only,ffmpeg-wasm,pass,format check: signature,ca5b9a53e93a,,,,,,,,,,,,
mxf-to-wma,live,convert,mxf,wma,client-only,ffmpeg-wasm,pass,format check: none,ca5b9a53e93a,,,,,,,,,,,,
mysql-to-csv,live,convert,mysql,csv,client-only,table-convert,no_fixture,no ready mysql fixture in fixture-matrix.json,ca5b9a53e93a,mysql to csv,exact,,,,,,,,ahrefs-2026-01,,
,not built,convert,mysql,excel,,,,,,mysql to excel,none,,,,,,,,ahrefs-2026-01,,
,not built,convert,mysql,json,,,,,,mysql to json,none,,,,,,,,ahrefs-2026-01,,
mysql-to-markdown,live,convert,mysql,markdown,client-only,table-convert,no_fixture,no ready mysql fixture in fixture-matrix.json,ca5b9a53e93a,,,,,,,,,,,,
,not built,convert,mysql,sql,,,,,,mysql to sql,none,,,,,,,,ahrefs-2026-01,,
nef-to-jpeg,live,convert,nef,jpeg,client-only,imagemagick-wasm,no_fixture,no ready nef fixture in fixture-matrix.json,ca5b9a53e93a,nef to jpeg,exact,,,1200,200,1,8000,1700,ahrefs-2026-01,,
nef-to-jpg,live,convert,nef,jpg,client-only,imagemagick-wasm,no_fixture,no ready nef fixture in fixture-matrix.json,ca5b9a53e93a,nef to jpg,exact,,,11000,1700,5,8000,1700,ahrefs-2026-01,,
nef-to-nef,retired,convert,nef,nef,unknown,,not swept,the sweep runs live Tools only,,nef to nef,exact,,yes,,,,,,ahrefs-2026-01,,
nef-to-orf,retired,convert,nef,orf,unknown,,not swept,the sweep runs live Tools only,,nef to orf,exact,,,,,,,,ahrefs-2026-01,,
nef-to-pam,live,convert,nef,pam,client-only,imagemagick-wasm,no_fixture,no ready nef fixture in fixture-matrix.json,ca5b9a53e93a,nef to pam,exact,,,,,,,,ahrefs-2026-01,,
nef-to-pbm,live,convert,nef,pbm,client-only,imagemagick-wasm,no_fixture,no ready nef fixture in fixture-matrix.json,ca5b9a53e93a,nef to pbm,exact,,,,,,,,ahrefs-2026-01,,
nef-to-pcx,live,convert,nef,pcx,client-only,imagemagick-wasm,no_fixture,no ready nef fixture in fixture-matrix.json,ca5b9a53e93a,nef to pcx,exact,,,,,,,,ahrefs-2026-01,,
,not built,convert,nef,pdf,,,,,,nef to pdf,none,,,70,10,,,,ahrefs-2026-01,,
nef-to-pgm,live,convert,nef,pgm,client-only,imagemagick-wasm,no_fixture,no ready nef fixture in fixture-matrix.json,ca5b9a53e93a,nef to pgm,exact,,,,,,,,ahrefs-2026-01,,
nef-to-png,live,convert,nef,png,client-only,imagemagick-wasm,no_fixture,no ready nef fixture in fixture-matrix.json,ca5b9a53e93a,nef to png,exact,,,2100,300,2,600,150,ahrefs-2026-01,,
nef-to-ppm,live,convert,nef,ppm,client-only,imagemagick-wasm,no_fixture,no ready nef fixture in fixture-matrix.json,ca5b9a53e93a,nef to ppm,exact,,,,,,,,ahrefs-2026-01,,
nef-to-psd,live,convert,nef,psd,client-only,imagemagick-wasm,no_fixture,no ready nef fixture in fixture-matrix.json,ca5b9a53e93a,nef to psd,exact,,,,,,,,ahrefs-2026-01,,
nef-to-raf,retired,convert,nef,raf,unknown,,not swept,the sweep runs live Tools only,,nef to raf,exact,,,,,,,,ahrefs-2026-01,,
nef-to-rw2,retired,convert,nef,rw2,unknown,,not swept,the sweep runs live Tools only,,nef to rw2,exact,,,,,,,,ahrefs-2026-01,,
nef-to-svg,live,convert,nef,svg,client-only,imagemagick-wasm,no_fixture,no ready nef fixture in fixture-matrix.json,ca5b9a53e93a,nef to svg,exact,,,,,,,,ahrefs-2026-01,,
nef-to-tga,live,convert,nef,tga,client-only,imagemagick-wasm,no_fixture,no ready nef fixture in fixture-matrix.json,ca5b9a53e93a,nef to tga,exact,,,,,,,,ahrefs-2026-01,,
nef-to-tif,live,convert,nef,tif,client-only,imagemagick-wasm,no_fixture,no ready nef fixture in fixture-matrix.json,ca5b9a53e93a,nef to tif,exact,,,,,,,,ahrefs-2026-01,,
nef-to-tiff,live,convert,nef,tiff,client-only,imagemagick-wasm,no_fixture,no ready nef fixture in fixture-matrix.json,ca5b9a53e93a,nef to tiff,exact,,,100,50,0,20,20,ahrefs-2026-01,,
nef-to-webp,live,convert,nef,webp,client-only,imagemagick-wasm,no_fixture,no ready nef fixture in fixture-matrix.json,ca5b9a53e93a,nef to webp,exact,,,10,,,,,ahrefs-2026-01,,
nef-to-xbm,live,convert,nef,xbm,client-only,imagemagick-wasm,no_fixture,no ready nef fixture in fixture-matrix.json,ca5b9a53e93a,nef to xbm,exact,,,,,,,,ahrefs-2026-01,,
,not built,convert,odt,doc,,,,,,odt to doc,none,,,1400,100,1,800,200,ahrefs-2026-01,,
,not built,convert,odt,docx,,,,,,odt to docx,none,,,4900,450,1,2200,500,ahrefs-2026-01,,
odt-to-jpg,live,convert,odt,jpg,client-only,browser-raster,no_fixture,no ready odt fixture in fixture-matrix.json,ca5b9a53e93a,odt to jpg,exact,,,1100,60,0,150,30,ahrefs-2026-01,,
,not built,convert,odt,pdf,,,,,,odt to pdf,none,,,46000,3600,4,8600,1700,ahrefs-2026-01,,
oga-to-aac,live,convert,oga,aac,client-only,ffmpeg-wasm,pass,format check: none,ca5b9a53e93a,,,,,,,,,,,,
oga-to-aiff,live,convert,oga,aiff,client-only,ffmpeg-wasm,pass,format check: signature,ca5b9a53e93a,,,,,,,,,,,,
oga-to-alac,live,convert,oga,alac,client-only,ffmpeg-wasm,pass,format check: none,ca5b9a53e93a,,,,,,,,,,,,
oga-to-amr,live,convert,oga,amr,client-only,ffmpeg-wasm,error,FFmpeg failed with exit code 1 [Unknown encoder 'libopencore_amrnb'],ca5b9a53e93a,,,,,,,,,,,,
oga-to-au,live,convert,oga,au,client-only,ffmpeg-wasm,pass,format check: none,ca5b9a53e93a,,,,,,,,,,,,
oga-to-caf,live,convert,oga,caf,client-only,ffmpeg-wasm,pass,format check: none,ca5b9a53e93a,,,,,,,,,,,,
oga-to-cdda,live,convert,oga,cdda,client-only,ffmpeg-wasm,pass,format check: none,ca5b9a53e93a,,,,,,,,,,,,
oga-to-flac,live,convert,oga,flac,client-only,ffmpeg-wasm,pass,format check: signature,ca5b9a53e93a,,,,,,,,,,,,
oga-to-m4a,live,convert,oga,m4a,client-only,ffmpeg-wasm,pass,format check: signature,ca5b9a53e93a,,,,,,,,,,,,
oga-to-m4r,live,convert,oga,m4r,client-only,ffmpeg-wasm,pass,format check: signature,ca5b9a53e93a,,,,,,,,,,,,
oga-to-mp2,live,convert,oga,mp2,client-only,ffmpeg-wasm,pass,format check: none,ca5b9a53e93a,,,,,,,,,,,,
oga-to-mp3,live,convert,oga,mp3,client-only,ffmpeg-wasm,pass,format check: signature,ca5b9a53e93a,oga to mp3,exact,,,2200,400,0,900,500,ahrefs-2026-01,,
oga-to-ogg,live,convert,oga,ogg,client-only,ffmpeg-wasm,pass,format check: signature,ca5b9a53e93a,,,,,,,,,,,,
oga-to-opus,live,convert,oga,opus,client-only,ffmpeg-wasm,pass,format check: signature,ca5b9a53e93a,,,,,,,,,,,,
oga-to-wav,live,convert,oga,wav,client-only,ffmpeg-wasm,pass,format check: signature,ca5b9a53e93a,,,,,,,,,,,,
oga-to-wma,live,convert,oga,wma,client-only,ffmpeg-wasm,pass,format check: none,ca5b9a53e93a,,,,,,,,,,,,
ogg-to-aac,live,convert,ogg,aac,client-only,ffmpeg-wasm,pass,format check: none,ca5b9a53e93a,,,,,,,,,,,,
ogg-to-aiff,live,convert,ogg,aiff,client-only,ffmpeg-wasm,pass,format check: signature,ca5b9a53e93a,,,,,,,,,,,,
ogg-to-alac,live,convert,ogg,alac,client-only,ffmpeg-wasm,pass,format check: none,ca5b9a53e93a,,,,,,,,,,,,
ogg-to-amr,live,convert,ogg,amr,client-only,ffmpeg-wasm,error,FFmpeg failed with exit code 1 [Unknown encoder 'libopencore_amrnb'],ca5b9a53e93a,,,,,,,,,,,,
ogg-to-au,live,convert,ogg,au,client-only,ffmpeg-wasm,pass,format check: none,ca5b9a53e93a,,,,,,,,,,,,
ogg-to-caf,live,convert,ogg,caf,client-only,ffmpeg-wasm,pass,format check: none,ca5b9a53e93a,,,,,,,,,,,,
ogg-to-cdda,live,convert,ogg,cdda,client-only,ffmpeg-wasm,pass,format check: none,ca5b9a53e93a,,,,,,,,,,,,
ogg-to-flac,live,convert,ogg,flac,client-only,ffmpeg-wasm,pass,format check: signature,ca5b9a53e93a,,,,,,,,,,,,
ogg-to-m4a,live,convert,ogg,m4a,client-only,ffmpeg-wasm,pass,format check: signature,ca5b9a53e93a,ogg to m4a,exact,,,450,80,0,70,30,ahrefs-2026-01,,
ogg-to-m4r,live,convert,ogg,m4r,client-only,ffmpeg-wasm,pass,format check: signature,ca5b9a53e93a,,,,,,,,,,,,
ogg-to-mp2,live,convert,ogg,mp2,client-only,ffmpeg-wasm,pass,format check: none,ca5b9a53e93a,,,,,,,,,,,,
ogg-to-mp3,live,convert,ogg,mp3,client-only,ffmpeg-wasm,pass,format check: signature,ca5b9a53e93a,ogg to mp3,exact,,,102000,14000,8,47000,7000,ahrefs-2026-01,,
ogg-to-oga,live,convert,ogg,oga,client-only,ffmpeg-wasm,pass,format check: signature,ca5b9a53e93a,,,,,,,,,,,,
ogg-to-opus,live,convert,ogg,opus,client-only,ffmpeg-wasm,pass,format check: signature,ca5b9a53e93a,,,,,,,,,,,,
ogg-to-wav,live,convert,ogg,wav,client-only,ffmpeg-wasm,pass,format check: signature,ca5b9a53e93a,ogg to wav,exact,,,12000,1700,0,5600,2200,ahrefs-2026-01,,
ogg-to-wma,live,convert,ogg,wma,client-only,ffmpeg-wasm,pass,format check: none,ca5b9a53e93a,,,,,,,,,,,,
ogv-to-3gp,live,convert,ogv,3gp,client-only,ffmpeg-wasm,pass,format check: signature,5a318b697fbf,,,,,,,,,,,,
ogv-to-aac,live,convert,ogv,aac,client-only,ffmpeg-wasm,pass,format check: none,ca5b9a53e93a,,,,,,,,,,,,
ogv-to-aiff,live,convert,ogv,aiff,client-only,ffmpeg-wasm,pass,format check: signature,ca5b9a53e93a,,,,,,,,,,,,
ogv-to-alac,live,convert,ogv,alac,client-only,ffmpeg-wasm,pass,format check: none,ca5b9a53e93a,,,,,,,,,,,,
ogv-to-amr,live,convert,ogv,amr,client-only,ffmpeg-wasm,error,FFmpeg failed with exit code 1 [Unknown encoder 'libopencore_amrnb'],ca5b9a53e93a,,,,,,,,,,,,
ogv-to-asf,live,convert,ogv,asf,client-only,ffmpeg-wasm,pass,format check: none,ca5b9a53e93a,,,,,,,,,,,,
ogv-to-au,live,convert,ogv,au,client-only,ffmpeg-wasm,pass,format check: none,ca5b9a53e93a,,,,,,,,,,,,
ogv-to-av1,live,convert,ogv,av1,client-only,ffmpeg-wasm + webcodecs,pass,format check: signature,d0d2843e65ce,,,,,,,,,,,,
ogv-to-avchd,live,convert,ogv,avchd,client-only,ffmpeg-wasm,pass,format check: none,ca5b9a53e93a,,,,,,,,,,,,
ogv-to-avi,live,convert,ogv,avi,client-only,ffmpeg-wasm,pass,format check: signature,ca5b9a53e93a,,,,,,,,,,,,
ogv-to-caf,live,convert,ogv,caf,client-only,ffmpeg-wasm,pass,format check: none,ca5b9a53e93a,,,,,,,,,,,,
ogv-to-cdda,live,convert,ogv,cdda,client-only,ffmpeg-wasm,pass,format check: none,ca5b9a53e93a,,,,,,,,,,,,
ogv-to-divx,live,convert,ogv,divx,client-only,ffmpeg-wasm,pass,format check: none,ca5b9a53e93a,,,,,,,,,,,,
ogv-to-f4v,live,convert,ogv,f4v,client-only,ffmpeg-wasm,pass,format check: none,ca5b9a53e93a,,,,,,,,,,,,
ogv-to-flac,live,convert,ogv,flac,client-only,ffmpeg-wasm,pass,format check: signature,ca5b9a53e93a,,,,,,,,,,,,
ogv-to-flv,live,convert,ogv,flv,client-only,ffmpeg-wasm,pass,format check: signature,ca5b9a53e93a,,,,,,,,,,,,
ogv-to-gif,live,convert,ogv,gif,client-only,ffmpeg-wasm,pass,format check: signature,ca5b9a53e93a,,,,,,,,,,,,
ogv-to-hevc,live,convert,ogv,hevc,client-only,ffmpeg-wasm + webcodecs,pass,format check: signature,d0d2843e65ce,,,,,,,,,,,,
ogv-to-m2ts,live,convert,ogv,m2ts,client-only,ffmpeg-wasm,pass,format check: none,ca5b9a53e93a,,,,,,,,,,,,
ogv-to-m4a,live,convert,ogv,m4a,client-only,ffmpeg-wasm,pass,format check: signature,ca5b9a53e93a,,,,,,,,,,,,
ogv-to-m4r,live,convert,ogv,m4r,client-only,ffmpeg-wasm,pass,format check: signature,ca5b9a53e93a,,,,,,,,,,,,
ogv-to-m4v,live,convert,ogv,m4v,client-only,ffmpeg-wasm,pass,format check: signature,ca5b9a53e93a,,,,,,,,,,,,
ogv-to-mjpeg,live,convert,ogv,mjpeg,client-only,ffmpeg-wasm,pass,format check: none,ca5b9a53e93a,,,,,,,,,,,,
ogv-to-mkv,live,convert,ogv,mkv,client-only,ffmpeg-wasm,pass,format check: signature,ca5b9a53e93a,,,,,,,,,,,,
ogv-to-mov,live,convert,ogv,mov,client-only,ffmpeg-wasm,pass,format check: signature,ca5b9a53e93a,,,,,,,,,,,,
ogv-to-mp2,live,convert,ogv,mp2,client-only,ffmpeg-wasm,pass,format check: none,ca5b9a53e93a,,,,,,,,,,,,
ogv-to-mp3,live,convert,ogv,mp3,client-only,ffmpeg-wasm,pass,format check: signature,ca5b9a53e93a,ogv to mp3,exact,,,150,50,0,20,20,ahrefs-2026-01,,
ogv-to-mp4,live,convert,ogv,mp4,client-only,ffmpeg-wasm,pass,format check: signature,ca5b9a53e93a,ogv to mp4,exact,,,900,200,2,250,150,ahrefs-2026-01,,
ogv-to-mpeg,live,convert,ogv,mpeg,client-only,ffmpeg-wasm,pass,format check: none,ca5b9a53e93a,,,,,,,,,,,,
ogv-to-mpeg2,live,convert,ogv,mpeg2,client-only,ffmpeg-wasm,pass,format check: none,ca5b9a53e93a,,,,,,,,,,,,
ogv-to-mpg,live,convert,ogv,mpg,client-only,ffmpeg-wasm,pass,format check: none,ca5b9a53e93a,,,,,,,,,,,,
ogv-to-mts,live,convert,ogv,mts,client-only,ffmpeg-wasm,pass,format check: none,ca5b9a53e93a,,,,,,,,,,,,
ogv-to-mxf,live,convert,ogv,mxf,client-only,ffmpeg-wasm,pass,format check: none,5a318b697fbf,,,,,,,,,,,,
ogv-to-oga,live,convert,ogv,oga,client-only,ffmpeg-wasm,pass,format check: signature,ca5b9a53e93a,,,,,,,,,,,,
ogv-to-ogg,live,convert,ogv,ogg,client-only,ffmpeg-wasm,pass,format check: signature,ca5b9a53e93a,,,,,,,,,,,,
ogv-to-opus,live,convert,ogv,opus,client-only,ffmpeg-wasm,pass,format check: signature,ca5b9a53e93a,,,,,,,,,,,,
ogv-to-rm,live,convert,ogv,rm,server-first-client-fallback,"server-video, then ffmpeg-wasm",pass,format check: none,ca5b9a53e93a,,,,,,,,,,,,
ogv-to-rmvb,retired,convert,ogv,rmvb,unknown,,not swept,the sweep runs live Tools only,,,,,,,,,,,,,
ogv-to-ts,live,convert,ogv,ts,client-only,ffmpeg-wasm,pass,format check: none,ca5b9a53e93a,,,,,,,,,,,,
ogv-to-vob,live,convert,ogv,vob,client-only,ffmpeg-wasm,pass,format check: none,ca5b9a53e93a,,,,,,,,,,,,
ogv-to-wav,live,convert,ogv,wav,client-only,ffmpeg-wasm,pass,format check: signature,ca5b9a53e93a,,,,,,,,,,,,
ogv-to-webm,live,convert,ogv,webm,client-only,ffmpeg-wasm,pass,format check: signature,ca5b9a53e93a,,,,,,,,,,,,
ogv-to-wma,live,convert,ogv,wma,client-only,ffmpeg-wasm,pass,format check: none,ca5b9a53e93a,,,,,,,,,,,,
opus-to-aac,live,convert,opus,aac,client-only,ffmpeg-wasm,pass,format check: none,ca5b9a53e93a,,,,,,,,,,,,
opus-to-aiff,live,convert,opus,aiff,client-only,ffmpeg-wasm,pass,format check: signature,ca5b9a53e93a,,,,,,,,,,,,
opus-to-alac,live,convert,opus,alac,client-only,ffmpeg-wasm,pass,format check: none,ca5b9a53e93a,,,,,,,,,,,,
opus-to-amr,live,convert,opus,amr,client-only,ffmpeg-wasm,error,FFmpeg failed with exit code 1 [Unknown encoder 'libopencore_amrnb'],ca5b9a53e93a,,,,,,,,,,,,
opus-to-au,live,convert,opus,au,client-only,ffmpeg-wasm,pass,format check: none,ca5b9a53e93a,,,,,,,,,,,,
opus-to-caf,live,convert,opus,caf,client-only,ffmpeg-wasm,pass,format check: none,ca5b9a53e93a,,,,,,,,,,,,
opus-to-cdda,live,convert,opus,cdda,client-only,ffmpeg-wasm,pass,format check: none,ca5b9a53e93a,,,,,,,,,,,,
opus-to-flac,live,convert,opus,flac,client-only,ffmpeg-wasm,pass,format check: signature,ca5b9a53e93a,,,,,,,,,,,,
opus-to-m4a,live,convert,opus,m4a,client-only,ffmpeg-wasm,pass,format check: signature,ca5b9a53e93a,opus to m4a,exact,,,500,70,0,40,30,ahrefs-2026-01,,
opus-to-m4r,live,convert,opus,m4r,client-only,ffmpeg-wasm,pass,format check: signature,ca5b9a53e93a,,,,,,,,,,,,
opus-to-mp2,live,convert,opus,mp2,client-only,ffmpeg-wasm,pass,format check: none,ca5b9a53e93a,,,,,,,,,,,,
opus-to-mp3,live,convert,opus,mp3,client-only,ffmpeg-wasm,pass,format check: signature,ca5b9a53e93a,opus to mp3,exact,,,31000,1400,1,14000,1000,ahrefs-2026-01,,
opus-to-oga,live,convert,opus,oga,client-only,ffmpeg-wasm,pass,format check: signature,ca5b9a53e93a,,,,,,,,,,,,
opus-to-ogg,live,convert,opus,ogg,client-only,ffmpeg-wasm,pass,format check: signature,ca5b9a53e93a,,,,,,,,,,,,
opus-to-wav,live,convert,opus,wav,client-only,ffmpeg-wasm,pass,format check: signature,ca5b9a53e93a,opus to wav,exact,,,2200,200,0,450,80,ahrefs-2026-01,,
opus-to-wma,live,convert,opus,wma,client-only,ffmpeg-wasm,pass,format check: none,ca5b9a53e93a,,,,,,,,,,,,
orf-to-jpeg,live,convert,orf,jpeg,client-only,imagemagick-wasm,pass,format check: signature,ca5b9a53e93a,orf to jpeg,exact,,,30,10,,,,ahrefs-2026-01,,
orf-to-jpg,live,convert,orf,jpg,client-only,imagemagick-wasm,pass,format check: signature,ca5b9a53e93a,orf to jpg,exact,,,600,80,1,50,50,ahrefs-2026-01,,
orf-to-orf,retired,convert,orf,orf,unknown,,not swept,the sweep runs live Tools only,,orf to orf,exact,,yes,,,,,,ahrefs-2026-01,,
orf-to-pam,live,convert,orf,pam,client-only,imagemagick-wasm,pass,format check: signature,ca5b9a53e93a,orf to pam,exact,,,,,,,,ahrefs-2026-01,,
orf-to-pbm,live,convert,orf,pbm,client-only,imagemagick-wasm,pass,format check: signature,ca5b9a53e93a,orf to pbm,exact,,,,,,,,ahrefs-2026-01,,
orf-to-pcx,live,convert,orf,pcx,client-only,imagemagick-wasm,pass,format check: none,ca5b9a53e93a,orf to pcx,exact,,,,,,,,ahrefs-2026-01,,
,not built,convert,orf,pdf,,,,,,orf to pdf,none,,,,,,,,ahrefs-2026-01,,
orf-to-pgm,live,convert,orf,pgm,client-only,imagemagick-wasm,pass,format check: signature,ca5b9a53e93a,orf to pgm,exact,,,,,,,,ahrefs-2026-01,,
orf-to-png,live,convert,orf,png,client-only,imagemagick-wasm,pass,format check: signature,ca5b9a53e93a,orf to png,exact,,,70,10,,,,ahrefs-2026-01,,
orf-to-ppm,live,convert,orf,ppm,client-only,imagemagick-wasm,pass,format check: signature,ca5b9a53e93a,orf to ppm,exact,,,,,,,,ahrefs-2026-01,,
orf-to-raf,retired,convert,orf,raf,unknown,,not swept,the sweep runs live Tools only,,orf to raf,exact,,,,,,,,ahrefs-2026-01,,
orf-to-rw2,retired,convert,orf,rw2,unknown,,not swept,the sweep runs live Tools only,,orf to rw2,exact,,,,,,,,ahrefs-2026-01,,
orf-to-svg,live,convert,orf,svg,client-only,imagemagick-wasm,pass,format check: signature,ca5b9a53e93a,orf to svg,exact,,,,,,,,ahrefs-2026-01,,
orf-to-tga,live,convert,orf,tga,client-only,imagemagick-wasm,pass,format check: none,ca5b9a53e93a,orf to tga,exact,,,,,,,,ahrefs-2026-01,,
orf-to-tif,live,convert,orf,tif,client-only,imagemagick-wasm,pass,format check: signature,ca5b9a53e93a,orf to tif,exact,,,,,,,,ahrefs-2026-01,,
orf-to-tiff,live,convert,orf,tiff,client-only,imagemagick-wasm,pass,format check: signature,ca5b9a53e93a,orf to tiff,exact,,,,,,,,ahrefs-2026-01,,
orf-to-webp,live,convert,orf,webp,client-only,imagemagick-wasm,pass,format check: signature,ca5b9a53e93a,orf to webp,exact,,,,,,,,ahrefs-2026-01,,
orf-to-xbm,live,convert,orf,xbm,client-only,imagemagick-wasm,pass,format check: none,ca5b9a53e93a,orf to xbm,exact,,,,,,,,ahrefs-2026-01,,
otf-to-png,live,convert,otf,png,client-only,browser-raster,no_fixture,no ready otf fixture in fixture-matrix.json,ca5b9a53e93a,otf to png,exact,,,100,30,0,20,20,ahrefs-2026-01,,
,not built,convert,otf,ps,,,,,,otf to ps,none,,,,,,,,ahrefs-2026-01,,
otf-to-svg,live,convert,otf,svg,client-only,browser-raster,no_fixture,no ready otf fixture in fixture-matrix.json,ca5b9a53e93a,otf to svg,exact,,,350,100,0,50,50,ahrefs-2026-01,,
,not built,convert,otf,ttf,,,,,,otf to ttf,none,,,13000,1300,7,11000,1800,ahrefs-2026-01,,
,not built,convert,otf,woff,,,,,,otf to woff,none,,,4700,700,4,1900,400,ahrefs-2026-01,,
,not built,convert,oxps,doc,,,,,,oxps to doc,none,,,20,,,,,ahrefs-2026-01,,
,not built,convert,oxps,docx,,,,,,oxps to docx,none,,,30,,,,,ahrefs-2026-01,,
,not built,convert,oxps,pdf,,,,,,oxps to pdf,none,,,8600,400,2,4100,250,ahrefs-2026-01,,
,not built,convert,pages,docx,,,,,,pages to docx,none,,,6900,1400,5,5200,2000,ahrefs-2026-01,,
,not built,convert,pages,pdf,,,,,,pages to pdf,none,,,56000,5900,12,61000,9500,ahrefs-2026-01,,
,not built,convert,pages,word,,,,,,pages to word,none,,,22000,2900,6,25000,5500,ahrefs-2026-01,,
,not built,convert,pam,pam,,,,,,pam to pam,none,,yes,10,,,,,ahrefs-2026-01,,
pam-to-pbm,live,convert,pam,pbm,client-only,browser-raster,no_fixture,no ready pam fixture in fixture-matrix.json,ca5b9a53e93a,pam to pbm,exact,,,,,,,,ahrefs-2026-01,,
,not built,convert,pam,pcx,,,,,,pam to pcx,none,,,,,,,,ahrefs-2026-01,,
,not built,convert,pam,pdf,,,,,,pam to pdf,none,,,,,,,,ahrefs-2026-01,,
pam-to-pgm,live,convert,pam,pgm,client-only,browser-raster,no_fixture,no ready pam fixture in fixture-matrix.json,ca5b9a53e93a,pam to pgm,exact,,,,,,,,ahrefs-2026-01,,
pam-to-png,live,convert,pam,png,client-only,browser-raster,no_fixture,no ready pam fixture in fixture-matrix.json,ca5b9a53e93a,pam to png,exact,,,,,,,,ahrefs-2026-01,,
pam-to-ppm,live,convert,pam,ppm,client-only,browser-raster,no_fixture,no ready pam fixture in fixture-matrix.json,ca5b9a53e93a,pam to ppm,exact,,,,,,,,ahrefs-2026-01,,
pam-to-raf,retired,convert,pam,raf,unknown,,not swept,the sweep runs live Tools only,,pam to raf,exact,,,,,,,,ahrefs-2026-01,,
,not built,convert,pam,rw2,,,,,,pam to rw2,none,,,,,,,,ahrefs-2026-01,,
,not built,convert,pam,svg,,,,,,pam to svg,none,,,,,,,,ahrefs-2026-01,,
pam-to-tga,live,convert,pam,tga,client-only,browser-raster,no_fixture,no ready pam fixture in fixture-matrix.json,ca5b9a53e93a,pam to tga,exact,,,,,,,,ahrefs-2026-01,,
pam-to-tif,live,convert,pam,tif,client-only,browser-raster,no_fixture,no ready pam fixture in fixture-matrix.json,ca5b9a53e93a,pam to tif,exact,,,,,,,,ahrefs-2026-01,,
pam-to-tiff,live,convert,pam,tiff,client-only,browser-raster,no_fixture,no ready pam fixture in fixture-matrix.json,ca5b9a53e93a,pam to tiff,exact,,,,,,,,ahrefs-2026-01,,
pam-to-webp,live,convert,pam,webp,client-only,browser-raster,no_fixture,no ready pam fixture in fixture-matrix.json,ca5b9a53e93a,pam to webp,exact,,,,,,,,ahrefs-2026-01,,
,not built,convert,pam,xbm,,,,,,pam to xbm,none,,,,,,,,ahrefs-2026-01,,
pbm-to-pbm,live,convert,pbm,pbm,client-only,browser-raster,no_fixture,no ready pbm fixture in fixture-matrix.json,ca5b9a53e93a,pbm to pbm,exact,,yes,,,,,,ahrefs-2026-01,,
pbm-to-pcx,live,convert,pbm,pcx,client-only,browser-raster,no_fixture,no ready pbm fixture in fixture-matrix.json,ca5b9a53e93a,pbm to pcx,exact,,,,,,,,ahrefs-2026-01,,
,not built,convert,pbm,pdf,,,,,,pbm to pdf,none,,,,,,,,ahrefs-2026-01,,
pbm-to-pgm,live,convert,pbm,pgm,client-only,browser-raster,no_fixture,no ready pbm fixture in fixture-matrix.json,ca5b9a53e93a,pbm to pgm,exact,,,,,,,,ahrefs-2026-01,,
pbm-to-png,live,convert,pbm,png,client-only,browser-raster,no_fixture,no ready pbm fixture in fixture-matrix.json,ca5b9a53e93a,pbm to png,exact,,,30,10,,,,ahrefs-2026-01,,
pbm-to-ppm,live,convert,pbm,ppm,client-only,browser-raster,no_fixture,no ready pbm fixture in fixture-matrix.json,ca5b9a53e93a,pbm to ppm,exact,,,,,,,,ahrefs-2026-01,,
pbm-to-raf,retired,convert,pbm,raf,unknown,,not swept,the sweep runs live Tools only,,pbm to raf,exact,,,,,,,,ahrefs-2026-01,,
pbm-to-rw2,retired,convert,pbm,rw2,unknown,,not swept,the sweep runs live Tools only,,pbm to rw2,exact,,,,,,,,ahrefs-2026-01,,
,not built,convert,pbm,svg,,,,,,pbm to svg,none,,,,,,,,ahrefs-2026-01,,
pbm-to-tga,live,convert,pbm,tga,client-only,browser-raster,no_fixture,no ready pbm fixture in fixture-matrix.json,ca5b9a53e93a,pbm to tga,exact,,,,,,,,ahrefs-2026-01,,
pbm-to-tif,live,convert,pbm,tif,client-only,browser-raster,no_fixture,no ready pbm fixture in fixture-matrix.json,ca5b9a53e93a,pbm to tif,exact,,,,,,,,ahrefs-2026-01,,
pbm-to-tiff,live,convert,pbm,tiff,client-only,browser-raster,no_fixture,no ready pbm fixture in fixture-matrix.json,ca5b9a53e93a,pbm to tiff,exact,,,,,,,,ahrefs-2026-01,,
pbm-to-webp,live,convert,pbm,webp,client-only,browser-raster,no_fixture,no ready pbm fixture in fixture-matrix.json,ca5b9a53e93a,pbm to webp,exact,,,,,,,,ahrefs-2026-01,,
pbm-to-xbm,live,convert,pbm,xbm,client-only,browser-raster,no_fixture,no ready pbm fixture in fixture-matrix.json,ca5b9a53e93a,pbm to xbm,exact,,,,,,,,ahrefs-2026-01,,
pcd-to-jpg,live,convert,pcd,jpg,client-only,browser-raster,no_fixture,no ready pcd fixture in fixture-matrix.json,ca5b9a53e93a,pcd to jpg,exact,,,80,20,0,10,10,ahrefs-2026-01,,
,not built,convert,pcs,pdf,,,,,,pcs to pdf,none,,,10,,,,,ahrefs-2026-01,,
pcx-to-jpg,live,convert,pcx,jpg,client-only,browser-raster,no_fixture,no ready pcx fixture in fixture-matrix.json,ca5b9a53e93a,pcx to jpg,exact,,,60,10,,,,ahrefs-2026-01,,
,not built,convert,pcx,pcx,,,,,,pcx to pcx,none,,yes,,,,,,ahrefs-2026-01,,
,not built,convert,pcx,pdf,,,,,,pcx to pdf,none,,,30,,,,,ahrefs-2026-01,,
pcx-to-pgm,live,convert,pcx,pgm,client-only,browser-raster,no_fixture,no ready pcx fixture in fixture-matrix.json,ca5b9a53e93a,pcx to pgm,exact,,,,,,,,ahrefs-2026-01,,
pcx-to-png,live,convert,pcx,png,client-only,browser-raster,no_fixture,no ready pcx fixture in fixture-matrix.json,ca5b9a53e93a,pcx to png,exact,,,100,40,0,10,10,ahrefs-2026-01,,
pcx-to-ppm,live,convert,pcx,ppm,client-only,browser-raster,no_fixture,no ready pcx fixture in fixture-matrix.json,ca5b9a53e93a,pcx to ppm,exact,,,,,,,,ahrefs-2026-01,,
pcx-to-raf,retired,convert,pcx,raf,unknown,,not swept,the sweep runs live Tools only,,pcx to raf,exact,,,,,,,,ahrefs-2026-01,,
,not built,convert,pcx,rw2,,,,,,pcx to rw2,none,,,,,,,,ahrefs-2026-01,,
,not built,convert,pcx,svg,,,,,,pcx to svg,none,,,,,,,,ahrefs-2026-01,,
pcx-to-tga,live,convert,pcx,tga,client-only,browser-raster,no_fixture,no ready pcx fixture in fixture-matrix.json,ca5b9a53e93a,pcx to tga,exact,,,,,,,,ahrefs-2026-01,,
pcx-to-tif,live,convert,pcx,tif,client-only,browser-raster,no_fixture,no ready pcx fixture in fixture-matrix.json,ca5b9a53e93a,pcx to tif,exact,,,,,,,,ahrefs-2026-01,,
pcx-to-tiff,live,convert,pcx,tiff,client-only,browser-raster,no_fixture,no ready pcx fixture in fixture-matrix.json,ca5b9a53e93a,pcx to tiff,exact,,,,,,,,ahrefs-2026-01,,
pcx-to-webp,live,convert,pcx,webp,client-only,browser-raster,no_fixture,no ready pcx fixture in fixture-matrix.json,ca5b9a53e93a,pcx to webp,exact,,,,,,,,ahrefs-2026-01,,
,not built,convert,pcx,xbm,,,,,,pcx to xbm,none,,,,,,,,ahrefs-2026-01,,
,not built,convert,pdb,xls,,,,,,pdb to xls,none,,,,,,,,ahrefs-2026-01,,
pdf-editor,live,edit,pdf,pdf,unknown,,skipped,"PDF viewer or editor: interactive, converts nothing",ca5b9a53e93a,,,,,,,,,,,,
pdf-editor-extension,live,edit,pdf,pdf,unknown,,skipped,"PDF viewer or editor: interactive, converts nothing",ca5b9a53e93a,,,,,,,,,,,,
pdf-editor-mac,live,edit,pdf,pdf,unknown,,skipped,"PDF viewer or editor: interactive, converts nothing",ca5b9a53e93a,,,,,,,,,,,,
pdf-editor-windows,live,edit,pdf,pdf,unknown,,skipped,"PDF viewer or editor: interactive, converts nothing",ca5b9a53e93a,,,,,,,,,,,,
pdf-reader,live,view,pdf,pdf,unknown,,skipped,"PDF viewer or editor: interactive, converts nothing",ca5b9a53e93a,,,,,,,,,,,,
pdf-reader-extension,live,view,pdf,pdf,unknown,,skipped,"PDF viewer or editor: interactive, converts nothing",ca5b9a53e93a,,,,,,,,,,,,
pdf-reader-mac,live,view,pdf,pdf,unknown,,skipped,"PDF viewer or editor: interactive, converts nothing",ca5b9a53e93a,,,,,,,,,,,,
pdf-reader-windows,live,view,pdf,pdf,unknown,,skipped,"PDF viewer or editor: interactive, converts nothing",ca5b9a53e93a,,,,,,,,,,,,
,not built,convert,pdf,azw3,,,,,,pdf to azw3,none,,,3600,350,2,1300,150,ahrefs-2026-01,,
,not built,convert,pdf,bmp,,,,,,pdf to bmp,none,,,3100,400,2,500,250,ahrefs-2026-01,,
,not built,convert,pdf,csv,,,,,,pdf to csv,none,,,21000,4100,4,15000,4400,ahrefs-2026-01,,
,not built,convert,pdf,djvu,,,,,,pdf to djvu,none,,,400,20,30,100,10,ahrefs-2026-01,,
,not built,convert,pdf,docx,,,,,,pdf to docx,none,,,186000,23000,35,85000,31000,ahrefs-2026-01,,
,not built,convert,pdf,dotx,,,,,,pdf to dotx,none,,,20,,,,,ahrefs-2026-01,,
,not built,convert,pdf,eps,,,,,,pdf to eps,none,,,4900,600,0,2600,700,ahrefs-2026-01,,
,not built,convert,pdf,epub,,,,,,pdf to epub,none,,,91000,12000,17,53000,8200,ahrefs-2026-01,,
,not built,convert,pdf,gif,,,,,,pdf to gif,none,,,2300,400,7,900,350,ahrefs-2026-01,,
,not built,convert,pdf,heic,,,,,,pdf to heic,none,,,600,200,0,150,100,ahrefs-2026-01,,
,not built,convert,pdf,html,,,,,,pdf to html,none,,,23000,2900,17,18000,2800,ahrefs-2026-01,,
,alias page,convert,pdf,jpeg,,,,,,pdf to jpeg,alias,pdf-to-jpg,,531000,35000,68,6240000,297000,ahrefs-2026-01,,
pdf-to-jpg,live,convert,pdf,jpg,client-only,pdfjs,pass,format check: signature,ca5b9a53e93a,,,,,,,,,,,pdf to jpeg,531000
,not built,convert,pdf,mobi,,,,,,pdf to mobi,none,,,21000,2200,6,8900,1700,ahrefs-2026-01,,
,not built,convert,pdf,odt,,,,,,pdf to odt,none,,,7000,250,6,1100,250,ahrefs-2026-01,,
,not built,convert,pdf,pdf,,,,,,pdf to pdf,none,,yes,115000,2000,83,18550000,306000,ahrefs-2026-01,,
,not built,convert,pdf,pgm,,,,,,pdf to pgm,none,,,,,,,,ahrefs-2026-01,,
pdf-to-png,live,convert,pdf,png,client-only,pdfjs,pass,format check: signature,ca5b9a53e93a,pdf to png,exact,,,686000,84000,7,699000,125000,ahrefs-2026-01,,
,not built,convert,pdf,ppm,,,,,,pdf to ppm,none,,,50,10,0,,30,ahrefs-2026-01,,
,not built,convert,pdf,ppt,,,,,,pdf to ppt,none,,,611000,27000,24,1080000,70000,ahrefs-2026-01,,
,not built,convert,pdf,psd,,,,,,pdf to psd,none,,,6100,400,0,3100,250,ahrefs-2026-01,,
,not built,convert,pdf,raf,,,,,,pdf to raf,none,,,,,,,,ahrefs-2026-01,,
,not built,convert,pdf,rgb,,,,,,pdf to rgb,none,,,50,10,,,,ahrefs-2026-01,,
,not built,convert,pdf,rtf,,,,,,pdf to rtf,none,,,4500,500,1,500,250,ahrefs-2026-01,,
,not built,convert,pdf,rw2,,,,,,pdf to rw2,none,,,,,,,,ahrefs-2026-01,,
,not built,convert,pdf,svg,,,,,,pdf to svg,none,,,26000,3600,22,14000,3900,ahrefs-2026-01,,
,not built,convert,pdf,text,,,,,,pdf to text,none,,,77000,9600,60,107000,24000,ahrefs-2026-01,,
,not built,convert,pdf,tga,,,,,,pdf to tga,none,,,20,10,,,,ahrefs-2026-01,,
,not built,convert,pdf,tif,,,,,,pdf to tif,none,,,1900,150,2,10000,1500,ahrefs-2026-01,,
,not built,convert,pdf,tiff,,,,,,pdf to tiff,none,,,21000,1600,1,10000,1500,ahrefs-2026-01,,
,not built,convert,pdf,txt,,,,,,pdf to txt,none,,,18000,3600,9,11000,2300,ahrefs-2026-01,,
,not built,convert,pdf,webp,,,,,,pdf to webp,none,,,3000,250,0,600,100,ahrefs-2026-01,,
,not built,convert,pdf,xbm,,,,,,pdf to xbm,none,,,,,,,,ahrefs-2026-01,,
,not built,convert,pdf,xlsx,,,,,,pdf to xlsx,none,,,11000,1100,75,140000,46000,ahrefs-2026-01,,
,not built,convert,pdf,xps,,,,,,pdf to xps,none,,,400,100,0,60,20,ahrefs-2026-01,,
pdf-viewer,live,view,pdf,pdf,unknown,,skipped,"PDF viewer or editor: interactive, converts nothing",ca5b9a53e93a,,,,,,,,,,,,
pdf-viewer-extension,live,view,pdf,pdf,unknown,,skipped,"PDF viewer or editor: interactive, converts nothing",ca5b9a53e93a,,,,,,,,,,,,
pdf-viewer-windows,live,view,pdf,pdf,unknown,,skipped,"PDF viewer or editor: interactive, converts nothing",ca5b9a53e93a,,,,,,,,,,,,
,not built,convert,pes,eps,,,,,,pes to eps,none,,,,,,,,ahrefs-2026-01,,
pes-to-jpeg,live,convert,pes,jpeg,client-only,browser-raster,no_fixture,no ready pes fixture in fixture-matrix.json,ca5b9a53e93a,pes to jpeg,exact,,,,,,,,ahrefs-2026-01,,
pes-to-jpg,live,convert,pes,jpg,client-only,browser-raster,no_fixture,no ready pes fixture in fixture-matrix.json,ca5b9a53e93a,pes to jpg,exact,,,20,10,,,,ahrefs-2026-01,,
,not built,convert,pes,pdf,,,,,,pes to pdf,none,,,10,,,,,ahrefs-2026-01,,
pes-to-png,live,convert,pes,png,client-only,browser-raster,no_fixture,no ready pes fixture in fixture-matrix.json,ca5b9a53e93a,pes to png,exact,,,30,10,,,,ahrefs-2026-01,,
pes-to-psd,live,convert,pes,psd,client-only,browser-raster,no_fixture,no ready pes fixture in fixture-matrix.json,ca5b9a53e93a,pes to psd,exact,,,,,,,,ahrefs-2026-01,,
pes-to-svg,live,convert,pes,svg,client-only,browser-raster,no_fixture,no ready pes fixture in fixture-matrix.json,ca5b9a53e93a,pes to svg,exact,,,20,10,,,,ahrefs-2026-01,,
pgm-to-pgm,live,convert,pgm,pgm,client-only,browser-raster,no_fixture,no ready pgm fixture in fixture-matrix.json,ca5b9a53e93a,pgm to pgm,exact,,yes,,,,,,ahrefs-2026-01,,
pgm-to-png,live,convert,pgm,png,client-only,browser-raster,no_fixture,no ready pgm fixture in fixture-matrix.json,ca5b9a53e93a,pgm to png,exact,,,350,40,0,20,20,ahrefs-2026-01,,
pgm-to-ppm,live,convert,pgm,ppm,client-only,browser-raster,no_fixture,no ready pgm fixture in fixture-matrix.json,ca5b9a53e93a,pgm to ppm,exact,,,,,,,,ahrefs-2026-01,,
pgm-to-raf,retired,convert,pgm,raf,unknown,,not swept,the sweep runs live Tools only,,pgm to raf,exact,,,,,,,,ahrefs-2026-01,,
pgm-to-rgb,live,convert,pgm,rgb,client-only,browser-raster,no_fixture,no ready pgm fixture in fixture-matrix.json,ca5b9a53e93a,pgm to rgb,exact,,,,,,,,ahrefs-2026-01,,
pgm-to-rw2,retired,convert,pgm,rw2,unknown,,not swept,the sweep runs live Tools only,,pgm to rw2,exact,,,,,,,,ahrefs-2026-01,,
,not built,convert,pgm,svg,,,,,,pgm to svg,none,,,,,,,,ahrefs-2026-01,,
pgm-to-tga,live,convert,pgm,tga,client-only,browser-raster,no_fixture,no ready pgm fixture in fixture-matrix.json,ca5b9a53e93a,pgm to tga,exact,,,,,,,,ahrefs-2026-01,,
pgm-to-tif,live,convert,pgm,tif,client-only,browser-raster,no_fixture,no ready pgm fixture in fixture-matrix.json,ca5b9a53e93a,pgm to tif,exact,,,,,,,,ahrefs-2026-01,,
pgm-to-tiff,live,convert,pgm,tiff,client-only,browser-raster,no_fixture,no ready pgm fixture in fixture-matrix.json,ca5b9a53e93a,pgm to tiff,exact,,,,,,,,ahrefs-2026-01,,
pgm-to-webp,live,convert,pgm,webp,client-only,browser-raster,no_fixture,no ready pgm fixture in fixture-matrix.json,ca5b9a53e93a,pgm to webp,exact,,,,,,,,ahrefs-2026-01,,
pgm-to-xbm,live,convert,pgm,xbm,client-only,browser-raster,no_fixture,no ready pgm fixture in fixture-matrix.json,ca5b9a53e93a,pgm to xbm,exact,,,,,,,,ahrefs-2026-01,,
,not built,convert,plt,pdf,,,,,,plt to pdf,none,,,1100,100,0,100,50,ahrefs-2026-01,,
png-to-ai,live,convert,png,ai,client-only,browser-raster,error,Converting to AI isn't supported.,ca5b9a53e93a,png to ai,exact,,,7000,450,3,4300,1000,ahrefs-2026-01,,
png-to-avif,live,convert,png,avif,client-only,browser-raster,pass,format check: signature,ca5b9a53e93a,png to avif,exact,,,4700,350,0,1300,200,ahrefs-2026-01,,
png-to-bmp,live,convert,png,bmp,client-only,browser-raster,pass,format check: signature,ca5b9a53e93a,png to bmp,exact,,,10000,1500,4,7700,2100,ahrefs-2026-01,,
png-to-cur,live,convert,png,cur,client-only,browser-raster,pass,format check: signature,ca5b9a53e93a,png to cur,exact,,,4100,800,0,2100,1300,ahrefs-2026-01,,
png-to-dds,live,convert,png,dds,client-only,browser-raster,pass,format check: signature,ca5b9a53e93a,png to dds,exact,,,21000,3600,0,11000,2300,ahrefs-2026-01,,
png-to-doc,retired,convert,png,doc,unknown,,not swept,the sweep runs live Tools only,,png to doc,exact,,,2000,350,1,450,100,ahrefs-2026-01,,
png-to-docx,live,convert,png,docx,client-only,browser-raster,error,Converting to DOCX isn't supported.,ca5b9a53e93a,png to docx,exact,,,1700,350,0,400,100,ahrefs-2026-01,png to word,31000
png-to-dot,live,convert,png,dot,client-only,browser-raster,error,Converting to DOT isn't supported.,ca5b9a53e93a,png to dot,exact,,,,,,,,ahrefs-2026-01,,
,not built,convert,png,dxf,,,,,,png to dxf,none,,,17000,1700,0,11000,2100,ahrefs-2026-01,,
png-to-eps,retired,convert,png,eps,unknown,,not swept,the sweep runs live Tools only,,png to eps,exact,,,6300,1100,0,5800,2100,ahrefs-2026-01,,
png-to-epub,live,convert,png,epub,client-only,browser-raster,error,Converting to EPUB isn't supported.,ca5b9a53e93a,png to epub,exact,,,1600,400,0,450,350,ahrefs-2026-01,,
png-to-gif,live,convert,png,gif,client-only,browser-raster,pass,format check: signature,ca5b9a53e93a,png to gif,exact,,,21000,4200,9,16000,4800,ahrefs-2026-01,,
png-to-hdr,live,convert,png,hdr,client-only,browser-raster,pass,format check: none,ca5b9a53e93a,png to hdr,exact,,,600,100,0,350,70,ahrefs-2026-01,,
,not built,convert,png,heic,,,,,,png to heic,none,,,600,200,0,80,70,ahrefs-2026-01,,
png-to-ico,live,convert,png,ico,client-only,browser-raster,pass,format check: signature,ca5b9a53e93a,png to ico,exact,,,182000,27000,43,96000,14000,ahrefs-2026-01,,
png-to-jpeg,live,convert,png,jpeg,client-only,browser-raster,pass,format check: signature,ca5b9a53e93a,png to jpeg,exact,,,80000,12000,21,825000,92000,ahrefs-2026-01,,
png-to-jpg,live,convert,png,jpg,client-only,browser-raster,pass,format check: signature,ca5b9a53e93a,png to jpg,exact,,,711000,63000,50,825000,92000,ahrefs-2026-01,,
png-to-pdf,live,convert,png,pdf,client-only,browser-raster,pass,format check: signature,ca5b9a53e93a,png to pdf,exact,,,924000,102000,16,452000,128000,ahrefs-2026-01,,
png-to-png,live,compress,png,png,client-only,jsquash-worker,pass,format check: signature,ca5b9a53e93a,,,,,,,,,,,,
png-to-ppm,live,convert,png,ppm,client-only,browser-raster,pass,format check: signature,ca5b9a53e93a,png to ppm,exact,,,250,50,0,30,20,ahrefs-2026-01,,
png-to-psd,live,convert,png,psd,client-only,browser-raster,pass,format check: signature,ca5b9a53e93a,png to psd,exact,,,4100,400,0,1500,250,ahrefs-2026-01,,
png-to-raf,retired,convert,png,raf,unknown,,not swept,the sweep runs live Tools only,,png to raf,exact,,,,,,,,ahrefs-2026-01,,
png-to-rgb,live,convert,png,rgb,client-only,browser-raster,pass,format check: none,ca5b9a53e93a,png to rgb,exact,,,250,70,0,30,30,ahrefs-2026-01,,
png-to-rw2,retired,convert,png,rw2,unknown,,not swept,the sweep runs live Tools only,,png to rw2,exact,,,,,,,,ahrefs-2026-01,,
png-to-svg,live,convert,png,svg,client-only,browser-raster,pass,format check: signature,ca5b9a53e93a,png to svg,exact,,,226000,39000,60,182000,64000,ahrefs-2026-01,,
,alias page,convert,png,text,,,,,,png to text,alias,png-to-txt,,19000,1600,60,1440000,123000,ahrefs-2026-01,,
png-to-tga,live,convert,png,tga,client-only,browser-raster,pass,format check: none,ca5b9a53e93a,png to tga,exact,,,3500,500,0,1200,600,ahrefs-2026-01,,
png-to-tiff,live,convert,png,tiff,client-only,browser-raster,pass,format check: signature,ca5b9a53e93a,png to tiff,exact,,,4100,700,0,2000,900,ahrefs-2026-01,,
png-to-txt,live,convert,png,txt,client-only,browser-raster,error,Converting to TXT isn't supported.,ca5b9a53e93a,png to txt,exact,,,2700,250,2,1200,250,ahrefs-2026-01,png to text,19000
png-to-webp,live,convert,png,webp,client-only,browser-raster,pass,format check: signature,ca5b9a53e93a,png to webp,exact,,,175000,6600,25,104000,3800,ahrefs-2026-01,,
,alias page,convert,png,word,,,,,,png to word,alias,png-to-docx,,31000,900,2,9900,700,ahrefs-2026-01,,
png-to-xbm,live,convert,png,xbm,client-only,browser-raster,pass,format check: none,ca5b9a53e93a,png to xbm,exact,,,90,10,,,,ahrefs-2026-01,,
ppm-to-jpg,live,convert,ppm,jpg,client-only,browser-raster,no_fixture,no ready ppm fixture in fixture-matrix.json,ca5b9a53e93a,ppm to jpg,exact,,,1100,100,0,200,50,ahrefs-2026-01,,
ppm-to-png,live,convert,ppm,png,client-only,browser-raster,no_fixture,no ready ppm fixture in fixture-matrix.json,ca5b9a53e93a,ppm to png,exact,,,1200,200,0,250,90,ahrefs-2026-01,,
,not built,convert,ppm,ppm,,,,,,ppm to ppm,none,,yes,60,20,,,,ahrefs-2026-01,,
ppm-to-raf,retired,convert,ppm,raf,unknown,,not swept,the sweep runs live Tools only,,ppm to raf,exact,,,,,,,,ahrefs-2026-01,,
ppm-to-rw2,retired,convert,ppm,rw2,unknown,,not swept,the sweep runs live Tools only,,ppm to rw2,exact,,,,,,,,ahrefs-2026-01,,
,not built,convert,ppm,svg,,,,,,ppm to svg,none,,,,,,,,ahrefs-2026-01,,
ppm-to-tga,live,convert,ppm,tga,client-only,browser-raster,no_fixture,no ready ppm fixture in fixture-matrix.json,ca5b9a53e93a,ppm to tga,exact,,,,,,,,ahrefs-2026-01,,
ppm-to-tif,live,convert,ppm,tif,client-only,browser-raster,no_fixture,no ready ppm fixture in fixture-matrix.json,ca5b9a53e93a,ppm to tif,exact,,,,,,,,ahrefs-2026-01,,
ppm-to-tiff,live,convert,ppm,tiff,client-only,browser-raster,no_fixture,no ready ppm fixture in fixture-matrix.json,ca5b9a53e93a,ppm to tiff,exact,,,,,,,,ahrefs-2026-01,,
ppm-to-webp,live,convert,ppm,webp,client-only,browser-raster,no_fixture,no ready ppm fixture in fixture-matrix.json,ca5b9a53e93a,ppm to webp,exact,,,,,,,,ahrefs-2026-01,,
ppm-to-xbm,live,convert,ppm,xbm,client-only,browser-raster,no_fixture,no ready ppm fixture in fixture-matrix.json,ca5b9a53e93a,ppm to xbm,exact,,,,,,,,ahrefs-2026-01,,
,not built,convert,pps,pdf,,,,,,pps to pdf,none,,,700,100,0,200,40,ahrefs-2026-01,,
,not built,convert,pps,ppt,,,,,,pps to ppt,none,,,500,40,0,200,20,ahrefs-2026-01,,
,not built,convert,ppsx,pdf,,,,,,ppsx to pdf,none,,,5900,300,1,2200,150,ahrefs-2026-01,,
,not built,convert,ppsx,ppt,,,,,,ppsx to ppt,none,,,1600,60,0,1000,30,ahrefs-2026-01,,
,not built,convert,ppsx,pptx,,,,,,ppsx to pptx,none,,,2800,200,0,1000,100,ahrefs-2026-01,,
,not built,convert,ppt,doc,,,,,,ppt to doc,none,,,1200,90,3,48000,1100,ahrefs-2026-01,,
,not built,convert,ppt,docx,,,,,,ppt to docx,none,,,1000,70,0,250,10,ahrefs-2026-01,,
,not built,convert,ppt,html,,,,,,ppt to html,none,,,500,80,3,150,30,ahrefs-2026-01,,
ppt-to-jpeg,live,convert,ppt,jpeg,client-only,browser-raster,no_fixture,no ready ppt fixture in fixture-matrix.json,ca5b9a53e93a,ppt to jpeg,exact,,,1700,30,10,13000,350,ahrefs-2026-01,ppt to jpg,33000
,alias page,convert,ppt,jpg,,,,,,ppt to jpg,alias,ppt-to-jpeg,,33000,600,6,15000,350,ahrefs-2026-01,,
,not built,convert,ppt,pdf,,,,,,ppt to pdf,none,,,542000,13000,24,906000,42000,ahrefs-2026-01,,
ppt-to-png,live,convert,ppt,png,client-only,browser-raster,no_fixture,no ready ppt fixture in fixture-matrix.json,ca5b9a53e93a,ppt to png,exact,,,4700,250,1,1900,150,ahrefs-2026-01,,
,not built,convert,ppt,ppm,,,,,,ppt to ppm,none,,,1400,300,0,400,100,ahrefs-2026-01,,
,not built,convert,ppt,pps,,,,,,ppt to pps,none,,,40,,,,,ahrefs-2026-01,,
,not built,convert,ppt,pptx,,,,,,ppt to pptx,none,,,3000,350,1,1300,350,ahrefs-2026-01,,
,not built,convert,ppt,txt,,,,,,ppt to txt,none,,,600,50,1,600,80,ahrefs-2026-01,,
,not built,convert,pptx,doc,,,,,,pptx to doc,none,,,250,30,0,1100,30,ahrefs-2026-01,,
,not built,convert,pptx,docx,,,,,,pptx to docx,none,,,1300,150,0,350,70,ahrefs-2026-01,,
pptx-to-jpeg,live,convert,pptx,jpeg,client-only,browser-raster,no_fixture,no ready pptx fixture in fixture-matrix.json,ca5b9a53e93a,pptx to jpeg,exact,,,600,60,1,3300,200,ahrefs-2026-01,,
pptx-to-jpg,live,convert,pptx,jpg,client-only,browser-raster,no_fixture,no ready pptx fixture in fixture-matrix.json,ca5b9a53e93a,pptx to jpg,exact,,,6900,350,1,3300,200,ahrefs-2026-01,,
,not built,convert,pptx,pdf,,,,,,pptx to pdf,none,,,168000,13000,8,906000,42000,ahrefs-2026-01,,
pptx-to-png,live,convert,pptx,png,client-only,browser-raster,no_fixture,no ready pptx fixture in fixture-matrix.json,ca5b9a53e93a,pptx to png,exact,,,2500,300,0,700,150,ahrefs-2026-01,,
,not built,convert,pptx,ppm,,,,,,pptx to ppm,none,,,,,,,,ahrefs-2026-01,,
,not built,convert,pptx,ppsx,,,,,,pptx to ppsx,none,,,200,10,,,,ahrefs-2026-01,,
,not built,convert,pptx,ppt,,,,,,pptx to ppt,none,,,7700,400,1,4600,300,ahrefs-2026-01,,
,not built,convert,pptx,txt,,,,,,pptx to txt,none,,,500,100,0,150,70,ahrefs-2026-01,,
,not built,convert,ps,eps,,,,,,ps to eps,none,,,40,10,,,,ahrefs-2026-01,,
ps-to-jpg,live,convert,ps,jpg,client-only,browser-raster,no_fixture,no ready ps fixture in fixture-matrix.json,ca5b9a53e93a,ps to jpg,exact,,,500,50,0,150,20,ahrefs-2026-01,,
,not built,convert,ps,otf,,,,,,ps to otf,none,,,,,,,,ahrefs-2026-01,,
,not built,convert,ps,pdf,,,,,,ps to pdf,none,,,2600,450,2,1200,500,ahrefs-2026-01,,
ps-to-png,live,convert,ps,png,client-only,browser-raster,no_fixture,no ready ps fixture in fixture-matrix.json,ca5b9a53e93a,ps to png,exact,,,400,30,0,40,20,ahrefs-2026-01,,
,not built,convert,psd,ai,,,,,,psd to ai,none,,,2200,150,1,900,100,ahrefs-2026-01,,
,not built,convert,psd,eps,,,,,,psd to eps,none,,,350,50,0,80,30,ahrefs-2026-01,,
psd-to-fig,retired,convert,psd,fig,unknown,,not swept,the sweep runs live Tools only,,psd to fig,exact,,,60,,,,,ahrefs-2026-01,,
psd-to-gif,live,convert,psd,gif,client-only,imagemagick-wasm,pass,format check: signature,ca5b9a53e93a,psd to gif,exact,,,350,80,0,50,40,ahrefs-2026-01,,
psd-to-jpeg,live,convert,psd,jpeg,client-only,imagemagick-wasm,pass,format check: signature,ca5b9a53e93a,psd to jpeg,exact,,,2400,350,1,13000,2500,ahrefs-2026-01,,
psd-to-jpg,live,convert,psd,jpg,client-only,imagemagick-wasm,pass,format check: signature,ca5b9a53e93a,psd to jpg,exact,,,30000,2400,6,13000,2500,ahrefs-2026-01,,
psd-to-pdf,live,convert,psd,pdf,client-only,imagemagick-wasm,pass,format check: signature,ca5b9a53e93a,psd to pdf,exact,,,16000,900,3,9800,900,ahrefs-2026-01,,
psd-to-png,live,convert,psd,png,client-only,imagemagick-wasm,pass,format check: signature,ca5b9a53e93a,psd to png,exact,,,21000,2900,5,13000,3300,ahrefs-2026-01,,
psd-to-rgb,live,convert,psd,rgb,client-only,imagemagick-wasm,pass,format check: none,ca5b9a53e93a,psd to rgb,exact,,,,,,,,ahrefs-2026-01,,
psd-to-svg,live,convert,psd,svg,client-only,imagemagick-wasm,pass,format check: signature,ca5b9a53e93a,psd to svg,exact,,,2000,300,0,700,200,ahrefs-2026-01,,
psd-to-webp,live,convert,psd,webp,client-only,imagemagick-wasm,pass,format check: signature,ca5b9a53e93a,psd to webp,exact,,,350,20,,,,ahrefs-2026-01,,
,not built,convert,pub,pdf,,,,,,pub to pdf,none,,,4500,1300,7,2300,800,ahrefs-2026-01,,
qt-to-mp4,live,convert,qt,mp4,client-only,ffmpeg-wasm,pass,format check: signature,ca5b9a53e93a,qt to mp4,exact,,,800,200,0,450,300,ahrefs-2026-01,,
ra-to-mp3,live,convert,ra,mp3,client-only,ffmpeg-wasm,pass,format check: signature,ca5b9a53e93a,ra to mp3,exact,,,20,10,,,,ahrefs-2026-01,,
raf-to-jpeg,live,convert,raf,jpeg,client-only,imagemagick-wasm,pass,format check: signature,ca5b9a53e93a,raf to jpeg,exact,,,200,20,0,250,80,ahrefs-2026-01,,
raf-to-jpg,live,convert,raf,jpg,client-only,imagemagick-wasm,pass,format check: signature,ca5b9a53e93a,raf to jpg,exact,,,1400,150,0,250,70,ahrefs-2026-01,,
raf-to-raf,retired,convert,raf,raf,unknown,,not swept,the sweep runs live Tools only,,raf to raf,exact,,yes,,,,,,ahrefs-2026-01,,
raf-to-rw2,retired,convert,raf,rw2,unknown,,not swept,the sweep runs live Tools only,,raf to rw2,exact,,,,,,,,ahrefs-2026-01,,
raf-to-svg,live,convert,raf,svg,client-only,imagemagick-wasm,pass,format check: signature,ca5b9a53e93a,raf to svg,exact,,,,,,,,ahrefs-2026-01,,
raf-to-tga,live,convert,raf,tga,client-only,imagemagick-wasm,pass,format check: none,ca5b9a53e93a,raf to tga,exact,,,,,,,,ahrefs-2026-01,,
raf-to-tif,live,convert,raf,tif,client-only,imagemagick-wasm,pass,format check: signature,ca5b9a53e93a,raf to tif,exact,,,,,,,,ahrefs-2026-01,,
raf-to-tiff,live,convert,raf,tiff,client-only,imagemagick-wasm,pass,format check: signature,ca5b9a53e93a,raf to tiff,exact,,,,,,,,ahrefs-2026-01,,
raf-to-webp,live,convert,raf,webp,client-only,imagemagick-wasm,pass,format check: signature,ca5b9a53e93a,raf to webp,exact,,,,,,,,ahrefs-2026-01,,
raf-to-xbm,live,convert,raf,xbm,client-only,imagemagick-wasm,pass,format check: none,ca5b9a53e93a,raf to xbm,exact,,,,,,,,ahrefs-2026-01,,
,not built,convert,rar,jar,,,,,,rar to jar,none,,,250,40,0,20,20,ahrefs-2026-01,,
,not built,convert,rar,zip,,,,,,rar to zip,none,,,79000,12000,66,51000,15000,ahrefs-2026-01,,
,not built,convert,rgb,rgba,,,,,,rgb to rgba,none,,,250,60,67,39000,6500,ahrefs-2026-01,,
,not built,convert,rgba,rgb,,,,,,rgba to rgb,none,,,300,70,64,100,60,ahrefs-2026-01,,
rm-to-3gp,live,convert,rm,3gp,client-only,ffmpeg-wasm,pass,format check: signature,5a318b697fbf,,,,,,,,,,,,
rm-to-aac,live,convert,rm,aac,client-only,ffmpeg-wasm,pass,format check: none,ca5b9a53e93a,,,,,,,,,,,,
rm-to-aiff,live,convert,rm,aiff,client-only,ffmpeg-wasm,pass,format check: signature,ca5b9a53e93a,,,,,,,,,,,,
rm-to-alac,live,convert,rm,alac,client-only,ffmpeg-wasm,pass,format check: none,ca5b9a53e93a,,,,,,,,,,,,
rm-to-amr,live,convert,rm,amr,client-only,ffmpeg-wasm,error,FFmpeg failed with exit code 1 [Unknown encoder 'libopencore_amrnb'],ca5b9a53e93a,,,,,,,,,,,,
rm-to-asf,live,convert,rm,asf,client-only,ffmpeg-wasm,pass,format check: none,ca5b9a53e93a,,,,,,,,,,,,
rm-to-au,live,convert,rm,au,client-only,ffmpeg-wasm,pass,format check: none,ca5b9a53e93a,,,,,,,,,,,,
rm-to-av1,live,convert,rm,av1,client-only,ffmpeg-wasm + webcodecs,pass,format check: signature,d0d2843e65ce,,,,,,,,,,,,
rm-to-avchd,live,convert,rm,avchd,client-only,ffmpeg-wasm,pass,format check: none,ca5b9a53e93a,,,,,,,,,,,,
rm-to-avi,live,convert,rm,avi,client-only,ffmpeg-wasm,pass,format check: signature,ca5b9a53e93a,,,,,,,,,,,,
rm-to-caf,live,convert,rm,caf,client-only,ffmpeg-wasm,pass,format check: none,ca5b9a53e93a,,,,,,,,,,,,
rm-to-cdda,live,convert,rm,cdda,client-only,ffmpeg-wasm,pass,format check: none,ca5b9a53e93a,,,,,,,,,,,,
rm-to-divx,live,convert,rm,divx,client-only,ffmpeg-wasm,pass,format check: none,ca5b9a53e93a,,,,,,,,,,,,
rm-to-f4v,live,convert,rm,f4v,client-only,ffmpeg-wasm,pass,format check: none,ca5b9a53e93a,,,,,,,,,,,,
rm-to-flac,live,convert,rm,flac,client-only,ffmpeg-wasm,pass,format check: signature,ca5b9a53e93a,,,,,,,,,,,,
rm-to-flv,live,convert,rm,flv,client-only,ffmpeg-wasm,pass,format check: signature,ca5b9a53e93a,,,,,,,,,,,,
rm-to-gif,live,convert,rm,gif,client-only,ffmpeg-wasm,pass,format check: signature,5a318b697fbf,,,,,,,,,,,,
rm-to-hevc,live,convert,rm,hevc,client-only,ffmpeg-wasm + webcodecs,pass,format check: signature,d0d2843e65ce,,,,,,,,,,,,
rm-to-m2ts,live,convert,rm,m2ts,client-only,ffmpeg-wasm,pass,format check: none,ca5b9a53e93a,,,,,,,,,,,,
rm-to-m4a,live,convert,rm,m4a,client-only,ffmpeg-wasm,pass,format check: signature,ca5b9a53e93a,,,,,,,,,,,,
rm-to-m4r,live,convert,rm,m4r,client-only,ffmpeg-wasm,pass,format check: signature,ca5b9a53e93a,,,,,,,,,,,,
rm-to-m4v,live,convert,rm,m4v,client-only,ffmpeg-wasm,pass,format check: signature,ca5b9a53e93a,,,,,,,,,,,,
rm-to-mjpeg,live,convert,rm,mjpeg,client-only,ffmpeg-wasm,pass,format check: none,ca5b9a53e93a,,,,,,,,,,,,
rm-to-mkv,live,convert,rm,mkv,client-only,ffmpeg-wasm,pass,format check: signature,ca5b9a53e93a,,,,,,,,,,,,
rm-to-mov,live,convert,rm,mov,client-only,ffmpeg-wasm,pass,format check: signature,ca5b9a53e93a,,,,,,,,,,,,
rm-to-mp2,live,convert,rm,mp2,client-only,ffmpeg-wasm,pass,format check: none,ca5b9a53e93a,,,,,,,,,,,,
rm-to-mp3,live,convert,rm,mp3,client-only,ffmpeg-wasm,pass,format check: signature,ca5b9a53e93a,rm to mp3,exact,,,150,30,0,20,20,ahrefs-2026-01,,
rm-to-mp4,live,convert,rm,mp4,client-only,ffmpeg-wasm,pass,format check: signature,ca5b9a53e93a,rm to mp4,exact,,,150,70,0,30,30,ahrefs-2026-01,,
rm-to-mpeg,live,convert,rm,mpeg,client-only,ffmpeg-wasm,pass,format check: none,ca5b9a53e93a,,,,,,,,,,,,
rm-to-mpeg2,live,convert,rm,mpeg2,client-only,ffmpeg-wasm,pass,format check: none,ca5b9a53e93a,,,,,,,,,,,,
rm-to-mpg,live,convert,rm,mpg,client-only,ffmpeg-wasm,pass,format check: none,ca5b9a53e93a,,,,,,,,,,,,
rm-to-mts,live,convert,rm,mts,client-only,ffmpeg-wasm,pass,format check: none,ca5b9a53e93a,,,,,,,,,,,,
rm-to-mxf,live,convert,rm,mxf,client-only,ffmpeg-wasm,pass,format check: none,5a318b697fbf,,,,,,,,,,,,
rm-to-oga,live,convert,rm,oga,client-only,ffmpeg-wasm,pass,format check: signature,ca5b9a53e93a,,,,,,,,,,,,
rm-to-ogg,live,convert,rm,ogg,client-only,ffmpeg-wasm,pass,format check: signature,ca5b9a53e93a,,,,,,,,,,,,
rm-to-opus,live,convert,rm,opus,client-only,ffmpeg-wasm,pass,format check: signature,ca5b9a53e93a,,,,,,,,,,,,
rm-to-rmvb,retired,convert,rm,rmvb,unknown,,not swept,the sweep runs live Tools only,,,,,,,,,,,,,
rm-to-ts,live,convert,rm,ts,client-only,ffmpeg-wasm,pass,format check: none,ca5b9a53e93a,,,,,,,,,,,,
rm-to-vob,live,convert,rm,vob,client-only,ffmpeg-wasm,pass,format check: none,ca5b9a53e93a,,,,,,,,,,,,
rm-to-wav,live,convert,rm,wav,client-only,ffmpeg-wasm,pass,format check: signature,ca5b9a53e93a,,,,,,,,,,,,
rm-to-webm,live,convert,rm,webm,client-only,ffmpeg-wasm,pass,format check: signature,ca5b9a53e93a,,,,,,,,,,,,
rm-to-wma,live,convert,rm,wma,client-only,ffmpeg-wasm,pass,format check: none,ca5b9a53e93a,,,,,,,,,,,,
rmvb-to-3gp,live,convert,rmvb,3gp,client-only,ffmpeg-wasm,no_fixture,no ready rmvb fixture in fixture-matrix.json,ca5b9a53e93a,,,,,,,,,,,,
rmvb-to-aac,live,convert,rmvb,aac,client-only,ffmpeg-wasm,no_fixture,no ready rmvb fixture in fixture-matrix.json,ca5b9a53e93a,,,,,,,,,,,,
rmvb-to-aiff,live,convert,rmvb,aiff,client-only,ffmpeg-wasm,no_fixture,no ready rmvb fixture in fixture-matrix.json,ca5b9a53e93a,,,,,,,,,,,,
rmvb-to-alac,live,convert,rmvb,alac,client-only,ffmpeg-wasm,no_fixture,no ready rmvb fixture in fixture-matrix.json,ca5b9a53e93a,,,,,,,,,,,,
rmvb-to-amr,live,convert,rmvb,amr,client-only,ffmpeg-wasm,no_fixture,no ready rmvb fixture in fixture-matrix.json,ca5b9a53e93a,,,,,,,,,,,,
rmvb-to-asf,live,convert,rmvb,asf,client-only,ffmpeg-wasm,no_fixture,no ready rmvb fixture in fixture-matrix.json,ca5b9a53e93a,,,,,,,,,,,,
rmvb-to-au,live,convert,rmvb,au,client-only,ffmpeg-wasm,no_fixture,no ready rmvb fixture in fixture-matrix.json,ca5b9a53e93a,,,,,,,,,,,,
rmvb-to-av1,live,convert,rmvb,av1,client-only,ffmpeg-wasm + webcodecs,no_fixture,no ready rmvb fixture in fixture-matrix.json,d0d2843e65ce,,,,,,,,,,,,
rmvb-to-avchd,live,convert,rmvb,avchd,client-only,ffmpeg-wasm,no_fixture,no ready rmvb fixture in fixture-matrix.json,ca5b9a53e93a,,,,,,,,,,,,
rmvb-to-avi,live,convert,rmvb,avi,client-only,ffmpeg-wasm,no_fixture,no ready rmvb fixture in fixture-matrix.json,ca5b9a53e93a,,,,,,,,,,,,
rmvb-to-caf,live,convert,rmvb,caf,client-only,ffmpeg-wasm,no_fixture,no ready rmvb fixture in fixture-matrix.json,ca5b9a53e93a,,,,,,,,,,,,
rmvb-to-cdda,live,convert,rmvb,cdda,client-only,ffmpeg-wasm,no_fixture,no ready rmvb fixture in fixture-matrix.json,ca5b9a53e93a,,,,,,,,,,,,
rmvb-to-divx,live,convert,rmvb,divx,client-only,ffmpeg-wasm,no_fixture,no ready rmvb fixture in fixture-matrix.json,ca5b9a53e93a,,,,,,,,,,,,
rmvb-to-f4v,live,convert,rmvb,f4v,client-only,ffmpeg-wasm,no_fixture,no ready rmvb fixture in fixture-matrix.json,ca5b9a53e93a,,,,,,,,,,,,
rmvb-to-flac,live,convert,rmvb,flac,client-only,ffmpeg-wasm,no_fixture,no ready rmvb fixture in fixture-matrix.json,ca5b9a53e93a,,,,,,,,,,,,
rmvb-to-flv,live,convert,rmvb,flv,client-only,ffmpeg-wasm,no_fixture,no ready rmvb fixture in fixture-matrix.json,ca5b9a53e93a,,,,,,,,,,,,
rmvb-to-gif,live,convert,rmvb,gif,client-only,ffmpeg-wasm,no_fixture,no ready rmvb fixture in fixture-matrix.json,ca5b9a53e93a,,,,,,,,,,,,
rmvb-to-hevc,live,convert,rmvb,hevc,client-only,ffmpeg-wasm + webcodecs,no_fixture,no ready rmvb fixture in fixture-matrix.json,d0d2843e65ce,,,,,,,,,,,,
rmvb-to-m2ts,live,convert,rmvb,m2ts,client-only,ffmpeg-wasm,no_fixture,no ready rmvb fixture in fixture-matrix.json,ca5b9a53e93a,,,,,,,,,,,,
rmvb-to-m4a,live,convert,rmvb,m4a,client-only,ffmpeg-wasm,no_fixture,no ready rmvb fixture in fixture-matrix.json,ca5b9a53e93a,,,,,,,,,,,,
rmvb-to-m4r,live,convert,rmvb,m4r,client-only,ffmpeg-wasm,no_fixture,no ready rmvb fixture in fixture-matrix.json,ca5b9a53e93a,,,,,,,,,,,,
rmvb-to-m4v,live,convert,rmvb,m4v,client-only,ffmpeg-wasm,no_fixture,no ready rmvb fixture in fixture-matrix.json,ca5b9a53e93a,,,,,,,,,,,,
rmvb-to-mjpeg,live,convert,rmvb,mjpeg,client-only,ffmpeg-wasm,no_fixture,no ready rmvb fixture in fixture-matrix.json,ca5b9a53e93a,,,,,,,,,,,,
rmvb-to-mkv,live,convert,rmvb,mkv,client-only,ffmpeg-wasm,no_fixture,no ready rmvb fixture in fixture-matrix.json,ca5b9a53e93a,,,,,,,,,,,,
rmvb-to-mov,live,convert,rmvb,mov,client-only,ffmpeg-wasm,no_fixture,no ready rmvb fixture in fixture-matrix.json,ca5b9a53e93a,,,,,,,,,,,,
rmvb-to-mp2,live,convert,rmvb,mp2,client-only,ffmpeg-wasm,no_fixture,no ready rmvb fixture in fixture-matrix.json,ca5b9a53e93a,,,,,,,,,,,,
rmvb-to-mp3,live,convert,rmvb,mp3,client-only,ffmpeg-wasm,no_fixture,no ready rmvb fixture in fixture-matrix.json,ca5b9a53e93a,,,,,,,,,,,,
rmvb-to-mp4,live,convert,rmvb,mp4,client-only,ffmpeg-wasm,no_fixture,no ready rmvb fixture in fixture-matrix.json,ca5b9a53e93a,rmvb to mp4,exact,,,900,100,0,250,70,ahrefs-2026-01,,
rmvb-to-mpeg,live,convert,rmvb,mpeg,client-only,ffmpeg-wasm,no_fixture,no ready rmvb fixture in fixture-matrix.json,ca5b9a53e93a,,,,,,,,,,,,
rmvb-to-mpeg2,live,convert,rmvb,mpeg2,client-only,ffmpeg-wasm,no_fixture,no ready rmvb fixture in fixture-matrix.json,ca5b9a53e93a,,,,,,,,,,,,
rmvb-to-mpg,live,convert,rmvb,mpg,client-only,ffmpeg-wasm,no_fixture,no ready rmvb fixture in fixture-matrix.json,ca5b9a53e93a,,,,,,,,,,,,
rmvb-to-mts,live,convert,rmvb,mts,client-only,ffmpeg-wasm,no_fixture,no ready rmvb fixture in fixture-matrix.json,ca5b9a53e93a,,,,,,,,,,,,
rmvb-to-mxf,live,convert,rmvb,mxf,client-only,ffmpeg-wasm,no_fixture,no ready rmvb fixture in fixture-matrix.json,56f3f6e87c66,,,,,,,,,,,,
rmvb-to-oga,live,convert,rmvb,oga,client-only,ffmpeg-wasm,no_fixture,no ready rmvb fixture in fixture-matrix.json,ca5b9a53e93a,,,,,,,,,,,,
rmvb-to-ogg,live,convert,rmvb,ogg,client-only,ffmpeg-wasm,no_fixture,no ready rmvb fixture in fixture-matrix.json,ca5b9a53e93a,,,,,,,,,,,,
rmvb-to-opus,live,convert,rmvb,opus,client-only,ffmpeg-wasm,no_fixture,no ready rmvb fixture in fixture-matrix.json,ca5b9a53e93a,,,,,,,,,,,,
rmvb-to-rm,live,convert,rmvb,rm,server-first-client-fallback,"server-video, then ffmpeg-wasm",no_fixture,no ready rmvb fixture in fixture-matrix.json,ca5b9a53e93a,,,,,,,,,,,,
rmvb-to-ts,live,convert,rmvb,ts,client-only,ffmpeg-wasm,no_fixture,no ready rmvb fixture in fixture-matrix.json,ca5b9a53e93a,,,,,,,,,,,,
rmvb-to-vob,live,convert,rmvb,vob,client-only,ffmpeg-wasm,no_fixture,no ready rmvb fixture in fixture-matrix.json,ca5b9a53e93a,,,,,,,,,,,,
rmvb-to-wav,live,convert,rmvb,wav,client-only,ffmpeg-wasm,no_fixture,no ready rmvb fixture in fixture-matrix.json,ca5b9a53e93a,,,,,,,,,,,,
rmvb-to-webm,live,convert,rmvb,webm,client-only,ffmpeg-wasm,no_fixture,no ready rmvb fixture in fixture-matrix.json,ca5b9a53e93a,,,,,,,,,,,,
rmvb-to-wma,live,convert,rmvb,wma,client-only,ffmpeg-wasm,no_fixture,no ready rmvb fixture in fixture-matrix.json,ca5b9a53e93a,,,,,,,,,,,,
,not built,convert,rtf,csv,,,,,,rtf to csv,none,,,300,80,0,40,40,ahrefs-2026-01,,
,not built,convert,rtf,doc,,,,,,rtf to doc,none,,,600,100,0,300,90,ahrefs-2026-01,,
,not built,convert,rtf,docx,,,,,,rtf to docx,none,,,2400,350,0,800,300,ahrefs-2026-01,,
,not built,convert,rtf,html,,,,,,rtf to html,none,,,300,100,1,100,80,ahrefs-2026-01,,
,not built,convert,rtf,pdf,,,,,,rtf to pdf,none,,,41000,3100,3,12000,2500,ahrefs-2026-01,,
,not built,convert,rtf,txt,,,,,,rtf to txt,none,,,2200,600,0,700,300,ahrefs-2026-01,,
,not built,convert,rtf,word,,,,,,rtf to word,none,,,5000,250,1,1700,200,ahrefs-2026-01,,
,not built,convert,rtf,xls,,,,,,rtf to xls,none,,,50,10,0,50,30,ahrefs-2026-01,,
,not built,convert,rtf,xlsx,,,,,,rtf to xlsx,none,,,50,10,,,,ahrefs-2026-01,,
,not built,convert,rw2,rw2,,,,,,rw2 to rw2,none,,yes,,,,,,ahrefs-2026-01,,
,not built,convert,rw2,svg,,,,,,rw2 to svg,none,,,,,,,,ahrefs-2026-01,,
rw2-to-tga,live,convert,rw2,tga,client-only,imagemagick-wasm,no_fixture,no ready rw2 fixture in fixture-matrix.json,ca5b9a53e93a,rw2 to tga,exact,,,,,,,,ahrefs-2026-01,,
rw2-to-tif,live,convert,rw2,tif,client-only,imagemagick-wasm,no_fixture,no ready rw2 fixture in fixture-matrix.json,ca5b9a53e93a,rw2 to tif,exact,,,,,,,,ahrefs-2026-01,,
rw2-to-tiff,live,convert,rw2,tiff,client-only,imagemagick-wasm,no_fixture,no ready rw2 fixture in fixture-matrix.json,ca5b9a53e93a,rw2 to tiff,exact,,,,,,,,ahrefs-2026-01,,
rw2-to-webp,live,convert,rw2,webp,client-only,imagemagick-wasm,no_fixture,no ready rw2 fixture in fixture-matrix.json,ca5b9a53e93a,rw2 to webp,exact,,,,,,,,ahrefs-2026-01,,
,not built,convert,rw2,xbm,,,,,,rw2 to xbm,none,,,,,,,,ahrefs-2026-01,,
sfw-to-jpeg,live,convert,sfw,jpeg,client-only,browser-raster,no_fixture,no ready sfw fixture in fixture-matrix.json,ca5b9a53e93a,sfw to jpeg,exact,,,,,,,,ahrefs-2026-01,,
sfw-to-jpg,live,convert,sfw,jpg,client-only,browser-raster,no_fixture,no ready sfw fixture in fixture-matrix.json,ca5b9a53e93a,sfw to jpg,exact,,,10,,,,,ahrefs-2026-01,,
shn-to-flac,retired,convert,shn,flac,unknown,,not swept,the sweep runs live Tools only,,shn to flac,exact,,,20,10,0,20,20,ahrefs-2026-01,,
shn-to-mp3,retired,convert,shn,mp3,unknown,,not swept,the sweep runs live Tools only,,shn to mp3,exact,,,70,60,0,40,40,ahrefs-2026-01,,
,not built,convert,sk,dxf,,,,,,sk to dxf,none,,,,,,,,ahrefs-2026-01,,
,not built,convert,sk,html,,,,,,sk to html,none,,,,,,,,ahrefs-2026-01,,
sk-to-jpg,live,convert,sk,jpg,client-only,browser-raster,no_fixture,no ready sk fixture in fixture-matrix.json,ca5b9a53e93a,sk to jpg,exact,,,,,,,,ahrefs-2026-01,,
,not built,convert,spx,mp3,,,,,,spx to mp3,none,,,10,,,,,ahrefs-2026-01,,
sql-to-csv,live,convert,sql,csv,client-only,table-convert,no_fixture,no ready sql fixture in fixture-matrix.json,ca5b9a53e93a,sql to csv,exact,,,,,,,,ahrefs-2026-01,,
,not built,convert,sql,excel,,,,,,sql to excel,none,,,,,,,,ahrefs-2026-01,,
,not built,convert,sql,html,,,,,,sql to html,none,,,,,,,,ahrefs-2026-01,,
,not built,convert,sql,json,,,,,,sql to json,none,,,,,,,,ahrefs-2026-01,,
sql-to-markdown,live,convert,sql,markdown,client-only,table-convert,no_fixture,no ready sql fixture in fixture-matrix.json,ca5b9a53e93a,,,,,,,,,,,,
,not built,convert,sql,pdf,,,,,,sql to pdf,none,,,,,,,,ahrefs-2026-01,,
,not built,convert,sql,sql,,,,,,sql to sql,none,,yes,,,,,,ahrefs-2026-01,,
,not built,convert,sql,xml,,,,,,sql to xml,none,,,,,,,,ahrefs-2026-01,,
svg-to-ai,live,convert,svg,ai,client-only,browser-raster,error,Converting to AI isn't supported.,ca5b9a53e93a,svg to ai,exact,,,3600,300,0,1500,350,ahrefs-2026-01,,
svg-to-avif,live,convert,svg,avif,client-only,browser-raster,pass,format check: signature,ca5b9a53e93a,,,,,,,,,,,,
svg-to-bmp,live,convert,svg,bmp,client-only,browser-raster,pass,format check: signature,ca5b9a53e93a,,,,,,,,,,,,
svg-to-cur,live,convert,svg,cur,client-only,browser-raster,pass,format check: signature,ca5b9a53e93a,,,,,,,,,,,,
svg-to-dds,live,convert,svg,dds,client-only,browser-raster,pass,format check: signature,ca5b9a53e93a,,,,,,,,,,,,
,not built,convert,svg,dxf,,,,,,svg to dxf,none,,,11000,3100,1,7800,3300,ahrefs-2026-01,,
svg-to-emf,retired,convert,svg,emf,unknown,,not swept,the sweep runs live Tools only,,svg to emf,exact,,,1200,200,1,450,250,ahrefs-2026-01,,
svg-to-eps,retired,convert,svg,eps,unknown,,not swept,the sweep runs live Tools only,,svg to eps,exact,,,5900,800,0,3000,800,ahrefs-2026-01,,
svg-to-gif,live,convert,svg,gif,client-only,browser-raster,pass,format check: signature,ca5b9a53e93a,svg to gif,exact,,,2200,300,1,600,150,ahrefs-2026-01,,
svg-to-heic,retired,convert,svg,heic,unknown,,not swept,the sweep runs live Tools only,,,,,,,,,,,,,
svg-to-heif,retired,convert,svg,heif,unknown,,not swept,the sweep runs live Tools only,,,,,,,,,,,,,
svg-to-html,live,convert,svg,html,client-only,browser-raster,error,Converting to HTML isn't supported.,ca5b9a53e93a,svg to html,exact,,,1100,150,11,2000,300,ahrefs-2026-01,,
svg-to-icns,live,convert,svg,icns,client-only,browser-raster,pass,format check: signature,ca5b9a53e93a,,,,,,,,,,,,
svg-to-ico,live,convert,svg,ico,client-only,browser-raster,pass,format check: signature,ca5b9a53e93a,svg to ico,exact,,,16000,1600,1,9000,1500,ahrefs-2026-01,,
svg-to-jp2,live,convert,svg,jp2,client-only,browser-raster,pass,format check: signature,ca5b9a53e93a,,,,,,,,,,,,
svg-to-jpeg,live,convert,svg,jpeg,client-only,browser-raster,pass,format check: signature,ca5b9a53e93a,svg to jpeg,exact,,,4900,700,8,24000,4200,ahrefs-2026-01,,
svg-to-jpg,live,convert,svg,jpg,client-only,browser-raster,pass,format check: signature,ca5b9a53e93a,svg to jpg,exact,,,41000,4900,6,24000,4200,ahrefs-2026-01,,
svg-to-jxl,live,convert,svg,jxl,client-only,browser-raster,pass,format check: signature,ca5b9a53e93a,,,,,,,,,,,,
svg-to-otf,retired,convert,svg,otf,unknown,,not swept,the sweep runs live Tools only,,svg to otf,exact,,,50,10,,,,ahrefs-2026-01,,
svg-to-pbm,live,convert,svg,pbm,client-only,browser-raster,pass,format check: signature,ca5b9a53e93a,,,,,,,,,,,,
svg-to-pdf,live,convert,svg,pdf,client-only,browser-raster,pass,format check: signature,ca5b9a53e93a,svg to pdf,exact,,,21000,2300,2,9700,2100,ahrefs-2026-01,,
svg-to-pgm,live,convert,svg,pgm,client-only,browser-raster,pass,format check: signature,ca5b9a53e93a,,,,,,,,,,,,
svg-to-png,live,convert,svg,png,client-only,browser-raster,pass,format check: signature,ca5b9a53e93a,svg to png,exact,,,275000,36000,23,255000,27000,ahrefs-2026-01,,
svg-to-ppm,live,convert,svg,ppm,client-only,browser-raster,pass,format check: signature,ca5b9a53e93a,,,,,,,,,,,,
svg-to-psd,live,convert,svg,psd,client-only,browser-raster,pass,format check: signature,ca5b9a53e93a,,,,,,,,,,,,
svg-to-svg,live,convert,svg,svg,client-only,browser-raster,pass,format check: signature,ca5b9a53e93a,svg to svg,exact,,yes,800,90,55,1200,150,ahrefs-2026-01,,
svg-to-tga,live,convert,svg,tga,client-only,browser-raster,pass,format check: none,ca5b9a53e93a,svg to tga,exact,,,20,10,,,,ahrefs-2026-01,,
svg-to-tif,live,convert,svg,tif,client-only,browser-raster,pass,format check: signature,ca5b9a53e93a,svg to tif,exact,,,50,10,,,,ahrefs-2026-01,,
svg-to-tiff,live,convert,svg,tiff,client-only,browser-raster,pass,format check: signature,ca5b9a53e93a,svg to tiff,exact,,,600,100,0,30,20,ahrefs-2026-01,,
svg-to-ttf,live,convert,svg,ttf,client-only,browser-raster,error,Converting to TTF isn't supported.,ca5b9a53e93a,svg to ttf,exact,,,500,80,0,60,40,ahrefs-2026-01,,
svg-to-webp,live,convert,svg,webp,client-only,browser-raster,pass,format check: signature,ca5b9a53e93a,svg to webp,exact,,,8200,400,1,,,ahrefs-2026-01,,
,not built,convert,svg,xbm,,,,,,svg to xbm,none,,,,,,,,ahrefs-2026-01,,
svg-to-xcf,retired,convert,svg,xcf,unknown,,not swept,the sweep runs live Tools only,,,,,,,,,,,,,
svg-to-xpm,live,convert,svg,xpm,client-only,browser-raster,pass,format check: none,ca5b9a53e93a,,,,,,,,,,,,
swf-to-3gp,live,convert,swf,3gp,client-only,ffmpeg-wasm,pass,format check: signature,5a318b697fbf,,,,,,,,,,,,
swf-to-aac,live,convert,swf,aac,client-only,ffmpeg-wasm,pass,format check: none,ca5b9a53e93a,,,,,,,,,,,,
swf-to-aiff,live,convert,swf,aiff,client-only,ffmpeg-wasm,pass,format check: signature,ca5b9a53e93a,,,,,,,,,,,,
swf-to-alac,live,convert,swf,alac,client-only,ffmpeg-wasm,pass,format check: none,ca5b9a53e93a,,,,,,,,,,,,
swf-to-amr,live,convert,swf,amr,client-only,ffmpeg-wasm,error,FFmpeg failed with exit code 1 [Unknown encoder 'libopencore_amrnb'],ca5b9a53e93a,,,,,,,,,,,,
swf-to-asf,live,convert,swf,asf,client-only,ffmpeg-wasm,pass,format check: none,ca5b9a53e93a,,,,,,,,,,,,
swf-to-au,live,convert,swf,au,client-only,ffmpeg-wasm,pass,format check: none,ca5b9a53e93a,,,,,,,,,,,,
swf-to-av1,live,convert,swf,av1,client-only,ffmpeg-wasm + webcodecs,pass,format check: signature,d0d2843e65ce,,,,,,,,,,,,
swf-to-avchd,live,convert,swf,avchd,client-only,ffmpeg-wasm,pass,format check: none,ca5b9a53e93a,,,,,,,,,,,,
swf-to-avi,live,convert,swf,avi,client-only,ffmpeg-wasm,pass,format check: signature,ca5b9a53e93a,swf to avi,exact,,,150,40,1,20,20,ahrefs-2026-01,,
swf-to-caf,live,convert,swf,caf,client-only,ffmpeg-wasm,pass,format check: none,ca5b9a53e93a,,,,,,,,,,,,
swf-to-cdda,live,convert,swf,cdda,client-only,ffmpeg-wasm,pass,format check: none,ca5b9a53e93a,,,,,,,,,,,,
swf-to-divx,live,convert,swf,divx,client-only,ffmpeg-wasm,pass,format check: none,ca5b9a53e93a,,,,,,,,,,,,
swf-to-f4v,live,convert,swf,f4v,client-only,ffmpeg-wasm,pass,format check: none,ca5b9a53e93a,,,,,,,,,,,,
swf-to-flac,live,convert,swf,flac,client-only,ffmpeg-wasm,pass,format check: signature,ca5b9a53e93a,,,,,,,,,,,,
swf-to-flv,live,convert,swf,flv,client-only,ffmpeg-wasm,pass,format check: signature,ca5b9a53e93a,swf to flv,exact,,,50,30,0,20,20,ahrefs-2026-01,,
swf-to-gif,live,convert,swf,gif,client-only,ffmpeg-wasm,pass,format check: signature,ca5b9a53e93a,swf to gif,exact,,,350,100,1,150,150,ahrefs-2026-01,,
swf-to-hevc,live,convert,swf,hevc,client-only,ffmpeg-wasm + webcodecs,pass,format check: signature,d0d2843e65ce,,,,,,,,,,,,
swf-to-m2ts,live,convert,swf,m2ts,client-only,ffmpeg-wasm,pass,format check: none,ca5b9a53e93a,,,,,,,,,,,,
swf-to-m4a,live,convert,swf,m4a,client-only,ffmpeg-wasm,pass,format check: signature,ca5b9a53e93a,,,,,,,,,,,,
swf-to-m4r,live,convert,swf,m4r,client-only,ffmpeg-wasm,pass,format check: signature,ca5b9a53e93a,,,,,,,,,,,,
swf-to-m4v,live,convert,swf,m4v,client-only,ffmpeg-wasm,pass,format check: signature,ca5b9a53e93a,,,,,,,,,,,,
swf-to-mjpeg,live,convert,swf,mjpeg,client-only,ffmpeg-wasm,pass,format check: none,ca5b9a53e93a,,,,,,,,,,,,
swf-to-mkv,live,convert,swf,mkv,client-only,ffmpeg-wasm,pass,format check: signature,ca5b9a53e93a,,,,,,,,,,,,
swf-to-mov,live,convert,swf,mov,client-only,ffmpeg-wasm,pass,format check: signature,ca5b9a53e93a,swf to mov,exact,,,90,60,0,30,30,ahrefs-2026-01,,
swf-to-mp2,live,convert,swf,mp2,client-only,ffmpeg-wasm,pass,format check: none,ca5b9a53e93a,,,,,,,,,,,,
swf-to-mp3,live,convert,swf,mp3,client-only,ffmpeg-wasm,pass,format check: signature,ca5b9a53e93a,,,,,,,,,,,,
swf-to-mp4,live,convert,swf,mp4,client-only,ffmpeg-wasm,pass,format check: signature,ca5b9a53e93a,swf to mp4,exact,,,3300,600,2,2700,1000,ahrefs-2026-01,,
swf-to-mpeg,live,convert,swf,mpeg,client-only,ffmpeg-wasm,pass,format check: none,ca5b9a53e93a,,,,,,,,,,,,
swf-to-mpeg2,live,convert,swf,mpeg2,client-only,ffmpeg-wasm,pass,format check: none,ca5b9a53e93a,,,,,,,,,,,,
swf-to-mpg,live,convert,swf,mpg,client-only,ffmpeg-wasm,pass,format check: none,ca5b9a53e93a,,,,,,,,,,,,
swf-to-mts,live,convert,swf,mts,client-only,ffmpeg-wasm,pass,format check: none,ca5b9a53e93a,,,,,,,,,,,,
swf-to-mxf,live,convert,swf,mxf,client-only,ffmpeg-wasm,pass,format check: none,5a318b697fbf,,,,,,,,,,,,
swf-to-oga,live,convert,swf,oga,client-only,ffmpeg-wasm,pass,format check: signature,ca5b9a53e93a,,,,,,,,,,,,
swf-to-ogg,live,convert,swf,ogg,client-only,ffmpeg-wasm,pass,format check: signature,ca5b9a53e93a,,,,,,,,,,,,
swf-to-opus,live,convert,swf,opus,client-only,ffmpeg-wasm,pass,format check: signature,ca5b9a53e93a,,,,,,,,,,,,
swf-to-rm,live,convert,swf,rm,server-first-client-fallback,"server-video, then ffmpeg-wasm",pass,format check: none,ca5b9a53e93a,,,,,,,,,,,,
swf-to-rmvb,retired,convert,swf,rmvb,unknown,,not swept,the sweep runs live Tools only,,,,,,,,,,,,,
swf-to-ts,live,convert,swf,ts,client-only,ffmpeg-wasm,pass,format check: none,ca5b9a53e93a,,,,,,,,,,,,
swf-to-vob,live,convert,swf,vob,client-only,ffmpeg-wasm,pass,format check: none,ca5b9a53e93a,,,,,,,,,,,,
swf-to-wav,live,convert,swf,wav,client-only,ffmpeg-wasm,pass,format check: signature,ca5b9a53e93a,,,,,,,,,,,,
swf-to-webm,live,convert,swf,webm,client-only,ffmpeg-wasm,pass,format check: signature,ca5b9a53e93a,,,,,,,,,,,,
swf-to-wma,live,convert,swf,wma,client-only,ffmpeg-wasm,pass,format check: none,ca5b9a53e93a,,,,,,,,,,,,
,not built,convert,tar,tgz,,,,,,tar to tgz,none,,,10,,,,,ahrefs-2026-01,,
,not built,convert,tar,zip,,,,,,tar to zip,none,,,800,100,0,200,60,ahrefs-2026-01,,
tga-to-jpg,live,convert,tga,jpg,client-only,imagemagick-wasm,pass,format check: signature,ca5b9a53e93a,tga to jpg,exact,,,1100,250,1,350,300,ahrefs-2026-01,,
tga-to-png,live,convert,tga,png,client-only,imagemagick-wasm,pass,format check: signature,ca5b9a53e93a,tga to png,exact,,,4300,1100,1,1900,1100,ahrefs-2026-01,,
tga-to-tga,live,convert,tga,tga,client-only,imagemagick-wasm,pass,format check: none,ca5b9a53e93a,tga to tga,exact,,yes,,,,,,ahrefs-2026-01,,
tga-to-tif,live,convert,tga,tif,client-only,imagemagick-wasm,pass,format check: signature,ca5b9a53e93a,tga to tif,exact,,,,,,,,ahrefs-2026-01,,
tga-to-tiff,live,convert,tga,tiff,client-only,imagemagick-wasm,pass,format check: signature,ca5b9a53e93a,tga to tiff,exact,,,,,,,,ahrefs-2026-01,,
tga-to-webp,live,convert,tga,webp,client-only,imagemagick-wasm,pass,format check: signature,ca5b9a53e93a,tga to webp,exact,,,,,,,,ahrefs-2026-01,,
tga-to-xbm,live,convert,tga,xbm,client-only,imagemagick-wasm,pass,format check: none,ca5b9a53e93a,tga to xbm,exact,,,,,,,,ahrefs-2026-01,,
,not built,convert,tgz,tar,,,,,,tgz to tar,none,,,,,,,,ahrefs-2026-01,,
,not built,convert,tgz,zip,,,,,,tgz to zip,none,,,250,40,0,50,20,ahrefs-2026-01,,
tif-to-jpg,live,convert,tif,jpg,client-only,imagemagick-wasm,pass,format check: signature,ca5b9a53e93a,tif to jpg,exact,,,22000,2200,2,12000,1500,ahrefs-2026-01,,
tif-to-png,live,convert,tif,png,client-only,imagemagick-wasm,pass,format check: signature,ca5b9a53e93a,tif to png,exact,,,9200,1600,1,9800,3600,ahrefs-2026-01,,
tif-to-tif,live,convert,tif,tif,client-only,imagemagick-wasm,pass,format check: signature,ca5b9a53e93a,tif to tif,exact,,yes,,,,,,ahrefs-2026-01,,
tif-to-tiff,live,convert,tif,tiff,client-only,imagemagick-wasm,pass,format check: signature,ca5b9a53e93a,tif to tiff,exact,,,150,20,0,10,10,ahrefs-2026-01,,
tif-to-webp,live,convert,tif,webp,client-only,imagemagick-wasm,pass,format check: signature,ca5b9a53e93a,tif to webp,exact,,,150,20,,,,ahrefs-2026-01,,
tif-to-xbm,live,convert,tif,xbm,client-only,imagemagick-wasm,pass,format check: none,ca5b9a53e93a,tif to xbm,exact,,,,,,,,ahrefs-2026-01,,
tiff-to-doc,retired,convert,tiff,doc,unknown,,not swept,the sweep runs live Tools only,,tiff to doc,exact,,,60,20,0,350,10,ahrefs-2026-01,,
,not built,convert,tiff,docx,,,,,,tiff to docx,none,,,10,,0,0,0,ahrefs-2026-01,,
tiff-to-eps,retired,convert,tiff,eps,unknown,,not swept,the sweep runs live Tools only,,tiff to eps,exact,,,150,30,0,20,20,ahrefs-2026-01,,
tiff-to-gif,live,convert,tiff,gif,client-only,imagemagick-wasm,pass,format check: signature,ca5b9a53e93a,tiff to gif,exact,,,250,70,0,40,40,ahrefs-2026-01,,
tiff-to-jpeg,live,convert,tiff,jpeg,client-only,imagemagick-wasm,pass,format check: signature,ca5b9a53e93a,tiff to jpeg,exact,,,2600,400,2,14000,3600,ahrefs-2026-01,,
tiff-to-jpg,live,convert,tiff,jpg,client-only,imagemagick-wasm,pass,format check: signature,ca5b9a53e93a,tiff to jpg,exact,,,22000,3200,2,15000,3700,ahrefs-2026-01,,
tiff-to-pdf,live,convert,tiff,pdf,client-only,imagemagick-wasm,pass,format check: signature,ca5b9a53e93a,tiff to pdf,exact,,,58000,4000,1,66000,6500,ahrefs-2026-01,,
tiff-to-png,live,convert,tiff,png,client-only,imagemagick-wasm,pass,format check: signature,ca5b9a53e93a,tiff to png,exact,,,7700,1500,3,9800,3600,ahrefs-2026-01,,
tiff-to-svg,live,convert,tiff,svg,client-only,imagemagick-wasm,pass,format check: signature,ca5b9a53e93a,tiff to svg,exact,,,450,100,0,80,70,ahrefs-2026-01,,
tiff-to-tiff,live,convert,tiff,tiff,client-only,imagemagick-wasm,pass,format check: signature,ca5b9a53e93a,tiff to tiff,exact,,yes,20,,,,,ahrefs-2026-01,,
tiff-to-webp,live,convert,tiff,webp,client-only,imagemagick-wasm,pass,format check: signature,ca5b9a53e93a,tiff to webp,exact,,,250,40,,,,ahrefs-2026-01,,
tiff-to-xbm,live,convert,tiff,xbm,client-only,imagemagick-wasm,pass,format check: none,ca5b9a53e93a,tiff to xbm,exact,,,,,,,,ahrefs-2026-01,,
tiktok-to-transcript,live,convert,mp4,txt,unknown,,skipped,transcription: downloads a speech model and runs for minutes per file; measure it in a separate run,ca5b9a53e93a,,,,,,,,,,,,
ts-to-3gp,live,convert,ts,3gp,client-only,ffmpeg-wasm,pass,format check: signature,5a318b697fbf,,,,,,,,,,,,
ts-to-aac,live,convert,ts,aac,client-only,ffmpeg-wasm,pass,format check: none,ca5b9a53e93a,,,,,,,,,,,,
ts-to-aiff,live,convert,ts,aiff,client-only,ffmpeg-wasm,pass,format check: signature,ca5b9a53e93a,,,,,,,,,,,,
ts-to-alac,live,convert,ts,alac,client-only,ffmpeg-wasm,pass,format check: none,ca5b9a53e93a,,,,,,,,,,,,
ts-to-amr,live,convert,ts,amr,client-only,ffmpeg-wasm,error,FFmpeg failed with exit code 1 [Unknown encoder 'libopencore_amrnb'],ca5b9a53e93a,,,,,,,,,,,,
ts-to-asf,live,convert,ts,asf,client-only,ffmpeg-wasm,pass,format check: none,ca5b9a53e93a,,,,,,,,,,,,
ts-to-au,live,convert,ts,au,client-only,ffmpeg-wasm,pass,format check: none,ca5b9a53e93a,,,,,,,,,,,,
ts-to-av1,live,convert,ts,av1,client-only,ffmpeg-wasm + webcodecs,pass,format check: signature,d0d2843e65ce,,,,,,,,,,,,
ts-to-avchd,live,convert,ts,avchd,client-only,ffmpeg-wasm,pass,format check: none,ca5b9a53e93a,,,,,,,,,,,,
ts-to-avi,live,convert,ts,avi,client-only,ffmpeg-wasm,pass,format check: signature,ca5b9a53e93a,,,,,,,,,,,,
ts-to-caf,live,convert,ts,caf,client-only,ffmpeg-wasm,pass,format check: none,ca5b9a53e93a,,,,,,,,,,,,
ts-to-cdda,live,convert,ts,cdda,client-only,ffmpeg-wasm,pass,format check: none,ca5b9a53e93a,,,,,,,,,,,,
ts-to-divx,live,convert,ts,divx,client-only,ffmpeg-wasm,pass,format check: none,ca5b9a53e93a,,,,,,,,,,,,
ts-to-f4v,live,convert,ts,f4v,client-only,ffmpeg-wasm,pass,format check: none,ca5b9a53e93a,,,,,,,,,,,,
ts-to-flac,live,convert,ts,flac,client-only,ffmpeg-wasm,pass,format check: signature,ca5b9a53e93a,,,,,,,,,,,,
ts-to-flv,live,convert,ts,flv,client-only,ffmpeg-wasm,pass,format check: signature,ca5b9a53e93a,,,,,,,,,,,,
ts-to-gif,live,convert,ts,gif,client-only,ffmpeg-wasm,pass,format check: signature,ca5b9a53e93a,,,,,,,,,,,,
ts-to-hevc,live,convert,ts,hevc,client-only,ffmpeg-wasm + webcodecs,pass,format check: signature,d0d2843e65ce,,,,,,,,,,,,
ts-to-m2ts,live,convert,ts,m2ts,client-only,ffmpeg-wasm,pass,format check: none,ca5b9a53e93a,,,,,,,,,,,,
ts-to-m4a,live,convert,ts,m4a,client-only,ffmpeg-wasm,pass,format check: signature,ca5b9a53e93a,,,,,,,,,,,,
ts-to-m4r,live,convert,ts,m4r,client-only,ffmpeg-wasm,pass,format check: signature,ca5b9a53e93a,,,,,,,,,,,,
ts-to-m4v,live,convert,ts,m4v,client-only,ffmpeg-wasm,pass,format check: signature,ca5b9a53e93a,,,,,,,,,,,,
ts-to-mjpeg,live,convert,ts,mjpeg,client-only,ffmpeg-wasm,pass,format check: none,ca5b9a53e93a,,,,,,,,,,,,
ts-to-mkv,live,convert,ts,mkv,client-only,ffmpeg-wasm,pass,format check: signature,ca5b9a53e93a,ts to mkv,exact,,,200,20,0,10,10,ahrefs-2026-01,,
ts-to-mov,live,convert,ts,mov,client-only,ffmpeg-wasm,pass,format check: signature,ca5b9a53e93a,,,,,,,,,,,,
ts-to-mp2,live,convert,ts,mp2,client-only,ffmpeg-wasm,pass,format check: none,ca5b9a53e93a,,,,,,,,,,,,
ts-to-mp3,live,convert,ts,mp3,client-only,ffmpeg-wasm,pass,format check: signature,ca5b9a53e93a,,,,,,,,,,,,
ts-to-mp4,live,convert,ts,mp4,client-only,ffmpeg-wasm,pass,format check: signature,ca5b9a53e93a,ts to mp4,exact,,,14000,1500,4,13000,1400,ahrefs-2026-01,,
ts-to-mpeg,live,convert,ts,mpeg,client-only,ffmpeg-wasm,pass,format check: none,ca5b9a53e93a,,,,,,,,,,,,
ts-to-mpeg2,live,convert,ts,mpeg2,client-only,ffmpeg-wasm,pass,format check: none,ca5b9a53e93a,,,,,,,,,,,,
ts-to-mpg,live,convert,ts,mpg,client-only,ffmpeg-wasm,pass,format check: none,ca5b9a53e93a,,,,,,,,,,,,
ts-to-mts,live,convert,ts,mts,client-only,ffmpeg-wasm,pass,format check: none,ca5b9a53e93a,,,,,,,,,,,,
ts-to-mxf,live,convert,ts,mxf,client-only,ffmpeg-wasm,pass,format check: none,5a318b697fbf,,,,,,,,,,,,
ts-to-oga,live,convert,ts,oga,client-only,ffmpeg-wasm,pass,format check: signature,ca5b9a53e93a,,,,,,,,,,,,
ts-to-ogg,live,convert,ts,ogg,client-only,ffmpeg-wasm,pass,format check: signature,ca5b9a53e93a,,,,,,,,,,,,
ts-to-opus,live,convert,ts,opus,client-only,ffmpeg-wasm,pass,format check: signature,ca5b9a53e93a,,,,,,,,,,,,
ts-to-rm,live,convert,ts,rm,server-first-client-fallback,"server-video, then ffmpeg-wasm",pass,format check: none,ca5b9a53e93a,,,,,,,,,,,,
ts-to-rmvb,retired,convert,ts,rmvb,unknown,,not swept,the sweep runs live Tools only,,,,,,,,,,,,,
ts-to-vob,live,convert,ts,vob,client-only,ffmpeg-wasm,pass,format check: none,ca5b9a53e93a,,,,,,,,,,,,
ts-to-wav,live,convert,ts,wav,client-only,ffmpeg-wasm,pass,format check: signature,ca5b9a53e93a,,,,,,,,,,,,
ts-to-webm,live,convert,ts,webm,client-only,ffmpeg-wasm,pass,format check: signature,ca5b9a53e93a,,,,,,,,,,,,
ts-to-wma,live,convert,ts,wma,client-only,ffmpeg-wasm,pass,format check: none,ca5b9a53e93a,,,,,,,,,,,,
,not built,convert,ttf,otf,,,,,,ttf to otf,none,,,4200,500,7,2400,700,ahrefs-2026-01,,
ttf-to-png,live,convert,ttf,png,client-only,browser-raster,no_fixture,no ready ttf fixture in fixture-matrix.json,ca5b9a53e93a,ttf to png,exact,,,500,100,0,60,60,ahrefs-2026-01,,
ttf-to-svg,live,convert,ttf,svg,client-only,browser-raster,no_fixture,no ready ttf fixture in fixture-matrix.json,ca5b9a53e93a,ttf to svg,exact,,,1700,500,0,500,350,ahrefs-2026-01,,
ttf-to-tiff,live,convert,ttf,tiff,client-only,browser-raster,no_fixture,no ready ttf fixture in fixture-matrix.json,ca5b9a53e93a,ttf to tiff,exact,,,,,,,,ahrefs-2026-01,,
,not built,convert,ttf,woff,,,,,,ttf to woff,none,,,8900,800,3,5700,800,ahrefs-2026-01,,
,not built,convert,txt,csv,,,,,,txt to csv,none,,,7600,1300,0,4100,800,ahrefs-2026-01,,
,not built,convert,txt,doc,,,,,,txt to doc,none,,,600,100,0,1500,150,ahrefs-2026-01,,
,not built,convert,txt,docx,,,,,,txt to docx,none,,,1400,200,0,450,150,ahrefs-2026-01,,
,not built,convert,txt,epub,,,,,,txt to epub,none,,,3200,450,1,1400,300,ahrefs-2026-01,,
,not built,convert,txt,html,,,,,,txt to html,none,,,1100,250,0,350,100,ahrefs-2026-01,,
txt-to-jpeg,live,convert,txt,jpeg,client-only,browser-raster,no_fixture,no ready txt fixture in fixture-matrix.json,ca5b9a53e93a,txt to jpeg,exact,,,200,30,0,70,20,ahrefs-2026-01,,
txt-to-jpg,live,convert,txt,jpg,client-only,browser-raster,no_fixture,no ready txt fixture in fixture-matrix.json,ca5b9a53e93a,txt to jpg,exact,,,1200,100,0,800,150,ahrefs-2026-01,,
,not built,convert,txt,pdf,,,,,,txt to pdf,none,,,42000,3800,5,25000,4200,ahrefs-2026-01,,
txt-to-png,live,convert,txt,png,client-only,browser-raster,no_fixture,no ready txt fixture in fixture-matrix.json,ca5b9a53e93a,txt to png,exact,,,700,150,0,200,80,ahrefs-2026-01,,
,not built,convert,txt,ppt,,,,,,txt to ppt,none,,,150,10,,,,ahrefs-2026-01,,
,not built,convert,txt,rtf,,,,,,txt to rtf,none,,,80,20,0,10,10,ahrefs-2026-01,,
txt-to-svg,live,convert,txt,svg,client-only,browser-raster,no_fixture,no ready txt fixture in fixture-matrix.json,ca5b9a53e93a,txt to svg,exact,,,200,30,0,100,60,ahrefs-2026-01,,
,not built,convert,txt,word,,,,,,txt to word,none,,,4400,150,0,3300,200,ahrefs-2026-01,,
,not built,convert,txt,xls,,,,,,txt to xls,none,,,200,20,3,150,10,ahrefs-2026-01,,
,not built,convert,txt,xlsx,,,,,,txt to xlsx,none,,,900,100,2,8800,350,ahrefs-2026-01,,
video-downloader,live,download,video,mp4,server-assisted-or-extension,,skipped,downloader: needs a real third-party media URL,ca5b9a53e93a,,,,,,,,,,,,
video-editor,live,video-editor,video,video,unknown,,skipped,coming-soon placeholder: nothing to run,ca5b9a53e93a,,,,,,,,,,,,
video-to-gif,live,convert,mp4,gif,client-only,ffmpeg-wasm,pass,format check: signature,ca5b9a53e93a,video to gif,exact,,,259000,75000,37,600000,246000,ahrefs-2026-01,,
video-to-transcript,live,convert,mp4,txt,unknown,,skipped,transcription: downloads a speech model and runs for minutes per file; measure it in a separate run,ca5b9a53e93a,,,,,,,,,,,,
vob-to-3gp,live,convert,vob,3gp,client-only,ffmpeg-wasm,pass,format check: signature,5a318b697fbf,,,,,,,,,,,,
vob-to-aac,live,convert,vob,aac,client-only,ffmpeg-wasm,pass,format check: none,ca5b9a53e93a,,,,,,,,,,,,
,not built,convert,vob,ac3,,,,,,vob to ac3,none,,,,,,,,ahrefs-2026-01,,
vob-to-aiff,live,convert,vob,aiff,client-only,ffmpeg-wasm,pass,format check: signature,ca5b9a53e93a,,,,,,,,,,,,
vob-to-alac,live,convert,vob,alac,client-only,ffmpeg-wasm,pass,format check: none,ca5b9a53e93a,,,,,,,,,,,,
vob-to-amr,live,convert,vob,amr,client-only,ffmpeg-wasm,error,FFmpeg failed with exit code 1 [Unknown encoder 'libopencore_amrnb'],ca5b9a53e93a,,,,,,,,,,,,
vob-to-asf,live,convert,vob,asf,client-only,ffmpeg-wasm,pass,format check: none,ca5b9a53e93a,,,,,,,,,,,,
vob-to-au,live,convert,vob,au,client-only,ffmpeg-wasm,pass,format check: none,ca5b9a53e93a,,,,,,,,,,,,
vob-to-av1,live,convert,vob,av1,client-only,ffmpeg-wasm + webcodecs,pass,format check: signature,d0d2843e65ce,,,,,,,,,,,,
vob-to-avchd,live,convert,vob,avchd,client-only,ffmpeg-wasm,pass,format check: none,ca5b9a53e93a,,,,,,,,,,,,
vob-to-avi,live,convert,vob,avi,client-only,ffmpeg-wasm,pass,format check: signature,ca5b9a53e93a,vob to avi,exact,,,300,40,1,80,70,ahrefs-2026-01,,
vob-to-caf,live,convert,vob,caf,client-only,ffmpeg-wasm,pass,format check: none,ca5b9a53e93a,,,,,,,,,,,,
vob-to-cdda,live,convert,vob,cdda,client-only,ffmpeg-wasm,pass,format check: none,ca5b9a53e93a,,,,,,,,,,,,
vob-to-divx,live,convert,vob,divx,client-only,ffmpeg-wasm,pass,format check: none,ca5b9a53e93a,,,,,,,,,,,,
vob-to-f4v,live,convert,vob,f4v,client-only,ffmpeg-wasm,pass,format check: none,ca5b9a53e93a,,,,,,,,,,,,
vob-to-flac,live,convert,vob,flac,client-only,ffmpeg-wasm,pass,format check: signature,ca5b9a53e93a,,,,,,,,,,,,
vob-to-flv,live,convert,vob,flv,client-only,ffmpeg-wasm,pass,format check: signature,ca5b9a53e93a,,,,,,,,,,,,
vob-to-gif,live,convert,vob,gif,client-only,ffmpeg-wasm,pass,format check: signature,ca5b9a53e93a,,,,,,,,,,,,
vob-to-hevc,live,convert,vob,hevc,client-only,ffmpeg-wasm + webcodecs,pass,format check: signature,d0d2843e65ce,,,,,,,,,,,,
vob-to-m2ts,live,convert,vob,m2ts,client-only,ffmpeg-wasm,pass,format check: none,ca5b9a53e93a,,,,,,,,,,,,
vob-to-m4a,live,convert,vob,m4a,client-only,ffmpeg-wasm,pass,format check: signature,ca5b9a53e93a,,,,,,,,,,,,
vob-to-m4r,live,convert,vob,m4r,client-only,ffmpeg-wasm,pass,format check: signature,ca5b9a53e93a,,,,,,,,,,,,
vob-to-m4v,live,convert,vob,m4v,client-only,ffmpeg-wasm,pass,format check: signature,ca5b9a53e93a,,,,,,,,,,,,
vob-to-mjpeg,live,convert,vob,mjpeg,client-only,ffmpeg-wasm,pass,format check: none,ca5b9a53e93a,,,,,,,,,,,,
vob-to-mkv,live,convert,vob,mkv,client-only,ffmpeg-wasm,pass,format check: signature,ca5b9a53e93a,vob to mkv,exact,,,200,60,0,30,30,ahrefs-2026-01,,
vob-to-mov,live,convert,vob,mov,client-only,ffmpeg-wasm,pass,format check: signature,ca5b9a53e93a,vob to mov,exact,,,90,30,0,40,40,ahrefs-2026-01,,
vob-to-mp2,live,convert,vob,mp2,client-only,ffmpeg-wasm,pass,format check: none,ca5b9a53e93a,,,,,,,,,,,,
vob-to-mp3,live,convert,vob,mp3,client-only,ffmpeg-wasm,pass,format check: signature,ca5b9a53e93a,vob to mp3,exact,,,200,60,0,30,30,ahrefs-2026-01,,
vob-to-mp4,live,convert,vob,mp4,client-only,ffmpeg-wasm,pass,format check: signature,ca5b9a53e93a,vob to mp4,exact,,,11000,1800,10,6200,1900,ahrefs-2026-01,,
vob-to-mpeg,live,convert,vob,mpeg,client-only,ffmpeg-wasm,pass,format check: none,ca5b9a53e93a,vob to mpeg,exact,,,70,20,1,10,10,ahrefs-2026-01,,
vob-to-mpeg2,live,convert,vob,mpeg2,client-only,ffmpeg-wasm,pass,format check: none,ca5b9a53e93a,vob to mpeg2,exact,,,,,,,,ahrefs-2026-01,,
vob-to-mpg,live,convert,vob,mpg,client-only,ffmpeg-wasm,pass,format check: none,ca5b9a53e93a,vob to mpg,exact,,,70,20,0,40,40,ahrefs-2026-01,,
vob-to-mts,live,convert,vob,mts,client-only,ffmpeg-wasm,pass,format check: none,ca5b9a53e93a,,,,,,,,,,,,
vob-to-mxf,live,convert,vob,mxf,client-only,ffmpeg-wasm,pass,format check: none,5a318b697fbf,,,,,,,,,,,,
vob-to-oga,live,convert,vob,oga,client-only,ffmpeg-wasm,pass,format check: signature,ca5b9a53e93a,,,,,,,,,,,,
vob-to-ogg,live,convert,vob,ogg,client-only,ffmpeg-wasm,pass,format check: signature,ca5b9a53e93a,,,,,,,,,,,,
vob-to-opus,live,convert,vob,opus,client-only,ffmpeg-wasm,pass,format check: signature,ca5b9a53e93a,,,,,,,,,,,,
vob-to-rm,live,convert,vob,rm,server-first-client-fallback,"server-video, then ffmpeg-wasm",pass,format check: none,ca5b9a53e93a,,,,,,,,,,,,
vob-to-rmvb,retired,convert,vob,rmvb,unknown,,not swept,the sweep runs live Tools only,,,,,,,,,,,,,
vob-to-ts,live,convert,vob,ts,client-only,ffmpeg-wasm,pass,format check: none,ca5b9a53e93a,,,,,,,,,,,,
vob-to-wav,live,convert,vob,wav,client-only,ffmpeg-wasm,pass,format check: signature,ca5b9a53e93a,,,,,,,,,,,,
vob-to-webm,live,convert,vob,webm,client-only,ffmpeg-wasm,pass,format check: signature,ca5b9a53e93a,,,,,,,,,,,,
vob-to-wma,live,convert,vob,wma,client-only,ffmpeg-wasm,pass,format check: none,ca5b9a53e93a,,,,,,,,,,,,
,not built,convert,vsd,pdf,,,,,,vsd to pdf,none,,,1400,150,0,600,150,ahrefs-2026-01,,
,not built,convert,wav,8svx,,,,,,wav to 8svx,none,,,,,,,,ahrefs-2026-01,,
wav-to-aac,live,convert,wav,aac,client-only,ffmpeg-wasm,pass,format check: none,ca5b9a53e93a,wav to aac,exact,,,400,100,0,100,100,ahrefs-2026-01,,
wav-to-aiff,live,convert,wav,aiff,client-only,ffmpeg-wasm,pass,format check: signature,ca5b9a53e93a,wav to aiff,exact,,,400,150,0,100,100,ahrefs-2026-01,,
wav-to-alac,live,convert,wav,alac,client-only,ffmpeg-wasm,pass,format check: none,ca5b9a53e93a,,,,,,,,,,,,
wav-to-amr,live,convert,wav,amr,client-only,ffmpeg-wasm,error,FFmpeg failed with exit code 1 [Unknown encoder 'libopencore_amrnb'],ca5b9a53e93a,wav to amr,exact,,,20,10,,,,ahrefs-2026-01,,
wav-to-au,live,convert,wav,au,client-only,ffmpeg-wasm,pass,format check: none,ca5b9a53e93a,,,,,,,,,,,,
wav-to-caf,live,convert,wav,caf,client-only,ffmpeg-wasm,pass,format check: none,ca5b9a53e93a,,,,,,,,,,,,
wav-to-cdda,live,convert,wav,cdda,client-only,ffmpeg-wasm,pass,format check: none,ca5b9a53e93a,wav to cdda,exact,,,10,,0,0,0,ahrefs-2026-01,,
wav-to-flac,live,convert,wav,flac,client-only,ffmpeg-wasm,pass,format check: signature,ca5b9a53e93a,wav to flac,exact,,,2300,600,1,900,500,ahrefs-2026-01,,
wav-to-m4a,live,convert,wav,m4a,client-only,ffmpeg-wasm,pass,format check: signature,ca5b9a53e93a,wav to m4a,exact,,,1700,600,0,800,700,ahrefs-2026-01,,
wav-to-m4r,live,convert,wav,m4r,client-only,ffmpeg-wasm,pass,format check: signature,ca5b9a53e93a,wav to m4r,exact,,,200,100,0,80,80,ahrefs-2026-01,,
wav-to-mp2,live,convert,wav,mp2,client-only,ffmpeg-wasm,pass,format check: none,ca5b9a53e93a,,,,,,,,,,,,
wav-to-mp3,live,convert,wav,mp3,client-only,ffmpeg-wasm,pass,format check: signature,ca5b9a53e93a,wav to mp3,exact,,,189000,48000,16,101000,27000,ahrefs-2026-01,,
wav-to-oga,live,convert,wav,oga,client-only,ffmpeg-wasm,pass,format check: signature,ca5b9a53e93a,,,,,,,,,,,,
wav-to-ogg,live,convert,wav,ogg,client-only,ffmpeg-wasm,pass,format check: signature,ca5b9a53e93a,wav to ogg,exact,,,5900,2700,0,3900,3000,ahrefs-2026-01,,
wav-to-opus,live,convert,wav,opus,client-only,ffmpeg-wasm,pass,format check: signature,ca5b9a53e93a,wav to opus,exact,,,100,30,,,,ahrefs-2026-01,,
wav-to-wma,live,convert,wav,wma,client-only,ffmpeg-wasm,pass,format check: none,ca5b9a53e93a,wav to wma,exact,,,100,50,0,20,20,ahrefs-2026-01,,
webm-to-3gp,live,convert,webm,3gp,client-only,ffmpeg-wasm,pass,format check: signature,5a318b697fbf,,,,,,,,,,,,
webm-to-aac,live,convert,webm,aac,client-only,ffmpeg-wasm,pass,format check: none,ca5b9a53e93a,,,,,,,,,,,,
webm-to-aiff,live,convert,webm,aiff,client-only,ffmpeg-wasm,pass,format check: signature,ca5b9a53e93a,,,,,,,,,,,,
webm-to-alac,live,convert,webm,alac,client-only,ffmpeg-wasm,pass,format check: none,ca5b9a53e93a,,,,,,,,,,,,
webm-to-amr,live,convert,webm,amr,client-only,ffmpeg-wasm,error,FFmpeg failed with exit code 1 [Unknown encoder 'libopencore_amrnb'],ca5b9a53e93a,,,,,,,,,,,,
webm-to-asf,live,convert,webm,asf,client-only,ffmpeg-wasm,pass,format check: none,ca5b9a53e93a,,,,,,,,,,,,
webm-to-au,live,convert,webm,au,client-only,ffmpeg-wasm,pass,format check: none,ca5b9a53e93a,,,,,,,,,,,,
webm-to-av1,live,convert,webm,av1,client-only,ffmpeg-wasm + webcodecs,pass,format check: signature,d0d2843e65ce,,,,,,,,,,,,
webm-to-avchd,live,convert,webm,avchd,client-only,ffmpeg-wasm,pass,format check: none,ca5b9a53e93a,,,,,,,,,,,,
webm-to-avi,live,convert,webm,avi,client-only,ffmpeg-wasm,pass,format check: signature,ca5b9a53e93a,webm to avi,exact,,,350,90,0,100,80,ahrefs-2026-01,,
webm-to-caf,live,convert,webm,caf,client-only,ffmpeg-wasm,pass,format check: none,ca5b9a53e93a,,,,,,,,,,,,
webm-to-cdda,live,convert,webm,cdda,client-only,ffmpeg-wasm,pass,format check: none,ca5b9a53e93a,,,,,,,,,,,,
webm-to-divx,live,convert,webm,divx,client-only,ffmpeg-wasm,pass,format check: none,ca5b9a53e93a,,,,,,,,,,,,
webm-to-f4v,live,convert,webm,f4v,client-only,ffmpeg-wasm,pass,format check: none,ca5b9a53e93a,,,,,,,,,,,,
webm-to-flac,live,convert,webm,flac,client-only,ffmpeg-wasm,pass,format check: signature,ca5b9a53e93a,,,,,,,,,,,,
webm-to-flv,live,convert,webm,flv,client-only,ffmpeg-wasm,pass,format check: signature,ca5b9a53e93a,,,,,,,,,,,,
webm-to-gif,live,convert,webm,gif,client-only,ffmpeg-wasm,pass,format check: signature,ca5b9a53e93a,webm to gif,exact,,,20000,6600,9,14000,5500,ahrefs-2026-01,,
webm-to-hevc,live,convert,webm,hevc,client-only,ffmpeg-wasm + webcodecs,pass,format check: signature,d0d2843e65ce,,,,,,,,,,,,
webm-to-m2ts,live,convert,webm,m2ts,client-only,ffmpeg-wasm,pass,format check: none,ca5b9a53e93a,,,,,,,,,,,,
webm-to-m4a,live,convert,webm,m4a,client-only,ffmpeg-wasm,pass,format check: signature,ca5b9a53e93a,,,,,,,,,,,,
webm-to-m4r,live,convert,webm,m4r,client-only,ffmpeg-wasm,pass,format check: signature,ca5b9a53e93a,,,,,,,,,,,,
webm-to-m4v,live,convert,webm,m4v,client-only,ffmpeg-wasm,pass,format check: signature,ca5b9a53e93a,,,,,,,,,,,,
webm-to-mjpeg,live,convert,webm,mjpeg,client-only,ffmpeg-wasm,pass,format check: none,ca5b9a53e93a,webm to mjpeg,exact,,,,,,,,ahrefs-2026-01,,
webm-to-mkv,live,convert,webm,mkv,client-only,ffmpeg-wasm,pass,format check: signature,ca5b9a53e93a,webm to mkv,exact,,,200,50,2,30,20,ahrefs-2026-01,,
webm-to-mov,live,convert,webm,mov,client-only,ffmpeg-wasm,pass,format check: signature,ca5b9a53e93a,webm to mov,exact,,,1900,700,3,600,400,ahrefs-2026-01,,
webm-to-mp2,live,convert,webm,mp2,client-only,ffmpeg-wasm,pass,format check: none,ca5b9a53e93a,,,,,,,,,,,,
webm-to-mp3,live,convert,webm,mp3,client-only,ffmpeg-wasm,pass,format check: signature,ca5b9a53e93a,webm to mp3,exact,,,14000,3200,3,9100,3400,ahrefs-2026-01,,
webm-to-mp4,live,convert,webm,mp4,client-only,ffmpeg-wasm,pass,format check: signature,ca5b9a53e93a,webm to mp4,exact,,,173000,35000,17,107000,19000,ahrefs-2026-01,,
webm-to-mpeg,live,convert,webm,mpeg,client-only,ffmpeg-wasm,pass,format check: none,ca5b9a53e93a,,,,,,,,,,,,
webm-to-mpeg2,live,convert,webm,mpeg2,client-only,ffmpeg-wasm,pass,format check: none,ca5b9a53e93a,,,,,,,,,,,,
webm-to-mpg,live,convert,webm,mpg,client-only,ffmpeg-wasm,pass,format check: none,ca5b9a53e93a,,,,,,,,,,,,
webm-to-mts,live,convert,webm,mts,client-only,ffmpeg-wasm,pass,format check: none,ca5b9a53e93a,,,,,,,,,,,,
webm-to-mxf,live,convert,webm,mxf,client-only,ffmpeg-wasm,pass,format check: none,5a318b697fbf,,,,,,,,,,,,
webm-to-oga,live,convert,webm,oga,client-only,ffmpeg-wasm,pass,format check: signature,ca5b9a53e93a,,,,,,,,,,,,
webm-to-ogg,live,convert,webm,ogg,client-only,ffmpeg-wasm,pass,format check: signature,ca5b9a53e93a,,,,,,,,,,,,
webm-to-opus,live,convert,webm,opus,client-only,ffmpeg-wasm,pass,format check: signature,ca5b9a53e93a,,,,,,,,,,,,
webm-to-rm,live,convert,webm,rm,server-first-client-fallback,"server-video, then ffmpeg-wasm",pass,format check: none,ca5b9a53e93a,,,,,,,,,,,,
webm-to-rmvb,retired,convert,webm,rmvb,unknown,,not swept,the sweep runs live Tools only,,,,,,,,,,,,,
webm-to-ts,live,convert,webm,ts,client-only,ffmpeg-wasm,pass,format check: none,ca5b9a53e93a,,,,,,,,,,,,
webm-to-vob,live,convert,webm,vob,client-only,ffmpeg-wasm,pass,format check: none,ca5b9a53e93a,,,,,,,,,,,,
webm-to-wav,live,convert,webm,wav,client-only,ffmpeg-wasm,pass,format check: signature,ca5b9a53e93a,webm to wav,exact,,,700,300,0,200,150,ahrefs-2026-01,,
webm-to-wma,live,convert,webm,wma,client-only,ffmpeg-wasm,pass,format check: none,ca5b9a53e93a,,,,,,,,,,,,
,not built,convert,webp,doc,,,,,,webp to doc,none,,,10,,,,,ahrefs-2026-01,,
webp-to-gif,live,convert,webp,gif,client-only,browser-raster,pass,format check: signature,ca5b9a53e93a,webp to gif,exact,,,112000,33000,7,108000,43000,ahrefs-2026-01,,
webp-to-ico,live,convert,webp,ico,client-only,browser-raster,pass,format check: signature,ca5b9a53e93a,webp to ico,exact,,,6100,900,0,1300,400,ahrefs-2026-01,,
webp-to-jpeg,live,convert,webp,jpeg,client-only,browser-raster,pass,format check: signature,ca5b9a53e93a,webp to jpeg,exact,,,74000,10000,34,396000,122000,ahrefs-2026-01,,
webp-to-jpg,live,convert,webp,jpg,client-only,browser-raster,pass,format check: signature,ca5b9a53e93a,webp to jpg,exact,,,1340000,121000,34,396000,122000,ahrefs-2026-01,,
webp-to-pdf,live,convert,webp,pdf,client-only,browser-raster,pass,format check: signature,ca5b9a53e93a,webp to pdf,exact,,,17000,2600,0,4900,1200,ahrefs-2026-01,,
webp-to-png,live,convert,webp,png,client-only,browser-raster,pass,format check: signature,ca5b9a53e93a,webp to png,exact,,,1140000,193000,9,566000,86000,ahrefs-2026-01,,
webp-to-psd,live,convert,webp,psd,client-only,browser-raster,pass,format check: signature,ca5b9a53e93a,webp to psd,exact,,,350,20,,,,ahrefs-2026-01,,
webp-to-svg,live,convert,webp,svg,client-only,browser-raster,pass,format check: signature,ca5b9a53e93a,webp to svg,exact,,,11000,1600,0,2800,800,ahrefs-2026-01,,
webp-to-webp,live,convert,webp,webp,client-only,browser-raster,pass,format check: signature,ca5b9a53e93a,webp to webp,exact,,yes,150,10,,,,ahrefs-2026-01,,
webp-to-xbm,live,convert,webp,xbm,client-only,browser-raster,pass,format check: none,ca5b9a53e93a,webp to xbm,exact,,,,,,,,ahrefs-2026-01,,
,not built,convert,webpage,jpg,,,,,,webpage to jpg,none,,,7200,700,33,3200,700,ahrefs-2026-01,,
,not built,convert,website,html,,,,,,website to html,none,,,450,200,33,300,150,ahrefs-2026-01,,
wma-to-aac,live,convert,wma,aac,client-only,ffmpeg-wasm,no_fixture,no ready wma fixture in fixture-matrix.json,ca5b9a53e93a,,,,,,,,,,,,
wma-to-aiff,live,convert,wma,aiff,client-only,ffmpeg-wasm,no_fixture,no ready wma fixture in fixture-matrix.json,ca5b9a53e93a,wma to aiff,exact,,,10,10,0,,,ahrefs-2026-01,,
wma-to-alac,live,convert,wma,alac,client-only,ffmpeg-wasm,no_fixture,no ready wma fixture in fixture-matrix.json,ca5b9a53e93a,,,,,,,,,,,,
wma-to-amr,live,convert,wma,amr,client-only,ffmpeg-wasm,no_fixture,no ready wma fixture in fixture-matrix.json,ca5b9a53e93a,,,,,,,,,,,,
wma-to-au,live,convert,wma,au,client-only,ffmpeg-wasm,no_fixture,no ready wma fixture in fixture-matrix.json,ca5b9a53e93a,,,,,,,,,,,,
wma-to-caf,live,convert,wma,caf,client-only,ffmpeg-wasm,no_fixture,no ready wma fixture in fixture-matrix.json,ca5b9a53e93a,,,,,,,,,,,,
wma-to-cdda,live,convert,wma,cdda,client-only,ffmpeg-wasm,no_fixture,no ready wma fixture in fixture-matrix.json,ca5b9a53e93a,,,,,,,,,,,,
wma-to-flac,live,convert,wma,flac,client-only,ffmpeg-wasm,no_fixture,no ready wma fixture in fixture-matrix.json,ca5b9a53e93a,wma to flac,exact,,,50,20,,,,ahrefs-2026-01,,
wma-to-m4a,live,convert,wma,m4a,client-only,ffmpeg-wasm,no_fixture,no ready wma fixture in fixture-matrix.json,ca5b9a53e93a,wma to m4a,exact,,,100,30,0,20,20,ahrefs-2026-01,,
wma-to-m4r,live,convert,wma,m4r,client-only,ffmpeg-wasm,no_fixture,no ready wma fixture in fixture-matrix.json,ca5b9a53e93a,,,,,,,,,,,,
wma-to-mp2,live,convert,wma,mp2,client-only,ffmpeg-wasm,no_fixture,no ready wma fixture in fixture-matrix.json,ca5b9a53e93a,,,,,,,,,,,,
wma-to-mp3,live,convert,wma,mp3,client-only,ffmpeg-wasm,no_fixture,no ready wma fixture in fixture-matrix.json,ca5b9a53e93a,wma to mp3,exact,,,15000,3000,4,9300,4000,ahrefs-2026-01,,
wma-to-oga,live,convert,wma,oga,client-only,ffmpeg-wasm,no_fixture,no ready wma fixture in fixture-matrix.json,ca5b9a53e93a,,,,,,,,,,,,
wma-to-ogg,live,convert,wma,ogg,client-only,ffmpeg-wasm,no_fixture,no ready wma fixture in fixture-matrix.json,ca5b9a53e93a,,,,,,,,,,,,
wma-to-opus,live,convert,wma,opus,client-only,ffmpeg-wasm,no_fixture,no ready wma fixture in fixture-matrix.json,ca5b9a53e93a,,,,,,,,,,,,
wma-to-wav,live,convert,wma,wav,client-only,ffmpeg-wasm,no_fixture,no ready wma fixture in fixture-matrix.json,ca5b9a53e93a,wma to wav,exact,,,900,250,0,450,300,ahrefs-2026-01,,
,not built,convert,wmf,pdf,,,,,,wmf to pdf,none,,,100,10,0,0,0,ahrefs-2026-01,,
wmv-to-3gp,live,convert,wmv,3gp,client-only,ffmpeg-wasm,no_fixture,no ready wmv fixture in fixture-matrix.json,ca5b9a53e93a,,,,,,,,,,,,
wmv-to-aac,live,convert,wmv,aac,client-only,ffmpeg-wasm,no_fixture,no ready wmv fixture in fixture-matrix.json,ca5b9a53e93a,,,,,,,,,,,,
wmv-to-aiff,live,convert,wmv,aiff,client-only,ffmpeg-wasm,no_fixture,no ready wmv fixture in fixture-matrix.json,ca5b9a53e93a,,,,,,,,,,,,
wmv-to-alac,live,convert,wmv,alac,client-only,ffmpeg-wasm,no_fixture,no ready wmv fixture in fixture-matrix.json,ca5b9a53e93a,,,,,,,,,,,,
wmv-to-amr,live,convert,wmv,amr,client-only,ffmpeg-wasm,no_fixture,no ready wmv fixture in fixture-matrix.json,ca5b9a53e93a,,,,,,,,,,,,
wmv-to-asf,live,convert,wmv,asf,client-only,ffmpeg-wasm,no_fixture,no ready wmv fixture in fixture-matrix.json,ca5b9a53e93a,,,,,,,,,,,,
wmv-to-au,live,convert,wmv,au,client-only,ffmpeg-wasm,no_fixture,no ready wmv fixture in fixture-matrix.json,ca5b9a53e93a,,,,,,,,,,,,
wmv-to-av1,live,convert,wmv,av1,client-only,ffmpeg-wasm + webcodecs,no_fixture,no ready wmv fixture in fixture-matrix.json,d0d2843e65ce,,,,,,,,,,,,
wmv-to-avchd,live,convert,wmv,avchd,client-only,ffmpeg-wasm,no_fixture,no ready wmv fixture in fixture-matrix.json,ca5b9a53e93a,,,,,,,,,,,,
wmv-to-avi,live,convert,wmv,avi,client-only,ffmpeg-wasm,no_fixture,no ready wmv fixture in fixture-matrix.json,ca5b9a53e93a,wmv to avi,exact,,,350,100,0,70,60,ahrefs-2026-01,,
wmv-to-caf,live,convert,wmv,caf,client-only,ffmpeg-wasm,no_fixture,no ready wmv fixture in fixture-matrix.json,ca5b9a53e93a,,,,,,,,,,,,
wmv-to-cdda,live,convert,wmv,cdda,client-only,ffmpeg-wasm,no_fixture,no ready wmv fixture in fixture-matrix.json,ca5b9a53e93a,,,,,,,,,,,,
wmv-to-divx,live,convert,wmv,divx,client-only,ffmpeg-wasm,no_fixture,no ready wmv fixture in fixture-matrix.json,ca5b9a53e93a,,,,,,,,,,,,
wmv-to-f4v,live,convert,wmv,f4v,client-only,ffmpeg-wasm,no_fixture,no ready wmv fixture in fixture-matrix.json,ca5b9a53e93a,,,,,,,,,,,,
wmv-to-flac,live,convert,wmv,flac,client-only,ffmpeg-wasm,no_fixture,no ready wmv fixture in fixture-matrix.json,ca5b9a53e93a,,,,,,,,,,,,
wmv-to-flv,live,convert,wmv,flv,client-only,ffmpeg-wasm,no_fixture,no ready wmv fixture in fixture-matrix.json,ca5b9a53e93a,,,,,,,,,,,,
wmv-to-gif,live,convert,wmv,gif,client-only,ffmpeg-wasm,no_fixture,no ready wmv fixture in fixture-matrix.json,ca5b9a53e93a,wmv to gif,exact,,,800,200,4,250,80,ahrefs-2026-01,,
wmv-to-hevc,live,convert,wmv,hevc,client-only,ffmpeg-wasm + webcodecs,no_fixture,no ready wmv fixture in fixture-matrix.json,d0d2843e65ce,,,,,,,,,,,,
wmv-to-m2ts,live,convert,wmv,m2ts,client-only,ffmpeg-wasm,no_fixture,no ready wmv fixture in fixture-matrix.json,ca5b9a53e93a,,,,,,,,,,,,
wmv-to-m4a,live,convert,wmv,m4a,client-only,ffmpeg-wasm,no_fixture,no ready wmv fixture in fixture-matrix.json,ca5b9a53e93a,,,,,,,,,,,,
wmv-to-m4r,live,convert,wmv,m4r,client-only,ffmpeg-wasm,no_fixture,no ready wmv fixture in fixture-matrix.json,ca5b9a53e93a,,,,,,,,,,,,
wmv-to-m4v,live,convert,wmv,m4v,client-only,ffmpeg-wasm,no_fixture,no ready wmv fixture in fixture-matrix.json,ca5b9a53e93a,,,,,,,,,,,,
wmv-to-mjpeg,live,convert,wmv,mjpeg,client-only,ffmpeg-wasm,no_fixture,no ready wmv fixture in fixture-matrix.json,ca5b9a53e93a,,,,,,,,,,,,
wmv-to-mkv,live,convert,wmv,mkv,client-only,ffmpeg-wasm,no_fixture,no ready wmv fixture in fixture-matrix.json,ca5b9a53e93a,wmv to mkv,exact,,,40,10,,,,ahrefs-2026-01,,
wmv-to-mov,live,convert,wmv,mov,client-only,ffmpeg-wasm,no_fixture,no ready wmv fixture in fixture-matrix.json,ca5b9a53e93a,wmv to mov,exact,,,600,250,4,250,150,ahrefs-2026-01,,
wmv-to-mp2,live,convert,wmv,mp2,client-only,ffmpeg-wasm,no_fixture,no ready wmv fixture in fixture-matrix.json,ca5b9a53e93a,,,,,,,,,,,,
wmv-to-mp3,live,convert,wmv,mp3,client-only,ffmpeg-wasm,no_fixture,no ready wmv fixture in fixture-matrix.json,ca5b9a53e93a,wmv to mp3,exact,,,1400,300,1,600,200,ahrefs-2026-01,,
wmv-to-mp4,live,convert,wmv,mp4,client-only,ffmpeg-wasm,no_fixture,no ready wmv fixture in fixture-matrix.json,ca5b9a53e93a,wmv to mp4,exact,,,31000,5100,6,28000,7000,ahrefs-2026-01,,
wmv-to-mpeg,live,convert,wmv,mpeg,client-only,ffmpeg-wasm,no_fixture,no ready wmv fixture in fixture-matrix.json,ca5b9a53e93a,wmv to mpeg,exact,,,80,20,1,20,20,ahrefs-2026-01,,
wmv-to-mpeg2,live,convert,wmv,mpeg2,client-only,ffmpeg-wasm,no_fixture,no ready wmv fixture in fixture-matrix.json,ca5b9a53e93a,wmv to mpeg2,exact,,,,,,,,ahrefs-2026-01,,
wmv-to-mpg,live,convert,wmv,mpg,client-only,ffmpeg-wasm,no_fixture,no ready wmv fixture in fixture-matrix.json,ca5b9a53e93a,wmv to mpg,exact,,,90,40,0,10,10,ahrefs-2026-01,,
wmv-to-mts,live,convert,wmv,mts,client-only,ffmpeg-wasm,no_fixture,no ready wmv fixture in fixture-matrix.json,ca5b9a53e93a,,,,,,,,,,,,
wmv-to-mxf,live,convert,wmv,mxf,client-only,ffmpeg-wasm,no_fixture,no ready wmv fixture in fixture-matrix.json,56f3f6e87c66,,,,,,,,,,,,
wmv-to-oga,live,convert,wmv,oga,client-only,ffmpeg-wasm,no_fixture,no ready wmv fixture in fixture-matrix.json,ca5b9a53e93a,,,,,,,,,,,,
wmv-to-ogg,live,convert,wmv,ogg,client-only,ffmpeg-wasm,no_fixture,no ready wmv fixture in fixture-matrix.json,ca5b9a53e93a,,,,,,,,,,,,
wmv-to-opus,live,convert,wmv,opus,client-only,ffmpeg-wasm,no_fixture,no ready wmv fixture in fixture-matrix.json,ca5b9a53e93a,,,,,,,,,,,,
wmv-to-rm,live,convert,wmv,rm,server-first-client-fallback,"server-video, then ffmpeg-wasm",no_fixture,no ready wmv fixture in fixture-matrix.json,ca5b9a53e93a,,,,,,,,,,,,
wmv-to-rmvb,live,convert,wmv,rmvb,server-first-client-fallback,"server-video, then ffmpeg-wasm",no_fixture,no ready wmv fixture in fixture-matrix.json,ca5b9a53e93a,,,,,,,,,,,,
wmv-to-ts,live,convert,wmv,ts,client-only,ffmpeg-wasm,no_fixture,no ready wmv fixture in fixture-matrix.json,ca5b9a53e93a,,,,,,,,,,,,
wmv-to-vob,live,convert,wmv,vob,client-only,ffmpeg-wasm,no_fixture,no ready wmv fixture in fixture-matrix.json,ca5b9a53e93a,,,,,,,,,,,,
wmv-to-wav,live,convert,wmv,wav,client-only,ffmpeg-wasm,no_fixture,no ready wmv fixture in fixture-matrix.json,ca5b9a53e93a,,,,,,,,,,,,
wmv-to-webm,live,convert,wmv,webm,client-only,ffmpeg-wasm,no_fixture,no ready wmv fixture in fixture-matrix.json,ca5b9a53e93a,,,,,,,,,,,,
wmv-to-wma,live,convert,wmv,wma,client-only,ffmpeg-wasm,no_fixture,no ready wmv fixture in fixture-matrix.json,ca5b9a53e93a,,,,,,,,,,,,
,not built,convert,woff,otf,,,,,,woff to otf,none,,,2000,350,0,600,150,ahrefs-2026-01,,
,not built,convert,woff,ttf,,,,,,woff to ttf,none,,,5800,700,4,3200,450,ahrefs-2026-01,,
,alias page,convert,word,jpeg,,,,,,word to jpeg,alias,docx-to-jpeg,,41000,1000,2,70000,2600,ahrefs-2026-01,,
,alias page,convert,word,jpg,,,,,,word to jpg,alias,docx-to-jpeg,,423000,4100,41,342000,9000,ahrefs-2026-01,,
,not built,convert,wpg,docx,,,,,,wpg to docx,none,,,,,,,,ahrefs-2026-01,,
wpg-to-jpeg,live,convert,wpg,jpeg,client-only,browser-raster,no_fixture,no ready wpg fixture in fixture-matrix.json,ca5b9a53e93a,wpg to jpeg,exact,,,20,10,,,,ahrefs-2026-01,,
wpg-to-jpg,live,convert,wpg,jpg,client-only,browser-raster,no_fixture,no ready wpg fixture in fixture-matrix.json,ca5b9a53e93a,wpg to jpg,exact,,,300,30,0,60,20,ahrefs-2026-01,,
,not built,convert,wps,doc,,,,,,wps to doc,none,,,200,50,22,1000,90,ahrefs-2026-01,,
,not built,convert,wps,docx,,,,,,wps to docx,none,,,200,50,0,40,30,ahrefs-2026-01,,
,not built,convert,wps,pdf,,,,,,wps to pdf,none,,,18000,250,33,6700,100,ahrefs-2026-01,,
,not built,convert,wps,word,,,,,,wps to word,none,,,11000,80,14,4800,200,ahrefs-2026-01,,
wtv-to-mp4,live,convert,wtv,mp4,client-only,ffmpeg-wasm,pass,format check: signature,ca5b9a53e93a,wtv to mp4,exact,,,10,10,,,,ahrefs-2026-01,,
,not built,convert,xbm,xbm,,,,,,xbm to xbm,none,,yes,,,,,,ahrefs-2026-01,,
xcf-to-jpeg,live,convert,xcf,jpeg,client-only,imagemagick-wasm,no_fixture,no ready xcf fixture in fixture-matrix.json,ca5b9a53e93a,xcf to jpeg,exact,,,100,20,0,700,250,ahrefs-2026-01,,
xcf-to-jpg,live,convert,xcf,jpg,client-only,imagemagick-wasm,no_fixture,no ready xcf fixture in fixture-matrix.json,ca5b9a53e93a,xcf to jpg,exact,,,2300,350,1,700,250,ahrefs-2026-01,,
,not built,convert,xcf,pdf,,,,,,xcf to pdf,none,,,700,100,0,150,70,ahrefs-2026-01,,
xcf-to-png,live,convert,xcf,png,client-only,imagemagick-wasm,no_fixture,no ready xcf fixture in fixture-matrix.json,ca5b9a53e93a,xcf to png,exact,,,2700,600,0,1100,450,ahrefs-2026-01,,
xcf-to-svg,live,convert,xcf,svg,client-only,imagemagick-wasm,no_fixture,no ready xcf fixture in fixture-matrix.json,ca5b9a53e93a,xcf to svg,exact,,,150,30,0,20,20,ahrefs-2026-01,,
,not built,convert,xls,csv,,,,,,xls to csv,none,,,9100,900,9,23000,1600,ahrefs-2026-01,,
,not built,convert,xls,doc,,,,,,xls to doc,none,,,300,40,20,4300,40,ahrefs-2026-01,,
,not built,convert,xls,docx,,,,,,xls to docx,none,,,150,10,,,,ahrefs-2026-01,,
,not built,convert,xls,html,,,,,,xls to html,none,,,250,40,1,600,70,ahrefs-2026-01,,
,alias page,convert,xls,jpeg,,,,,,xls to jpeg,alias,xls-to-jpg,,70,,,,,ahrefs-2026-01,,
xls-to-jpg,live,convert,xls,jpg,client-only,browser-raster,no_fixture,no ready xls fixture in fixture-matrix.json,ca5b9a53e93a,xls to jpg,exact,,,2700,80,3,36000,200,ahrefs-2026-01,xls to jpeg,70
xls-to-png,live,convert,xls,png,client-only,browser-raster,no_fixture,no ready xls fixture in fixture-matrix.json,ca5b9a53e93a,xls to png,exact,,,200,10,,,,ahrefs-2026-01,,
,not built,convert,xls,ppt,,,,,,xls to ppt,none,,,30,,,,,ahrefs-2026-01,,
,not built,convert,xls,pptx,,,,,,xls to pptx,none,,,,,,,,ahrefs-2026-01,,
,not built,convert,xls,tiff,,,,,,xls to tiff,none,,,,,,,,ahrefs-2026-01,,
,not built,convert,xls,txt,,,,,,xls to txt,none,,,150,20,0,600,50,ahrefs-2026-01,,
,not built,convert,xls,xlsx,,,,,,xls to xlsx,none,,,10000,500,1,6900,600,ahrefs-2026-01,,
,alias page,convert,xlsx,csv,,,,,,xlsx to csv,alias,excel-to-csv,,26000,2600,3,14000,1300,ahrefs-2026-01,,
,not built,convert,xlsx,doc,,,,,,xlsx to doc,none,,,200,20,0,800,30,ahrefs-2026-01,,
,not built,convert,xlsx,docx,,,,,,xlsx to docx,none,,,700,50,0,200,30,ahrefs-2026-01,,
,not built,convert,xlsx,html,,,,,,xlsx to html,none,,,200,30,0,20,10,ahrefs-2026-01,,
xlsx-to-jpg,live,convert,xlsx,jpg,client-only,browser-raster,no_fixture,no ready xlsx fixture in fixture-matrix.json,ca5b9a53e93a,xlsx to jpg,exact,,,2800,90,0,1600,40,ahrefs-2026-01,,
,not built,convert,xlsx,pdf,,,,,,xlsx to pdf,none,,,64000,2800,34,1450000,16000,ahrefs-2026-01,,
xlsx-to-png,live,convert,xlsx,png,client-only,browser-raster,no_fixture,no ready xlsx fixture in fixture-matrix.json,ca5b9a53e93a,xlsx to png,exact,,,500,50,0,20,20,ahrefs-2026-01,excel to png,
,not built,convert,xlsx,tiff,,,,,,xlsx to tiff,none,,,,,,,,ahrefs-2026-01,,
,not built,convert,xlsx,txt,,,,,,xlsx to txt,none,,,1000,150,0,150,50,ahrefs-2026-01,,
,not built,convert,xlsx,xls,,,,,,xlsx to xls,none,,,10000,500,0,7000,500,ahrefs-2026-01,,
xml-to-csv,live,convert,xml,csv,client-only,table-convert,no_fixture,no ready xml fixture in fixture-matrix.json,ca5b9a53e93a,xml to csv,exact,,,,,,,,ahrefs-2026-01,,
,not built,convert,xml,excel,,,,,,xml to excel,none,,,,,,,,ahrefs-2026-01,,
,not built,convert,xml,html,,,,,,xml to html,none,,,1900,250,2,300,150,ahrefs-2026-01,,
,not built,convert,xml,jpeg,,,,,,xml to jpeg,none,,,,,,,,ahrefs-2026-01,,
xml-to-markdown,live,convert,xml,markdown,client-only,table-convert,no_fixture,no ready xml fixture in fixture-matrix.json,ca5b9a53e93a,xml to markdown,exact,,,,,,,,ahrefs-2026-01,,
,not built,convert,xml,pdf,,,,,,xml to pdf,none,,,31000,1300,2,13000,1200,ahrefs-2026-01,,
,not built,convert,xml,png,,,,,,xml to png,none,,,,,,,,ahrefs-2026-01,,
,not built,convert,xml,restructuredtext,,,,,,xml to restructuredtext,none,,,,,,,,ahrefs-2026-01,,
,not built,convert,xml,sql,,,,,,xml to sql,none,,,,,,,,ahrefs-2026-01,,
,not built,convert,xml,xml,,,,,,xml to xml,none,,yes,,,,,,ahrefs-2026-01,,
xpm-to-jpeg,live,convert,xpm,jpeg,client-only,browser-raster,no_fixture,no ready xpm fixture in fixture-matrix.json,ca5b9a53e93a,xpm to jpeg,exact,,,,,,,,ahrefs-2026-01,,
xpm-to-jpg,live,convert,xpm,jpg,client-only,browser-raster,no_fixture,no ready xpm fixture in fixture-matrix.json,ca5b9a53e93a,xpm to jpg,exact,,,20,,,,,ahrefs-2026-01,,
,not built,convert,xps,doc,,,,,,xps to doc,none,,,100,20,0,700,20,ahrefs-2026-01,,
,not built,convert,xps,docx,,,,,,xps to docx,none,,,40,10,,,,ahrefs-2026-01,,
xps-to-jpeg,live,convert,xps,jpeg,client-only,browser-raster,no_fixture,no ready xps fixture in fixture-matrix.json,ca5b9a53e93a,xps to jpeg,exact,,,700,10,1,7200,80,ahrefs-2026-01,,
xps-to-jpg,live,convert,xps,jpg,client-only,browser-raster,no_fixture,no ready xps fixture in fixture-matrix.json,ca5b9a53e93a,xps to jpg,exact,,,23000,80,1,7200,80,ahrefs-2026-01,,
,not built,convert,xps,pdf,,,,,,xps to pdf,none,,,90000,1100,4,35000,700,ahrefs-2026-01,,
,not built,convert,xps,xls,,,,,,xps to xls,none,,,100,20,,,,ahrefs-2026-01,,
,not built,convert,xps,xlsx,,,,,,xps to xlsx,none,,,80,20,,,,ahrefs-2026-01,,
youtube-to-avi,live,convert,mp4,avi,client-only,ffmpeg-wasm,pass,format check: signature,ca5b9a53e93a,youtube to avi,exact,,,4800,600,3,800,700,ahrefs-2026-01,,
youtube-to-transcript,live,convert,mp4,txt,unknown,,skipped,transcription: downloads a speech model and runs for minutes per file; measure it in a separate run,ca5b9a53e93a,,,,,,,,,,,,
youtube-to-transcript-generator,live,convert,mp4,txt,unknown,,skipped,transcription: downloads a speech model and runs for minutes per file; measure it in a separate run,ca5b9a53e93a,,,,,,,,,,,,
,not built,convert,zip,7z,,,,,,zip to 7z,none,,,250,80,1,40,40,ahrefs-2026-01,,
,not built,convert,zip,jar,,,,,,zip to jar,none,,,1900,400,0,800,500,ahrefs-2026-01,,
,not built,convert,zip,rar,,,,,,zip to rar,none,,,4300,300,57,2200,200,ahrefs-2026-01,,
,not built,convert,zip,tar,,,,,,zip to tar,none,,,450,80,0,100,50,ahrefs-2026-01,,
,not built,convert,zip,tgz,,,,,,zip to tgz,none,,,100,20,0,20,10,ahrefs-2026-01,,
